{"schema_name": "qcschema_molecule", "schema_version": 2, "validated": true, "symbols": ["C", "C", "C", "C", "C", "C", "C", "C", "C", "C", "C", "C", "C", "C", "C", "C", "C", "C", "O", "O", "C", "C", "H", "H", "H", "H", "H", "H", "H", "H", "H", "H", "H", "H", "H", "H", "H", "H", "H", "H", "H", "H", "H", "H", "H", "H", "H", "H", "H", "H", "H", "H", "H", "H", "H", "H", "H", "H", "H", "H", "H", "H"], "geometry": [5.73705216, -9.14810277, 4.63667492, 3.33594013, -9.74406916, 3.26926727, 3.0609036, -8.11230228, 0.88656124, 0.62203327, -8.74138029, -0.47284037, 0.45532089, -7.10822868, -2.76016314, -1.69874385, -7.33025623, -4.39554153, -4.34289715, -6.96596673, -3.85705257, -5.52502542, -4.60148172, -3.0420239, -5.16796943, -3.27071151, -0.69309174, -2.72239306, -2.29425993, 0.19880771, -2.84064653, -0.78568682, 2.56962944, -4.40438131, 1.47883195, 2.717028, -3.98135717, 3.69429271, 1.06546835, -4.36135448, 3.37527117, -1.69454519, -3.91981036, 5.60116897, -3.3262964, -1.36605371, 6.64235214, -3.64825385, 0.12953801, 7.53875593, -1.48148266, 2.53280048, 8.67250216, -2.5604653, 2.48467845, 10.85432379, -3.49678737, 4.80309234, 7.3918172, -2.55852287, 6.97508508, 8.53194858, -3.58422949, 9.25870854, 6.7783437, -3.37927417, 6.04800476, -7.06548442, 4.50549415, 7.30729843, -10.10913666, 3.59294766, 5.56397096, -9.81663033, 6.59606368, 3.34961917, -11.74861185, 2.55449369, 1.67543313, -9.53340931, 4.52219777, 3.05554054, -6.11399287, 1.54810314, 4.73997163, -8.47615838, -0.26962166, -0.90297358, -8.60049438, 0.87724048, 0.8248461, -10.77204238, -1.0860148, 1.05568827, -5.16301252, -2.31981588, 2.18084623, -7.77440315, -3.94653077, -1.48963276, -9.23539279, -5.4861444, -1.2731642, -6.00390839, -6.10123874, -5.20330987, -8.64696987, -2.74644171, -5.36490866, -7.40422081, -5.7664851, -5.31208238, -3.26459367, -4.76841617, -7.721596, -4.89025121, -3.20604389, -6.52734894, -1.57485411, -0.58441258, -6.07443041, -4.51080891, 0.87174616, -1.70013983, -4.14223255, 0.9318627, -1.37159562, -1.53874172, -1.11061685, -0.80411383, -0.25362325, 2.99556123, -3.28700056, -2.15860621, 4.17405063, -4.17650256, 2.23077904, 4.74098055, -6.51657951, 0.95186298, 2.77292578, -2.25447308, 4.65872961, 1.66350023, -5.53704232, 5.1708989, 1.61563691, -3.26842058, 1.80365772, -2.56253318, -6.40726515, 2.6687512, -1.95678377, -4.52433391, 4.95448655, -5.31742747, -5.37547476, 7.1451567, -2.94644556, -0.16901412, 5.13610642, -4.61592095, -1.3535878, 8.21171893, -5.12952001, -0.83368146, 8.98446086, -0.41849047, 0.91780088, 5.92773922, -0.34391035, 6.64913293, 8.81133492, -5.63584592, 7.42044468, 10.38266287, -2.69869042, 9.91493555, 6.65713684, -1.38299415, 10.80233436, 7.63603543, -4.48729876, 8.7528057, 4.93230705, -4.1602545], "name": "C20H40O2", "molecular_charge": 0.0, "molecular_multiplicity": 1, "connectivity": [[0, 1, 1.0], [0, 22, 1.0], [0, 23, 1.0], [0, 24, 1.0], [1, 2, 1.0], [1, 25, 1.0], [1, 26, 1.0], [2, 3, 1.0], [2, 27, 1.0], [2, 28, 1.0], [3, 4, 1.0], [3, 29, 1.0], [3, 30, 1.0], [4, 5, 1.0], [4, 31, 1.0], [4, 32, 1.0], [5, 6, 1.0], [5, 33, 1.0], [5, 34, 1.0], [6, 7, 1.0], [6, 35, 1.0], [6, 36, 1.0], [7, 8, 1.0], [7, 37, 1.0], [7, 38, 1.0], [8, 9, 1.0], [8, 39, 1.0], [8, 40, 1.0], [9, 10, 1.0], [9, 41, 1.0], [9, 42, 1.0], [10, 11, 1.0], [10, 43, 1.0], [10, 44, 1.0], [11, 12, 1.0], [11, 45, 1.0], [11, 46, 1.0], [12, 13, 1.0], [12, 47, 1.0], [12, 48, 1.0], [13, 14, 1.0], [13, 49, 1.0], [13, 50, 1.0], [14, 15, 1.0], [14, 51, 1.0], [14, 52, 1.0], [15, 16, 1.0], [15, 53, 1.0], [15, 54, 1.0], [16, 17, 1.0], [16, 55, 1.0], [16, 56, 1.0], [17, 18, 2.0], [17, 19, 1.0], [19, 20, 1.0], [20, 21, 1.0], [20, 57, 1.0], [20, 58, 1.0], [21, 59, 1.0], [21, 60, 1.0], [21, 61, 1.0]], "fix_com": false, "fix_orientation": false, "provenance": {"creator": "QCElemental", "version": "v0.22.0", "routine": "qcelemental.molparse.from_schema"}}