{"schema_name": "qcschema_molecule", "schema_version": 2, "validated": true, "symbols": ["C", "C", "C", "C", "N", "C", "C", "C", "C", "C", "C", "C", "C", "H", "H", "H", "H", "H", "H", "H", "H", "H", "H", "H", "H", "H", "H", "H", "H", "H", "H", "H", "H", "H", "H", "H", "H", "H", "H", "H"], "geometry": [-6.50611156, 1.08586451, -5.0757155, -5.3301078, 0.48758033, -2.54117418, -4.05891469, -2.07458579, -2.76577715, -2.8290723, -2.87930795, -0.37538569, -0.88245228, -1.28766613, 0.57575841, 1.37125868, -1.16210499, -0.78713194, 2.7059759, -3.73885824, -0.6209476, 5.13711688, -3.44664926, -2.11513113, 6.64549972, -5.8871948, -2.11559029, -0.83129804, -1.29823656, 3.22656819, 0.94696037, 0.43678372, 4.52728227, 0.3070125, 3.13812153, 3.88376706, -2.28773863, 3.90281995, 4.69485403, -5.25786207, 0.61891884, -6.68422212, -8.38600264, 0.12787561, -5.24920474, -6.91600489, 3.15104503, -5.20254291, -6.84079479, 0.36692949, -1.09426992, -4.03885737, 2.01497295, -2.02858959, -2.76683012, -2.04142044, -4.39115811, -5.57945011, -3.4534141, -3.20637453, -4.34641398, -2.95226137, 1.10463075, -2.13419323, -4.83289456, -0.52673035, 1.19181283, -0.75788865, -2.83224459, 2.73089911, 0.18289911, -0.03659141, 1.48622974, -5.17968815, -1.53666458, 3.08312951, -4.19170845, 1.37495019, 4.65847084, -2.92739925, -4.08276357, 6.21820024, -1.88475195, -1.1821742, 8.16296367, -5.77303309, -0.71955232, 5.32251747, -7.45025167, -1.63376361, 7.40796531, -6.27942602, -4.06078818, -2.81265978, -1.13277072, 3.94319526, -0.2788294, -3.27940204, 3.83265049, 2.94963711, 0.03888664, 4.17887864, 0.72164918, 0.32421171, 6.64865703, 0.38934712, 3.4017653, 1.79716503, 1.66229159, 4.46150739, 4.83584487, -2.8444567, 5.69326237, 3.66178095, -3.77080225, 2.51580806, 4.35317799, -2.37579115, 4.4153088, 6.76723815], "name": "C12H27N", "molecular_charge": 0.0, "molecular_multiplicity": 1, "connectivity": [[0, 1, 1.0], [0, 13, 1.0], [0, 14, 1.0], [0, 15, 1.0], [1, 2, 1.0], [1, 16, 1.0], [1, 17, 1.0], [2, 3, 1.0], [2, 18, 1.0], [2, 19, 1.0], [3, 4, 1.0], [3, 20, 1.0], [3, 21, 1.0], [4, 5, 1.0], [4, 9, 1.0], [5, 6, 1.0], [5, 22, 1.0], [5, 23, 1.0], [6, 7, 1.0], [6, 24, 1.0], [6, 25, 1.0], [7, 8, 1.0], [7, 26, 1.0], [7, 27, 1.0], [8, 28, 1.0], [8, 29, 1.0], [8, 30, 1.0], [9, 10, 1.0], [9, 31, 1.0], [9, 32, 1.0], [10, 11, 1.0], [10, 33, 1.0], [10, 34, 1.0], [11, 12, 1.0], [11, 35, 1.0], [11, 36, 1.0], [12, 37, 1.0], [12, 38, 1.0], [12, 39, 1.0]], "fix_com": false, "fix_orientation": false, "provenance": {"creator": "QCElemental", "version": "v0.22.0", "routine": "qcelemental.molparse.from_schema"}}