{"schema_name": "qcschema_molecule", "schema_version": 2, "validated": true, "symbols": ["C", "C", "C", "C", "N", "C", "C", "C", "C", "C", "C", "C", "C", "H", "H", "H", "H", "H", "H", "H", "H", "H", "H", "H", "H", "H", "H", "H", "H", "H", "H", "H", "H", "H", "H", "H", "H", "H", "H", "H"], "geometry": [5.26735705, -7.00914332, 0.47833936, 3.91216463, -6.42382543, -1.93776699, 2.76390941, -3.87768751, -2.15242914, 0.85906527, -3.3593593, -0.11421528, -0.37186371, -0.95645169, -0.23817596, -2.03698612, -0.35426852, -2.12205526, -4.69790517, -1.20008735, -2.18058316, -5.30400044, -3.93534328, -2.18129245, -8.18584925, -4.32456005, -2.30322085, -0.454288, 0.21689534, 2.16681454, -2.13365272, 2.2830383, 2.82412259, -2.20415442, 4.71895235, 1.50507771, 0.23974365, 6.19648931, 1.40543881, 4.08807302, -6.87121151, 2.17019175, 7.1238118, -6.01639413, 0.62745158, 5.79107602, -9.09292584, 0.34535862, 2.51868109, -7.96618392, -2.34014099, 5.377183, -6.61920871, -3.4964306, 4.2884225, -2.44823182, -2.00591779, 1.74961562, -3.79486806, -3.98827495, -0.47392252, -4.88699232, -0.01565978, 1.98271105, -3.36371579, 1.71080965, -1.26084395, -1.07244817, -4.08007537, -1.98405567, 1.73364123, -2.56179352, -5.8781086, -0.21941376, -0.65957682, -5.68295289, -0.42044889, -3.96047325, -4.7137428, -4.81841753, -0.35458279, -4.37620895, -4.96688294, -3.7106484, -8.91375472, -3.99294726, -4.18509075, -8.56640926, -6.26382014, -1.6520576, -9.09900081, -2.94833418, -0.9844361, -0.98739077, -1.43559423, 3.52639005, 1.58097582, 0.57103711, 2.79007825, -1.77331586, 2.8079695, 4.94961302, -4.19782861, 1.64082388, 3.02023185, -3.29269833, 4.79831947, -0.24453984, -3.46500641, 6.01760638, 2.80371755, -0.15401225, 8.28853072, 1.61655759, 1.14421099, 6.05806774, -0.52636668, 1.5705138, 5.66912411, 2.89754859], "name": "C12H27N", "molecular_charge": 0.0, "molecular_multiplicity": 1, "connectivity": [[0, 1, 1.0], [0, 13, 1.0], [0, 14, 1.0], [0, 15, 1.0], [1, 2, 1.0], [1, 16, 1.0], [1, 17, 1.0], [2, 3, 1.0], [2, 18, 1.0], [2, 19, 1.0], [3, 4, 1.0], [3, 20, 1.0], [3, 21, 1.0], [4, 5, 1.0], [4, 9, 1.0], [5, 6, 1.0], [5, 22, 1.0], [5, 23, 1.0], [6, 7, 1.0], [6, 24, 1.0], [6, 25, 1.0], [7, 8, 1.0], [7, 26, 1.0], [7, 27, 1.0], [8, 28, 1.0], [8, 29, 1.0], [8, 30, 1.0], [9, 10, 1.0], [9, 31, 1.0], [9, 32, 1.0], [10, 11, 1.0], [10, 33, 1.0], [10, 34, 1.0], [11, 12, 1.0], [11, 35, 1.0], [11, 36, 1.0], [12, 37, 1.0], [12, 38, 1.0], [12, 39, 1.0]], "fix_com": false, "fix_orientation": false, "provenance": {"creator": "QCElemental", "version": "v0.22.0", "routine": "qcelemental.molparse.from_schema"}}