{"schema_name": "qcschema_molecule", "schema_version": 2, "validated": true, "symbols": ["C", "C", "C", "C", "N", "C", "C", "C", "C", "C", "C", "C", "C", "H", "H", "H", "H", "H", "H", "H", "H", "H", "H", "H", "H", "H", "H", "H", "H", "H", "H", "H", "H", "H", "H", "H", "H", "H", "H", "H"], "geometry": [-6.283223692306208, 5.822293859970753, 2.4474502156576627, -3.995903875352936, 4.883811175529116, 0.9542706852915118, -4.40093868697728, 2.236354936047025, -0.148212801989941, -2.175602731710036, 1.1586306874062517, -1.6861384029582827, -0.6502699280510706, -0.7009691363335513, -0.3449712374975123, 0.9569146532507614, -2.147811614222089, -2.041389094608118, 1.8638817781621693, -4.67314458272135, -0.9602119240045811, -0.2812434096684277, -6.456848791355746, -0.205355715776467, 0.6766795371276421, -9.003905754776634, 0.7633662280120915, 0.5835696309497466, 0.21713318249077856, 1.9381057975331604, 2.737132041141495, 2.1792947235813958, 1.6469922643019612, 5.415865747907436, 1.0976149617145872, 1.8548000016509436, 7.455527892532833, 3.1323802140969463, 1.6515527209247487, -6.682071800775514, 4.592416609601478, 4.042253125864173, -5.969837504415115, 7.713168694801173, 3.1793335767386495, -7.964743317681246, 5.878200051787417, 1.2706463828628516, -3.6052031035676353, 6.1933077001805446, -0.5816651323958717, -2.3391186746172155, 4.918100056064663, 2.164314297515135, -4.883542208909975, 0.9058457066971268, 1.3378624434857043, -6.0439798031527925, 2.3246291539962733, -1.379570270371595, -1.041626622207344, 2.7149895686415246, -2.4384135059864467, -2.9458210982938673, 0.1919807286376157, -3.317595509354503, 2.587658249552196, -1.0594374665876718, -2.692009796538079, -0.1471911572043234, -2.5601137257277826, -3.7189550994265757, 3.0215379982870227, -5.572593747138776, -2.404013870970488, 3.108311255844224, -4.378659931699384, 0.6454569954546746, -1.4415539359915068, -5.5603935612037505, 1.226253153059206, -1.506721581597932, -6.761925549529397, -1.8284497759912846, 1.7903787080053506, -9.975093764310515, -0.6626995175409223, -0.8808911789702283, -10.23460740088946, 1.2826101415164997, 1.863198445633251, -8.768748481397626, 2.4230484348647985, -0.8793365166385138, 1.0061890216979372, 3.1275739786382353, 1.292670606982037, -1.4057858636377345, 2.968094466675318, 2.545682012980982, 3.177186903898767, -0.1371276208560742, 2.5214288066645776, 3.6086045261962676, 3.109261808679391, 5.727004721100835, -0.3160436313776592, 0.4004596329905479, 5.609194658193181, 0.12229303966137746, 3.6548999194449454, 7.244271245178859, 4.543906331651523, 3.127465423060437, 9.333415601390708, 2.3240233046410754, 1.8239260011771383, 7.35654665657762, 4.102386978159544, -0.15528630611469976], "name": "C12H27N", "identifiers": {"molecule_hash": "c63a65806d202afeae4a2f7954882bf843d7bee4", "molecular_formula": "C12H27N"}, "molecular_charge": 0.0, "molecular_multiplicity": 1, "connectivity": [[0, 1, 1.0], [0, 13, 1.0], [0, 14, 1.0], [0, 15, 1.0], [1, 2, 1.0], [1, 16, 1.0], [1, 17, 1.0], [2, 3, 1.0], [2, 18, 1.0], [2, 19, 1.0], [3, 4, 1.0], [3, 20, 1.0], [3, 21, 1.0], [4, 5, 1.0], [4, 9, 1.0], [5, 6, 1.0], [5, 22, 1.0], [5, 23, 1.0], [6, 7, 1.0], [6, 24, 1.0], [6, 25, 1.0], [7, 8, 1.0], [7, 26, 1.0], [7, 27, 1.0], [8, 28, 1.0], [8, 29, 1.0], [8, 30, 1.0], [9, 10, 1.0], [9, 31, 1.0], [9, 32, 1.0], [10, 11, 1.0], [10, 33, 1.0], [10, 34, 1.0], [11, 12, 1.0], [11, 35, 1.0], [11, 36, 1.0], [12, 37, 1.0], [12, 38, 1.0], [12, 39, 1.0]], "fix_com": true, "fix_orientation": true, "provenance": {"creator": "QCElemental", "version": "v0.22.0", "routine": "qcelemental.molparse.from_schema"}, "id": "215800"}