{"schema_name": "qcschema_molecule", "schema_version": 2, "validated": true, "symbols": ["C", "C", "C", "C", "N", "C", "C", "C", "C", "C", "C", "C", "C", "H", "H", "H", "H", "H", "H", "H", "H", "H", "H", "H", "H", "H", "H", "H", "H", "H", "H", "H", "H", "H", "H", "H", "H", "H", "H", "H"], "geometry": [-5.316065404200805, 1.1224661377326774, -5.203571461406617, -3.0013615442039696, 1.4500687783323676, -3.506809653767743, -3.6641211180248856, 1.386418785677088, -0.694726927078428, -1.416668848835331, 1.856051746028708, 1.0626997009800083, 0.6745809694968103, 0.09984214564182199, 0.7496718341183098, 0.10218929150789775, -2.530893061768059, 1.3130569032271993, -0.5754847632932775, -3.166188751259334, 4.064290874933564, -0.8553246814114477, -6.00860855029093, 4.560968863802084, -3.1028169615629886, -7.247379786608787, 3.2272507012031997, 3.004936072877948, 1.0145766303481847, 1.8954338295240423, 4.468899044971422, 2.8554041838347857, 0.21089271877365054, 5.459849063417393, 1.6577888435511452, -2.2246675025056346, 6.901466781525481, 3.529025650058126, -3.887040549412101, -4.795983307237865, 1.1744377268162525, -7.187678837511022, -6.695090467179363, 2.6093232344208963, -4.8807247665870275, -6.246623397825769, -0.6740653551098013, -4.851360662793466, -2.0836578582614673, 3.238072276806901, -3.9424260806080595, -1.6274064541497064, -0.013380261644450902, -3.9206381173794145, -5.062056623631129, 2.8413845398723705, -0.2932304730695789, -4.5760756393923065, -0.3977342162015365, -0.24124716724674233, -2.091973717189828, 1.903021037799497, 3.0145794069835734, -0.7019122210310866, 3.735302053418268, 0.670998862829033, 1.7427307936311274, -3.6368810783357586, 0.766058859871547, -1.412653122687881, -3.1294700934581208, 0.07466039556145129, -2.319024733082831, -2.220379341390881, 4.6007456771846345, 0.8867471220799499, -2.4285375284997808, 5.304591081858041, -1.0519655050223475, -6.299270709769273, 6.584864775985852, 0.8777301350228958, -6.970833530135606, 4.012702597431619, -3.278412379705433, -9.21654574875576, 3.7754213443390263, -2.9141467421164062, -7.195228836283532, 1.1862852427199135, -4.860593800317751, -6.305513708305768, 3.717869641982724, 4.21353000570206, -0.5988605614712929, 2.271656812346593, 2.6491363731051627, 1.9056851967774362, 3.7236038916776413, 6.04991151666409, 3.593920744989449, 1.3023466132697812, 3.2954811025154247, 4.476137044567268, -0.25415402548567406, 6.695419969203483, 0.08287884133924041, -1.7486849589793607, 3.886458521986243, 0.867719657907909, -3.273282767121221, 8.52020786626378, 4.314807797635953, -2.897301936836749, 5.69981159418906, 5.0947561075192365, -4.453660385965041, 7.593254583001407, 2.6263998167510296, -5.595022352514721], "name": "C12H27N", "identifiers": {"molecule_hash": "bcc474d01897f65c8a486edc772a744fb08003eb", "molecular_formula": "C12H27N"}, "molecular_charge": 0.0, "molecular_multiplicity": 1, "connectivity": [[0, 1, 1.0], [0, 13, 1.0], [0, 14, 1.0], [0, 15, 1.0], [1, 2, 1.0], [1, 16, 1.0], [1, 17, 1.0], [2, 3, 1.0], [2, 18, 1.0], [2, 19, 1.0], [3, 4, 1.0], [3, 20, 1.0], [3, 21, 1.0], [4, 5, 1.0], [4, 9, 1.0], [5, 6, 1.0], [5, 22, 1.0], [5, 23, 1.0], [6, 7, 1.0], [6, 24, 1.0], [6, 25, 1.0], [7, 8, 1.0], [7, 26, 1.0], [7, 27, 1.0], [8, 28, 1.0], [8, 29, 1.0], [8, 30, 1.0], [9, 10, 1.0], [9, 31, 1.0], [9, 32, 1.0], [10, 11, 1.0], [10, 33, 1.0], [10, 34, 1.0], [11, 12, 1.0], [11, 35, 1.0], [11, 36, 1.0], [12, 37, 1.0], [12, 38, 1.0], [12, 39, 1.0]], "fix_com": true, "fix_orientation": true, "provenance": {"creator": "QCElemental", "version": "v0.22.0", "routine": "qcelemental.molparse.from_schema"}, "id": "217390"}