{"schema_name": "qcschema_molecule", "schema_version": 2, "validated": true, "symbols": ["C", "C", "C", "C", "N", "C", "C", "C", "C", "C", "C", "C", "C", "H", "H", "H", "H", "H", "H", "H", "H", "H", "H", "H", "H", "H", "H", "H", "H", "H", "H", "H", "H", "H", "H", "H", "H", "H", "H", "H"], "geometry": [-7.207467581459553, 3.49613105439424, 2.6013293830498427, -5.066289544515739, 1.9042169118657981, 1.5401028183003933, -3.925180137811416, 0.13076545004142895, 3.492794653211551, -1.8173077844665062, -1.5552290057233997, 2.4892343092567364, 0.23967733888705037, -0.248170962812696, 1.2026587147925867, 1.573845219517996, 1.4655008319189182, 2.898209056795373, 3.2715688725877037, 3.3736676209516903, 1.5672816052235663, 1.8916394981842188, 5.025985566528286, -0.33799210311508293, 3.6087968106034123, 6.94853650083206, -1.6031047821500795, 1.9802638870572844, -2.0813561924795896, 0.10393635872627668, 1.0746461726251575, -3.4440663717555817, -2.2684879643162152, 0.6356036818086647, -1.7654152589575975, -4.577343081873002, -1.9231489570435365, -0.457905111027499, -4.643130816236303, -6.55586593358733, 4.672203786725435, 4.182868441175984, -8.751186918160348, 2.3058774613482664, 3.314616674611544, -8.002889697999965, 4.762107361273046, 1.166531939512882, -5.749343830504959, 0.7880402448037781, -0.07504146972089366, -3.5714042875873004, 3.132310187316892, 0.7832890716981536, -3.272151722049917, 1.2321692034066811, 5.130206029711184, -5.4050806667817275, -1.1228756514013503, 4.241563874392353, -2.647210465113901, -2.8779106270447308, 1.1241188218013793, -1.0726489172784022, -2.7288444964022536, 4.064124469142549, 2.690636256958939, 0.39744563016491524, 4.318806610540045, 0.14992120570827222, 2.531098238873816, 3.9606251361491247, 4.135347276688452, 4.568609584202147, 3.0334585555525315, 4.864516445413781, 2.4232507273455317, 0.6293834728937213, 1.005736582062543, 3.808477036112856, -1.7667888385600106, 0.3275891031106174, 6.006787335549441, 0.62237401784802, 5.155145083998188, 6.013590722686088, -2.6245981834114067, 4.472101678505462, 8.22405418291799, -0.2115494807984961, 2.5745771103356123, 8.11586943906384, -2.967648326072007, 2.524071915868034, -3.5091100373999327, 1.5452865430365066, 3.722697151182794, -1.0764462633893386, -0.39155016502444556, 2.5458427209261836, -4.840240077991543, -2.7170923710701262, -0.6368415900265919, -4.558450109126069, -1.8813579594656757, 2.152799328217281, -0.34306105274898946, -4.674988120463724, 0.8392506735815306, -2.92697132454872, -6.287593881189132, -2.1614360555627257, 0.7923911198286477, -3.013173939511938, -3.4634037511221853, -1.851274760144534, -4.601542734211904, -2.1497978768344534, 0.6658745715999189, -6.371417083060037], "name": "C12H27N", "identifiers": {"molecule_hash": "2b98fdc08db623f357b639f94aed22819b8f8616", "molecular_formula": "C12H27N"}, "molecular_charge": 0.0, "molecular_multiplicity": 1, "connectivity": [[0, 1, 1.0], [0, 13, 1.0], [0, 14, 1.0], [0, 15, 1.0], [1, 2, 1.0], [1, 16, 1.0], [1, 17, 1.0], [2, 3, 1.0], [2, 18, 1.0], [2, 19, 1.0], [3, 4, 1.0], [3, 20, 1.0], [3, 21, 1.0], [4, 5, 1.0], [4, 9, 1.0], [5, 6, 1.0], [5, 22, 1.0], [5, 23, 1.0], [6, 7, 1.0], [6, 24, 1.0], [6, 25, 1.0], [7, 8, 1.0], [7, 26, 1.0], [7, 27, 1.0], [8, 28, 1.0], [8, 29, 1.0], [8, 30, 1.0], [9, 10, 1.0], [9, 31, 1.0], [9, 32, 1.0], [10, 11, 1.0], [10, 33, 1.0], [10, 34, 1.0], [11, 12, 1.0], [11, 35, 1.0], [11, 36, 1.0], [12, 37, 1.0], [12, 38, 1.0], [12, 39, 1.0]], "fix_com": true, "fix_orientation": true, "provenance": {"creator": "QCElemental", "version": "v0.22.0", "routine": "qcelemental.molparse.from_schema"}, "id": "223262"}