{"schema_name": "qcschema_molecule", "schema_version": 2, "validated": true, "symbols": ["C", "C", "C", "C", "N", "C", "C", "C", "C", "C", "C", "C", "C", "H", "H", "H", "H", "H", "H", "H", "H", "H", "H", "H", "H", "H", "H", "H", "H", "H", "H", "H", "H", "H", "H", "H", "H", "H", "H", "H"], "geometry": [-6.181600193726122, 0.9166269132898456, -5.565896179148122, -5.066775166948672, 0.46574264292209455, -2.939574848341934, -4.11483999564631, -2.2397708216955396, -2.5831117008995625, -3.102754927802863, -2.794656905620542, 0.06804468140175018, -1.05330850293442, -1.153327607407883, 0.8871998333317056, 1.2091435379692266, -1.2470945242165603, -0.6766844844865068, 2.6826931260051774, -3.7463267212777085, -0.7614113066762227, 5.019502683803271, -3.559482821776436, -2.4561004859241415, 6.52316380659845, -6.0218700613442975, -2.5837958789842763, -0.6035315481113684, -1.3518771480282818, 3.5924492229246807, 1.0250388219569866, 0.7662928938763369, 4.7060542491135555, 0.11585805056645303, 3.4569342738952713, 4.139547712359262, -2.530675201502994, 4.050940798540516, 5.135242625853178, -4.783962496738586, 0.5836348642769681, -7.033352784785625, -7.7704594770034685, -0.3330441017476404, -5.927371539430389, -6.847636458475805, 2.8466715125158637, -5.768682400945242, -6.492992760825545, 0.8688116147581119, -1.5141845873942426, -3.5351380655182254, 1.7848331002778697, -2.60111692534587, -2.7007692938905565, -2.671156092638126, -4.009148470366714, -5.661514771372473, -3.5526992110783686, -2.923683402047918, -4.647804462529665, -2.5281701005223693, 1.390085682470474, -2.592956940474247, -4.793493481958603, 0.18263853199831775, 0.6789005810195533, -0.7330165020605088, -2.587274216192642, 2.4716546549759597, 0.23663081635331554, -0.04644078706187773, 1.4752446164171262, -5.258791632921247, -1.4505943248284956, 3.268923178602851, -4.288531835951768, 1.131490282657144, 4.4452740196304354, -3.0157610485848876, -4.354321365142547, 6.240844106737277, -2.0530689421832125, -1.7723972948425637, 7.183414507274706, -6.5836519435135115, -0.722982851780306, 5.374737191934737, -7.553207878019687, -3.3255890418355794, 8.165868933365438, -5.82816443345808, -3.7975544191403823, -2.434011173817958, -1.302210433498254, 4.509261780145037, 0.2360831561224999, -3.165945597141115, 4.1149618519256075, 2.9709737793068483, 0.5707588553869325, 4.081163341746138, 1.0683065304582389, 0.48150892752401087, 6.743226328047941, 0.15955140760591424, 3.78666799532419, 2.1167807378271464, 1.4545816361409936, 4.7726107041402255, 4.977468739859766, -2.992250080038797, 6.027662651855419, 4.83582317288856, -3.960165929178246, 2.934788382578218, 4.181022514152006, -2.6723168511145383, 3.6778501615267762, 7.150719078248094], "name": "C12H27N", "identifiers": {"molecule_hash": "510b5b32e6cbcfcbb5b3590a058a084b6818aa70", "molecular_formula": "C12H27N"}, "molecular_charge": 0.0, "molecular_multiplicity": 1, "connectivity": [[0, 1, 1.0], [0, 13, 1.0], [0, 14, 1.0], [0, 15, 1.0], [1, 2, 1.0], [1, 16, 1.0], [1, 17, 1.0], [2, 3, 1.0], [2, 18, 1.0], [2, 19, 1.0], [3, 4, 1.0], [3, 20, 1.0], [3, 21, 1.0], [4, 5, 1.0], [4, 9, 1.0], [5, 6, 1.0], [5, 22, 1.0], [5, 23, 1.0], [6, 7, 1.0], [6, 24, 1.0], [6, 25, 1.0], [7, 8, 1.0], [7, 26, 1.0], [7, 27, 1.0], [8, 28, 1.0], [8, 29, 1.0], [8, 30, 1.0], [9, 10, 1.0], [9, 31, 1.0], [9, 32, 1.0], [10, 11, 1.0], [10, 33, 1.0], [10, 34, 1.0], [11, 12, 1.0], [11, 35, 1.0], [11, 36, 1.0], [12, 37, 1.0], [12, 38, 1.0], [12, 39, 1.0]], "fix_com": true, "fix_orientation": true, "provenance": {"creator": "QCElemental", "version": "v0.22.0", "routine": "qcelemental.molparse.from_schema"}, "id": "214750"}