{"schema_name": "qcschema_molecule", "schema_version": 2, "validated": true, "symbols": ["C", "C", "C", "C", "N", "C", "C", "C", "C", "C", "C", "C", "C", "H", "H", "H", "H", "H", "H", "H", "H", "H", "H", "H", "H", "H", "H", "H", "H", "H", "H", "H", "H", "H", "H", "H", "H", "H", "H", "H"], "geometry": [-10.998704977070531, 4.4312885439805445, 2.5294870927334085, -8.408842764367163, 4.760267665745862, 1.3212966439438858, -6.300784452990019, 3.2629243496575895, 2.5976645080664613, -5.731525363117135, 4.136318473968929, 5.295281395651703, -3.585162015470493, 2.953447103639647, 6.541538912543539, -1.149540825848443, 3.8074794558560927, 5.5865230268745885, -0.25054830292242586, 6.234107844482593, 6.851609739457347, 0.28163739943271265, 5.919864018011494, 9.658407424674422, 1.0426452349061488, 8.368818883772434, 10.94898457655588, -3.8168884528867166, 0.22924476517000172, 6.793822951884011, -2.4538037285492766, -0.7760086184611471, 9.121519205544661, -2.4965723317073008, -3.647791610568329, 9.354845374550933, -5.1241294458084194, -4.764152212320005, 9.704515285129862, -11.049426466599215, 5.147666560405783, 4.474361932929083, -11.544679076250796, 2.4289943205318987, 2.5884771550525927, -12.457457752766118, 5.445954854272062, 1.4626921499281385, -7.900481016521212, 6.778007101190175, 1.311075135624771, -8.51760007612654, 4.193349385629493, -0.6733035410083709, -4.577634694187881, 3.4199311621083712, 1.449270686256516, -6.803885020526663, 1.2443793267455971, 2.6135508347497347, -5.4086898848180445, 6.189675793756051, 5.2852700834709685, -7.399302312128778, 3.8288901945546767, 6.49457131034754, -1.1777385914491258, 4.068504392988302, 3.513734367821565, 0.24868920738989722, 2.3173134850030563, 5.945583936771777, -1.6781307435939599, 7.723670529299368, 6.580498500178328, 1.4599592317962597, 6.901373214437345, 5.8743840958270965, -1.413755341579761, 5.12787530300384, 10.557228845336216, 1.7841897938791573, 4.500993821480052, 9.908334747110596, 1.4189211960878245, 8.085185897685042, 12.967294792702585, -0.4542875349295065, 9.797396900308067, 10.785533235537558, 2.757489643919709, 9.172499022396433, 10.098677545587378, -3.136172717699518, -0.7956820773807011, 5.094645882765698, -5.840155163205382, -0.20610144864488625, 6.949598041156141, -3.308814306596215, 0.09192479741514593, 10.805873464397644, -0.48073432632056795, -0.12806032946346707, 9.085452302242249, -1.6060809333502364, -4.486604499177972, 7.6719257000829595, -1.3050023239241602, -4.200452763641517, 10.962646239718723, -6.336226025701718, -4.42850093581785, 8.055569846114038, -5.038258826840016, -6.8143406592586775, 9.995634205046098, -6.073280015440223, -3.934769429524372, 11.354252347446858], "name": "C12H27N", "identifiers": {"molecule_hash": "9c9ca277ef5abe7270fae6e4ad055dfc531495f7", "molecular_formula": "C12H27N"}, "molecular_charge": 0.0, "molecular_multiplicity": 1, "connectivity": [[0, 1, 1.0], [0, 13, 1.0], [0, 14, 1.0], [0, 15, 1.0], [1, 2, 1.0], [1, 16, 1.0], [1, 17, 1.0], [2, 3, 1.0], [2, 18, 1.0], [2, 19, 1.0], [3, 4, 1.0], [3, 20, 1.0], [3, 21, 1.0], [4, 5, 1.0], [4, 9, 1.0], [5, 6, 1.0], [5, 22, 1.0], [5, 23, 1.0], [6, 7, 1.0], [6, 24, 1.0], [6, 25, 1.0], [7, 8, 1.0], [7, 26, 1.0], [7, 27, 1.0], [8, 28, 1.0], [8, 29, 1.0], [8, 30, 1.0], [9, 10, 1.0], [9, 31, 1.0], [9, 32, 1.0], [10, 11, 1.0], [10, 33, 1.0], [10, 34, 1.0], [11, 12, 1.0], [11, 35, 1.0], [11, 36, 1.0], [12, 37, 1.0], [12, 38, 1.0], [12, 39, 1.0]], "fix_com": true, "fix_orientation": true, "provenance": {"creator": "QCElemental", "version": "v0.22.0", "routine": "qcelemental.molparse.from_schema"}, "id": "257347"}