{"schema_name": "qcschema_molecule", "schema_version": 2, "validated": true, "symbols": ["C", "C", "C", "C", "N", "C", "C", "C", "C", "C", "C", "C", "C", "H", "H", "H", "H", "H", "H", "H", "H", "H", "H", "H", "H", "H", "H", "H", "H", "H", "H", "H", "H", "H", "H", "H", "H", "H", "H", "H"], "geometry": [1.8328312581812702, -1.9363060630995965, -5.863088075897907, -0.3202570779486933, -0.7019851065030395, -4.36683627047137, -1.418591222705239, -2.399729994006732, -2.2846441493315806, 0.44469798551602235, -3.0541140567636518, -0.16282716103538705, 1.5691887629207317, -0.8422384414628412, 1.0633369609108156, 3.6972241329056357, -1.524079226698381, 2.6994411410851975, 6.14762006488412, -2.041415414964451, 1.229641562545003, 7.000383629152999, 0.1477127843407851, -0.47297844573089637, 7.552339278324179, 2.607332547192187, 0.956647664293013, -0.2531401406894686, 0.8469550177858008, 2.2830524868619713, -1.8244863213619713, -0.24754581111159585, 4.473114826852567, -3.5835709367404123, 1.7319158408986035, 5.647096831563488, -5.183889390185668, 0.6838380436502187, 7.822407685257167, 1.2182240629456798, -3.717753226763646, -6.726599186039857, 2.489454051365848, -0.693926309395619, -7.383102369332414, 3.460997448913173, -2.3480680183340152, -4.657306716583785, -1.8455810912955177, -0.18561721670523876, -5.6731198888173955, 0.35986614361559416, 1.0589436026081538, -3.517226324586626, -2.0682106662954367, -4.186302530754176, -3.1174334027624897, -3.107730821061881, -1.5039998475772598, -1.4856681806851688, -0.5082016207093459, -4.306961675330139, 1.2124031184606452, 1.9894001622740178, -4.171122941765272, -0.9610937405422374, 3.263585259221127, -3.1808455648594665, 3.895972894365564, 4.023430765772146, 0.05041969634890849, 4.000927418283146, 7.633878803696702, -2.474005229244422, 2.613681893723927, 5.932170114304723, -3.7514039585030736, 0.07850508544070195, 8.70188078703465, -0.44142820472615785, -1.5016320627659216, 5.53620762257858, 0.5025851260570631, -1.889804000493282, 8.313680289900137, 4.050623866831947, -0.3171071264032031, 8.938503079409422, 2.3077408046170147, 2.468830155537033, 5.838930913933763, 3.386672185197149, 1.81504925445211, -1.5396320810437747, 1.5777747154168165, 0.8339330816446007, 0.805237365888278, 2.4909746130908843, 2.9722847676725626, -0.5595607072998965, -0.9995974426295317, 5.9349700744809075, -2.9577169240794894, -1.848283793927949, 3.8006661383883458, -4.833065848852957, 2.4950645837762813, 4.175932449833384, -2.4545360491853083, 3.3340823740890673, 6.329585288979029, -3.984352135661222, -0.03709191819652527, 9.34965175112307, -6.419748258210204, 2.138447250180619, 8.62416353523525, -6.382500880861537, -0.8788514939419656, 7.18014933574379], "name": "C12H27N", "identifiers": {"molecule_hash": "b0293819a620916fc7570b9bf027271581590f19", "molecular_formula": "C12H27N"}, "molecular_charge": 0.0, "molecular_multiplicity": 1, "connectivity": [[0, 1, 1.0], [0, 13, 1.0], [0, 14, 1.0], [0, 15, 1.0], [1, 2, 1.0], [1, 16, 1.0], [1, 17, 1.0], [2, 3, 1.0], [2, 18, 1.0], [2, 19, 1.0], [3, 4, 1.0], [3, 20, 1.0], [3, 21, 1.0], [4, 5, 1.0], [4, 9, 1.0], [5, 6, 1.0], [5, 22, 1.0], [5, 23, 1.0], [6, 7, 1.0], [6, 24, 1.0], [6, 25, 1.0], [7, 8, 1.0], [7, 26, 1.0], [7, 27, 1.0], [8, 28, 1.0], [8, 29, 1.0], [8, 30, 1.0], [9, 10, 1.0], [9, 31, 1.0], [9, 32, 1.0], [10, 11, 1.0], [10, 33, 1.0], [10, 34, 1.0], [11, 12, 1.0], [11, 35, 1.0], [11, 36, 1.0], [12, 37, 1.0], [12, 38, 1.0], [12, 39, 1.0]], "fix_com": true, "fix_orientation": true, "provenance": {"creator": "QCElemental", "version": "v0.22.0", "routine": "qcelemental.molparse.from_schema"}, "id": "223485"}