{"schema_name": "qcschema_molecule", "schema_version": 2, "validated": true, "symbols": ["C", "C", "C", "C", "N", "C", "C", "C", "C", "C", "C", "C", "C", "H", "H", "H", "H", "H", "H", "H", "H", "H", "H", "H", "H", "H", "H", "H", "H", "H", "H", "H", "H", "H", "H", "H", "H", "H", "H", "H"], "geometry": [-0.5819800321342722, -4.736241046260723, 5.681679793876418, 1.6770051210399028, -3.057789244477027, 4.9831222571761655, 2.527380660674727, -3.302569337453555, 2.2210093359910985, 0.6044089277702683, -2.271495977201387, 0.2969553420585546, 0.003396580353273459, 0.41291759288777274, 0.6488176745640573, 1.2006628409745592, 2.118575969502177, -1.158431549523407, 4.072590260149053, 2.357337372075305, -0.8236585131721873, 4.9109137718511695, 3.293985471309509, 1.791815010234383, 3.9165326203766235, 5.9296578313400055, 2.4732614517103597, -2.6378291546968065, 1.0268129618489752, 1.2011770115957001, -4.485901581252437, 1.2395394465296816, -1.0472651143616671, -4.953679227392773, -1.180626235901132, -2.581603112207847, -6.35178864853636, -3.2575850453411723, -1.1198951293785617, -2.2757167321993075, -4.247992470011329, 4.597319558554114, -0.16923376405040522, -6.73497791933784, 5.321943699264948, -1.0613911047711317, -4.54363731539978, 7.6862723405582205, 1.216142283483404, -1.0727769124178257, 5.3548893040986885, 3.2724667131897545, -3.533768624731989, 6.218563801433113, 4.329135997485059, -2.3155044429072413, 1.9788903004797462, 2.8854049122280565, -5.300177895327406, 1.77309701813928, 1.3319373170918967, -2.6016560119129513, -1.6239750084027917, -1.1263870330201744, -3.3902577695482345, 0.4371971740029418, 0.3475092963489168, 3.988164550893029, -0.9158154683254072, 0.8135403418890348, 1.5563625277931201, -3.1349310165807416, 4.969825264267386, 0.5324469837409499, -1.2226729074852363, 4.76609353728, 3.662717461945407, -2.282306924335708, 4.285699026571599, 1.9455819641794947, 3.229572812069858, 6.983821190198437, 3.310755841463871, 1.850478554838299, 4.710863897981429, 6.579663922972022, 4.270888161793808, 1.8573767432005583, 5.936350361564472, 2.67190027609713, 4.417085293070625, 7.323864292710879, 1.0230395289878724, -2.6593846893974127, 2.8491526318967986, 2.1957775835701034, -3.3373762566471474, -0.361613349645546, 2.565339802086895, -6.299403066948361, 1.924084147262982, -0.29869556336025976, -3.8065840646640083, 2.7216259871200106, -2.3260482609831388, -6.071955404325113, -0.6845968489525637, -4.256097249822914, -3.1549813622868803, -1.9127745793954747, -3.299792385738985, -6.685036699141537, -4.916188611342558, -2.3125206573991055, -8.192997598896163, -2.57936342050907, -0.4543677123676822, -5.293039996625187, -3.894512451865226, 0.5397568543113447], "name": "C12H27N", "identifiers": {"molecule_hash": "eb267fe28a72a5b4353aab93e114066f24e89ce8", "molecular_formula": "C12H27N"}, "molecular_charge": 0.0, "molecular_multiplicity": 1, "connectivity": [[0, 1, 1.0], [0, 13, 1.0], [0, 14, 1.0], [0, 15, 1.0], [1, 2, 1.0], [1, 16, 1.0], [1, 17, 1.0], [2, 3, 1.0], [2, 18, 1.0], [2, 19, 1.0], [3, 4, 1.0], [3, 20, 1.0], [3, 21, 1.0], [4, 5, 1.0], [4, 9, 1.0], [5, 6, 1.0], [5, 22, 1.0], [5, 23, 1.0], [6, 7, 1.0], [6, 24, 1.0], [6, 25, 1.0], [7, 8, 1.0], [7, 26, 1.0], [7, 27, 1.0], [8, 28, 1.0], [8, 29, 1.0], [8, 30, 1.0], [9, 10, 1.0], [9, 31, 1.0], [9, 32, 1.0], [10, 11, 1.0], [10, 33, 1.0], [10, 34, 1.0], [11, 12, 1.0], [11, 35, 1.0], [11, 36, 1.0], [12, 37, 1.0], [12, 38, 1.0], [12, 39, 1.0]], "fix_com": true, "fix_orientation": true, "provenance": {"creator": "QCElemental", "version": "v0.22.0", "routine": "qcelemental.molparse.from_schema"}, "id": "222553"}