{"schema_name": "qcschema_molecule", "schema_version": 2, "validated": true, "symbols": ["C", "C", "C", "C", "N", "C", "C", "C", "C", "C", "C", "C", "C", "H", "H", "H", "H", "H", "H", "H", "H", "H", "H", "H", "H", "H", "H", "H", "H", "H", "H", "H", "H", "H", "H", "H", "H", "H", "H", "H"], "geometry": [-3.1906260182875466, 3.2117370874460724, 3.466110167339463, -1.9896065009981634, 3.609600516566755, 0.8665789254993215, 0.7427316367917175, 4.572884862105241, 0.9721811084048414, 2.7385081712599595, 2.6218299052417002, 1.7415134539297321, 3.229055381839732, 0.6054700857970626, -0.08374086669070784, 4.21042354620611, 1.6137537077643491, -2.480771748690626, 2.295860902075475, 1.8387595436037865, -4.655264227087982, 1.918755023395985, -0.5478100697276629, -6.257109397170179, 0.553201898452007, -2.723447239036978, -4.93915489130525, 4.991351040059652, -1.2484175158401152, 0.9739662597170065, 4.078790770021429, -2.892573153172376, 3.181820963434751, 2.0665268535559687, -4.892088472767744, 2.5720770419735475, -0.6492021920213796, -3.917988923299886, 2.4625610465284185, -2.162529366473424, 1.837286947579891, 4.5862834201458265, -5.118859907397724, 2.534553698759285, 3.2845952650847, -3.244246993685297, 4.969142087230795, 4.527322130014587, -3.122452111419381, 4.976248155818797, -0.16896151528396083, -2.0670232433844817, 1.86332244654053, -0.20236417470628126, 1.2475596706997831, 5.408022524387081, -0.8298180623123774, 0.8483271138900503, 6.107791215338721, 2.3376243454946364, 2.152647718359459, 1.7642683457474964, 3.500359120533072, 4.496485133708763, 3.6370781838428514, 2.148257956358937, 5.747716062246557, 0.4205483112510096, -3.1234748591282386, 5.059739758638342, 3.460794736253936, -2.153103017309587, 0.48361524649497195, 2.47087575976154, -3.9418968387630193, 2.9733599545349962, 3.321522347715997, -5.909971933366375, 3.749483951732074, -1.1979779208219594, -6.934795653176792, 0.8506686039609276, -0.025084936233793393, -7.933756003248348, 1.5914347069775192, -3.399260510678261, -3.3122184369659244, -1.3027580631409268, -2.138912498238527, -4.2872632982806484, 0.2956117271673663, -4.300548880873433, -6.2277374566764845, 5.520287311939929, -2.5259113961369453, -0.5373869135013142, 6.735171097434635, -0.30591887478153995, 1.5720392794072857, 3.4599587317688454, -1.7474709095616465, 4.7680439882000885, 5.760112770759562, -3.874108231913898, 3.843447042932606, 2.5437073761435443, -5.810520888681029, 0.79620503753254, 2.1718976335380997, -6.357528609130552, 4.009374274763798, -1.951122191272214, -5.446149858060172, 2.0337202688230493, -1.2092353368062776, -3.1218767208143636, 4.271019316842817, -0.8658105226080368, -2.4713507120890505, 1.036576390406966], "name": "C12H27N", "identifiers": {"molecule_hash": "c17cb3deee1cffd3d54ac67867562c643408a517", "molecular_formula": "C12H27N"}, "molecular_charge": 0.0, "molecular_multiplicity": 1, "connectivity": [[0, 1, 1.0], [0, 13, 1.0], [0, 14, 1.0], [0, 15, 1.0], [1, 2, 1.0], [1, 16, 1.0], [1, 17, 1.0], [2, 3, 1.0], [2, 18, 1.0], [2, 19, 1.0], [3, 4, 1.0], [3, 20, 1.0], [3, 21, 1.0], [4, 5, 1.0], [4, 9, 1.0], [5, 6, 1.0], [5, 22, 1.0], [5, 23, 1.0], [6, 7, 1.0], [6, 24, 1.0], [6, 25, 1.0], [7, 8, 1.0], [7, 26, 1.0], [7, 27, 1.0], [8, 28, 1.0], [8, 29, 1.0], [8, 30, 1.0], [9, 10, 1.0], [9, 31, 1.0], [9, 32, 1.0], [10, 11, 1.0], [10, 33, 1.0], [10, 34, 1.0], [11, 12, 1.0], [11, 35, 1.0], [11, 36, 1.0], [12, 37, 1.0], [12, 38, 1.0], [12, 39, 1.0]], "fix_com": true, "fix_orientation": true, "provenance": {"creator": "QCElemental", "version": "v0.22.0", "routine": "qcelemental.molparse.from_schema"}, "id": "215138"}