{"schema_name": "qcschema_molecule", "schema_version": 2, "validated": true, "symbols": ["C", "C", "C", "C", "N", "C", "C", "C", "C", "C", "C", "C", "C", "H", "H", "H", "H", "H", "H", "H", "H", "H", "H", "H", "H", "H", "H", "H", "H", "H", "H", "H", "H", "H", "H", "H", "H", "H", "H", "H"], "geometry": [-4.747850895422083, 1.5345809808361315, -5.100993624685279, -2.3070361427949466, 2.0085617507541347, -3.6651024402168972, -2.691590303182065, 2.141087562891153, -0.8184739381132744, -0.290524249382781, 2.7077893922236482, 0.6594923229834354, 1.7730952327070115, 0.9629014239741207, 0.15637047450897273, 1.1701912968632027, -1.6772928657279915, 0.6437839305065562, 0.4161572236243551, -2.3596486970994186, 3.349057804053041, 0.08880078830254748, -5.192975280552335, 3.7709170674097416, -2.1011704531744444, -6.3604768777249046, 2.3159530399006756, 4.116006281138519, 1.7859519406314066, 1.3402841414989919, 5.464230253319608, 3.86140868531234, -0.13555760417741616, 6.227077394488682, 3.058663398881875, -2.7878575578781333, 7.490814818774788, 5.157422165901277, -4.284334791752768, -4.427372226349085, 1.4450361023058946, -7.146429067687047, -6.13618129460161, 3.0367731127419906, -4.747792985346912, -5.620742835412876, -0.2586219215392711, -4.524975344726678, -1.4392260696762433, 3.7845033426224215, -4.31314026975863, -0.9234745593696754, 0.5217233535024064, -4.095550001519387, -4.073293079444032, 3.627473513780557, -0.3696245903666179, -3.5486619820708616, 0.3679162784787514, -0.1461357909109773, -0.743143615486393, 2.806450620755218, 2.7045825984365366, 0.36742295198175257, 4.604178112316395, 0.13368989542784995, 2.8409222014495037, -2.791161587890933, 0.10739868586954275, -0.33253790090243995, -2.245389393208943, -0.6705113371165274, -1.353617086643117, -1.3887070041733443, 3.8528573967651587, 1.8653380998566143, -1.6417865028743017, 4.65400510328073, -0.1866508438505234, -5.539617470079414, 5.799531301495163, 1.8559082573961112, -6.167156081568813, 3.2626603094793962, -2.3267376175997723, -8.367237883817925, 2.782317291182889, -1.8305772844949537, -6.233181894885626, 0.26429605670299927, -3.889468269369444, -5.4076086850726846, 2.769276878420474, 5.374670563436646, 0.13745416837582566, 1.4485701337141352, 3.8106621569925805, 2.42431230019774, 3.3117423238926462, 7.144961751424914, 4.437502709557473, 0.9450149135324976, 4.262836821382635, 5.555373591170311, -0.24400452185063692, 7.506795335562294, 1.4226412767321726, -2.6586438590893, 4.533794372740832, 2.383189467908171, -3.778970306792657, 9.212787316859695, 5.8309625526142845, -3.340462561635009, 6.227378291612527, 6.79031846409318, -4.499751169208751, 8.024942361290247, 4.526000661646698, -6.184751615298583], "name": "C12H27N", "identifiers": {"molecule_hash": "15cdb5b3f34f177add84b4475cba186a530bf9be", "molecular_formula": "C12H27N"}, "molecular_charge": 0.0, "molecular_multiplicity": 1, "connectivity": [[0, 1, 1.0], [0, 13, 1.0], [0, 14, 1.0], [0, 15, 1.0], [1, 2, 1.0], [1, 16, 1.0], [1, 17, 1.0], [2, 3, 1.0], [2, 18, 1.0], [2, 19, 1.0], [3, 4, 1.0], [3, 20, 1.0], [3, 21, 1.0], [4, 5, 1.0], [4, 9, 1.0], [5, 6, 1.0], [5, 22, 1.0], [5, 23, 1.0], [6, 7, 1.0], [6, 24, 1.0], [6, 25, 1.0], [7, 8, 1.0], [7, 26, 1.0], [7, 27, 1.0], [8, 28, 1.0], [8, 29, 1.0], [8, 30, 1.0], [9, 10, 1.0], [9, 31, 1.0], [9, 32, 1.0], [10, 11, 1.0], [10, 33, 1.0], [10, 34, 1.0], [11, 12, 1.0], [11, 35, 1.0], [11, 36, 1.0], [12, 37, 1.0], [12, 38, 1.0], [12, 39, 1.0]], "fix_com": true, "fix_orientation": true, "provenance": {"creator": "QCElemental", "version": "v0.22.0", "routine": "qcelemental.molparse.from_schema"}, "id": "251899"}