{"schema_name": "qcschema_molecule", "schema_version": 2, "validated": true, "symbols": ["C", "C", "C", "C", "N", "C", "C", "C", "C", "C", "C", "C", "C", "H", "H", "H", "H", "H", "H", "H", "H", "H", "H", "H", "H", "H", "H", "H", "H", "H", "H", "H", "H", "H", "H", "H", "H", "H", "H", "H"], "geometry": [0.9472205662950984, -1.0956771117348405, -7.191686947035733, -1.1811713017404128, -0.26658413924572477, -5.4482003798875756, -1.7417801923798542, -2.136051784142794, -3.3266380253101895, 0.4757058799879034, -2.623444104108477, -1.5559584906144313, 1.5873610256539878, -0.3342654187938372, -0.5170714531908042, 3.95341966435176, -0.8529794858964034, 0.7898677035134166, 6.197833985820391, -1.0486054609713684, -1.011657928775349, 6.771619561485416, 1.3889085691727876, -2.4391233655413105, 7.8154413509484035, 3.494947122998831, -0.7833390576243814, -0.156310051973734, 1.2112797434806115, 0.9449506389134366, -1.3522533278924236, -0.0009746480697015901, 3.2767945834167027, -2.997458980817193, 1.8469779289147967, 4.742037327286406, -4.2384750217270915, 0.680446742572515, 7.054469453175138, 0.5658107277164313, -2.963291251161762, -8.016419986084191, 1.2000151051114734, 0.23994797324767805, -8.756152580635248, 2.7539083670147386, -1.207955173218693, -6.179464960345263, -2.914475076977501, 0.017394469354821005, -6.556687542611414, -0.7012143566207443, 1.5748039636148987, -4.616558728790314, -2.3121215110601163, -3.9639645153388146, -4.135757374743093, -3.3809323463382963, -1.4711878603153337, -2.235712448177401, -0.12443639323829919, -3.9535822654719373, -0.05149695639904469, 1.9686145314748318, -3.6091432778417474, -2.603791257101969, 3.8371447454220915, -2.597809503063044, 1.9404726270796664, 4.29128356202971, 0.6936537057559562, 2.131031410225166, 7.866751842266693, -1.639020439523225, 0.08054536759013649, 5.846296812336646, -2.5765341147959155, -2.3748216225409475, 8.13236007559189, 0.977352449230419, -3.952757468901181, 5.026170034352768, 2.025986816566514, -3.3654793760076416, 8.255572667719532, 5.183026503630502, -1.902381971600738, 9.560467275037185, 2.9054600578178595, 0.17540689853298808, 6.465247118903665, 4.071022930757157, 0.6824628247579686, -1.6645504022108544, 1.8773171520282526, -0.3201847828321645, 0.8810717618800188, 2.9156829587890885, 1.5249404142629028, 0.13993377916699037, -0.741572118236333, 4.523840973451507, -2.503635125880443, -1.6384733088923977, 2.712286913306547, -4.461966835999169, 2.6083595265491972, 3.475702843607158, -1.8445235858893942, 3.4797826391224116, 5.318132740160287, -2.8176940111535975, -0.04135631204373961, 8.383610597869689, -5.407949039046811, 2.0566395663129544, 8.070872147263312, -5.458031853334025, -0.9134921518207247, 6.526853564658934], "name": "C12H27N", "identifiers": {"molecule_hash": "9fa633d8c23834d7063b48093ee70c669100fca6", "molecular_formula": "C12H27N"}, "molecular_charge": 0.0, "molecular_multiplicity": 1, "connectivity": [[0, 1, 1.0], [0, 13, 1.0], [0, 14, 1.0], [0, 15, 1.0], [1, 2, 1.0], [1, 16, 1.0], [1, 17, 1.0], [2, 3, 1.0], [2, 18, 1.0], [2, 19, 1.0], [3, 4, 1.0], [3, 20, 1.0], [3, 21, 1.0], [4, 5, 1.0], [4, 9, 1.0], [5, 6, 1.0], [5, 22, 1.0], [5, 23, 1.0], [6, 7, 1.0], [6, 24, 1.0], [6, 25, 1.0], [7, 8, 1.0], [7, 26, 1.0], [7, 27, 1.0], [8, 28, 1.0], [8, 29, 1.0], [8, 30, 1.0], [9, 10, 1.0], [9, 31, 1.0], [9, 32, 1.0], [10, 11, 1.0], [10, 33, 1.0], [10, 34, 1.0], [11, 12, 1.0], [11, 35, 1.0], [11, 36, 1.0], [12, 37, 1.0], [12, 38, 1.0], [12, 39, 1.0]], "fix_com": true, "fix_orientation": true, "provenance": {"creator": "QCElemental", "version": "v0.22.0", "routine": "qcelemental.molparse.from_schema"}, "id": "252599"}