{"schema_name": "qcschema_molecule", "schema_version": 2, "validated": true, "symbols": ["C", "C", "C", "C", "N", "C", "C", "C", "C", "C", "C", "C", "C", "H", "H", "H", "H", "H", "H", "H", "H", "H", "H", "H", "H", "H", "H", "H", "H", "H", "H", "H", "H", "H", "H", "H", "H", "H", "H", "H"], "geometry": [-3.2470879636765706, 2.917512575146227, 3.2648906249482894, -2.026314924072722, 3.451107515125599, 0.6912706298883325, 0.6808507029546251, 4.484642164959504, 0.885820268184131, 2.6861440630518514, 2.538190380102196, 1.655454542886869, 3.14384499331825, 0.514707707903173, -0.19471569469520728, 4.0983223013837105, 1.5422116978097198, -2.613904798667792, 2.130926219105991, 1.7965234067232936, -4.74097792195937, 1.5274780491476616, -0.6598976039306115, -6.1681519071159245, 0.12601492201806755, -2.668815475844156, -4.622466398516473, 4.931700547570986, -1.354796103366491, 0.8379934442538789, 4.003589112684319, -2.987252996451415, 3.0514446625608533, 1.8539634406593737, -4.846466049755204, 2.4420061020260615, -0.7903874649811781, -3.6674842719795318, 2.3897806448643624, -2.1485174546879566, 1.555617974528077, 4.3654708079788245, -5.150215346564702, 2.1347121329561576, 3.042042949991739, -3.403284134430641, 4.653904995130785, 4.38502132164599, -3.1952274237462555, 4.823730344972789, -0.3329946759220135, -2.017676581549004, 1.7241036698584633, -0.44692847427679794, 1.226519560922673, 5.374783293471349, -0.9002916983153602, 0.72392344560096, 6.002323117943815, 2.301075902522279, 2.1041530831737147, 1.6619222525636344, 3.432375373244992, 4.4719976014381775, 3.557423801884266, 2.058573934502327, 5.612462358253418, 0.3095334951199917, -3.304235804047326, 4.999237231723485, 3.3922567480490593, -2.28872901578607, 0.380884369088464, 2.6073956766705964, -3.998520680433498, 2.876667694154446, 3.168645549292562, -6.1089238202391245, 3.2969784650426264, -1.4619436738598865, -6.9021787116726525, 0.3872796841829689, -0.18015780900489234, -7.833425423361337, 1.2389391153137095, -3.2981512037169316, -3.0047020587611546, -1.6566118082042525, -1.9221117834299015, -3.879616472212704, -0.31594378042002047, -4.321011649133568, -5.790947318604277, 5.42760140852785, -2.6450959024959033, -0.7033516084179655, 6.713807275909825, -0.4181262819655376, 1.419037793012883, 3.4776149436445944, -1.8147039327655923, 4.677015608080275, 5.659586500638352, -4.073361459850963, 3.669217439396586, 2.247616865794436, -5.755578247587068, 0.6189396101121832, 1.8800012207447097, -6.366777826313609, 3.852564461145702, -2.225149250821738, -5.079667044258521, 1.903823977687611, -1.2828710735617685, -2.891760189712847, 4.246500644807581, -0.887378961673756, -2.138040387760124, 1.012172752304091], "name": "C12H27N", "identifiers": {"molecule_hash": "6d5710ddc818fed0b3f8d06e3edc91d63d0cb86b", "molecular_formula": "C12H27N"}, "molecular_charge": 0.0, "molecular_multiplicity": 1, "connectivity": [[0, 1, 1.0], [0, 13, 1.0], [0, 14, 1.0], [0, 15, 1.0], [1, 2, 1.0], [1, 16, 1.0], [1, 17, 1.0], [2, 3, 1.0], [2, 18, 1.0], [2, 19, 1.0], [3, 4, 1.0], [3, 20, 1.0], [3, 21, 1.0], [4, 5, 1.0], [4, 9, 1.0], [5, 6, 1.0], [5, 22, 1.0], [5, 23, 1.0], [6, 7, 1.0], [6, 24, 1.0], [6, 25, 1.0], [7, 8, 1.0], [7, 26, 1.0], [7, 27, 1.0], [8, 28, 1.0], [8, 29, 1.0], [8, 30, 1.0], [9, 10, 1.0], [9, 31, 1.0], [9, 32, 1.0], [10, 11, 1.0], [10, 33, 1.0], [10, 34, 1.0], [11, 12, 1.0], [11, 35, 1.0], [11, 36, 1.0], [12, 37, 1.0], [12, 38, 1.0], [12, 39, 1.0]], "fix_com": true, "fix_orientation": true, "provenance": {"creator": "QCElemental", "version": "v0.22.0", "routine": "qcelemental.molparse.from_schema"}, "id": "220237"}