{"schema_name": "qcschema_molecule", "schema_version": 2, "validated": true, "symbols": ["C", "C", "C", "C", "N", "C", "C", "C", "C", "C", "C", "C", "C", "H", "H", "H", "H", "H", "H", "H", "H", "H", "H", "H", "H", "H", "H", "H", "H", "H", "H", "H", "H", "H", "H", "H", "H", "H", "H", "H"], "geometry": [-5.442282187514202, 0.14223176508921692, -3.5571192527489637, -2.896319241905572, 0.9566020728790624, -2.4437352378628026, -2.94643003177993, 1.146260434512809, 0.4460251472523587, -0.4291039383445749, 1.992201732171788, 1.6010961885101074, 1.718174237264178, 0.3896638282007235, 0.9091836913270294, 1.4559425945780127, -2.263420020230711, 1.654154006355122, 1.2705464837154974, -2.8226867184146687, 4.505147797076768, 1.1588038199960906, -5.661352379333858, 5.106910939271304, -1.2491836698808052, -6.977196070865711, 4.165347903662144, 4.144471668141092, 1.5056389464736886, 1.638653086516681, 4.978338980701066, 3.677742151353393, -0.09501859207736855, 5.217259934362313, 2.9072017809521755, -2.8754788750259253, 6.033948407617154, 5.098404541709366, -4.583661447838149, -5.362503216020745, 0.024846841594777656, -5.622503421913687, -6.945025328141504, 1.4795624179472888, -3.059753733154278, -6.005963400365055, -1.7201370770258289, -2.8440998463566682, -2.3439349285045976, 2.7961110505447957, -3.230209190362121, -1.4149207943782862, -0.3707919795129688, -3.0142340442209186, -4.39347047121853, 2.5157874600879984, 1.0261527543705027, -3.5392539497004996, -0.6693580954833067, 1.253945143416975, -0.6437982746596427, 2.1576989290401745, 3.6745590837781283, -0.023288410204502737, 3.9015632577921324, 0.91523354804465, 3.087451487224475, -3.2820229811233728, 0.8788055234665554, -0.19979758947360676, -3.036554343232357, 0.6872128679293968, -0.4077924808142287, -1.8981782872119835, 5.298291695870178, 2.907328491126929, -1.99090605047861, 5.4669615970078, 1.3019217586830394, -5.914727703668907, 7.159382608783782, 2.8220390285400585, -6.601093635026023, 4.294471787405923, -1.3006749154001123, -8.95636900697762, 4.769335318844016, -1.3875364676134476, -6.957741238303762, 2.1014824702363795, -2.941650625123476, -6.046045783393037, 4.915865857697695, 5.575257520187379, 0.010461669730166606, 1.5346009653042267, 4.136417921943619, 2.1774132136769984, 3.618194195983406, 6.804005016894076, 4.380088536459728, 0.6003936957748428, 3.66560090290772, 5.274630216919385, 0.06723523260081944, 6.585902140750799, 1.3538722389692912, -3.0327866581843903, 3.403597810043428, 2.1426566309636668, -3.5125481423995266, 7.87117243576454, 5.863327332579966, -4.005497805882983, 4.663248947471423, 6.650915413669282, -4.510460885915261, 6.196029246338045, 4.4985007530516965, -6.558638413866192], "name": "C12H27N", "identifiers": {"molecule_hash": "936c123209ae0592f681ff222f96ab48c6235478", "molecular_formula": "C12H27N"}, "molecular_charge": 0.0, "molecular_multiplicity": 1, "connectivity": [[0, 1, 1.0], [0, 13, 1.0], [0, 14, 1.0], [0, 15, 1.0], [1, 2, 1.0], [1, 16, 1.0], [1, 17, 1.0], [2, 3, 1.0], [2, 18, 1.0], [2, 19, 1.0], [3, 4, 1.0], [3, 20, 1.0], [3, 21, 1.0], [4, 5, 1.0], [4, 9, 1.0], [5, 6, 1.0], [5, 22, 1.0], [5, 23, 1.0], [6, 7, 1.0], [6, 24, 1.0], [6, 25, 1.0], [7, 8, 1.0], [7, 26, 1.0], [7, 27, 1.0], [8, 28, 1.0], [8, 29, 1.0], [8, 30, 1.0], [9, 10, 1.0], [9, 31, 1.0], [9, 32, 1.0], [10, 11, 1.0], [10, 33, 1.0], [10, 34, 1.0], [11, 12, 1.0], [11, 35, 1.0], [11, 36, 1.0], [12, 37, 1.0], [12, 38, 1.0], [12, 39, 1.0]], "fix_com": true, "fix_orientation": true, "provenance": {"creator": "QCElemental", "version": "v0.22.0", "routine": "qcelemental.molparse.from_schema"}, "id": "225887"}