{"schema_name": "qcschema_molecule", "schema_version": 2, "validated": true, "symbols": ["C", "C", "C", "C", "N", "C", "C", "C", "C", "C", "C", "C", "C", "H", "H", "H", "H", "H", "H", "H", "H", "H", "H", "H", "H", "H", "H", "H", "H", "H", "H", "H", "H", "H", "H", "H", "H", "H", "H", "H"], "geometry": [13.73049662294238, 2.304767528844991, -2.220446049250313e-16, 11.989745795882342, 9.766970020064908e-15, 1.0709333146784817e-14, 9.504471824850052, 0.4867689445214933, -1.4053529314329882, 7.646893587018765, -1.753933722423901, -1.4918368762247378, 5.545103414485127, -1.5685917518194612, 0.2777979608687202, 3.51457625057242, -3.318180933242681, -0.33058194756036285, 0.9495297221634368, -2.6087847257570433, 0.8034962550322274, 0.0, 0.0, 0.0, -2.612258043662881, 0.6127824666168598, 1.0696463495998645, 6.252049811145329, -1.4740642899059435, 2.936557826720417, 7.412614095837643, -3.877503806224651, 4.140395477589782, 5.5796670420324, -5.457385513749495, 5.731969642645686, 6.852691329192372, -7.746236940597974, 6.9494954385767755, 12.845018396909275, 3.9018043873259183, 0.938336704431419, 15.49269883196409, 1.9069040415598595, 0.9724298524764652, 14.190525958559896, 2.8864593034281336, -1.9145518283501837, 12.958750691922745, -1.581479153796813, -0.8868372312654694, 11.6259067699686, -0.5715338519141718, 1.9368243832435597, 8.539242650042768, 2.1157442319212083, -0.6139284201089675, 9.9779191551361, 0.9979757006319134, -3.338778114854673, 8.694909348079184, -3.5245098014480147, -1.2898568581156487, 6.813412237537251, -1.8106090793999936, -3.3603650427235214, 3.9758658816737777, -5.263321003701735, 0.1898335041989374, 3.304417526792671, -3.318427612845773, -2.36996999850205, -0.3995328898294108, -4.0403916423277355, 0.1999463475867016, 0.9978204357336102, -2.7200972952804725, 2.8525877933432877, 1.345873823829189, 1.4275309838683952, 0.591806886508675, -0.06586621589041508, 0.0901770324079072, -2.0534927930208147, -4.013841616413665, -0.7532528021514895, 0.4477889408702729, -3.243546955522901, 2.470631991743609, 0.4695323847142503, -2.596917009540998, 0.5946641086672897, 3.123206056300681, 7.5666692011777, 0.07677073736731277, 3.1468543921539185, 4.596915440319284, -0.921248282002582, 4.010099516164253, 8.243241817175601, -5.0643980050381705, 2.6854503133979257, 8.972802895819065, -3.312459490664494, 5.354571102239787, 4.005481161402748, -6.095061256384612, 4.580599829397291, 4.771351143436741, -4.269664365598825, 7.203340607271861, 8.396001095695128, -7.1712595503320795, 8.175443896390414, 5.522961096549225, -8.8230680942394, 8.081691474089872, 7.6260972445879585, -9.007754948796476, 5.526191787891767], "name": "C12H27N", "identifiers": {"molecule_hash": "c63a65806d202afeae4a2f7954882bf843d7bee4", "molecular_formula": "C12H27N"}, "molecular_charge": 0.0, "molecular_multiplicity": 1, "connectivity": [[0, 1, 1.0], [0, 13, 1.0], [0, 14, 1.0], [0, 15, 1.0], [1, 2, 1.0], [1, 16, 1.0], [1, 17, 1.0], [2, 3, 1.0], [2, 18, 1.0], [2, 19, 1.0], [3, 4, 1.0], [3, 20, 1.0], [3, 21, 1.0], [4, 5, 1.0], [4, 9, 1.0], [5, 6, 1.0], [5, 22, 1.0], [5, 23, 1.0], [6, 7, 1.0], [6, 24, 1.0], [6, 25, 1.0], [7, 8, 1.0], [7, 26, 1.0], [7, 27, 1.0], [8, 28, 1.0], [8, 29, 1.0], [8, 30, 1.0], [9, 10, 1.0], [9, 31, 1.0], [9, 32, 1.0], [10, 11, 1.0], [10, 33, 1.0], [10, 34, 1.0], [11, 12, 1.0], [11, 35, 1.0], [11, 36, 1.0], [12, 37, 1.0], [12, 38, 1.0], [12, 39, 1.0]], "fix_com": true, "fix_orientation": true, "provenance": {"creator": "QCElemental", "version": "v0.22.0", "routine": "qcelemental.molparse.from_schema"}, "id": "215800"}