{"schema_name": "qcschema_molecule", "schema_version": 2, "validated": true, "symbols": ["C", "C", "C", "C", "N", "C", "C", "C", "C", "C", "C", "C", "C", "H", "H", "H", "H", "H", "H", "H", "H", "H", "H", "H", "H", "H", "H", "H", "H", "H", "H", "H", "H", "H", "H", "H", "H", "H", "H", "H"], "geometry": [0.0, -0.0, 0.0, 2.895551507925488, 4.016811207924017e-17, 2.183811561199886e-16, 4.015815357893957, 2.6709168774448253, 0.02867322416216722, 6.9108685112077275, 2.720453832799969, 5.551115123125783e-17, 8.083269115586285, 1.288312324698002, 2.058667472166495, 7.369333902250738, 2.1430782702467726, 4.594520864123932, 8.127717001238668, 4.845643979313458, 5.359204508214521, 7.305711942763466, 5.472398245866396, 8.065328929502405, 8.038389407892069, 8.152274924137373, 8.885129145172034, 10.809891198399548, 1.0207827757645214, 1.675836403236275, 12.059318524627724, -0.9180415146702453, 3.433358862355954, 10.759092199763861, -3.513510430755885, 3.4733897357760464, 10.549411904458141, -4.758178887622485, 0.8658848243980495, -0.7459986119304052, 0.9403545917861181, 1.6893610915417763, -0.7538747793601074, 0.9988867882925299, -1.6517209154152208, -0.7569400440539718, -1.9266718215044962, -0.030483363980666756, 3.595931169908848, -1.0051155861389804, -1.6750754580736325, 3.606894964224529, -1.0571466995964802, 1.6303436368565831, 3.2879907139812934, 3.717238947296317, 1.6646758347212003, 3.358010428705564, 3.716661659011687, -1.6385798270596117, 7.555034373240636, 1.8587554587743313, -1.7721343473294842, 7.559740736452019, 4.7073225341211025, -0.05306679051641727, 5.317049205462607, 1.9469725258869603, 4.782730365076536, 8.173161793927836, 0.8148740056251182, 5.961805240001094, 7.280571065472346, 6.2170346277981, 4.055113997925101, 10.181909221939007, 5.078046814468465, 5.19862442930067, 5.2499013870529625, 5.237934251221155, 8.228000136010728, 8.14591528468462, 4.096153048595452, 9.37207424785797, 10.090959270075114, 8.420376170828025, 8.806916112707516, 7.176190443939713, 9.572118524698535, 7.647485017553803, 7.4238939477996375, 8.547449540638842, 10.822191271598024, 11.08256199615433, 0.407222362177067, -0.2821896744426455, 11.824014737808113, 2.841013505635427, 1.846805243622647, 12.166154976109338, -0.1725406385261381, 5.3643543733173304, 14.025501207438868, -1.1375430078672835, 2.8063769514238075, 8.860253210189768, -3.316430615803286, 4.273054029074289, 11.816667632133678, -4.7579988102050645, 4.75158693096968, 9.76821900268046, -6.669240588654968, 1.0175866161488418, 9.302859113902903, -3.672585460788708, -0.37636498874235824, 12.402515070258497, -4.907687481984135, -0.051579518849666384], "name": "C12H27N", "identifiers": {"molecule_hash": "67ef0fe78aea6ab86da728066bc4457d11cca62a", "molecular_formula": "C12H27N"}, "molecular_charge": 0.0, "molecular_multiplicity": 1, "connectivity": [[0, 1, 1.0], [0, 13, 1.0], [0, 14, 1.0], [0, 15, 1.0], [1, 2, 1.0], [1, 16, 1.0], [1, 17, 1.0], [2, 3, 1.0], [2, 18, 1.0], [2, 19, 1.0], [3, 4, 1.0], [3, 20, 1.0], [3, 21, 1.0], [4, 5, 1.0], [4, 9, 1.0], [5, 6, 1.0], [5, 22, 1.0], [5, 23, 1.0], [6, 7, 1.0], [6, 24, 1.0], [6, 25, 1.0], [7, 8, 1.0], [7, 26, 1.0], [7, 27, 1.0], [8, 28, 1.0], [8, 29, 1.0], [8, 30, 1.0], [9, 10, 1.0], [9, 31, 1.0], [9, 32, 1.0], [10, 11, 1.0], [10, 33, 1.0], [10, 34, 1.0], [11, 12, 1.0], [11, 35, 1.0], [11, 36, 1.0], [12, 37, 1.0], [12, 38, 1.0], [12, 39, 1.0]], "fix_com": true, "fix_orientation": true, "provenance": {"creator": "QCElemental", "version": "v0.22.0", "routine": "qcelemental.molparse.from_schema"}, "id": "218330"}