{"schema_name": "qcschema_molecule", "schema_version": 2, "validated": true, "symbols": ["C", "C", "C", "C", "N", "C", "C", "C", "C", "C", "C", "C", "C", "H", "H", "H", "H", "H", "H", "H", "H", "H", "H", "H", "H", "H", "H", "H", "H", "H", "H", "H", "H", "H", "H", "H", "H", "H", "H", "H"], "geometry": [0.0, 0.0, -0.0, 2.8957982387837506, 1.5502649412032372e-16, -1.9389828349202263e-16, 4.008123057459367, 2.6723023782839634, 1.1102230246251565e-15, 6.903538971938277, 2.7725001503007114, 0.10044816694490255, 8.21482760818602, 1.3425887554303497, -1.88542322008814, 7.736376520818887, 2.3966608680002697, -4.409260578742632, 8.334733907655506, 0.5717306154332257, -6.580581590508558, 6.812029149904722, -1.8893593923542693, -6.487040791017785, 7.405735395165453, -3.6601783104364918, -8.699898743487747, 10.941578068471808, 1.2480835567585185, -1.3593756368805534, 11.77378596893887, -0.5953754239006984, 0.7201978233880411, 11.323497125907787, -3.4087815374634975, 0.13612513630549772, 8.635971783047278, -4.336594595443802, 0.6914731659081339, -0.7467643595927507, 0.9701745995252258, -1.6720024871716048, -0.7538867215535608, 0.9683571822716465, 1.6697044503957432, -0.7547590441266541, -1.9276603156051075, -0.004197567377344613, 3.5953501129406007, -1.0300042163457865, 1.6581206491986902, 3.5967125622870793, -1.0309777617715006, -1.6501166788383261, 3.292963449669381, 3.7157599537197603, -1.641722179021196, 3.308778818269213, 3.709151900299718, 1.6566155476127218, 7.50161412793298, 1.991490061134235, 1.9196348583962384, 7.511681263891033, 4.777834564970866, 0.09261726385127245, 8.787343476835298, 4.1862613916080536, -4.685777353378776, 5.731605400159894, 2.876894270142679, -4.534849119792241, 7.941449337175193, 1.5655202504619348, -8.36018373965856, 10.357925278719065, 0.1231250312747516, -6.626566325406335, 7.192814469152824, -2.8489846303012865, -4.69604607436275, 4.786309658497126, -1.4356603914322894, -6.482044540445155, 9.40786530237915, -4.19419153004664, -8.709315365379128, 6.992821355445862, -2.7592738126217538, -10.519755675592117, 6.2929273549746245, -5.402520240033901, -8.592583644622676, 11.654289632634356, 3.162518267632683, -0.8963991066672105, 11.90719093413029, 0.683607734218414, -3.096704803014368, 13.807149329777413, -0.27951726945557454, 0.9836448716963536, 10.8951258058724, -0.11195017067264357, 2.5344661235739436, 11.783032040143963, -3.7660615398036947, -1.8564189938161317, 12.663427109514808, -4.538933631223756, 1.244198462232601, 7.25279509008452, -3.2796444631416937, -0.41095137314427577, 8.172825096118117, -4.0851366804505105, 2.6964929185861526, 8.436055484507413, -6.350835162684345, 0.2515019899371407], "name": "C12H27N", "identifiers": {"molecule_hash": "c6d526df34408a050124aee48ae0fa4d046436aa", "molecular_formula": "C12H27N"}, "molecular_charge": 0.0, "molecular_multiplicity": 1, "connectivity": [[0, 1, 1.0], [0, 13, 1.0], [0, 14, 1.0], [0, 15, 1.0], [1, 2, 1.0], [1, 16, 1.0], [1, 17, 1.0], [2, 3, 1.0], [2, 18, 1.0], [2, 19, 1.0], [3, 4, 1.0], [3, 20, 1.0], [3, 21, 1.0], [4, 5, 1.0], [4, 9, 1.0], [5, 6, 1.0], [5, 22, 1.0], [5, 23, 1.0], [6, 7, 1.0], [6, 24, 1.0], [6, 25, 1.0], [7, 8, 1.0], [7, 26, 1.0], [7, 27, 1.0], [8, 28, 1.0], [8, 29, 1.0], [8, 30, 1.0], [9, 10, 1.0], [9, 31, 1.0], [9, 32, 1.0], [10, 11, 1.0], [10, 33, 1.0], [10, 34, 1.0], [11, 12, 1.0], [11, 35, 1.0], [11, 36, 1.0], [12, 37, 1.0], [12, 38, 1.0], [12, 39, 1.0]], "fix_com": true, "fix_orientation": true, "provenance": {"creator": "QCElemental", "version": "v0.22.0", "routine": "qcelemental.molparse.from_schema"}, "id": "219236"}