{"schema_name": "qcschema_molecule", "schema_version": 2, "validated": true, "symbols": ["C", "C", "C", "C", "N", "C", "C", "C", "C", "C", "C", "C", "C", "H", "H", "H", "H", "H", "H", "H", "H", "H", "H", "H", "H", "H", "H", "H", "H", "H", "H", "H", "H", "H", "H", "H", "H", "H", "H", "H"], "geometry": [0.0, 0.0, 0.0, 2.8910867352758762, -5.392956607613254e-17, -1.11799112062386e-16, 4.089367868269466, 1.6445449336912261, 2.060352277145653, 3.6457232885238726, 4.4915367422954695, 1.7732396143282443, 4.682238863624826, 5.520131664173782, -0.5546260326049639, 3.2412538012188294, 7.6001231459239635, -1.626628357662773, 2.994522203953835, 9.994144572676035, 8.881784197001252e-16, 1.3555955498342533, 12.05432564113551, -1.2153578560779694, 2.504374228646456, 13.274400389147363, -3.5724907803376427, 7.407868040556355, 5.895094206501517, -0.5367987307752142, 8.637925485412033, 5.218733302857261, -3.065397155956251, 11.481654598134277, 5.760579204437136, -3.1817869031688195, 13.087793519607338, 4.155282182062619, -1.3908435529911607, -0.7265640472202962, -1.3078469408334952, -1.4042697016489847, -0.7677213391562306, 1.850516867748923, -0.43723855273290346, -0.7448016749738872, -0.5721370469464311, 1.8270619476116332, 3.575954808462882, 0.6134921373192533, -1.8315901342075493, 3.5457177705432636, -1.9311977231558384, 0.2575525749812627, 6.10811743891063, 1.2695602944274411, 2.1098792436469744, 3.3645118259915003, 1.0737456987511669, 3.9004174904801676, 1.6288707555202655, 4.848381882812785, 1.7780925600690776, 4.396646940091712, 5.448406851099698, 3.4418969440304763, 4.084593120924166, 8.078049931973062, -3.429412406562555, 1.3560589092449513, 6.902471558810213, -2.050964712672067, 2.167204536823062, 9.492369596635152, 1.811201241677061, 4.852024654949489, 10.770455666954405, 0.41004939126402107, -0.4888648165763104, 11.272664264602183, -1.681509594671179, 1.01435549264, 13.52171334841806, 0.18089549714650577, 1.3190464484981719, 14.806208740647968, -4.248987798309768, 4.359732625598755, 14.05557592348535, -3.16670050743486, 2.7128622426897175, 11.937113336590526, -5.1125102447832855, 7.910291415887611, 7.829967951462753, -0.026067442783590522, 8.203469275926174, 4.708789486974527, 0.9263862718469482, 8.288225814272039, 3.2314961930085846, -3.450670031691686, 7.715024104523477, 6.265429570325355, -4.5705904497802345, 12.124673991034442, 5.439823208092446, -5.106199687288107, 11.815685073140669, 7.753026608603605, -2.795118701883615, 12.766589772582444, 2.1521169686159864, -1.709116301774499, 15.086146229470877, 4.519320190762853, -1.6796656080165169, 12.673613870075558, 4.54904200841701, 0.5787358575653245], "name": "C12H27N", "identifiers": {"molecule_hash": "fd43192d919c38620a95888a843867d4b440760e", "molecular_formula": "C12H27N"}, "molecular_charge": 0.0, "molecular_multiplicity": 1, "connectivity": [[0, 1, 1.0], [0, 13, 1.0], [0, 14, 1.0], [0, 15, 1.0], [1, 2, 1.0], [1, 16, 1.0], [1, 17, 1.0], [2, 3, 1.0], [2, 18, 1.0], [2, 19, 1.0], [3, 4, 1.0], [3, 20, 1.0], [3, 21, 1.0], [4, 5, 1.0], [4, 9, 1.0], [5, 6, 1.0], [5, 22, 1.0], [5, 23, 1.0], [6, 7, 1.0], [6, 24, 1.0], [6, 25, 1.0], [7, 8, 1.0], [7, 26, 1.0], [7, 27, 1.0], [8, 28, 1.0], [8, 29, 1.0], [8, 30, 1.0], [9, 10, 1.0], [9, 31, 1.0], [9, 32, 1.0], [10, 11, 1.0], [10, 33, 1.0], [10, 34, 1.0], [11, 12, 1.0], [11, 35, 1.0], [11, 36, 1.0], [12, 37, 1.0], [12, 38, 1.0], [12, 39, 1.0]], "fix_com": true, "fix_orientation": true, "provenance": {"creator": "QCElemental", "version": "v0.22.0", "routine": "qcelemental.molparse.from_schema"}, "id": "215603"}