{"schema_name": "qcschema_molecule", "schema_version": 2, "validated": true, "symbols": ["C", "C", "C", "C", "N", "C", "C", "C", "C", "C", "C", "C", "C", "H", "H", "H", "H", "H", "H", "H", "H", "H", "H", "H", "H", "H", "H", "H", "H", "H", "H", "H", "H", "H", "H", "H", "H", "H", "H", "H"], "geometry": [10.119938099116721, 2.4564862132119565, 1.2212453270876722e-15, 8.577673142159796, -3.418480483994837e-15, -4.429543604457627e-16, 5.9107631388560655, 0.26989463815941017, -1.1133731964852198, 4.192090105320107, 2.05323162012571, 0.39725524506368487, 1.6222070776124005, 2.1568825550416064, -0.6241011763351194, 0.0, 0.0, 0.0, -1.6001764234710576, 0.13750022203341777, 2.4330433231672526, -0.1309615245781326, 0.39713291189206523, 4.916871122886052, -1.8607531263264345, 0.30304500097941234, 7.2394127561061845, 0.39245509998549166, 4.621568932307307, -0.4793725461554662, -1.8046808369689107, 4.901467837958486, -2.35517594675132, -1.106605803798692, 4.302272437620278, -5.108133122699967, 1.0331816631123827, 5.946275588264534, -6.162894822461277, 9.284112036234532, 3.893328355898175, 1.232099426236701, 10.236001290712817, 3.2573344075585444, -1.9077878149848868, 12.05285554185199, 2.1235552883766746, 0.6618451212211633, 8.442376631335431, -0.7280407149893418, 1.9393425295561122, 9.60425468936509, -1.43904354861988, -1.0826909018118596, 6.016141865554339, 0.9619622312985556, -3.0650981295849564, 5.037590435963835, -1.6065027591510102, -1.2108875626525637, 4.2485976224219275, 1.5110973054254457, 2.407950022692744, 4.971217053205763, 3.965783894466391, 0.3028817971868095, 1.2023567885179691, -1.6810747105611141, 0.08822954259592017, -1.3003770069498866, -0.3260078709482725, -1.5839618917937557, -2.964851865912466, 1.6919891048451885, 2.2914033062320636, -2.739045893608972, -1.5982792378693722, 2.5024058604747967, 0.9212438849576317, 2.1803943035776756, 4.924661835593331, 1.2856874242393042, -1.1138565461186594, 5.044567068274986, -2.8914622025029857, -1.4916699520247334, 7.331412331367402, -0.7841102643384419, 0.5042411465621219, 8.996128980865533, -3.26442151119661, 1.825902381341522, 7.182898115195928, -0.30054421943959864, 5.081320426898374, 1.437937561636441, 1.8210198251199694, 6.0499775303982135, -0.9221822059998793, -2.497535608504846, 6.853264221979608, -2.218315977863595, -3.387505819735888, 3.694651077170265, -1.777995046190699, -0.5559297443675852, 2.312439407057584, -5.251324112536888, -2.799825213448108, 4.5396813518141705, -6.2817239779464575, 1.3404933215533075, 5.5635427289688435, -8.174010928230866, 2.8157251885015233, 5.574775642428394, -5.181966428974875, 0.6029569314419998, 7.96468501761287, -5.965402701276007], "name": "C12H27N", "identifiers": {"molecule_hash": "65700a7cb961290b83ac6f3e2aadf4259a1786fc", "molecular_formula": "C12H27N"}, "molecular_charge": 0.0, "molecular_multiplicity": 1, "connectivity": [[0, 1, 1.0], [0, 13, 1.0], [0, 14, 1.0], [0, 15, 1.0], [1, 2, 1.0], [1, 16, 1.0], [1, 17, 1.0], [2, 3, 1.0], [2, 18, 1.0], [2, 19, 1.0], [3, 4, 1.0], [3, 20, 1.0], [3, 21, 1.0], [4, 5, 1.0], [4, 9, 1.0], [5, 6, 1.0], [5, 22, 1.0], [5, 23, 1.0], [6, 7, 1.0], [6, 24, 1.0], [6, 25, 1.0], [7, 8, 1.0], [7, 26, 1.0], [7, 27, 1.0], [8, 28, 1.0], [8, 29, 1.0], [8, 30, 1.0], [9, 10, 1.0], [9, 31, 1.0], [9, 32, 1.0], [10, 11, 1.0], [10, 33, 1.0], [10, 34, 1.0], [11, 12, 1.0], [11, 35, 1.0], [11, 36, 1.0], [12, 37, 1.0], [12, 38, 1.0], [12, 39, 1.0]], "fix_com": true, "fix_orientation": true, "provenance": {"creator": "QCElemental", "version": "v0.22.0", "routine": "qcelemental.molparse.from_schema"}, "id": "219415"}