{"schema_name": "qcschema_molecule", "schema_version": 2, "validated": true, "symbols": ["C", "C", "C", "C", "N", "C", "C", "C", "C", "C", "C", "C", "C", "H", "H", "H", "H", "H", "H", "H", "H", "H", "H", "H", "H", "H", "H", "H", "H", "H", "H", "H", "H", "H", "H", "H", "H", "H", "H", "H"], "geometry": [11.859290833910048, 2.592534089471253, -2.220446049250313e-16, 10.625279117815822, 1.9011473671913884e-15, 1.1471788639321141e-15, 8.809621735499176, -0.37457386269009674, 2.198140467206504, 7.6179707374610475, -2.990103847518748, 2.2962435984165532, 6.322122689319217, -3.718483713429914, -0.016013219083851782, 4.327500885617426, -1.9887120002286123, -0.7912967805793578, 2.141775960386841, -1.6120101873119503, 1.061643016196569, 0.0, -0.0, 0.0, 0.7207480197707005, 2.7380337905035668, -0.50955627098434, 5.5231216399619445, -6.350162323907515, 0.04849196674384659, 7.658664770563114, -8.19801792491016, -0.5244152261520267, 8.79876629645651, -7.843140140244852, -3.1388484474609166, 10.98359493338531, -9.62774383415511, -3.670805432681396, 13.15781883614618, 2.8219765651083657, -1.5986594984147757, 12.943299878476047, 2.913382171758628, 1.7409118557429932, 10.437606437816523, 4.099857315738064, -0.12690238884955773, 12.08681245608216, -1.4784620436807443, 0.07131742972456423, 9.606812390255298, -0.30757897689599156, -1.7827890720798574, 9.814484326222086, -0.07237875010535477, 3.9922532790440313, 7.330538307127644, 1.0881664596128944, 2.139405365035345, 6.3556588160008, -3.1138526143221212, 3.9660482034509923, 9.122915343707424, -4.381369343885277, 2.6205504608966876, 3.5712106816635023, -2.700961253137343, -2.5914302605055712, 5.201101576511038, -0.15795423133891995, -1.2311246802969171, 2.8463315326916683, -0.7377102741149213, 2.8131692127690435, 1.3882989577838356, -3.4717341659336496, 1.6020483507228902, -1.592544930060687, -0.04282375861028065, 1.3316444312902709, -0.703030310987536, -0.8694543244016204, -1.7549414611289245, -0.9149017389675294, 3.8375357987763716, -1.1508137049841431, 2.1818469333961534, 2.9008628262368608, -1.97154044395631, 1.4525556771937267, 3.6480621582037265, 1.2073523745365695, 4.046220308635009, -6.59076994535409, -1.391777788128913, 4.6449262625768855, -6.853290956661248, 1.882346051938705, 6.913916855834766, -10.129706555475373, -0.32868776876020256, 9.153581466069888, -8.028128055339408, 0.9111980644819324, 7.3109272655129205, -8.112234931593864, -4.568836413876461, 9.416379550013033, -5.870498807363686, -3.320554102479254, 10.39126305068101, -11.61291132735322, -3.5366648789205613, 12.52597243282731, -9.351621855575456, -2.3092421044982356, 11.765188399580126, -9.334643914081976, -5.567848801025772], "name": "C12H27N", "identifiers": {"molecule_hash": "15cdb5b3f34f177add84b4475cba186a530bf9be", "molecular_formula": "C12H27N"}, "molecular_charge": 0.0, "molecular_multiplicity": 1, "connectivity": [[0, 1, 1.0], [0, 13, 1.0], [0, 14, 1.0], [0, 15, 1.0], [1, 2, 1.0], [1, 16, 1.0], [1, 17, 1.0], [2, 3, 1.0], [2, 18, 1.0], [2, 19, 1.0], [3, 4, 1.0], [3, 20, 1.0], [3, 21, 1.0], [4, 5, 1.0], [4, 9, 1.0], [5, 6, 1.0], [5, 22, 1.0], [5, 23, 1.0], [6, 7, 1.0], [6, 24, 1.0], [6, 25, 1.0], [7, 8, 1.0], [7, 26, 1.0], [7, 27, 1.0], [8, 28, 1.0], [8, 29, 1.0], [8, 30, 1.0], [9, 10, 1.0], [9, 31, 1.0], [9, 32, 1.0], [10, 11, 1.0], [10, 33, 1.0], [10, 34, 1.0], [11, 12, 1.0], [11, 35, 1.0], [11, 36, 1.0], [12, 37, 1.0], [12, 38, 1.0], [12, 39, 1.0]], "fix_com": true, "fix_orientation": true, "provenance": {"creator": "QCElemental", "version": "v0.22.0", "routine": "qcelemental.molparse.from_schema"}, "id": "251899"}