{"schema_name": "qcschema_molecule", "schema_version": 2, "validated": true, "symbols": ["C", "C", "C", "C", "N", "C", "C", "C", "C", "C", "C", "C", "C", "H", "H", "H", "H", "H", "H", "H", "H", "H", "H", "H", "H", "H", "H", "H", "H", "H", "H", "H", "H", "H", "H", "H", "H", "H", "H", "H"], "geometry": [5.308782159161036, 2.860746677635751, 6.661338147750939e-16, 4.898849130935811, -1.6559674644387507e-15, -1.5162737151148938e-15, 2.4484449196573297, -0.849123293242341, 1.2887426869539165, 0.0, 0.0, -0.0, -0.23570831807947795, -0.7505114619008086, -2.6349128041877563, -2.27450397257628, 0.5742474523294845, -3.9289558443551806, -1.5349214352859444, 3.2159920201220786, -4.856122085939484, 0.5976209675601736, 3.2738998960954313, -6.814520400514384, -0.09803728477755747, 2.1217280512700403, -9.373549515262145, -0.20892058893913454, -3.4620483866026337, -3.0957522407980407, -2.39291247946126, -5.019874352657901, -1.9908450455381241, -2.2153148681107013, -7.811534386912923, -2.7257619716316444, -4.358776275100215, -9.407611625808556, -1.6308919731164488, 5.263312540342331, 3.6174002706452097, 1.9093757574942445, 7.132586292428145, 3.3338773633106995, -0.8123791487900853, 3.8784573974509025, 3.835156178294179, -1.0974953645993777, 6.475523768744576, -0.8912222177597747, 0.9718078407560582, 4.934278501406709, -0.6912624514979676, -1.9297103516006542, 2.406632208941142, -0.11733748530607424, 3.2111029162826146, 2.465161546373353, -2.8932852122298303, 1.4772753401392076, -1.5957348161603928, -0.6688512491376579, 1.1291453995442828, -0.09334872486073387, 2.0426756647861657, 0.06712682678355797, -3.946522420645481, 0.739280792742935, -2.7287753345013406, -2.8488813586046717, -0.5504245787139928, -5.540730537416854, -3.2161181918401933, 4.098652721351481, -5.650697878945389, -0.9949301063461689, 4.380165352855524, -3.2538842389472284, 1.1503845579050307, 5.231480356307676, -7.108373721602071, 2.2372244073570475, 2.3100883059490167, -6.050869299487902, 1.4419550607062883, 2.340903943421347, -10.71167567251246, -1.753782824410768, 3.0354987830680966, -10.17554626872129, -0.498842754801202, 0.11554922796833988, -9.231089372060158, 1.5636371540939007, -4.22093190359691, -2.402552378832233, -0.16924684351864208, -3.72896795072183, -5.129963675613176, -4.190458626273417, -4.26179848343631, -2.6392811602355066, -2.404404987574241, -4.866832485847553, 0.057838673076313185, -0.41205227779830633, -8.570847092582351, -2.092822429237885, -2.2214759253457403, -7.980197108481143, -4.775050420741053, -6.18719348587401, -8.736557289635922, -2.279567624384554, -4.181259412077937, -11.374161412687457, -2.1879704596431866, -4.3614929656993535, -9.336684790175575, 0.42070455691940634], "name": "C12H27N", "identifiers": {"molecule_hash": "654cfd4cbb17eb75b9ad2a7e9d0beecf6588267c", "molecular_formula": "C12H27N"}, "molecular_charge": 0.0, "molecular_multiplicity": 1, "connectivity": [[0, 1, 1.0], [0, 13, 1.0], [0, 14, 1.0], [0, 15, 1.0], [1, 2, 1.0], [1, 16, 1.0], [1, 17, 1.0], [2, 3, 1.0], [2, 18, 1.0], [2, 19, 1.0], [3, 4, 1.0], [3, 20, 1.0], [3, 21, 1.0], [4, 5, 1.0], [4, 9, 1.0], [5, 6, 1.0], [5, 22, 1.0], [5, 23, 1.0], [6, 7, 1.0], [6, 24, 1.0], [6, 25, 1.0], [7, 8, 1.0], [7, 26, 1.0], [7, 27, 1.0], [8, 28, 1.0], [8, 29, 1.0], [8, 30, 1.0], [9, 10, 1.0], [9, 31, 1.0], [9, 32, 1.0], [10, 11, 1.0], [10, 33, 1.0], [10, 34, 1.0], [11, 12, 1.0], [11, 35, 1.0], [11, 36, 1.0], [12, 37, 1.0], [12, 38, 1.0], [12, 39, 1.0]], "fix_com": true, "fix_orientation": true, "provenance": {"creator": "QCElemental", "version": "v0.22.0", "routine": "qcelemental.molparse.from_schema"}, "id": "217412"}