{"schema_name": "qcschema_molecule", "schema_version": 2, "validated": true, "symbols": ["C", "C", "C", "C", "N", "C", "C", "C", "C", "C", "C", "C", "C", "H", "H", "H", "H", "H", "H", "H", "H", "H", "H", "H", "H", "H", "H", "H", "H", "H", "H", "H", "H", "H", "H", "H", "H", "H", "H", "H"], "geometry": [4.033539060416772, 2.63515490361011, 2.220446049250313e-16, 2.8854428076965686, 9.303380240010412e-16, 1.0464548936691175e-15, 0.0, 0.0, 0.0, -1.2267563239338177, 0.6489581444849211, -2.5233898448979915, -0.844739038909962, -1.2009408053238095, -4.535045724024311, -1.8635631012565956, -3.68815857616214, -3.840499102873105, 0.0759121247968485, -5.630952266591342, -2.947674956896674, 1.6032391186805048, -6.901938423763198, -5.037676802798858, 3.378941137482176, -5.170668027277728, -6.489967749001376, -2.0401909339572444, -0.3280790594523981, -6.872539720617721, -0.9629977006381929, 2.031951714047772, -8.129502207191821, 1.7304703789568197, 1.8210754054809892, -9.142929746405551, 3.7861629295694894, 2.1165040921316995, -7.158338883424164, 3.421102642293343, 3.742070040046483, -1.6418443186589537, 6.104051395305103, 2.55865484518488, -0.04975605945556055, 3.4822329135207237, 3.686486826617812, 1.7028670743576475, 3.5586375329320057, -1.030087462836315, 1.6731825932919757, 3.56379344786274, -1.0656494027270909, -1.64826541546619, -0.7149035032481352, -1.8314879402526811, 0.6629429479165116, -0.6771523416803112, 1.3888042055605356, 1.391163691377255, -0.4746662187496147, 2.465482920756524, -3.1825829510545898, -3.282851072783307, 0.9408240916985258, -2.2037169799449554, -2.838964353334379, -4.479723084068249, -5.4949251801209735, -3.3437939070592035, -3.4630517916917363, -2.3828369622718886, 1.368564660691315, -4.763996526427616, -1.5770428513631993, -0.9584153429454034, -7.107658650806311, -1.9128441691285694, 0.29042056620012335, -7.8214231987577465, -6.366182548380111, 2.7077058828295586, -8.442145201894512, -4.185712750824354, 4.5424290479577145, -6.2515167292361244, -7.823864751986912, 2.3470439672496903, -3.7300985789114436, -7.559300394228289, 4.660172517268527, -4.1647679994393085, -5.202321474580799, -1.8905970535674683, -1.883170607989822, -8.240720388409704, -4.094041469271271, -0.016421270440394986, -6.560273742981989, -1.1162296205826854, 3.6834210649117947, -6.877277414936159, -2.2402894988639837, 2.437010631147988, -9.716984324863015, 1.9439734918767577, -0.005092694303992618, -10.11665680970667, 1.9968102223275324, 3.2712188110195743, -10.60688947156646, 5.6748408571047735, 1.9503457626921965, -7.998335897799585, 3.671059672389285, 3.9850878220929573, -6.258968192727881, 3.6040533299365483, 0.6819236585963514, -5.678110561758362], "name": "C12H27N", "identifiers": {"molecule_hash": "00e258cf317af3553e7607876d52678203fbc0ce", "molecular_formula": "C12H27N"}, "molecular_charge": 0.0, "molecular_multiplicity": 1, "connectivity": [[0, 1, 1.0], [0, 13, 1.0], [0, 14, 1.0], [0, 15, 1.0], [1, 2, 1.0], [1, 16, 1.0], [1, 17, 1.0], [2, 3, 1.0], [2, 18, 1.0], [2, 19, 1.0], [3, 4, 1.0], [3, 20, 1.0], [3, 21, 1.0], [4, 5, 1.0], [4, 9, 1.0], [5, 6, 1.0], [5, 22, 1.0], [5, 23, 1.0], [6, 7, 1.0], [6, 24, 1.0], [6, 25, 1.0], [7, 8, 1.0], [7, 26, 1.0], [7, 27, 1.0], [8, 28, 1.0], [8, 29, 1.0], [8, 30, 1.0], [9, 10, 1.0], [9, 31, 1.0], [9, 32, 1.0], [10, 11, 1.0], [10, 33, 1.0], [10, 34, 1.0], [11, 12, 1.0], [11, 35, 1.0], [11, 36, 1.0], [12, 37, 1.0], [12, 38, 1.0], [12, 39, 1.0]], "fix_com": true, "fix_orientation": true, "provenance": {"creator": "QCElemental", "version": "v0.22.0", "routine": "qcelemental.molparse.from_schema"}, "id": "242378"}