{"schema_name": "qcschema_molecule", "schema_version": 2, "validated": true, "symbols": ["C", "C", "C", "C", "N", "C", "C", "C", "C", "C", "C", "C", "C", "H", "H", "H", "H", "H", "H", "H", "H", "H", "H", "H", "H", "H", "H", "H", "H", "H", "H", "H", "H", "H", "H", "H", "H", "H", "H", "H"], "geometry": [0.0, -0.0, 0.0, 2.895551507925488, 2.0326338902056823e-16, 8.937450005558845e-17, 4.015815357893957, 1.5233562201259052, -2.194084079201885, 6.9108685112077275, 1.5274424518848668, -2.251174940464643, 8.083269115586285, 2.4268904991215736, 0.08979372026258647, 7.369333902250738, 5.005230670071754, 0.8062706633923111, 8.127717001238668, 7.1554050929827575, -1.0007579579698729, 7.305711942763466, 9.746623687330398, 8.881784197001252e-16, 8.038389407892069, 11.92966794057465, -1.7573073700209374, 10.809891198399548, 1.9598891173432906, 0.09622771653090989, 12.059318524627724, 2.3256545559334643, 2.687393567537537, 10.759092199763861, 0.9015124296541042, 4.857619493414851, 10.549411904458141, -1.9550363782977116, 4.4235568963529515, -0.7459986119304052, 1.925923099603311, 0.1703756740935578, -0.7538747793601074, -0.8059576758567769, -1.753963803210603, -0.7569400440539718, -1.1069857829607508, 1.5772051292022242, 3.595931169908848, -1.9504628404082411, -0.10876506758473914, 3.606894964224529, 0.7555570206785497, 1.7901712508053063, 3.2879907139812934, 3.464622329326868, -2.141355444836523, 3.358010428705564, 0.7308548774722011, -3.9955436282550223, 7.555034373240636, -0.42281270300268015, -2.533112989719929, 7.559740736452019, 2.5990890045989152, -3.9251035490382993, 5.317049205462607, 5.050867273645512, 1.0742213671308827, 8.173161793927836, 5.39091659212468, 2.6730431462104867, 7.280571065472346, 6.8462597687328195, -2.867785954083602, 10.181909221939007, 7.153011413973753, -1.2832315139585093, 5.2499013870529625, 9.749590502892467, 0.28535326214588386, 8.14591528468462, 10.055240200360183, 1.8725357187356564, 10.090959270075114, 12.015476420057805, -2.0230750538599747, 7.176190443939713, 11.702711670510794, -3.6271227855529293, 7.4238939477996375, 13.754463547260482, -0.9967196676610062, 11.08256199615433, -0.004870363928740545, -0.49541633418198705, 11.824014737808113, 3.1233635420684496, -1.314019608359264, 12.166154976109338, 4.342126338849105, 3.154680169517133, 14.025501207438868, 1.6835845292649434, 2.5170019509428814, 8.860253210189768, 1.6738880782652616, 5.143520337887934, 11.816667632133678, 1.2604823564250789, 6.605097672980753, 9.76821900268046, -2.902499432894923, 6.090135433040284, 9.302859113902903, -2.3734739749151403, 2.827747489071145, 12.402515070258497, -2.7981819169514393, 4.0321501493910805], "name": "C12H27N", "identifiers": {"molecule_hash": "67ef0fe78aea6ab86da728066bc4457d11cca62a", "molecular_formula": "C12H27N"}, "molecular_charge": 0.0, "molecular_multiplicity": 1, "connectivity": [[0, 1, 1.0], [0, 13, 1.0], [0, 14, 1.0], [0, 15, 1.0], [1, 2, 1.0], [1, 16, 1.0], [1, 17, 1.0], [2, 3, 1.0], [2, 18, 1.0], [2, 19, 1.0], [3, 4, 1.0], [3, 20, 1.0], [3, 21, 1.0], [4, 5, 1.0], [4, 9, 1.0], [5, 6, 1.0], [5, 22, 1.0], [5, 23, 1.0], [6, 7, 1.0], [6, 24, 1.0], [6, 25, 1.0], [7, 8, 1.0], [7, 26, 1.0], [7, 27, 1.0], [8, 28, 1.0], [8, 29, 1.0], [8, 30, 1.0], [9, 10, 1.0], [9, 31, 1.0], [9, 32, 1.0], [10, 11, 1.0], [10, 33, 1.0], [10, 34, 1.0], [11, 12, 1.0], [11, 35, 1.0], [11, 36, 1.0], [12, 37, 1.0], [12, 38, 1.0], [12, 39, 1.0]], "fix_com": true, "fix_orientation": true, "provenance": {"creator": "QCElemental", "version": "v0.22.0", "routine": "qcelemental.molparse.from_schema"}, "id": "218330"}