{"schema_name": "qcschema_molecule", "schema_version": 2, "validated": true, "symbols": ["C", "C", "C", "C", "N", "C", "C", "C", "C", "C", "C", "C", "C", "H", "H", "H", "H", "H", "H", "H", "H", "H", "H", "H", "H", "H", "H", "H", "H", "H", "H", "H", "H", "H", "H", "H", "H", "H", "H", "H"], "geometry": [0.0, -0.0, 0.0, 2.9007777530171053, -7.695315974855468e-16, -2.2084068004653129e-16, 4.093077432882117, 2.4639834355537573, 0.9708948780872487, 3.633540093983866, 4.733389910176202, -0.7934823571778108, 4.675286881893558, 7.174852306206187, -1.3322676295501878e-15, 7.4334103471246475, 7.223643885195336, 0.24464448080080636, 8.844546885506924, 6.6103857494914955, -2.2081210958031416, 8.146223674413815, 8.341329023258348, -4.422790633259067, 9.60719510046691, 7.707002878207625, -6.841036683643047, 3.411229535148875, 8.23018485048647, 2.2269130998999347, 3.3586203999161555, 11.129052029550095, 2.2182305657665435, 2.196204826901382, 12.27841866114351, 4.617297765242981, -0.5969973686493661, 11.611549178863022, 5.025608906893613, -0.7773283403842502, 1.4168771244405438, -1.2911953164693817, -0.7385190806042965, 0.40504841212144893, 1.8933590706396215, -0.7434458929305681, -1.841471151045338, -0.5839789718272992, 3.591926272385949, -0.3838680490548012, -1.9196724891268069, 3.569266817207813, -1.5725154974686582, 1.173669930696948, 6.132066375346799, 2.1729985324256527, 1.1936710369663293, 3.3518793142492247, 2.8876727943211744, 2.8619973708883504, 4.385287349894875, 4.2789356288595055, -2.6701203055807996, 1.599980927909228, 5.010922057368298, -1.0568123119665715, 8.103611807411085, 5.948432727732235, 1.7597264955518526, 7.96822944805785, 9.13453186117608, 0.8313370872069688, 8.531933517811016, 4.631618929299565, -2.7449239073617133, 10.876531595913399, 6.769047408346707, -1.8174953730418153, 6.109835035229451, 8.21823323627784, -4.767915314376533, 8.511272688222622, 10.310644541697881, -3.8797661992168666, 9.082493771934088, 8.969330069911285, -8.395827570475209, 9.226415407929043, 5.7644633521127275, -7.454628781796762, 11.652346284310227, 7.878404136097053, -6.5536580506344, 4.2796283112744975, 7.561503151648437, 4.008625222172916, 1.4660117498945882, 7.527836744047965, 2.237426116242089, 2.3080088021139167, 11.757000388042771, 0.5450691069685298, 5.285229798782112, 11.8568128139054, 2.000729240388266, 3.2968291399213285, 11.676037489528243, 6.2708954764300655, 2.3877028224535652, 14.340208174267376, 4.52057625791615, -0.8684090080318456, 9.586688688609085, 5.353500948924694, -1.3696384998991369, 12.611570167336518, 6.665140337426722, -1.7330228942129549, 12.136893930009068, 3.373960075423604], "name": "C12H27N", "identifiers": {"molecule_hash": "cd13730dd21ab73316966d0ddf97520846611e95", "molecular_formula": "C12H27N"}, "molecular_charge": 0.0, "molecular_multiplicity": 1, "connectivity": [[0, 1, 1.0], [0, 13, 1.0], [0, 14, 1.0], [0, 15, 1.0], [1, 2, 1.0], [1, 16, 1.0], [1, 17, 1.0], [2, 3, 1.0], [2, 18, 1.0], [2, 19, 1.0], [3, 4, 1.0], [3, 20, 1.0], [3, 21, 1.0], [4, 5, 1.0], [4, 9, 1.0], [5, 6, 1.0], [5, 22, 1.0], [5, 23, 1.0], [6, 7, 1.0], [6, 24, 1.0], [6, 25, 1.0], [7, 8, 1.0], [7, 26, 1.0], [7, 27, 1.0], [8, 28, 1.0], [8, 29, 1.0], [8, 30, 1.0], [9, 10, 1.0], [9, 31, 1.0], [9, 32, 1.0], [10, 11, 1.0], [10, 33, 1.0], [10, 34, 1.0], [11, 12, 1.0], [11, 35, 1.0], [11, 36, 1.0], [12, 37, 1.0], [12, 38, 1.0], [12, 39, 1.0]], "fix_com": true, "fix_orientation": true, "provenance": {"creator": "QCElemental", "version": "v0.22.0", "routine": "qcelemental.molparse.from_schema"}, "id": "222391"}