{"schema_name": "qcschema_molecule", "schema_version": 2, "validated": true, "symbols": ["C", "C", "C", "C", "N", "C", "C", "C", "C", "C", "C", "C", "C", "H", "H", "H", "H", "H", "H", "H", "H", "H", "H", "H", "H", "H", "H", "H", "H", "H", "H", "H", "H", "H", "H", "H", "H", "H", "H", "H"], "geometry": [10.072590159608554, 2.457518823407665, 2.220446049250313e-16, 8.53145006052736, 7.576620062892187e-16, 4.765869711719845e-16, 5.783884385827334, 0.3156790672234657, -0.8869381891161668, 4.157100541134302, 1.8782784940818984, 0.9532424256738565, 1.5136775271097689, 2.306356313499396, 0.2428528128913352, 0.0, 0.0, 0.0, -0.16013098780132234, -1.5652409877654418, 2.4306027157276437, -1.191218142481733, -0.09435492152258274, 4.702591831870372, -1.3609770892203312, -1.7123816290365328, 7.097981695756836, 1.2278362068800126, 3.977664346395736, -1.9470636029126371, -1.1984573317354075, 5.561320852511036, -1.840265829186053, -1.6228554176114112, 7.199544781350034, -4.199054855253342, 0.41406629919418414, 9.219174093971745, -4.629704085169642, 9.322918280748196, 3.845181093889437, 1.338413604580911, 10.067703572238038, 3.3323079051689852, -1.878564186459197, 12.043505539682481, 2.099073789761336, 0.5213146437866137, 8.544324900987885, -0.8238838956729996, 1.905579435593015, 9.474096938681287, -1.3802088010186868, -1.2262235740847014, 4.94059076866305, -1.5622394700754716, -1.1194358898050758, 5.764702408460374, 1.202595214862979, -2.7626161361200765, 4.196312033884753, 0.9663497233580537, 2.8134227921774286, 5.010062854530944, 3.743724536873911, 1.2258153390327544, 0.680217055997195, -1.2176571095253461, -1.557376937437892, -1.9189286374255197, 0.5721000006773207, -0.5216771181254674, 1.6967859622377606, -2.360737344269414, 2.900121077773584, -1.3852357242647573, -3.1954535295048747, 2.045571166306708, 0.004807670854059004, 1.5592916271291666, 5.043352237514181, -3.0681692912728713, 0.6518117421607563, 4.226535506761975, -2.1064485742788204, -0.6255464383183562, 8.694608658461705, 0.5036836686121984, -2.432272840983038, 7.645471557552018, -2.6009030204102004, -3.3488409085734014, 6.816569282611418, 1.2815550738090624, 2.9189460466000496, -3.7503881938849575, 2.85568353535059, 5.252895141497067, -1.9813435185540913, -1.1239927607916447, 6.754732022260464, -0.1468084352228094, -2.8319998947829843, 4.3116263613587735, -1.5982560461585, -1.7449779306989908, 5.976987057233766, -5.872094319154656, -3.4675548263621097, 8.130340135812503, -4.032601774255894, 2.2633255987938363, 8.379846722342064, -5.025945274710066, -0.06918091080323019, 10.434225563466065, -6.2344475747348085, 0.6201683901678726, 10.43085367345159, -2.961219895986893], "name": "C12H27N", "identifiers": {"molecule_hash": "cd13730dd21ab73316966d0ddf97520846611e95", "molecular_formula": "C12H27N"}, "molecular_charge": 0.0, "molecular_multiplicity": 1, "connectivity": [[0, 1, 1.0], [0, 13, 1.0], [0, 14, 1.0], [0, 15, 1.0], [1, 2, 1.0], [1, 16, 1.0], [1, 17, 1.0], [2, 3, 1.0], [2, 18, 1.0], [2, 19, 1.0], [3, 4, 1.0], [3, 20, 1.0], [3, 21, 1.0], [4, 5, 1.0], [4, 9, 1.0], [5, 6, 1.0], [5, 22, 1.0], [5, 23, 1.0], [6, 7, 1.0], [6, 24, 1.0], [6, 25, 1.0], [7, 8, 1.0], [7, 26, 1.0], [7, 27, 1.0], [8, 28, 1.0], [8, 29, 1.0], [8, 30, 1.0], [9, 10, 1.0], [9, 31, 1.0], [9, 32, 1.0], [10, 11, 1.0], [10, 33, 1.0], [10, 34, 1.0], [11, 12, 1.0], [11, 35, 1.0], [11, 36, 1.0], [12, 37, 1.0], [12, 38, 1.0], [12, 39, 1.0]], "fix_com": true, "fix_orientation": true, "provenance": {"creator": "QCElemental", "version": "v0.22.0", "routine": "qcelemental.molparse.from_schema"}, "id": "222391"}