{"schema_name": "qcschema_molecule", "schema_version": 2, "validated": true, "symbols": ["C", "C", "C", "C", "N", "C", "C", "C", "C", "C", "C", "C", "C", "H", "H", "H", "H", "H", "H", "H", "H", "H", "H", "H", "H", "H", "H", "H", "H", "H", "H", "H", "H", "H", "H", "H", "H", "H", "H", "H"], "geometry": [0.0, 0.0, 0.0, 2.8910867352758762, -4.244242601434059e-17, -1.1664510289384253e-16, 4.089367868269466, 1.4295656048455267, 2.214931539870115, 3.6457232885238726, 4.2909981192781315, 2.21486256403523, 4.682238863624826, 5.547923929691672, 0.001922553415449002, 3.2412538012188294, 7.7249611108902725, -0.8560183890517563, 2.994522203953835, 9.943731589460082, 1.0025606297493859, 1.3555955498342533, 12.11543896773317, -8.881784197001252e-16, 2.504374228646456, 13.565814672912264, -2.222851395660852, 7.407868040556355, 5.919206724239624, 0.05727422287601236, 8.637925485412033, 5.499913404692585, -2.5264183246206358, 11.481654598134277, 6.050701713425961, -2.5878658085214417, 13.087793519607338, 4.2738440868711, -0.9669914800974606, -0.7265640472202962, -1.1603807948734077, -1.5283826178368487, -0.7677213391562306, 1.885043893096081, -0.24939877890723394, -0.7448016749738872, -0.7525324002789052, 1.7604519724858911, 3.575954808462882, 0.794133129296487, -1.760808790082768, 3.5457177705432636, -1.9472926107365551, 0.06252569849737055, 6.10811743891063, 1.0515041947609791, 2.2265921701917226, 3.3645118259915003, 0.6770598482913195, 3.9884553886764196, 1.6288707555202655, 4.645556420711674, 2.255487879760115, 4.396646940091712, 5.075650505242641, 3.9710910008543703, 4.084593120924166, 8.381323037971763, -2.6017656102921567, 1.3560589092449513, 7.073395871407984, -1.3481990651081146, 2.167204536823062, 9.262797399642302, 2.7542902588789944, 4.852024654949489, 10.67499275166811, 1.4884171219585935, -0.4888648165763104, 11.384482407282249, -0.5422125576664634, 1.01435549264, 13.435359923635488, 1.5364110062234149, 1.3190464484981719, 15.15775886127985, -2.742272941396924, 4.359732625598755, 14.302342990331976, -1.7407445624074285, 2.7128622426897175, 12.389759980175587, -3.889252299255072, 7.910291415887611, 7.793086570731759, 0.7595257293781423, 8.203469275926174, 4.592106911393563, 1.3940746291500292, 8.288225814272039, 3.5613489915865117, -3.1090970832654627, 7.715024104523477, 6.692323039082359, -3.9190199158586956, 12.124673991034442, 5.924610777733241, -4.53474794383651, 11.815685073140669, 7.994310167006911, -2.003276093059814, 12.766589772582444, 2.3127108110937544, -1.4846059018629383, 15.086146229470877, 4.665018923278494, -1.2178382432999186, 12.673613870075558, 4.468039721692888, 1.0321528145333276], "name": "C12H27N", "identifiers": {"molecule_hash": "fd43192d919c38620a95888a843867d4b440760e", "molecular_formula": "C12H27N"}, "molecular_charge": 0.0, "molecular_multiplicity": 1, "connectivity": [[0, 1, 1.0], [0, 13, 1.0], [0, 14, 1.0], [0, 15, 1.0], [1, 2, 1.0], [1, 16, 1.0], [1, 17, 1.0], [2, 3, 1.0], [2, 18, 1.0], [2, 19, 1.0], [3, 4, 1.0], [3, 20, 1.0], [3, 21, 1.0], [4, 5, 1.0], [4, 9, 1.0], [5, 6, 1.0], [5, 22, 1.0], [5, 23, 1.0], [6, 7, 1.0], [6, 24, 1.0], [6, 25, 1.0], [7, 8, 1.0], [7, 26, 1.0], [7, 27, 1.0], [8, 28, 1.0], [8, 29, 1.0], [8, 30, 1.0], [9, 10, 1.0], [9, 31, 1.0], [9, 32, 1.0], [10, 11, 1.0], [10, 33, 1.0], [10, 34, 1.0], [11, 12, 1.0], [11, 35, 1.0], [11, 36, 1.0], [12, 37, 1.0], [12, 38, 1.0], [12, 39, 1.0]], "fix_com": true, "fix_orientation": true, "provenance": {"creator": "QCElemental", "version": "v0.22.0", "routine": "qcelemental.molparse.from_schema"}, "id": "215603"}