{"schema_name": "qcschema_molecule", "schema_version": 2, "validated": true, "symbols": ["C", "C", "C", "C", "N", "C", "C", "C", "C", "C", "C", "C", "C", "H", "H", "H", "H", "H", "H", "H", "H", "H", "H", "H", "H", "H", "H", "H", "H", "H", "H", "H", "H", "H", "H", "H", "H", "H", "H", "H"], "geometry": [0.0, 0.0, 0.0, 2.873533105912754, -2.7878194391779373e-16, -4.800306436545211e-16, 4.036612931581489, 1.427268971666868, -2.2181900345958425, 3.3278628275435773, 4.215277102590745, -2.3397865856386177, 3.795297770415587, 5.579940357961611, 0.0, 2.686094858044992, 8.098377060052803, -0.05033091735513562, -0.1258167343879153, 8.086789016732014, 0.593236239920921, -0.713623295968691, 7.177527157851277, 3.2645820478049585, 0.12551012148987262, 8.99452101401734, 5.328794349643713, 6.419813158039739, 5.5545314238596974, 0.8233350712669059, 8.370687824695164, 6.714295630425013, -0.9617061693594002, 11.011477956514398, 6.734230793101474, 0.17600940785544594, 12.997151961096606, 7.848173901960817, -1.5745584020560472, -0.7567503329230423, -0.7704136436179282, -1.7741004412936383, -0.7511008943540574, -1.1492542979370524, 1.5525508591919377, -0.7564322588217804, 1.9172467202957248, 0.2308587750734375, 3.5667430942069043, -1.957547295324995, -0.0346138124512797, 3.5539155661158386, 0.8383474029268518, 1.7739644839226147, 3.4407302920159655, 0.5498579494009571, -4.006010515561387, 6.104452762320752, 1.2284117231636622, -2.159226783309049, 4.301416325817953, 5.10235087533659, -3.970165833564196, 1.3019201883287952, 4.3766270560005385, -2.749487970129807, 2.9669047478483845, 9.032279881564513, -1.9025767599672365, 3.695826341188558, 9.265670066704592, 1.3363253845618979, -0.8696321870246218, 10.010076804733325, 0.32031252164195045, -1.1333720783450305, 6.892683624230063, -0.7761812099390268, -2.758634730238724, 6.857846879718836, 3.4313577622384193, 0.20096801721389213, 5.334053943560779, 3.539768241574481, -0.39240054726691387, 8.289049903101516, 7.2075342639182445, -0.7553838095318355, 10.860264027475761, 5.094629505514826, 2.1811567773315863, 9.273411035356073, 5.32841851538104, 6.961511047195679, 3.590611816200855, 1.233878114760286, 6.49510656371018, 6.548676539892917, 2.646394554363425, 7.808392429785648, 8.658571498216357, -1.4452833741345654, 8.40853025761527, 5.65776970631261, -2.752815250486668, 11.54756559602815, 4.790720079300025, 0.6892972099321728, 10.978161202892837, 7.801077242975443, 1.9614857637916567, 12.542979063292462, 9.81148119280753, -2.0699228868426194, 14.877128642115299, 7.838899167903687, -0.7026339443279594, 13.120442725386017, 6.775780767687425, -3.346876359815786], "name": "C12H27N", "identifiers": {"molecule_hash": "9fa633d8c23834d7063b48093ee70c669100fca6", "molecular_formula": "C12H27N"}, "molecular_charge": 0.0, "molecular_multiplicity": 1, "connectivity": [[0, 1, 1.0], [0, 13, 1.0], [0, 14, 1.0], [0, 15, 1.0], [1, 2, 1.0], [1, 16, 1.0], [1, 17, 1.0], [2, 3, 1.0], [2, 18, 1.0], [2, 19, 1.0], [3, 4, 1.0], [3, 20, 1.0], [3, 21, 1.0], [4, 5, 1.0], [4, 9, 1.0], [5, 6, 1.0], [5, 22, 1.0], [5, 23, 1.0], [6, 7, 1.0], [6, 24, 1.0], [6, 25, 1.0], [7, 8, 1.0], [7, 26, 1.0], [7, 27, 1.0], [8, 28, 1.0], [8, 29, 1.0], [8, 30, 1.0], [9, 10, 1.0], [9, 31, 1.0], [9, 32, 1.0], [10, 11, 1.0], [10, 33, 1.0], [10, 34, 1.0], [11, 12, 1.0], [11, 35, 1.0], [11, 36, 1.0], [12, 37, 1.0], [12, 38, 1.0], [12, 39, 1.0]], "fix_com": true, "fix_orientation": true, "provenance": {"creator": "QCElemental", "version": "v0.22.0", "routine": "qcelemental.molparse.from_schema"}, "id": "252599"}