{"schema_name": "qcschema_molecule", "schema_version": 2, "validated": true, "symbols": ["C", "C", "C", "C", "N", "C", "C", "C", "C", "C", "C", "C", "C", "H", "H", "H", "H", "H", "H", "H", "H", "H", "H", "H", "H", "H", "H", "H", "H", "H", "H", "H", "H", "H", "H", "H", "H", "H", "H", "H"], "geometry": [0.0, 0.0, 0.0, 2.8886291007109377, -2.2515460454042377e-16, 3.9855561971144835e-16, 4.00212979913381, 1.265582728097388, -2.3472382471649635, 6.888611078693227, 1.171376984990535, -2.4868673038167577, 8.181318195034743, 2.307127322647635, -0.34337391906628245, 7.755225846046022, 5.0027427185210955, 8.881784197001252e-16, 8.756202202079894, 6.764801022969857, -2.079742284777693, 8.501345485405285, 9.57951179865223, -1.4341409979535027, 5.7764868932061635, 10.536734492970245, -1.2810063235111109, 10.82542247902392, 1.5566356146106635, -0.18356350939446486, 11.217800887664302, -1.0046777109224045, 1.1029922227928202, 10.445409694118254, -1.0320694978840803, 3.887032374794644, 10.836352622522092, -3.6086893660173356, 5.132611220208573, -0.7428075658190723, -0.9076988058527647, 1.6835047702874377, -0.7467702874059421, -1.0011883869482077, -1.6299202711601448, -0.7425310535428861, 1.913969611315944, -0.053702815731046905, 3.5709007067673744, -1.9368950245934324, 0.10881799647635088, 3.5805493780734228, 0.9451174236094686, 1.6818707039349696, 3.2827877976906885, 0.3271334528661114, -4.030749004206631, 3.33539458279663, 3.205077063284852, -2.4669577142684442, 7.49932687338437, 2.0014948835909196, -4.277400090123487, 7.444402151280414, -0.798681757139977, -2.563373104966441, 8.623083115542613, 5.529340076943442, 1.7841837781740812, 5.746047549288544, 5.300674595699581, 0.24719846543157664, 7.78145157823669, 6.395596083052481, -3.850566882123686, 10.74011363515626, 6.349975410046598, -2.415318137468909, 9.499632984934912, 10.667610068925605, -2.861996379400844, 9.45889450651833, 9.960628631208623, 0.34569091533235685, 5.73444606844993, 12.563804623755043, -0.967703522245781, 4.734736062104934, 9.659323135612231, 0.2515603771341848, 4.7629571403570194, 10.155398817911147, -3.0259815704384114, 11.831896984417728, 2.9736990179926095, 0.9047209111488692, 11.715231322835631, 1.522550964709127, -2.046344263480208, 13.209559860131467, -1.4975432084093554, 0.9409473291931763, 10.188166370168162, -2.468771624600659, 0.09490744451634092, 11.536468795362465, 0.3849015135493623, 4.90453891058857, 8.47907478406861, -0.47691179060197186, 4.044156620912561, 12.803957677676559, -4.190261511558326, 5.045072711221011, 9.718189904608643, -5.058273429987298, 4.202577203840395, 10.285067930643642, -3.5705195993607726, 7.108752372648795], "name": "C12H27N", "identifiers": {"molecule_hash": "bcc474d01897f65c8a486edc772a744fb08003eb", "molecular_formula": "C12H27N"}, "molecular_charge": 0.0, "molecular_multiplicity": 1, "connectivity": [[0, 1, 1.0], [0, 13, 1.0], [0, 14, 1.0], [0, 15, 1.0], [1, 2, 1.0], [1, 16, 1.0], [1, 17, 1.0], [2, 3, 1.0], [2, 18, 1.0], [2, 19, 1.0], [3, 4, 1.0], [3, 20, 1.0], [3, 21, 1.0], [4, 5, 1.0], [4, 9, 1.0], [5, 6, 1.0], [5, 22, 1.0], [5, 23, 1.0], [6, 7, 1.0], [6, 24, 1.0], [6, 25, 1.0], [7, 8, 1.0], [7, 26, 1.0], [7, 27, 1.0], [8, 28, 1.0], [8, 29, 1.0], [8, 30, 1.0], [9, 10, 1.0], [9, 31, 1.0], [9, 32, 1.0], [10, 11, 1.0], [10, 33, 1.0], [10, 34, 1.0], [11, 12, 1.0], [11, 35, 1.0], [11, 36, 1.0], [12, 37, 1.0], [12, 38, 1.0], [12, 39, 1.0]], "fix_com": true, "fix_orientation": true, "provenance": {"creator": "QCElemental", "version": "v0.22.0", "routine": "qcelemental.molparse.from_schema"}, "id": "217390"}