{"schema_name": "qcschema_molecule", "schema_version": 2, "validated": true, "symbols": ["C", "C", "C", "C", "N", "C", "C", "C", "C", "C", "C", "C", "C", "H", "H", "H", "H", "H", "H", "H", "H", "H", "H", "H", "H", "H", "H", "H", "H", "H", "H", "H", "H", "H", "H", "H", "H", "H", "H", "H"], "geometry": [4.081597486354036, 2.635542448354858, 4.440892098500626e-16, 2.8959193495253333, -2.526922992448861e-16, -7.005814912526999e-16, 0.0, -0.0, 0.0, -1.2492791494696815, 1.1028739741319273, -2.366373007110769, -0.49619630269944337, -0.08722701034000391, -4.728176814370871, -1.2570259513060642, 1.3758983772185744, -6.934219342863036, 0.5559809356316765, 3.5427762738017847, -7.569105269369128, 3.24895417687362, 2.7258134630786257, -8.252392374776822, 3.4613047711800147, 1.2714545964458095, -10.742335724800043, -1.063506626943366, -2.771073605132557, -4.9297940616883675, -3.8599899991443647, -3.543630568832999, -4.9125106777356145, -4.201214561656276, -6.3927011814595875, -5.2749634179363705, -6.970151799092198, -7.2128662827815155, -5.244215228767596, 3.4152734054942457, 3.7495448619145377, 1.5922684356621295, 6.125076805854484, 2.513455944294898, 0.13914452895726526, 3.6454351703909005, 3.6669618074301935, -1.716314485783412, 3.5362418709908363, -1.0102081283385091, 1.6715433109063826, 3.5819706835116785, -1.0534602322777127, -1.6193937644571197, -0.6762996886638087, 1.0920663274696336, 1.6070897580095762, -0.6691322693189301, -1.9152039162390748, 0.31413042409653946, -3.2981312233725735, 1.0504068682806655, -2.1053111133788844, -0.7591991435779815, 3.0850973115096547, -2.494263958303793, -3.157531657370804, 2.149967131259728, -6.705723006793234, -1.3555366835715943, 0.11010354320693594, -8.540666756880773, -0.25416597288714327, 4.603834527619956, -9.135847273400426, 0.6412220569535882, 4.852069069575502, -5.990326428466119, 4.421439424410001, 4.409166250377059, -8.37737380193355, 4.01387414287529, 1.5905473309799514, -6.727117488038374, 5.424139607848677, 0.8658493208436342, -11.181607705388654, 2.6851179690658173, 2.354961912074187, -12.305414411261015, 2.4705233638426085, -0.5227585658028078, -10.67273170512789, -0.09464641511498549, -3.754969694180598, -3.4159745317333523, -0.20293562924469422, -3.441784067759448, -6.667724225578922, -4.870151925518923, -2.5459170236253836, -6.399272640011903, -4.736546190873333, -2.9849537899717093, -3.14045301243288, -3.1796819923723176, -7.395983538306995, -3.7988807843187113, -3.3439072003597916, -6.962419774679568, -7.054995168420785, -8.031844820379483, -6.291229045055571, -6.740074931375023, -7.148652742894702, -9.239540556559046, -5.508592879395604, -7.864655779985612, -6.733881828394233, -3.4596920882347986], "name": "C12H27N", "identifiers": {"molecule_hash": "654cfd4cbb17eb75b9ad2a7e9d0beecf6588267c", "molecular_formula": "C12H27N"}, "molecular_charge": 0.0, "molecular_multiplicity": 1, "connectivity": [[0, 1, 1.0], [0, 13, 1.0], [0, 14, 1.0], [0, 15, 1.0], [1, 2, 1.0], [1, 16, 1.0], [1, 17, 1.0], [2, 3, 1.0], [2, 18, 1.0], [2, 19, 1.0], [3, 4, 1.0], [3, 20, 1.0], [3, 21, 1.0], [4, 5, 1.0], [4, 9, 1.0], [5, 6, 1.0], [5, 22, 1.0], [5, 23, 1.0], [6, 7, 1.0], [6, 24, 1.0], [6, 25, 1.0], [7, 8, 1.0], [7, 26, 1.0], [7, 27, 1.0], [8, 28, 1.0], [8, 29, 1.0], [8, 30, 1.0], [9, 10, 1.0], [9, 31, 1.0], [9, 32, 1.0], [10, 11, 1.0], [10, 33, 1.0], [10, 34, 1.0], [11, 12, 1.0], [11, 35, 1.0], [11, 36, 1.0], [12, 37, 1.0], [12, 38, 1.0], [12, 39, 1.0]], "fix_com": true, "fix_orientation": true, "provenance": {"creator": "QCElemental", "version": "v0.22.0", "routine": "qcelemental.molparse.from_schema"}, "id": "217412"}