{"schema_name": "qcschema_molecule", "schema_version": 2, "validated": true, "symbols": ["C", "C", "C", "C", "N", "C", "C", "C", "C", "C", "C", "C", "C", "H", "H", "H", "H", "H", "H", "H", "H", "H", "H", "H", "H", "H", "H", "H", "H", "H", "H", "H", "H", "H", "H", "H", "H", "H", "H", "H"], "geometry": [13.617983414245446, 1.7338124058332438, 0.0, 11.29798459743867, 2.4441206391196445e-15, 3.812696924379866e-15, 9.256920341515166, 0.8759997332847097, -1.8693014041623466, 6.85589643488623, -0.7681825412235723, -1.98193487915031, 4.729991841816637, 0.18145501325595476, -0.477780863560749, 2.4077253265985283, -1.2049235504417768, -1.0666272572995057, 0.0, 0.0, 0.0, -0.3961946781730976, 2.7467756977513105, -0.8289011281020191, -2.8398058725566044, 3.888547900279632, 0.22519507713807796, 5.266130838319902, 0.5087187817091131, 2.221812637634106, 5.851901170723613, -1.867690466407776, 3.829373584648029, 3.558877103941014, -3.161819038926765, 5.049074090085503, 4.316140424893407, -5.374374894123533, 6.758958607668182, 13.106326157877916, 3.66189470275995, 0.5595089478018076, 15.068246301014023, 1.0597525691788143, 1.3143840309470411, 14.473317058870542, 1.839187197431725, -1.8842092779781459, 11.876843485837824, -1.9294338494971073, -0.49629087262313154, 10.529614218972048, -0.11302475984683691, 1.91747950952599, 8.703527602247629, 2.833396804899747, -1.471470788326783, 10.10997382522584, 0.9046326878942885, -3.7593460009580815, 7.351336329211735, -2.744440667322176, -1.5015841142343607, 6.187385703647891, -0.8197032226533776, -3.939829324698326, 2.504736531778503, -3.206153454773027, -0.4703494946355544, 2.2409219392475785, -1.2388233335721415, -3.1332486015822485, -1.603929019756666, -1.1534680783415223, -0.6358118206139504, -0.019699490425469923, -0.11122408778874593, 2.0682978469866558, 1.230914581242076, 3.8797785967641545, -0.23693521731936573, -0.42130612007820445, 2.830622838483424, -2.9021524227369286, -4.501289163678819, 2.816135011192004, -0.3943906864316771, -3.0890455657082754, 5.848159113311144, -0.3944500828715589, -2.8332492475236193, 3.8818644890837413, 2.2975701599934553, 6.864308695045477, 1.8111262398743762, 2.352787272947502, 3.6729226112294366, 1.5214489974289072, 3.071231507785409, 6.896788281942545, -3.247778062794975, 2.689345612450598, 7.1503994489460165, -1.307768560132169, 5.349688008248855, 2.2566019190887303, -3.8422402614235462, 3.592950044946904, 2.5030697955538455, -1.7625895062658792, 6.159946519228729, 5.566043582440889, -4.743795016800159, 8.286288311176106, 2.6601667241127505, -6.265509757791507, 7.624718516046984, 5.3277085392080386, -6.830735118728167, 5.687426744410622], "name": "C12H27N", "identifiers": {"molecule_hash": "055ce40e85fe6126f01e92a3c3bba0ab2213f8d9", "molecular_formula": "C12H27N"}, "molecular_charge": 0.0, "molecular_multiplicity": 1, "connectivity": [[0, 1, 1.0], [0, 13, 1.0], [0, 14, 1.0], [0, 15, 1.0], [1, 2, 1.0], [1, 16, 1.0], [1, 17, 1.0], [2, 3, 1.0], [2, 18, 1.0], [2, 19, 1.0], [3, 4, 1.0], [3, 20, 1.0], [3, 21, 1.0], [4, 5, 1.0], [4, 9, 1.0], [5, 6, 1.0], [5, 22, 1.0], [5, 23, 1.0], [6, 7, 1.0], [6, 24, 1.0], [6, 25, 1.0], [7, 8, 1.0], [7, 26, 1.0], [7, 27, 1.0], [8, 28, 1.0], [8, 29, 1.0], [8, 30, 1.0], [9, 10, 1.0], [9, 31, 1.0], [9, 32, 1.0], [10, 11, 1.0], [10, 33, 1.0], [10, 34, 1.0], [11, 12, 1.0], [11, 35, 1.0], [11, 36, 1.0], [12, 37, 1.0], [12, 38, 1.0], [12, 39, 1.0]], "fix_com": true, "fix_orientation": true, "provenance": {"creator": "QCElemental", "version": "v0.22.0", "routine": "qcelemental.molparse.from_schema"}, "id": "217993"}