{"schema_name": "qcschema_molecule", "schema_version": 2, "validated": true, "symbols": ["C", "C", "C", "C", "N", "C", "C", "C", "C", "C", "C", "C", "C", "H", "H", "H", "H", "H", "H", "H", "H", "H", "H", "H", "H", "H", "H", "H", "H", "H", "H", "H", "H", "H", "H", "H", "H", "H", "H", "H"], "geometry": [0.0, 0.0, -0.0, 2.8714170447363694, -1.1961733234249218e-16, -6.919029986684536e-16, 3.9838477243652974, 2.6490960022665444, -0.071095157644683, 6.861274853071461, 2.7396229284793345, 6.106226635438361e-16, 8.146004770655434, 1.2118183075965534, -1.9000387798095302, 7.564169934107245, 2.064881216439443, -4.454508942596161, 8.264140170766247, 0.18822386942782365, -6.524033730562294, 7.0232560892821, -2.3876321359172445, -6.224700953624058, 7.705419165267154, -4.2106713945274485, -8.335748755207598, 10.866324533047091, 1.2484722834402042, -1.4574133060100922, 11.823311455603411, -0.32039239676084535, 0.7625775253297907, 11.418592049665179, -3.1712511484327663, 0.5384204340276408, 8.80999391145275, -4.080539368181402, 1.331853837979707, -0.7506338877534491, 0.9287748442137209, -1.6979174381969224, -0.7548732208931035, 1.018732243029996, 1.6434423640504605, -0.7647167780699626, -1.9252973424197148, 0.04974384032426776, 3.5778106404439507, -0.9889216445641611, 1.68645979782666, 3.584983638126004, -1.079350120924816, -1.6252655490393617, 3.2550248024954334, 3.6614430633811215, -1.7338106871382921, 3.298591884416229, 3.734459811021253, 1.564382378098974, 7.480245548720646, 2.0512536356152276, 1.8560141215483168, 7.485157419343507, 4.741729661856052, -0.12045055341432587, 8.464047841004191, 3.9196116050385386, -4.849801850821648, 5.518950280622273, 2.3772703430181945, -4.560692552803067, 7.703898462090197, 1.0275520229518476, -8.342090868048716, 10.325522677036254, -0.04956005445380207, -6.644815005765559, 7.565695661231351, -3.1858260096887427, -4.386969482406766, 4.958272665140588, -2.140918590441861, -6.150507158476514, 9.754371375503014, -4.534112927421346, -8.412857603553618, 7.1277320368954316, -3.47409711347514, -10.18842323260044, 6.79135742413399, -6.0527646732711595, -8.079937992795767, 11.530683701695807, 3.228084788935337, -1.2305658003710491, 11.791635251756501, 0.5266803546501758, -3.1645281311196607, 13.860198897594962, 0.0655009806120791, 0.8935052360459621, 11.02181540488448, 0.3584785103065928, 2.5563583058872914, 11.797479446099416, -3.753667535755514, -1.424165656711609, 12.846495245532232, -4.135032633933573, 1.6993942058113247, 7.3367377368344115, -3.231662174153351, 0.15469429925828804, 8.418560258281069, -3.5632183990590685, 3.30536646484589, 8.65670612555766, -6.143891822514301, 1.1893637263442778], "name": "C12H27N", "identifiers": {"molecule_hash": "2b98fdc08db623f357b639f94aed22819b8f8616", "molecular_formula": "C12H27N"}, "molecular_charge": 0.0, "molecular_multiplicity": 1, "connectivity": [[0, 1, 1.0], [0, 13, 1.0], [0, 14, 1.0], [0, 15, 1.0], [1, 2, 1.0], [1, 16, 1.0], [1, 17, 1.0], [2, 3, 1.0], [2, 18, 1.0], [2, 19, 1.0], [3, 4, 1.0], [3, 20, 1.0], [3, 21, 1.0], [4, 5, 1.0], [4, 9, 1.0], [5, 6, 1.0], [5, 22, 1.0], [5, 23, 1.0], [6, 7, 1.0], [6, 24, 1.0], [6, 25, 1.0], [7, 8, 1.0], [7, 26, 1.0], [7, 27, 1.0], [8, 28, 1.0], [8, 29, 1.0], [8, 30, 1.0], [9, 10, 1.0], [9, 31, 1.0], [9, 32, 1.0], [10, 11, 1.0], [10, 33, 1.0], [10, 34, 1.0], [11, 12, 1.0], [11, 35, 1.0], [11, 36, 1.0], [12, 37, 1.0], [12, 38, 1.0], [12, 39, 1.0]], "fix_com": true, "fix_orientation": true, "provenance": {"creator": "QCElemental", "version": "v0.22.0", "routine": "qcelemental.molparse.from_schema"}, "id": "223262"}