{"schema_name": "qcschema_molecule", "schema_version": 2, "validated": true, "symbols": ["C", "C", "C", "C", "N", "C", "C", "C", "C", "C", "C", "C", "C", "H", "H", "H", "H", "H", "H", "H", "H", "H", "H", "H", "H", "H", "H", "H", "H", "H", "H", "H", "H", "H", "H", "H", "H", "H", "H", "H"], "geometry": [0.0, 0.0, 0.0, 2.873533105912754, -3.131548721427859e-16, -4.583479215128974e-16, 4.036612931581489, 1.2611565568895025, -2.31666740946514, 3.3278628275435773, 4.0327967438480155, -2.6419145975540355, 3.795297770415587, 5.564986469875666, -0.40824011134322213, 2.686094858044992, 8.072991605289516, -0.6426902433959287, -0.1258167343879153, 8.108519336937729, 3.1086244689504383e-15, -0.713623295968691, 7.397135490955448, 2.7307102696899856, 0.12551012148987262, 9.360282009129293, 4.65645554064084, 6.419813158039739, 5.599882546569002, 0.41474744466336144, 8.370687824695164, 6.625941306280916, -1.4503607739623645, 11.011477956514398, 6.729060696019085, -0.3171527009200501, 12.997151961096606, 7.711943303994639, -2.144527508071751, -0.7567503329230423, -0.8981458838495416, -1.7129808899678538, -0.7511008943540574, -1.0325864997145662, 1.6324719698394923, -0.7564322588217804, 1.9289987310602357, 0.08997030666349082, 3.5667430942069043, -1.954833611027903, 0.10869720623008261, 3.5539155661158386, 0.9658876380441599, 1.707875120987041, 3.4407302920159655, 0.2552962538071639, -4.035503418174723, 6.104452762320752, 1.0671461080964562, -2.2433133636074225, 4.301416325817953, 4.798211257878338, -4.332824705179998, 1.3019201883287952, 4.1637396790670085, -3.0623227083649165, 2.9669047478483845, 8.868877444917148, -2.5582984684204413, 3.695826341188558, 9.33860701664615, 0.6548483084633094, -0.8696321870246218, 10.006685164759439, -0.412904058546423, -1.1333720783450305, 6.8174246257181155, -1.278384248590345, -2.758634730238724, 7.090513596005935, 2.920427513738055, 0.20096801721389213, 5.578735866263609, 3.140031339228895, -0.39240054726691387, 8.794154059241974, 6.5817742929988645, -0.7553838095318355, 11.203892959099969, 4.286416581012212, 2.1811567773315863, 9.638397125986753, 4.635676536115263, 6.961511047195679, 3.671262307572516, 0.9678747262548635, 6.49510656371018, 6.724742262538329, 2.1601875066621274, 7.808392429785648, 8.529627117346573, -2.0748893127828394, 8.40853025761527, 5.441205517119074, -3.1593721486164945, 11.54756559602815, 4.8283116778401505, 0.33695083240903556, 10.978161202892837, 7.923677250624466, 1.3854859726330648, 12.542979063292462, 9.633747153034854, -2.7822041164665867, 14.877128642115299, 7.766485243270376, -1.2742611939263093, 13.120442725386017, 6.512757625695593, -3.833637240089426], "name": "C12H27N", "identifiers": {"molecule_hash": "9fa633d8c23834d7063b48093ee70c669100fca6", "molecular_formula": "C12H27N"}, "molecular_charge": 0.0, "molecular_multiplicity": 1, "connectivity": [[0, 1, 1.0], [0, 13, 1.0], [0, 14, 1.0], [0, 15, 1.0], [1, 2, 1.0], [1, 16, 1.0], [1, 17, 1.0], [2, 3, 1.0], [2, 18, 1.0], [2, 19, 1.0], [3, 4, 1.0], [3, 20, 1.0], [3, 21, 1.0], [4, 5, 1.0], [4, 9, 1.0], [5, 6, 1.0], [5, 22, 1.0], [5, 23, 1.0], [6, 7, 1.0], [6, 24, 1.0], [6, 25, 1.0], [7, 8, 1.0], [7, 26, 1.0], [7, 27, 1.0], [8, 28, 1.0], [8, 29, 1.0], [8, 30, 1.0], [9, 10, 1.0], [9, 31, 1.0], [9, 32, 1.0], [10, 11, 1.0], [10, 33, 1.0], [10, 34, 1.0], [11, 12, 1.0], [11, 35, 1.0], [11, 36, 1.0], [12, 37, 1.0], [12, 38, 1.0], [12, 39, 1.0]], "fix_com": true, "fix_orientation": true, "provenance": {"creator": "QCElemental", "version": "v0.22.0", "routine": "qcelemental.molparse.from_schema"}, "id": "252599"}