{"schema_name": "qcschema_molecule", "schema_version": 2, "validated": true, "symbols": ["C", "C", "C", "C", "N", "C", "C", "C", "C", "C", "C", "C", "C", "H", "H", "H", "H", "H", "H", "H", "H", "H", "H", "H", "H", "H", "H", "H", "H", "H", "H", "H", "H", "H", "H", "H", "H", "H", "H", "H"], "geometry": [12.18872160306225, 2.5702449241250207, -4.996003610813204e-16, 10.87056522832838, -2.4017957213930973e-15, 1.9618106644092628e-15, 8.969640604316423, -0.27685512278107477, 2.1593717762092717, 7.707196687993847, -2.8747309786459616, 2.2939871904703475, 6.376943310602888, -3.6305372691381703, 0.008294630281413085, 4.312556183988124, -1.9715780124970652, -0.7396195411758798, 2.0236558476543745, -1.7887028394450126, 1.0358185791309955, 0.0, 0.0, -0.0, -2.301285142432886, 0.22653564428542527, 1.7301508888784565, 5.765779071357892, -6.311289420364711, 0.02019695887702977, 4.989508420885482, -7.385879610027464, -2.5530620122596925, 6.85459814132224, -6.89717379115912, -4.714010258851266, 9.48585846188241, -8.01192267227062, -4.28716787120178, 10.8338838126074, 4.099919492764942, -0.2054604628322742, 13.21628847188433, 2.8825496824548726, 1.7502536878967956, 13.530393643724294, 2.7168414102207277, -1.5453880801546656, 12.279740413571677, -1.4898679647585509, 0.15105416917829415, 9.92282089447937, -0.29272473397518467, -1.7934766568261735, 7.561279545186652, 1.2135571788411326, 2.039120507099166, 9.933713420439522, 0.017258865108569776, 3.952702049326351, 9.180652309463683, -4.264378622925375, 2.6161574045891456, 6.48894032822883, -2.9388055779777664, 3.9613561613338075, 5.0798740478711215, -0.0926537900008525, -1.0164841128396624, 3.6625057575688915, -2.5695151625558426, -2.586911595142986, 2.6145957911377904, -1.1291501365900765, 2.8895271484917098, 1.1947618362207983, -3.647191710603396, 1.3180991513249705, 0.8185566735752514, 1.8642862881448559, -0.2881250417465868, -0.6058274119049709, -0.6534056951062887, -1.8532247154859267, -3.2046812346804705, -1.5964961622207334, 2.0032543968525607, -1.7697573141137934, 0.9414048738422094, 3.5796309365827628, -3.6997635153380743, 1.5054577927307724, 0.944130420750803, 7.4418087974896405, -7.304990519066779, 0.650395492116443, 4.291776309389249, -6.771665133665625, 1.3928537613623821, 3.139357109081309, -6.676837123451175, -3.0911920525043035, 4.753306326396861, -9.415086116795575, -2.3089849655524883, 7.0261168403873295, -4.8793470705630515, -5.032092530086361, 6.062370972562071, -7.6969401114297495, -6.433907611033128, 10.65940233707129, -7.760855014520371, -5.951467263414657, 10.44135767274526, -7.102683359345264, -2.718703301115962, 9.38949106328687, -10.025962849192414, -3.892503709257541], "name": "C12H27N", "identifiers": {"molecule_hash": "510b5b32e6cbcfcbb5b3590a058a084b6818aa70", "molecular_formula": "C12H27N"}, "molecular_charge": 0.0, "molecular_multiplicity": 1, "connectivity": [[0, 1, 1.0], [0, 13, 1.0], [0, 14, 1.0], [0, 15, 1.0], [1, 2, 1.0], [1, 16, 1.0], [1, 17, 1.0], [2, 3, 1.0], [2, 18, 1.0], [2, 19, 1.0], [3, 4, 1.0], [3, 20, 1.0], [3, 21, 1.0], [4, 5, 1.0], [4, 9, 1.0], [5, 6, 1.0], [5, 22, 1.0], [5, 23, 1.0], [6, 7, 1.0], [6, 24, 1.0], [6, 25, 1.0], [7, 8, 1.0], [7, 26, 1.0], [7, 27, 1.0], [8, 28, 1.0], [8, 29, 1.0], [8, 30, 1.0], [9, 10, 1.0], [9, 31, 1.0], [9, 32, 1.0], [10, 11, 1.0], [10, 33, 1.0], [10, 34, 1.0], [11, 12, 1.0], [11, 35, 1.0], [11, 36, 1.0], [12, 37, 1.0], [12, 38, 1.0], [12, 39, 1.0]], "fix_com": true, "fix_orientation": true, "provenance": {"creator": "QCElemental", "version": "v0.22.0", "routine": "qcelemental.molparse.from_schema"}, "id": "214750"}