{"schema_name": "qcschema_molecule", "schema_version": 2, "validated": true, "symbols": ["C", "C", "C", "C", "N", "C", "C", "C", "C", "C", "C", "C", "C", "H", "H", "H", "H", "H", "H", "H", "H", "H", "H", "H", "H", "H", "H", "H", "H", "H", "H", "H", "H", "H", "H", "H", "H", "H", "H", "H"], "geometry": [0.0, 0.0, 0.0, 2.876345131465302, -3.4556572143398257e-16, 2.0204381589850545e-16, 4.059779857070508, 0.5936391094066238, -2.5591435836368315, 3.6902147272552708, 3.3302044216135567, -3.410662304412963, 4.76475536225852, 5.182319811048865, -1.6771751625198628, 7.080543674038125, 6.361610187904178, -2.5422995045204826, 9.344467155903576, 4.5778068788020345, -2.5610270977450624, 9.973891632283136, 3.4140433949034934, 1.3322676295501878e-15, 10.70390269286629, 5.33298219569009, 2.0122783610683443, 2.993952874037832, 6.915553253589623, -0.48673540662848547, 2.203886335590445, 9.269043375011515, -1.9803970676376355, 0.7073887865860744, 8.825120522331765, -4.405188317719732, -1.9159285061054492, 7.7258862651566, -3.9810863330739967, -0.7841697449066107, 1.8510144613903006, -0.517287821841519, -0.751596770269146, -1.38498399381635, -1.3516597337536873, -0.7531145808873919, -0.47853450669375597, 1.8707596046482224, 3.5861745706007757, 1.383668748082746, 1.3799787894614055, 3.54960774091981, -1.8571112780859436, 0.6399196500475003, 6.09041358886676, 0.17648694906651563, -2.482428928813397, 3.259121193201586, -0.6620726926894014, -4.0133802714355795, 4.510307575714279, 3.5701542211980666, -5.313636067425238, 1.6591915317711672, 3.6872930995330595, -3.630237332382823, 7.484966767396243, 7.950627966362333, -1.2693102504077993, 6.869356549006828, 7.192299202936097, -4.456514340487571, 9.012036010253544, 3.0654577615371448, -3.9475951700031526, 10.985743562585226, 5.6403574971084804, -3.2710068616735115, 8.33695264999321, 2.3242997985439207, 0.6642538014616053, 11.52730162384584, 2.0588111016676174, -0.2532175641823464, 11.290103000875682, 4.3941320027087984, 3.7645443112129144, 9.118865831007563, 6.582308662940625, 2.4903635640644586, 12.28064055054905, 6.53013985132914, 1.384401282845189, 3.849612032288089, 7.5657882558902925, 1.2953862848861821, 1.3210428562950982, 5.819208811879204, 0.06780199281501798, 1.0840868312777747, 10.473500216750743, -0.7044932952024467, 3.909248577268962, 10.365506964487281, -2.432742776258434, 0.515742427778743, 10.640671962998743, -5.396260321621872, 1.7969877939087795, 7.604542864533275, -5.686538043752125, -2.931855934846525, 7.478584424676406, -5.770442196937573, -3.0569246779297146, 8.974886744059138, -2.778148406483999, -1.852020701666215, 5.872373684554859, -3.0485375267761], "name": "C12H27N", "identifiers": {"molecule_hash": "43e341a25f6ce5697ab845ae3b8952492cda446a", "molecular_formula": "C12H27N"}, "molecular_charge": 0.0, "molecular_multiplicity": 1, "connectivity": [[0, 1, 1.0], [0, 13, 1.0], [0, 14, 1.0], [0, 15, 1.0], [1, 2, 1.0], [1, 16, 1.0], [1, 17, 1.0], [2, 3, 1.0], [2, 18, 1.0], [2, 19, 1.0], [3, 4, 1.0], [3, 20, 1.0], [3, 21, 1.0], [4, 5, 1.0], [4, 9, 1.0], [5, 6, 1.0], [5, 22, 1.0], [5, 23, 1.0], [6, 7, 1.0], [6, 24, 1.0], [6, 25, 1.0], [7, 8, 1.0], [7, 26, 1.0], [7, 27, 1.0], [8, 28, 1.0], [8, 29, 1.0], [8, 30, 1.0], [9, 10, 1.0], [9, 31, 1.0], [9, 32, 1.0], [10, 11, 1.0], [10, 33, 1.0], [10, 34, 1.0], [11, 12, 1.0], [11, 35, 1.0], [11, 36, 1.0], [12, 37, 1.0], [12, 38, 1.0], [12, 39, 1.0]], "fix_com": true, "fix_orientation": true, "provenance": {"creator": "QCElemental", "version": "v0.22.0", "routine": "qcelemental.molparse.from_schema"}, "id": "240950"}