{"schema_name": "qcschema_molecule", "schema_version": 2, "validated": true, "symbols": ["C", "C", "C", "C", "N", "C", "C", "C", "C", "C", "C", "C", "C", "H", "H", "H", "H", "H", "H", "H", "H", "H", "H", "H", "H", "H", "H", "H", "H", "H", "H", "H", "H", "H", "H", "H", "H", "H", "H", "H"], "geometry": [0.0, -0.0, 0.0, 2.8962907258433317, -3.1801001482399094e-16, 1.086631769025639e-15, 4.006830985145836, 2.68221896229456, 0.002887888952827433, 6.914369296944789, 2.846991767142478, 1.3322676295501878e-15, 8.048786756575716, 3.259584054541512, -2.495320772564077, 10.738908936305357, 3.870276838399774, -2.2672761565936854, 11.946249234662153, 4.855370305905108, -4.708299708509872, 10.61930281939968, 7.182215660388416, -5.8100383092134145, 11.893192984293979, 8.155139471317135, -8.221805575679616, 7.423415897533946, 1.338045559725271, -4.392411379521972, 8.376794414747813, -1.3993554948530516, -3.9771947318153673, 10.988268887297334, -2.007202195337166, -5.08675361891936, 11.706189489385014, -4.795311700191021, -4.7648971118607735, -0.744362006637977, 0.9391324004795202, -1.6900592568988362, -0.7581817856552021, -1.9258869086020112, 0.03666715306100454, -0.7482236313862439, 1.004705010849492, 1.650355516899345, 3.587631684968046, -1.0127991777576468, 1.6734344105111898, 3.579434196920325, -1.0696381659303462, -1.6337333002070547, 3.27835134504917, 3.7686973895322917, -1.6048428285023408, 3.3063739396229956, 3.647835606504475, 1.6992761386879922, 7.700561396793967, 1.1632263554786846, 0.9636543715641896, 7.480704467471547, 4.46765011451877, 1.1557000623031737, 11.859200944585938, 2.2626756107324733, -1.5389605772237864, 10.892815973973423, 5.361146948105859, -0.8342669850549069, 13.921538055287318, 5.323984268626807, -4.277058930685693, 12.028611304044865, 3.360029967033868, -6.139309356258113, 8.637697178915886, 6.722394677707691, -6.188730136777975, 10.589224106475768, 8.684518921141638, -4.378880721109329, 13.866061933477102, 8.683802856530676, -7.871397550284175, 10.919753952986142, 9.820496038610907, -8.973577224055965, 11.891941873332737, 6.705793367994883, -9.703095705553855, 5.36357401362581, 1.3089937460482255, -4.546681951335856, 8.09336141532535, 2.013784472268981, -6.230888272750487, 8.365979248406818, -1.8483922979716563, -1.9537462872268052, 7.001478746000435, -2.693775757139483, -4.839719666042111, 12.438744700131359, -0.8251383138612511, -4.204690226395656, 10.99637241906266, -1.5221681241594376, -7.104496465248995, 10.3275015610029, -6.0330996361563365, -5.6921109652204445, 13.566126290723828, -5.198796023477303, -5.579603167911394, 11.767722882722211, -5.321573806212798, -2.761974865503048], "name": "C12H27N", "identifiers": {"molecule_hash": "055ce40e85fe6126f01e92a3c3bba0ab2213f8d9", "molecular_formula": "C12H27N"}, "molecular_charge": 0.0, "molecular_multiplicity": 1, "connectivity": [[0, 1, 1.0], [0, 13, 1.0], [0, 14, 1.0], [0, 15, 1.0], [1, 2, 1.0], [1, 16, 1.0], [1, 17, 1.0], [2, 3, 1.0], [2, 18, 1.0], [2, 19, 1.0], [3, 4, 1.0], [3, 20, 1.0], [3, 21, 1.0], [4, 5, 1.0], [4, 9, 1.0], [5, 6, 1.0], [5, 22, 1.0], [5, 23, 1.0], [6, 7, 1.0], [6, 24, 1.0], [6, 25, 1.0], [7, 8, 1.0], [7, 26, 1.0], [7, 27, 1.0], [8, 28, 1.0], [8, 29, 1.0], [8, 30, 1.0], [9, 10, 1.0], [9, 31, 1.0], [9, 32, 1.0], [10, 11, 1.0], [10, 33, 1.0], [10, 34, 1.0], [11, 12, 1.0], [11, 35, 1.0], [11, 36, 1.0], [12, 37, 1.0], [12, 38, 1.0], [12, 39, 1.0]], "fix_com": true, "fix_orientation": true, "provenance": {"creator": "QCElemental", "version": "v0.22.0", "routine": "qcelemental.molparse.from_schema"}, "id": "217993"}