{"schema_name": "qcschema_molecule", "schema_version": 2, "validated": true, "symbols": ["C", "C", "C", "C", "N", "C", "C", "C", "C", "C", "C", "C", "C", "H", "H", "H", "H", "H", "H", "H", "H", "H", "H", "H", "H", "H", "H", "H", "H", "H", "H", "H", "H", "H", "H", "H", "H", "H", "H", "H"], "geometry": [0.0, 0.0, 0.0, 2.876604854783498, 8.442634256089111e-16, 5.227766250564111e-16, 4.058510881572022, 2.37757140545431, 1.1193223299593855, 3.5246013367759232, 4.7756788575332605, -0.38722876697941033, 4.7825112817336315, 6.970819959499449, 0.6806503820119554, 7.428270326793703, 7.276275569161256, 4.440892098500626e-16, 8.036509695562792, 8.904763590371127, -2.3128714960476806, 6.877096636539638, 8.043046184904588, -4.800394996006685, 7.70487028246918, 9.662915578604473, -7.024012561920224, 3.318613307117938, 9.281492840962766, 0.777626769981953, 4.303372795460428, 11.130822008658026, 2.7608365921086486, 4.60350228128799, 9.996500202452204, 5.394023534194906, 2.169430380501334, 8.936367232030406, 6.492573780402681, -0.778212002235826, 1.5008926379940095, -1.2009743716013142, -0.7450374069561313, 0.28698738047048, 1.9165143800861486, -0.7529348560075795, -1.7989313209454085, -0.7018086001443712, 3.5690863633471586, -0.26114887557134403, -1.9447848474866098, 3.5537523124451953, -1.6464097046291017, 1.0683828607612669, 3.3904269507557063, 2.6622385747451522, 3.0674899677681857, 6.1154489351641566, 2.115875189532972, 1.2508779611650676, 4.028573165081135, 4.4440941781613565, -2.387745484727626, 1.4863870372497243, 5.156784518258222, -0.37165548104528634, 8.216494811590367, 5.37615343697259, -0.27514616204566256, 8.453895677814423, 8.076636468620277, 1.6256240459338285, 7.467075569844107, 10.87301874674402, -1.950027349492454, 10.107684663182365, 8.956797096572217, -2.5048110518972204, 4.805134873239799, 8.08321883889547, -4.649156702718325, 7.387489438690153, 6.05690961846577, -5.1508572470365905, 9.76510589433336, 9.605990750049898, -7.267002538176349, 6.8435945149536845, 9.028188044252673, -8.79865618031392, 7.171040705658709, 11.648481089848698, -6.741113238606936, 3.2016892151763576, 10.271838644987575, -1.066211529100194, 1.3725809608837092, 8.750324149995004, 1.2594399638686586, 2.9922573891737603, 12.74310682228146, 2.8297676687215345, 6.127652233607281, 11.914060605258264, 2.1456957526846345, 6.023454177245105, 8.4840287850322, 5.317313566129984, 5.359563320013806, 11.458299435195805, 6.661217164918457, 2.4449487601916413, 8.289900876580539, 8.44249227681827, 1.4944113533151437, 7.311528479719785, 5.3946828379904, 0.6589985016654298, 10.362060765698775, 6.512293546123077], "name": "C12H27N", "identifiers": {"molecule_hash": "9c7e61a8fef056f342a29a6e607fe3b18e4e413d", "molecular_formula": "C12H27N"}, "molecular_charge": 0.0, "molecular_multiplicity": 1, "connectivity": [[0, 1, 1.0], [0, 13, 1.0], [0, 14, 1.0], [0, 15, 1.0], [1, 2, 1.0], [1, 16, 1.0], [1, 17, 1.0], [2, 3, 1.0], [2, 18, 1.0], [2, 19, 1.0], [3, 4, 1.0], [3, 20, 1.0], [3, 21, 1.0], [4, 5, 1.0], [4, 9, 1.0], [5, 6, 1.0], [5, 22, 1.0], [5, 23, 1.0], [6, 7, 1.0], [6, 24, 1.0], [6, 25, 1.0], [7, 8, 1.0], [7, 26, 1.0], [7, 27, 1.0], [8, 28, 1.0], [8, 29, 1.0], [8, 30, 1.0], [9, 10, 1.0], [9, 31, 1.0], [9, 32, 1.0], [10, 11, 1.0], [10, 33, 1.0], [10, 34, 1.0], [11, 12, 1.0], [11, 35, 1.0], [11, 36, 1.0], [12, 37, 1.0], [12, 38, 1.0], [12, 39, 1.0]], "fix_com": true, "fix_orientation": true, "provenance": {"creator": "QCElemental", "version": "v0.22.0", "routine": "qcelemental.molparse.from_schema"}, "id": "223902"}