{"schema_name": "qcschema_molecule", "schema_version": 2, "validated": true, "symbols": ["C", "C", "C", "C", "N", "C", "C", "C", "C", "C", "C", "C", "C", "H", "H", "H", "H", "H", "H", "H", "H", "H", "H", "H", "H", "H", "H", "H", "H", "H", "H", "H", "H", "H", "H", "H", "H", "H", "H", "H"], "geometry": [11.253145921502806, 2.619963286605352, -2.220446049250313e-16, 10.00867893118209, 7.638644717819529e-15, 9.673079183393101e-15, 8.224425828910315, -0.46933684220952443, -2.2407623148515126, 5.916120917774003, 1.2874445625749238, -2.280431054387785, 4.1776839225176055, 0.6975904997120868, -4.351208741632302, 2.545174286924601, -1.5042041076102683, -3.950942287799798, -0.047867049775095816, -1.0855624684170566, -2.6860128376718935, 0.0, 0.0, 0.0, -2.6423462849696993, 0.14862425913771898, 1.1794694139325068, 2.9387710860283884, 2.8730602411535626, -5.508939983676366, 1.9374273770491492, 2.3177628543320274, -8.176025229634034, 3.9210234565567292, 1.2246870709101643, -9.991417478540054, 6.235801166761921, 2.9262093296753857, -10.366364356677526, 9.863592383453778, 4.1351643571154355, 0.23344427032076354, 12.259578003480389, 2.961113577538068, -1.7790991499068494, 12.623065229266114, 2.7949318650739277, 1.5419983438357396, 8.96712126828061, -0.26752318250339724, 1.7756651872306968, 11.490899205921831, -1.4489913333478486, -0.019564503221950136, 9.247462140470496, -0.24435601826821363, -4.030195962150332, 7.587029287270256, -2.439894623923949, -2.1821577847494895, 4.999024420746066, 1.2480166860937518, -0.4103038765882155, 6.56451983430899, 3.2313143337888435, -2.5538364461936074, 3.614714321989838, -2.8806323179153703, -2.83694588886531, 2.204779379127495, -2.4136632266710225, -5.784848551566312, -1.2273806434755223, 0.1288649035170737, -3.8829883950491144, -1.0040081868538304, -2.929279412193813, -2.6504161772855914, 0.8409476259956635, 1.8919368138011934, -0.024500878624207023, 1.2298603409911868, -1.1669619015427093, 1.1966340722538078, -3.513158360335178, -1.727212005540393, 1.3009252561706324, -2.576539351971662, 0.9397840321483698, 3.0913865922482686, -3.8963516160758425, 1.3458234163388365, 0.04511574430432708, 1.375645007436451, 3.6386600719581885, -4.352137794691105, 4.3426345078734165, 4.386451545234033, -5.63560073288181, 1.1898897105732362, 4.0949943322312095, -8.944740535430675, 0.3245369970484514, 1.0206166618166757, -8.07173817623451, 4.549469677396236, -0.6153347411313712, -9.282503978708599, 3.0148581955082783, 0.8809767277979477, -11.82482910089252, 7.506364401904872, 2.144749525928056, -11.801809419546343, 7.31965616685405, 3.1123753537901493, -8.614709512522603, 5.684350753337404, 4.827356674109756, -10.982492832271255], "name": "C12H27N", "identifiers": {"molecule_hash": "65700a7cb961290b83ac6f3e2aadf4259a1786fc", "molecular_formula": "C12H27N"}, "molecular_charge": 0.0, "molecular_multiplicity": 1, "connectivity": [[0, 1, 1.0], [0, 13, 1.0], [0, 14, 1.0], [0, 15, 1.0], [1, 2, 1.0], [1, 16, 1.0], [1, 17, 1.0], [2, 3, 1.0], [2, 18, 1.0], [2, 19, 1.0], [3, 4, 1.0], [3, 20, 1.0], [3, 21, 1.0], [4, 5, 1.0], [4, 9, 1.0], [5, 6, 1.0], [5, 22, 1.0], [5, 23, 1.0], [6, 7, 1.0], [6, 24, 1.0], [6, 25, 1.0], [7, 8, 1.0], [7, 26, 1.0], [7, 27, 1.0], [8, 28, 1.0], [8, 29, 1.0], [8, 30, 1.0], [9, 10, 1.0], [9, 31, 1.0], [9, 32, 1.0], [10, 11, 1.0], [10, 33, 1.0], [10, 34, 1.0], [11, 12, 1.0], [11, 35, 1.0], [11, 36, 1.0], [12, 37, 1.0], [12, 38, 1.0], [12, 39, 1.0]], "fix_com": true, "fix_orientation": true, "provenance": {"creator": "QCElemental", "version": "v0.22.0", "routine": "qcelemental.molparse.from_schema"}, "id": "219415"}