{"schema_name": "qcschema_molecule", "schema_version": 2, "validated": true, "symbols": ["C", "C", "C", "C", "N", "C", "C", "C", "C", "C", "C", "C", "C", "H", "H", "H", "H", "H", "H", "H", "H", "H", "H", "H", "H", "H", "H", "H", "H", "H", "H", "H", "H", "H", "H", "H", "H", "H", "H", "H"], "geometry": [0.0, -0.0, 0.0, 2.892139029135315, -6.3954609675319e-16, 1.863197501999679e-16, 4.102781787052771, 2.448955473326236, 0.9724224971645858, 3.6977038828404765, 4.721960429031941, -0.7879885078544631, 4.792235474839448, 7.118540266553929, 2.886579864025407e-15, 7.537773098237819, 7.203648787440823, 0.0799352954184791, 8.820821940355952, 6.9245366520058385, -2.496404238764009, 8.030444065524033, 8.92397333532508, -4.427356400987229, 9.425724651358209, 8.65686701681347, -6.942394416823026, 3.6117472678630334, 8.213466842748606, 2.231847944398925, 3.3923976742437105, 11.092371411146882, 2.0609952402585696, 2.313340796234506, 12.341240253231263, 4.442301729066399, -0.4345042977663396, 11.65314526149784, 5.025314973013838, -0.7747268592040126, 1.393945532000211, -1.288262535559828, -0.7354185216576543, 0.4032101486877555, 1.8745510801690823, -0.7261925850469486, -1.8316157936607207, -0.5718419511015596, 3.575054611324675, -0.39044984770875446, -1.9004903576341998, 3.545751185996349, -1.5574181951760084, 1.1689205133624068, 6.1152331903245285, 2.1219735297817355, 1.2094566066252432, 3.3621644336177385, 2.8724707291607094, 2.8433541959125352, 4.430276052179962, 4.255146096217184, -2.645000502690044, 1.6906988858815042, 5.044000241572445, -1.0449316379192308, 8.316924404643203, 5.7955391889477745, 1.3742046310313958, 8.073210361452286, 9.025079661081062, 0.8481657480196358, 8.48808147801984, 5.050316112964383, -3.2692039755274624, 10.850915114246941, 7.043569509055238, -2.183864522600541, 6.008180674784314, 8.810767082342744, -4.738795577447938, 8.386124687801063, 10.792556280996516, -3.6455589071443417, 8.833833361365134, 10.098616849706598, -8.277013067663805, 9.063103682163973, 6.827346995213369, -7.802101313389185, 11.456436957597816, 8.833500549366041, -6.693065904837368, 4.618585077398629, 7.696449918109465, 3.9610170834869027, 1.7328679087649894, 7.419671533094055, 2.4069941386358193, 2.2252114156309197, 11.55547617129594, 0.43538709166687317, 5.241685905647028, 11.898950529263054, 1.686516414779545, 3.49237427586388, 11.86547228148706, 6.059146350836179, 2.446732148794766, 14.379225221085608, 4.221852326025502, -0.6532779092239727, 9.663464893628964, 5.471567629554922, -1.1270607261313863, 12.720135430242525, 6.635070146422061, -1.6539102969264499, 12.073389648236876, 3.4273485967172874], "name": "C12H27N", "identifiers": {"molecule_hash": "761f22c7a021488ad57315edca4ca3b88fb2d39f", "molecular_formula": "C12H27N"}, "molecular_charge": 0.0, "molecular_multiplicity": 1, "connectivity": [[0, 1, 1.0], [0, 13, 1.0], [0, 14, 1.0], [0, 15, 1.0], [1, 2, 1.0], [1, 16, 1.0], [1, 17, 1.0], [2, 3, 1.0], [2, 18, 1.0], [2, 19, 1.0], [3, 4, 1.0], [3, 20, 1.0], [3, 21, 1.0], [4, 5, 1.0], [4, 9, 1.0], [5, 6, 1.0], [5, 22, 1.0], [5, 23, 1.0], [6, 7, 1.0], [6, 24, 1.0], [6, 25, 1.0], [7, 8, 1.0], [7, 26, 1.0], [7, 27, 1.0], [8, 28, 1.0], [8, 29, 1.0], [8, 30, 1.0], [9, 10, 1.0], [9, 31, 1.0], [9, 32, 1.0], [10, 11, 1.0], [10, 33, 1.0], [10, 34, 1.0], [11, 12, 1.0], [11, 35, 1.0], [11, 36, 1.0], [12, 37, 1.0], [12, 38, 1.0], [12, 39, 1.0]], "fix_com": true, "fix_orientation": true, "provenance": {"creator": "QCElemental", "version": "v0.22.0", "routine": "qcelemental.molparse.from_schema"}, "id": "216593"}