{"schema_name": "qcschema_molecule", "schema_version": 2, "validated": true, "symbols": ["C", "C", "C", "C", "N", "C", "C", "C", "C", "C", "C", "C", "C", "H", "H", "H", "H", "H", "H", "H", "H", "H", "H", "H", "H", "H", "H", "H", "H", "H", "H", "H", "H", "H", "H", "H", "H", "H", "H", "H"], "geometry": [0.0, 0.0, -0.0, 2.8968399731329235, 8.914132697895838e-17, -6.617987207987589e-17, 4.067721120350391, 1.4152876390177886, 2.2453807055634756, 3.2810239886725063, 4.205583684969838, 2.4482019219663287, 3.537176222706416, 5.604881958140078, 0.0742946975394303, 1.9840837315586768, 7.898624394474602, 1.3322676295501878e-15, 2.751145680683398, 10.069694833465777, 1.7815543299387482, 0.962262565234149, 12.352699486501031, 1.637197954136533, 1.0382746310946125, 13.758200540535476, -0.8995038186434181, 6.183350551002072, 5.9764452969562925, -0.6438328290715312, 6.527700150985717, 7.129910547882146, -3.2759853580380347, 9.29223493075003, 7.139439974513838, -4.168265369951862, 10.391853509803388, 4.507362744705403, -4.692340118361333, -0.7437269562958962, -1.166479058146543, -1.5400747387049933, -0.7447405694415767, 1.9125516284252704, -0.25335688317275795, -0.7545864401605107, -0.7514563539522501, 1.7788771802003935, 3.5688505101021937, 0.8541276365647182, -1.7616637992525854, 3.588219300397562, -1.9552063921109855, 0.02083308726799804, 6.131581866878084, 1.2592603223543413, 2.148657683746328, 3.518084429131243, 0.4895239995501173, 4.02015436780486, 1.2881999566099829, 4.295448995881309, 3.0002627809721325, 4.360043259766456, 5.082956566852195, 4.009272582167131, 1.945862407159131, 8.57834935496811, -1.9506046663423366, 0.03744098159079756, 7.333062875969164, 0.4386862702873455, 2.7949586531659487, 9.367513524524574, 3.730635141833763, 4.67942563916899, 10.694896276518943, 1.3415885598190256, -0.979606115283042, 11.729121206314778, 2.0241795365993225, 1.4508504180426187, 13.68040643873966, 3.152405080202927, -0.16158278834044593, 15.444267393274217, -0.8525233397336445, 2.966878895855329, 14.37114304998, -1.346343965634576, 0.37973665339104046, 12.57487724799219, -2.463107368641916, 7.2221118406012135, 7.138662191150717, 0.7533718661126105, 7.083755638482716, 4.118398729911744, -0.6188417779782425, 5.3569189486824715, 6.072702371808771, -4.623001773827506, 5.832215981267887, 9.080616547208393, -3.28606534485909, 9.417843171602266, 8.27126869415961, -5.9000752848242835, 10.466107862738749, 8.113918347933884, -2.7609487805098345, 9.236318736279745, 3.4862908533965813, -6.076150853296735, 12.312382195285407, 4.64358214177962, -5.4524825326025015, 10.487260618707081, 3.3480328703186424, -2.981702375115143], "name": "C12H27N", "identifiers": {"molecule_hash": "4409eefa8382656e998a9edda6181e7f82144a94", "molecular_formula": "C12H27N"}, "molecular_charge": 0.0, "molecular_multiplicity": 1, "connectivity": [[0, 1, 1.0], [0, 13, 1.0], [0, 14, 1.0], [0, 15, 1.0], [1, 2, 1.0], [1, 16, 1.0], [1, 17, 1.0], [2, 3, 1.0], [2, 18, 1.0], [2, 19, 1.0], [3, 4, 1.0], [3, 20, 1.0], [3, 21, 1.0], [4, 5, 1.0], [4, 9, 1.0], [5, 6, 1.0], [5, 22, 1.0], [5, 23, 1.0], [6, 7, 1.0], [6, 24, 1.0], [6, 25, 1.0], [7, 8, 1.0], [7, 26, 1.0], [7, 27, 1.0], [8, 28, 1.0], [8, 29, 1.0], [8, 30, 1.0], [9, 10, 1.0], [9, 31, 1.0], [9, 32, 1.0], [10, 11, 1.0], [10, 33, 1.0], [10, 34, 1.0], [11, 12, 1.0], [11, 35, 1.0], [11, 36, 1.0], [12, 37, 1.0], [12, 38, 1.0], [12, 39, 1.0]], "fix_com": true, "fix_orientation": true, "provenance": {"creator": "QCElemental", "version": "v0.22.0", "routine": "qcelemental.molparse.from_schema"}, "id": "220098"}