{"schema_name": "qcschema_molecule", "schema_version": 2, "validated": true, "symbols": ["C", "C", "C", "C", "N", "C", "C", "C", "C", "C", "C", "C", "C", "H", "H", "H", "H", "H", "H", "H", "H", "H", "H", "H", "H", "H", "H", "H", "H", "H", "H", "H", "H", "H", "H", "H", "H", "H", "H", "H"], "geometry": [0.0, -0.0, 0.0, 2.898021782728284, -4.312857973428236e-16, -2.4599104433277867e-16, 4.055924339400277, 1.4510640729821742, -2.233486935641114, 3.8587709175474876, 4.337633081469119, -2.057240474355037, 5.322067012776716, 5.501088427691434, 2.6645352591003757e-15, 8.061709824144138, 5.03208818204809, -0.30604466565311617, 9.168752319740713, 2.9020594149126215, 1.3362696239395673, 9.729685448638929, 3.6287955967277727, 4.091662156095528, 7.396775467014488, 4.163020904176996, 5.722958555530555, 4.813860755499418, 8.23692129658143, 0.122086291034055, 2.1566459220010774, 9.050429942780577, 0.9605883186810504, 1.4500230490169788, 8.432065841694685, 3.711458911845067, 0.599565293386779, 5.700631869016162, 4.160131734345942, -0.7653738100352958, 1.9194481484260835, 0.05303340558207925, -0.7479100867097643, -1.005337406802436, 1.6475007298045976, -0.7408297052564183, -0.9276195759035712, -1.6984822424248969, 3.567967541624941, -1.9615259552883368, -0.05619509288238389, 3.594468209517722, 0.8063943401370784, 1.7727957146999325, 6.0358563526777615, 0.9039743477034025, -2.4801927186915815, 3.0966764499462234, 0.8761847561482285, -3.982062500033685, 1.874255083549333, 4.846680653950953, -1.7992202369297234, 4.440720829814284, 5.150643168644545, -3.8986974437965274, 9.085622137147444, 6.77312479068652, 0.15119450901711495, 8.493075953340865, 4.648827669266018, -2.3078159641087606, 7.9215120842544255, 1.2544797146348174, 1.300548528028666, 10.95035087994011, 2.305779117281136, 0.4528207689917175, 10.979260851918243, 5.2875652354899625, 4.107459845461623, 10.816580150657856, 2.090374938179507, 4.960719260253248, 6.313038560532204, 5.7619204089301785, 5.001252335097265, 6.123645366457705, 2.5304138495529123, 5.752697903634877, 7.944076761560178, 4.576591129315087, 7.677401778591797, 6.153989193280646, 9.049451686770647, 1.475003857701048, 5.221022212267347, 9.13884545640532, -1.7249707299556127, 0.7073708504194216, 8.307019112769755, -0.3204047089654871, 2.1056258133119545, 11.10954187473233, 0.7134908739728631, 3.0674519529559103, 8.868208476934495, 4.935682250838163, -0.07159617231998494, 9.711376506532947, 4.30284703863255, 0.16672372534913754, 5.374980649335812, 6.159020152167938, -1.1139414902271836, 5.2797214124452605, 3.074578417011228, 2.063715133909942, 4.369778156139368, 3.5843686837172863], "name": "C12H27N", "identifiers": {"molecule_hash": "6d5710ddc818fed0b3f8d06e3edc91d63d0cb86b", "molecular_formula": "C12H27N"}, "molecular_charge": 0.0, "molecular_multiplicity": 1, "connectivity": [[0, 1, 1.0], [0, 13, 1.0], [0, 14, 1.0], [0, 15, 1.0], [1, 2, 1.0], [1, 16, 1.0], [1, 17, 1.0], [2, 3, 1.0], [2, 18, 1.0], [2, 19, 1.0], [3, 4, 1.0], [3, 20, 1.0], [3, 21, 1.0], [4, 5, 1.0], [4, 9, 1.0], [5, 6, 1.0], [5, 22, 1.0], [5, 23, 1.0], [6, 7, 1.0], [6, 24, 1.0], [6, 25, 1.0], [7, 8, 1.0], [7, 26, 1.0], [7, 27, 1.0], [8, 28, 1.0], [8, 29, 1.0], [8, 30, 1.0], [9, 10, 1.0], [9, 31, 1.0], [9, 32, 1.0], [10, 11, 1.0], [10, 33, 1.0], [10, 34, 1.0], [11, 12, 1.0], [11, 35, 1.0], [11, 36, 1.0], [12, 37, 1.0], [12, 38, 1.0], [12, 39, 1.0]], "fix_com": true, "fix_orientation": true, "provenance": {"creator": "QCElemental", "version": "v0.22.0", "routine": "qcelemental.molparse.from_schema"}, "id": "220237"}