{"schema_name": "qcschema_molecule", "schema_version": 2, "validated": true, "symbols": ["C", "C", "C", "C", "N", "C", "C", "C", "C", "C", "C", "C", "C", "H", "H", "H", "H", "H", "H", "H", "H", "H", "H", "H", "H", "H", "H", "H", "H", "H", "H", "H", "H", "H", "H", "H", "H", "H", "H", "H"], "geometry": [11.03693031431377, 2.223759675000184, -1.1102230246251565e-16, 9.193273353456586, -9.547785645519246e-16, 4.1033849758638215e-15, 7.0203136309358545, 0.3551201174476365, 1.871696177932554, 5.21576060377347, -1.898269549323986, 2.032843795317056, 4.039872070409734, -2.602579611620581, -0.34976357935647917, 2.4059551895097457, -0.6944575076382499, -1.470115471949068, 0.0, -0.0, 0.0, -1.7624716464924797, 1.7922708521400224, -1.4442328781069378, -0.6930629387772703, 4.445202768790453, -1.8718976112750434, 2.9406788620027573, -5.125919446011032, -0.2819771039207817, 4.8660181493322385, -7.231857835592482, -0.7590562871777, 6.008967717141052, -7.176121258657515, -3.412125783677177, 7.9372164291241765, -9.28260710444284, -3.845539286595793, 12.559797635038272, 1.9260883965323883, -1.3424363847161904, 11.881543007553212, 2.4935578548002577, 1.85216696851187, 10.090319022561049, 3.9731048719856097, -0.5111110202726303, 10.20768290599541, -1.7272787575578792, 0.4651661966330397, 8.436680327895543, -0.2715235181380836, -1.8853465602272108, 7.789130744862668, 0.6521293772341754, 3.756650864717254, 5.991609173225447, 2.0740688534447806, 1.4161862906276257, 3.8100753564994454, -1.5261655025580945, 3.5003807557640174, 6.29337441073973, -3.5136529483954466, 2.684896905471474, 1.8681815715706576, -1.3759374835949685, -3.330270667257713, 3.5249972725800016, 0.9876672348142238, -1.7939504300049933, 0.4932040556059276, 0.8572841522223447, 1.801134215651345, -1.036893340778125, -1.7174107060040797, 0.4426609120876319, -3.523309572492679, 1.955372459418844, -0.39917095081289644, -2.2514244444342584, 0.9538067144681708, -3.2574771690579056, -2.086958116855126, 5.655452656776671, -2.767046108736459, 0.9641711701775209, 4.424454378191257, -3.078960488035034, -0.16033418322221737, 5.32009158072486, -0.09190668176754135, 1.5017611816499643, -5.240347704955555, -1.7386324104132043, 1.9764361898322904, -5.48234060730481, 1.508574125344734, 3.920798135434075, -9.035466164494103, -0.4593316271957466, 6.372467781752493, -7.143333935480186, 0.6347608356801531, 4.500120532760946, -7.342446990819821, -4.80110104805117, 6.891010492027631, -5.353159907755484, -3.725452360176242, 7.0895418425294885, -11.135712057840182, -3.590963892988929, 9.507148880861648, -9.131718284330825, -2.5305907116332693, 8.708036179141997, -9.205561995667775, -5.7456462733600135], "name": "C12H27N", "identifiers": {"molecule_hash": "bcc474d01897f65c8a486edc772a744fb08003eb", "molecular_formula": "C12H27N"}, "molecular_charge": 0.0, "molecular_multiplicity": 1, "connectivity": [[0, 1, 1.0], [0, 13, 1.0], [0, 14, 1.0], [0, 15, 1.0], [1, 2, 1.0], [1, 16, 1.0], [1, 17, 1.0], [2, 3, 1.0], [2, 18, 1.0], [2, 19, 1.0], [3, 4, 1.0], [3, 20, 1.0], [3, 21, 1.0], [4, 5, 1.0], [4, 9, 1.0], [5, 6, 1.0], [5, 22, 1.0], [5, 23, 1.0], [6, 7, 1.0], [6, 24, 1.0], [6, 25, 1.0], [7, 8, 1.0], [7, 26, 1.0], [7, 27, 1.0], [8, 28, 1.0], [8, 29, 1.0], [8, 30, 1.0], [9, 10, 1.0], [9, 31, 1.0], [9, 32, 1.0], [10, 11, 1.0], [10, 33, 1.0], [10, 34, 1.0], [11, 12, 1.0], [11, 35, 1.0], [11, 36, 1.0], [12, 37, 1.0], [12, 38, 1.0], [12, 39, 1.0]], "fix_com": true, "fix_orientation": true, "provenance": {"creator": "QCElemental", "version": "v0.22.0", "routine": "qcelemental.molparse.from_schema"}, "id": "217390"}