{"schema_name": "qcschema_molecule", "schema_version": 2, "validated": true, "symbols": ["C", "C", "C", "C", "N", "C", "C", "C", "C", "C", "C", "C", "C", "H", "H", "H", "H", "H", "H", "H", "H", "H", "H", "H", "H", "H", "H", "H", "H", "H", "H", "H", "H", "H", "H", "H", "H", "H", "H", "H"], "geometry": [9.548574246615003, 1.2267258125582727, 5.551115123125783e-16, 6.94909157647969, -9.626007841289068e-16, -1.0225223681890501e-15, 5.782501668611099, -0.2284421045248345, 2.629194246956142, 4.742007357859893, 2.2223238258588642, 3.7267788699826, 2.544150143082821, 3.2633992257643096, 2.4227817910947618, 0.4114218341847793, 1.4863746519529824, 2.4401985370196426, 0.0, 0.0, 0.0, -1.2989376139438238, 1.4517007734469156, -2.1263977081670915, 0.20582146159147202, 3.6439162965852803, -3.217019119313253, 1.7765982394011626, 5.646058749941133, 3.601199676181457, 3.5912974833911515, 7.878414925864657, 3.4181757320949697, 4.079518392560343, 8.911691526772842, 0.7685994828780447, 5.99185538920341, 7.417915495425769, -0.7687200169049309, 9.501475141755858, 3.131136868336001, 0.8166960616909567, 10.302591517610665, 1.4023992333573172, -1.9224843452109974, 10.89991447088493, 0.1055987200291964, 1.1072249968002053, 7.09630309611117, -1.894654418925028, -0.8381078158615958, 5.660675015650524, 1.0759348887571514, -1.2226585792054456, 4.290590955309503, -1.6703587880010158, 2.626520693389241, 7.2242020940494935, -0.9338948765797117, 3.9507407278348854, 6.238418422221965, 3.6573644485976384, 3.6900409076922207, 4.282826998341112, 1.8980041585896341, 5.7513460431905425, -1.3261278712481661, 2.555057414970803, 2.8325577996703357, 0.6136822107477731, 0.15598075187116223, 4.038847350768755, 1.8065255215692604, -0.7559795143687167, -0.6827559713763809, -1.1758217646748266, -1.6485584946641751, 0.4701785643855637, -3.1383121361808404, 2.145576545443934, -1.4414815824942142, -1.7390648525009622, 0.10947242490084541, -3.650417909019985, -0.7654202008576086, 4.4691359281952145, -4.853149139100921, 0.5023474114209059, 5.144326807921416, -1.8226142031580046, 2.0851169706299753, 3.0215141566023958, -3.8433461971537346, -0.0033911934466139826, 6.217411150250093, 2.6968764780306227, 1.3312209800303836, 5.337105370961465, 5.630763556945692, 5.398726098495124, 7.4525440490024355, 4.351306894374304, 2.7297310055758346, 9.378804152114316, 4.568037424700629, 2.2730300774757795, 9.01670388443926, -0.25813820217305405, 4.741288465375558, 10.873724461622489, 0.9404075705177029, 6.2644997746977245, 8.250861822093002, -2.648127727996572, 7.840956379930788, 7.405811714772536, 0.17700752290653998, 5.3836515037222545, 5.4546360664742295, -1.0093083133032386], "name": "C12H27N", "identifiers": {"molecule_hash": "00e258cf317af3553e7607876d52678203fbc0ce", "molecular_formula": "C12H27N"}, "molecular_charge": 0.0, "molecular_multiplicity": 1, "connectivity": [[0, 1, 1.0], [0, 13, 1.0], [0, 14, 1.0], [0, 15, 1.0], [1, 2, 1.0], [1, 16, 1.0], [1, 17, 1.0], [2, 3, 1.0], [2, 18, 1.0], [2, 19, 1.0], [3, 4, 1.0], [3, 20, 1.0], [3, 21, 1.0], [4, 5, 1.0], [4, 9, 1.0], [5, 6, 1.0], [5, 22, 1.0], [5, 23, 1.0], [6, 7, 1.0], [6, 24, 1.0], [6, 25, 1.0], [7, 8, 1.0], [7, 26, 1.0], [7, 27, 1.0], [8, 28, 1.0], [8, 29, 1.0], [8, 30, 1.0], [9, 10, 1.0], [9, 31, 1.0], [9, 32, 1.0], [10, 11, 1.0], [10, 33, 1.0], [10, 34, 1.0], [11, 12, 1.0], [11, 35, 1.0], [11, 36, 1.0], [12, 37, 1.0], [12, 38, 1.0], [12, 39, 1.0]], "fix_com": true, "fix_orientation": true, "provenance": {"creator": "QCElemental", "version": "v0.22.0", "routine": "qcelemental.molparse.from_schema"}, "id": "242378"}