{"schema_name": "qcschema_molecule", "schema_version": 2, "validated": true, "symbols": ["C", "C", "C", "C", "N", "C", "C", "C", "C", "C", "C", "C", "C", "H", "H", "H", "H", "H", "H", "H", "H", "H", "H", "H", "H", "H", "H", "H", "H", "H", "H", "H", "H", "H", "H", "H", "H", "H", "H", "H"], "geometry": [10.04697120716851, 2.408113477621496, -4.309053114326389e-15, 8.473336185065168, 5.317205467778736e-18, -2.2198093139350205e-16, 5.856458930568892, 0.2878266707669065, -1.1765079759443122, 4.1090703710936145, 2.051595610182224, 0.30665163466347506, 1.5098939114608998, 2.228591500897968, -0.5720817057964531, 0.0, -0.0, 0.0, -1.1341313809859979, 0.07748708886976759, 2.6466769815826905, -3.0382611947688463, 2.200577874024736, 3.0028500017003275, -4.064498542151579, 2.3656969870613214, 5.678980572224019, 1.2751027748599155, 3.1299725940602823, -3.154911163250076, -1.1774127600263153, 4.5718359059831, -3.5941171755067867, -1.581140362659645, 5.391043056279524, -6.3271212874851175, 0.36840507539654066, 7.270881827010043, -7.295658952412883, 9.191986560443947, 3.89928126570076, 1.1591928905939586, 10.259877021146867, 3.159301444932783, -1.9238340504900386, 11.947805841047831, 2.060975869790053, 0.7495878919172934, 8.26984183617234, -0.6945290322079118, 1.950904418120342, 9.506786322274204, -1.4816409298371922, -1.0239020245788222, 4.97591903991434, -1.5875843051099867, -1.3185916587288655, 6.052503818939656, 0.9845176446124135, -3.1269116917580027, 4.068419906142011, 1.445420824853357, 2.29448938570712, 4.899637305735965, 3.972334326363489, 0.31407485107459165, 1.0968891412910164, -1.7620723004645675, -0.23941047709308597, -1.5461988452263589, -0.10963894433269572, -1.3790630937199884, 0.39287525144702506, 0.2754435695512314, 4.046446211576488, -2.0326251173025485, -1.7564251098213242, 3.0410424366250077, -2.1272748611907133, 3.9877730556391997, 2.46850937993771, -4.610883904736027, 1.9315162093512193, 1.6657697378939136, -5.434713615503142, 3.907787102351156, 5.879170800376552, -2.539128140375129, 2.7016531813372042, 7.045998414290991, -5.0152556257814815, 0.606314403902835, 6.235980620037626, 1.4319849718876723, 1.5828755458779906, -4.563076763132167, 2.8811166157874575, 4.3940858476923195, -3.5156570712593007, -1.1951643926170425, 6.229474954310171, -2.3397972652427743, -2.7767728281923483, 3.3883758883016495, -2.9977863682820027, -1.59123362075028, 3.710182704020012, -7.553256363934737, -3.4734493442113172, 6.228273194070473, -6.495968763960812, 2.2746088266355646, 6.455651040669385, -7.3471077912949525, -0.08223728617549364, 7.899153641713616, -9.218571494756366, 0.4443957654684638, 8.956406435022881, -6.085854344297143], "name": "C12H27N", "identifiers": {"molecule_hash": "9c9ca277ef5abe7270fae6e4ad055dfc531495f7", "molecular_formula": "C12H27N"}, "molecular_charge": 0.0, "molecular_multiplicity": 1, "connectivity": [[0, 1, 1.0], [0, 13, 1.0], [0, 14, 1.0], [0, 15, 1.0], [1, 2, 1.0], [1, 16, 1.0], [1, 17, 1.0], [2, 3, 1.0], [2, 18, 1.0], [2, 19, 1.0], [3, 4, 1.0], [3, 20, 1.0], [3, 21, 1.0], [4, 5, 1.0], [4, 9, 1.0], [5, 6, 1.0], [5, 22, 1.0], [5, 23, 1.0], [6, 7, 1.0], [6, 24, 1.0], [6, 25, 1.0], [7, 8, 1.0], [7, 26, 1.0], [7, 27, 1.0], [8, 28, 1.0], [8, 29, 1.0], [8, 30, 1.0], [9, 10, 1.0], [9, 31, 1.0], [9, 32, 1.0], [10, 11, 1.0], [10, 33, 1.0], [10, 34, 1.0], [11, 12, 1.0], [11, 35, 1.0], [11, 36, 1.0], [12, 37, 1.0], [12, 38, 1.0], [12, 39, 1.0]], "fix_com": true, "fix_orientation": true, "provenance": {"creator": "QCElemental", "version": "v0.22.0", "routine": "qcelemental.molparse.from_schema"}, "id": "257347"}