{"schema_name": "qcschema_molecule", "schema_version": 2, "validated": true, "symbols": ["C", "C", "C", "C", "N", "C", "C", "C", "C", "C", "C", "C", "C", "H", "H", "H", "H", "H", "H", "H", "H", "H", "H", "H", "H", "H", "H", "H", "H", "H", "H", "H", "H", "H", "H", "H", "H", "H", "H", "H"], "geometry": [0.0, 0.0, -0.0, 2.8714170447363694, 5.190340761707206e-16, -4.729077008642797e-16, 3.9838477243652974, 1.4844369032959466, 2.19527019539697, 6.861274853071461, 1.4731742457901984, 2.3098249786055582, 8.146004770655434, 2.2535862476076356, -7.771561172376096e-16, 7.564169934107245, 4.866022149662968, -0.654379703737052, 8.264140170766247, 5.60174265935218, -3.3494661546179145, 7.0232560892821, 3.964257804633233, -5.360256452532613, 7.705419165267154, 4.763819100280173, -8.032464658026363, 10.866324533047091, 1.9001107118820322, 0.2689161014978857, 11.823311455603411, -0.8152269497995196, 0.13993137732773925, 11.418592049665179, -2.1592250615291397, -2.3842142403481983, 8.80999391145275, -3.3171334180646923, -2.72419934435386, -0.7506338877534491, 1.9309735058784283, -0.12995252122599743, -0.7548732208931035, -0.8378138815141557, 1.7426376808983783, -0.7647167780699626, -1.0772278164907538, -1.5965038483377314, 3.5778106404439507, -1.953656033708758, 0.07308057694345771, 3.584983638126004, 0.7898927035562446, -1.7839714978954233, 3.2550248024954334, 3.4306702426170865, 2.154707982915158, 3.298591884416229, 0.6891680248710953, 3.9898032205278957, 7.480245548720646, -0.46182039793606267, 2.727480855489482, 7.485157419343507, 2.6513187781432555, 3.9330671566359356, 8.464047841004191, 6.196642665631904, 0.6968161888591613, 5.518950280622273, 5.123528087352984, -0.4480968456620458, 7.703898462090197, 7.58591002476905, -3.619435357450478, 10.325522677036254, 5.575712235394311, -3.6148935984228903, 7.565695661231351, 1.9856217456980094, -5.045026747856624, 4.958272665140588, 4.034368679380218, -5.112351716793977, 9.754371375503014, 4.654907107613113, -8.346627637301921, 7.1277320368954316, 6.72191924256592, -8.407682226206624, 6.79135742413399, 3.557593808817268, -9.448009549576506, 11.530683701695807, 2.773346258281883, 2.059945175307445, 11.791635251756501, 2.951281350781494, -1.257604419979307, 13.860198897594962, -0.7181084427973096, 0.5356885752803746, 11.02181540488448, -1.962547073270306, 1.6768672027410914, 11.797479446099416, -0.8177157922359024, -3.930599021761148, 12.846495245532232, -3.6563158611223683, -2.5725065352969905, 7.3367377368344115, -1.8681834603321255, -2.6414884615720093, 8.418560258281069, -4.702858728342321, -1.226822158087853, 8.65670612555766, -4.306521573812077, -4.540469660133499], "name": "C12H27N", "identifiers": {"molecule_hash": "2b98fdc08db623f357b639f94aed22819b8f8616", "molecular_formula": "C12H27N"}, "molecular_charge": 0.0, "molecular_multiplicity": 1, "connectivity": [[0, 1, 1.0], [0, 13, 1.0], [0, 14, 1.0], [0, 15, 1.0], [1, 2, 1.0], [1, 16, 1.0], [1, 17, 1.0], [2, 3, 1.0], [2, 18, 1.0], [2, 19, 1.0], [3, 4, 1.0], [3, 20, 1.0], [3, 21, 1.0], [4, 5, 1.0], [4, 9, 1.0], [5, 6, 1.0], [5, 22, 1.0], [5, 23, 1.0], [6, 7, 1.0], [6, 24, 1.0], [6, 25, 1.0], [7, 8, 1.0], [7, 26, 1.0], [7, 27, 1.0], [8, 28, 1.0], [8, 29, 1.0], [8, 30, 1.0], [9, 10, 1.0], [9, 31, 1.0], [9, 32, 1.0], [10, 11, 1.0], [10, 33, 1.0], [10, 34, 1.0], [11, 12, 1.0], [11, 35, 1.0], [11, 36, 1.0], [12, 37, 1.0], [12, 38, 1.0], [12, 39, 1.0]], "fix_com": true, "fix_orientation": true, "provenance": {"creator": "QCElemental", "version": "v0.22.0", "routine": "qcelemental.molparse.from_schema"}, "id": "223262"}