{"schema_name": "qcschema_molecule", "schema_version": 2, "validated": true, "symbols": ["C", "C", "C", "C", "N", "C", "C", "C", "C", "C", "C", "C", "C", "H", "H", "H", "H", "H", "H", "H", "H", "H", "H", "H", "H", "H", "H", "H", "H", "H", "H", "H", "H", "H", "H", "H", "H", "H", "H", "H"], "geometry": [0.0, 0.0, 0.0, 2.899689122173791, 1.5664417524430609e-16, -3.683747734781104e-16, 4.085895223568801, 2.2751771591314345, -1.3523341381789449, 3.6481602860086584, 4.813384564859751, 4.440892098500626e-16, 4.649020935970712, 4.887631471812506, 2.5853171012911007, 7.004425036551526, 6.292689356971574, 2.8798516779049725, 9.29933749069711, 5.008944006265159, 1.6541185109473624, 9.86450852987549, 2.340912383544921, 2.6455753583952153, 10.45130495686669, 2.2383668467619424, 5.481961489124441, 2.813668769880363, 5.324108249731063, 4.6099188382986975, 2.038740584656869, 8.080191246098323, 5.175258620855169, 0.643069991999015, 9.499890753505177, 3.0617856842558298, -2.000479190585514, 8.460148536091374, 2.482439572460819, -0.7756474044846802, 1.6334960927391453, 1.0064936265208646, -0.7487352480519511, 0.04817539547105998, -1.93178500019473, -0.744917664186908, -1.6974850567263633, 0.9213927543092737, 3.600096807108894, -0.04389340397278507, 1.9489437381866002, 3.569481129868754, -1.7402205440308243, -0.9063007206718102, 6.119221292278743, 1.9544653753359702, -1.557200136252039, 3.3164245682463798, 2.424800955649145, -3.277113187781228, 4.486594475402084, 6.337116888532406, -1.1417287475423112, 1.61842645406465, 5.19539661471415, 0.03460841745430798, 7.363522786835978, 6.496167882589878, 4.907594337263667, 6.853562814882539, 8.234832932203616, 2.119709026902872, 9.038131732826418, 4.939986946965816, -0.4005066482842019, 10.946610977726909, 6.231596329743738, 1.9769660239184415, 8.250563905315417, 1.11117069241103, 2.2466378765323327, 11.47496926617671, 1.574196840561659, 1.5876380659247402, 11.013310297203695, 0.3300371106002169, 6.054114879448276, 8.803152375091909, 2.7612099744846867, 6.617678544559248, 11.997647570928748, 3.526016590262555, 5.980249476349526, 3.612109515315007, 4.534131816478577, 6.356070728259446, 1.1363788415168337, 4.185892505837973, 4.198582837172739, 0.8418479522171278, 8.05345858826396, 6.873633976901761, 3.7339163109120848, 9.152310529547876, 5.695141912947454, 0.46240325825173745, 11.488442899397004, 3.6217296742265273, 1.7935562873404995, 9.499784632724493, 1.340294379484586, -2.932844998598266, 9.56955147585018, 1.0045035725696891, -3.202611702282668, 8.520219316228218, 4.168924271401951, -1.9441686261977424, 6.495631795742691, 1.83546736803536], "name": "C12H27N", "identifiers": {"molecule_hash": "eb267fe28a72a5b4353aab93e114066f24e89ce8", "molecular_formula": "C12H27N"}, "molecular_charge": 0.0, "molecular_multiplicity": 1, "connectivity": [[0, 1, 1.0], [0, 13, 1.0], [0, 14, 1.0], [0, 15, 1.0], [1, 2, 1.0], [1, 16, 1.0], [1, 17, 1.0], [2, 3, 1.0], [2, 18, 1.0], [2, 19, 1.0], [3, 4, 1.0], [3, 20, 1.0], [3, 21, 1.0], [4, 5, 1.0], [4, 9, 1.0], [5, 6, 1.0], [5, 22, 1.0], [5, 23, 1.0], [6, 7, 1.0], [6, 24, 1.0], [6, 25, 1.0], [7, 8, 1.0], [7, 26, 1.0], [7, 27, 1.0], [8, 28, 1.0], [8, 29, 1.0], [8, 30, 1.0], [9, 10, 1.0], [9, 31, 1.0], [9, 32, 1.0], [10, 11, 1.0], [10, 33, 1.0], [10, 34, 1.0], [11, 12, 1.0], [11, 35, 1.0], [11, 36, 1.0], [12, 37, 1.0], [12, 38, 1.0], [12, 39, 1.0]], "fix_com": true, "fix_orientation": true, "provenance": {"creator": "QCElemental", "version": "v0.22.0", "routine": "qcelemental.molparse.from_schema"}, "id": "222553"}