{"schema_name": "qcschema_molecule", "schema_version": 2, "validated": true, "symbols": ["C", "C", "C", "C", "N", "C", "C", "C", "C", "C", "C", "C", "C", "H", "H", "H", "H", "H", "H", "H", "H", "H", "H", "H", "H", "H", "H", "H", "H", "H", "H", "H", "H", "H", "H", "H", "H", "H", "H", "H"], "geometry": [8.571672117980778, 2.12545621732649, -2.220446049250313e-16, 6.641591167396394, -1.1995646765587577e-15, 6.207136457949614e-16, 5.078420359330846, -0.09760747692290206, 2.411634211263856, 3.1824575052053943, -2.2590028674105356, 2.4746485738322703, 1.4718987389711677, -2.301853691204568, 0.323613273843842, 0.0, 0.0, -0.0, -1.7535773518077848, 0.7633884908926286, 2.1634504747479704, -3.2714228113896215, 3.1263031213881267, 1.5458463248850915, -5.004020467329896, 3.9539509927285432, 3.681454082131386, -0.014545073614941506, -4.610772831217791, 0.2795243679709998, -1.379822757988272, -5.070832158539243, -2.2166701118330074, 0.2909331547087543, -4.784527112125729, -4.549403411972761, 2.6361936715118324, -6.444077802251474, -4.5111202299163855, 7.650464499892658, 3.975691338382939, 0.19317265801533412, 9.906826625205621, 1.9344605821709833, 1.5779131277317866, 9.674646126346042, 2.1569203144940423, -1.7541752734914982, 7.602981891183741, -1.8273421314407416, -0.2538606066596032, 5.366725086457016, 0.18767693474870428, -1.6275184109257894, 4.109149712756913, 1.7221064496375769, 2.69348421903391, 6.335262746962596, -0.3124388922487782, 4.052933160233566, 4.225434794898389, -4.056294860404671, 2.4368330860004757, 2.1601173875919515, -2.2275475191554976, 4.3042901025631375, 1.319305038924912, 1.5594179116419065, -0.3821128095083487, -1.1187271520237942, -0.20561955496770223, -1.7358093252056004, -0.6439755860414937, 1.0978134435659626, 3.8906003223997163, -3.0582305051570655, -0.794726697794551, 2.605123729352817, -1.9639674755585061, 4.67300083334089, 1.0698972455465898, -4.3946010928121435, 2.787445701937587, -0.17196960436083564, -6.369695922697641, 2.4657192245110253, 4.157385832909312, -3.92355115982205, 4.374838998359623, 5.402415925517223, -6.076885653180566, 5.654865917410724, 3.1811279707416196, 1.3166463133435318, -6.169222985340067, 0.6100680741782325, -1.3985424493640952, -4.711676512988967, 1.8504563803038827, -3.0215065290826804, -3.8090160793700787, -2.3859451875942073, -2.164235114767372, -6.994774295946004, -2.145304867690636, 0.8766282885153331, -2.799927257894609, -4.724409985933807, -0.8466747324807834, -5.2141448613546615, -6.233477421852522, 3.685347084856151, -6.301639289070665, -6.292826003321727, 3.9197636386172996, -5.872153184290075, -2.986227255702903, 2.150617624147091, -8.443724254061134, -4.227653583965006], "name": "C12H27N", "identifiers": {"molecule_hash": "09351e25617e24411d9b2ac2054bd9d954f34d16", "molecular_formula": "C12H27N"}, "molecular_charge": 0.0, "molecular_multiplicity": 1, "connectivity": [[0, 1, 1.0], [0, 13, 1.0], [0, 14, 1.0], [0, 15, 1.0], [1, 2, 1.0], [1, 16, 1.0], [1, 17, 1.0], [2, 3, 1.0], [2, 18, 1.0], [2, 19, 1.0], [3, 4, 1.0], [3, 20, 1.0], [3, 21, 1.0], [4, 5, 1.0], [4, 9, 1.0], [5, 6, 1.0], [5, 22, 1.0], [5, 23, 1.0], [6, 7, 1.0], [6, 24, 1.0], [6, 25, 1.0], [7, 8, 1.0], [7, 26, 1.0], [7, 27, 1.0], [8, 28, 1.0], [8, 29, 1.0], [8, 30, 1.0], [9, 10, 1.0], [9, 31, 1.0], [9, 32, 1.0], [10, 11, 1.0], [10, 33, 1.0], [10, 34, 1.0], [11, 12, 1.0], [11, 35, 1.0], [11, 36, 1.0], [12, 37, 1.0], [12, 38, 1.0], [12, 39, 1.0]], "fix_com": true, "fix_orientation": true, "provenance": {"creator": "QCElemental", "version": "v0.22.0", "routine": "qcelemental.molparse.from_schema"}, "id": "222227"}