{"schema_name": "qcschema_molecule", "schema_version": 2, "validated": true, "symbols": ["C", "C", "C", "C", "N", "C", "C", "C", "C", "C", "C", "C", "C", "H", "H", "H", "H", "H", "H", "H", "H", "H", "H", "H", "H", "H", "H", "H", "H", "H", "H", "H", "H", "H", "H", "H", "H", "H", "H", "H"], "geometry": [0.0, -0.0, 0.0, 2.8885455160412454, -3.4152419268940157e-16, -4.376185746855477e-16, 4.002359152422965, 1.2278174249699392, -2.3674740140970103, 6.8900670600068485, 1.1463719884323855, -2.4913876753575956, 8.169634659219895, 2.3146082863153317, -0.35523730895929406, 7.635543522598109, 4.99075640323637, 8.881784197001252e-16, 8.517334919007922, 6.824359362144769, -2.070032057704994, 7.849209896472907, 9.565884868354367, -1.4334726971406013, 8.69780361850628, 11.43680166221738, -3.4633034409633354, 10.833881978418978, 1.6408332050494372, -0.2663055875699284, 12.144301380125993, 2.220325056638279, 2.248846916079082, 10.858334607522774, 1.1198835199737476, 4.598827394990705, 10.64949770035625, -1.7619175585878604, 4.599064448435789, -0.7428479881917294, 1.913021886580145, -0.0789167541172553, -0.7468096059074647, -1.0226794739720293, -1.6165450844357079, -0.7426998866969905, -0.8854629087139558, 1.6953321292024408, 3.5711770721450495, -1.9348101089686256, 0.13719554653677823, 3.5815065532935844, 0.9676792236873718, 1.6684925926410643, 3.3188717245409647, 3.1575918535391807, -2.5350617827140365, 3.3007106232540444, 0.24641812033467636, -4.033762598800922, 7.454188301875577, -0.8251332410409141, -2.5217199220539017, 7.503019077051323, 1.9423963381810276, -4.296660080507045, 5.61350843712861, 5.204521152650214, 0.2479227181964765, 8.464234995546724, 5.566703737194985, 1.78161091041969, 7.660791988819231, 6.327284289745419, -3.869950340825573, 10.54928611388872, 6.673200255342337, -2.332812867318933, 5.816817457450479, 9.729623143360326, -1.1666671821985082, 8.707076917252436, 10.078763061100117, 0.36358819096681216, 10.732203122499705, 11.368564728900838, -3.729230822351428, 7.819151788429834, 11.017599102591369, -5.270615386922682, 8.197991526156446, 13.361099575867799, -2.956867650912163, 10.953245144198327, -0.3758916983836815, -0.601329178177936, 11.916172169106689, 2.5267343688851893, -1.7870434703602012, 12.357687629483058, 4.248162729965895, 2.4891087394577083, 14.057689619952834, 1.4762254432794997, 2.1135498711305107, 8.98458973389091, 1.9267349755414518, 4.799552448088535, 11.931495684848883, 1.7109784537754522, 6.249351262539851, 9.89056220812309, -2.4346607117754644, 6.382758993796537, 9.404419482013918, -2.424841504788424, 3.1124279597451787, 12.48557880520272, -2.644541095859366, 4.3322570677835985], "name": "C12H27N", "identifiers": {"molecule_hash": "510b5b32e6cbcfcbb5b3590a058a084b6818aa70", "molecular_formula": "C12H27N"}, "molecular_charge": 0.0, "molecular_multiplicity": 1, "connectivity": [[0, 1, 1.0], [0, 13, 1.0], [0, 14, 1.0], [0, 15, 1.0], [1, 2, 1.0], [1, 16, 1.0], [1, 17, 1.0], [2, 3, 1.0], [2, 18, 1.0], [2, 19, 1.0], [3, 4, 1.0], [3, 20, 1.0], [3, 21, 1.0], [4, 5, 1.0], [4, 9, 1.0], [5, 6, 1.0], [5, 22, 1.0], [5, 23, 1.0], [6, 7, 1.0], [6, 24, 1.0], [6, 25, 1.0], [7, 8, 1.0], [7, 26, 1.0], [7, 27, 1.0], [8, 28, 1.0], [8, 29, 1.0], [8, 30, 1.0], [9, 10, 1.0], [9, 31, 1.0], [9, 32, 1.0], [10, 11, 1.0], [10, 33, 1.0], [10, 34, 1.0], [11, 12, 1.0], [11, 35, 1.0], [11, 36, 1.0], [12, 37, 1.0], [12, 38, 1.0], [12, 39, 1.0]], "fix_com": true, "fix_orientation": true, "provenance": {"creator": "QCElemental", "version": "v0.22.0", "routine": "qcelemental.molparse.from_schema"}, "id": "214750"}