{"schema_name": "qcschema_molecule", "schema_version": 2, "validated": true, "symbols": ["C", "C", "C", "C", "N", "C", "C", "C", "C", "C", "C", "C", "C", "H", "H", "H", "H", "H", "H", "H", "H", "H", "H", "H", "H", "H", "H", "H", "H", "H", "H", "H", "H", "H", "H", "H", "H", "H", "H", "H"], "geometry": [0.0, 0.0, 0.0, 2.876345131465302, -3.8597961203834345e-16, -1.060995309308571e-16, 4.059779857070508, 2.245782738371899, -1.3631152430801547, 3.6902147272552708, 4.766852089637147, 8.881784197001252e-16, 4.76475536225852, 4.82046894293793, 2.536224422233557, 7.080543674038125, 6.263334146205652, 2.7756109825596313, 9.344467155903576, 5.030538149918567, 1.486223918932003, 9.973891632283136, 2.3851091234831268, 2.442733463020827, 10.70390269286629, 2.2859360289530755, 5.221538065886874, 2.993952874037832, 5.17958091888236, 4.608007124999872, 2.203886335590445, 7.8924779184446345, 5.248421661815717, 0.7073887865860744, 9.31727359873036, 3.2367961064388826, -1.9159285061054492, 8.245886582759297, 2.746583593811437, -0.7841697449066107, 1.663267596558234, 0.9630068167676505, -0.751596770269146, -0.0004667478081566978, -1.9352427447545333, -0.7531145808873919, -1.672832897755255, 0.9645552698876135, 3.5861745706007757, -0.020714268732284546, 1.95408586885406, 3.54960774091981, -1.7552694861604698, -0.8816963698830125, 6.09041358886676, 1.8994640947031634, -1.6079916612762424, 3.259121193201586, 2.4090211276746967, -3.277526301949422, 4.510307575714279, 6.296054721953214, -1.1577669706600489, 1.6591915317711672, 5.173425343549545, 0.10209655238717774, 7.484966767396243, 6.4626307786697215, 4.801878485539171, 6.869356549006828, 8.213280240533418, 2.0326621908201865, 9.012036010253544, 4.9660687149525105, -0.5645355899945236, 10.985743562585226, 6.280841677891637, 1.7504703372415111, 8.33695264999321, 1.148524846609012, 2.127085645428799, 11.52730162384584, 1.6194967433109961, 1.296168424845069, 11.290103000875682, 0.37630042117897133, 5.773957734633644, 9.118865831007563, 2.8166689523890716, 6.449424317572112, 12.28064055054905, 3.5715342152279996, 5.639453585172599, 3.849612032288089, 4.358745759368526, 6.318268193518346, 1.3210428562950982, 4.016886795413862, 4.21098667527125, 1.0840868312777747, 7.821028376001156, 7.001573589918756, 3.909248577268962, 8.982137562396746, 5.716920224776043, 0.515742427778743, 11.294756680392668, 3.8434355482541025, 1.7969877939087795, 9.381357419809977, 1.4683051669664824, -2.931855934846525, 9.353393761951288, 1.3195655645328812, -3.0569246779297146, 8.257762738260862, 4.480631115783634, -1.852020701666215, 6.283756297148993, 2.0718978114894884], "name": "C12H27N", "identifiers": {"molecule_hash": "43e341a25f6ce5697ab845ae3b8952492cda446a", "molecular_formula": "C12H27N"}, "molecular_charge": 0.0, "molecular_multiplicity": 1, "connectivity": [[0, 1, 1.0], [0, 13, 1.0], [0, 14, 1.0], [0, 15, 1.0], [1, 2, 1.0], [1, 16, 1.0], [1, 17, 1.0], [2, 3, 1.0], [2, 18, 1.0], [2, 19, 1.0], [3, 4, 1.0], [3, 20, 1.0], [3, 21, 1.0], [4, 5, 1.0], [4, 9, 1.0], [5, 6, 1.0], [5, 22, 1.0], [5, 23, 1.0], [6, 7, 1.0], [6, 24, 1.0], [6, 25, 1.0], [7, 8, 1.0], [7, 26, 1.0], [7, 27, 1.0], [8, 28, 1.0], [8, 29, 1.0], [8, 30, 1.0], [9, 10, 1.0], [9, 31, 1.0], [9, 32, 1.0], [10, 11, 1.0], [10, 33, 1.0], [10, 34, 1.0], [11, 12, 1.0], [11, 35, 1.0], [11, 36, 1.0], [12, 37, 1.0], [12, 38, 1.0], [12, 39, 1.0]], "fix_com": true, "fix_orientation": true, "provenance": {"creator": "QCElemental", "version": "v0.22.0", "routine": "qcelemental.molparse.from_schema"}, "id": "240950"}