{"schema_name": "qcschema_molecule", "schema_version": 2, "validated": true, "symbols": ["C", "C", "C", "C", "N", "C", "C", "C", "C", "C", "C", "C", "C", "H", "H", "H", "H", "H", "H", "H", "H", "H", "H", "H", "H", "H", "H", "H", "H", "H", "H", "H", "H", "H", "H", "H", "H", "H", "H", "H"], "geometry": [4.070195447000414, 2.650403318409299, 5.551115123125783e-16, 2.900988844339559, 8.663163724532328e-16, 2.035640831568847e-16, -0.0, 0.0, -0.0, -1.2007469507409856, 1.3895458608673605, 2.2523654027936058, -0.14938402891784108, 0.6457750969791405, 4.701962551690672, -0.5840629562583131, 2.535030912286005, 6.68202241109875, -3.3317795717944163, 2.9087825923233397, 7.568718411854332, -3.6118232994493935, 4.987536815590225, 9.577053095019956, -2.364775466035928, 4.354330789990628, 12.118703889562038, -0.8428561687125455, -1.9405223611713904, 5.3992192363142415, 0.4927252982265074, -2.9060721466423325, 7.778551374707924, 0.06289937390641509, -5.738040962970425, 8.262399776882644, 1.3088093815744837, -7.489527323572412, 6.315183896089358, 6.131483403710041, 2.553960067263216, -0.16560204782876653, 3.633818267633191, 3.6568951651444754, 1.7530633408974299, 3.3645055315621777, 3.786461913977969, -1.5842550238172968, 3.5765947342806053, -1.0325333635701852, 1.6619335298169473, 3.5596877601085146, -1.0462446881347942, -1.665160418206067, -0.6820198922367684, -1.954891963945228, -0.08041967077896361, -0.7001962336891602, 0.9096289537015534, -1.7295261667855133, -0.8675543478352565, 3.420678740467903, 2.0340159038432075, -3.272570242550363, 1.1241686335336087, 2.1621958839791025, 0.6095288020782349, 2.0502615583323176, 8.297164152188877, 0.13800181125647093, 4.344140342720557, 5.969653818878472, -4.5154930879297694, 3.3830826658116253, 5.935391766480249, -4.074538675148583, 1.1288724999471662, 8.332223028089201, -2.82336143201068, 6.762137670589266, 8.843174168976457, -5.629543016151221, 5.343622391747153, 9.892309630404787, -2.73942985551285, 5.831028050889342, 13.520019597165494, -3.0963639692847185, 2.5691384061673497, 12.875503375260871, -0.31144189818780377, 4.168286641943261, 11.951398245763873, -2.910562733891262, -2.1637144518894105, 5.637397608806314, -0.3191421336532112, -3.1556805730380515, 3.8140362660812483, 2.523641060741584, -2.5223548231013937, 7.602445847220215, -0.17044422120373168, -1.853368769408571, 9.434170751354959, 0.8004537616745422, -6.200695240732039, 10.143342042447504, -1.9755760272579952, -6.1218026068288225, 8.336364519757952, 3.344420874355283, -7.12454554221193, 6.189268369249238, 1.055553892360586, -9.476906466556988, 6.835749401131587, 0.5118541875664171, -7.242234338571472, 4.422265947258428], "name": "C12H27N", "identifiers": {"molecule_hash": "4409eefa8382656e998a9edda6181e7f82144a94", "molecular_formula": "C12H27N"}, "molecular_charge": 0.0, "molecular_multiplicity": 1, "connectivity": [[0, 1, 1.0], [0, 13, 1.0], [0, 14, 1.0], [0, 15, 1.0], [1, 2, 1.0], [1, 16, 1.0], [1, 17, 1.0], [2, 3, 1.0], [2, 18, 1.0], [2, 19, 1.0], [3, 4, 1.0], [3, 20, 1.0], [3, 21, 1.0], [4, 5, 1.0], [4, 9, 1.0], [5, 6, 1.0], [5, 22, 1.0], [5, 23, 1.0], [6, 7, 1.0], [6, 24, 1.0], [6, 25, 1.0], [7, 8, 1.0], [7, 26, 1.0], [7, 27, 1.0], [8, 28, 1.0], [8, 29, 1.0], [8, 30, 1.0], [9, 10, 1.0], [9, 31, 1.0], [9, 32, 1.0], [10, 11, 1.0], [10, 33, 1.0], [10, 34, 1.0], [11, 12, 1.0], [11, 35, 1.0], [11, 36, 1.0], [12, 37, 1.0], [12, 38, 1.0], [12, 39, 1.0]], "fix_com": true, "fix_orientation": true, "provenance": {"creator": "QCElemental", "version": "v0.22.0", "routine": "qcelemental.molparse.from_schema"}, "id": "220098"}