{"schema_name": "qcschema_molecule", "schema_version": 2, "validated": true, "symbols": ["C", "C", "C", "C", "N", "C", "C", "C", "C", "C", "C", "C", "C", "H", "H", "H", "H", "H", "H", "H", "H", "H", "H", "H", "H", "H", "H", "H", "H", "H", "H", "H", "H", "H", "H", "H", "H", "H", "H", "H"], "geometry": [10.561808695672191, 1.8117502915069934, -3.3306690738754696e-16, 8.327771498907449, 4.570349592825776e-16, -1.5345738783003772e-15, 6.2952707898432525, 0.6274128837882577, 1.9435624416429143, 4.816143069462052, 3.0380227942566966, 1.350609432262695, 3.4965368608897665, 2.9592589769194024, -1.0664926298234172, 0.7835695480404403, 2.6280121442888174, -0.8872572529473715, 0.0, -0.0, 0.0, 0.9384443317048258, -2.156456985654074, -1.6668520986040403, -0.0645649909544499, -2.078633691704889, -4.359884275489307, 4.2852361033089466, 4.798064074273373, -2.9516281024060804, 3.145809489732103, 7.457385009226035, -2.797144441235791, 3.8064623123719015, 9.018593787644843, -0.4642599567599248, 6.578651148217493, 9.765050379221872, -0.29769561793992505, 9.99427760216468, 3.756515206262503, -0.4522845342996282, 11.491225607884433, 1.8589420917264392, 1.855806978471494, 11.98511162929328, 1.2523496707073671, -1.3989989453248304, 7.440226893646721, -0.03251374638318416, -1.8798792318700528, 9.02250761600545, -1.925542373465365, 0.3482388470423269, 4.9709937696660775, -0.9634903106841463, 2.0802804561766015, 7.1601869922406545, 0.8320303099768434, 3.8257745555721323, 3.4620627091689182, 3.4057312049641957, 2.8942072528399105, 6.129806065805048, 4.642632268315059, 1.3678925223222844, -0.012551534298877898, 2.96763053338265, -2.7740237334181246, -0.09771133955906397, 4.049985886853616, 0.3777318190679879, 0.6631316675483969, -0.28992632526689843, 1.9484559157207832, -2.0771949639045615, -0.04434749525311822, 0.10083504537330988, 3.013156492472738, -2.1159341096132147, -1.7145049766114262, 0.39902622817680833, -3.957512668552226, -0.7841954031594509, 0.5350984760436199, -3.7487230561194864, -5.430730523661505, 0.6267875156249308, -0.41471463003442377, -5.387079001139503, -2.140378385773086, -2.0222230055835255, -4.3964210247440585, 3.8112682272294736, 4.024056091292854, -4.824375274719718, 6.357774304725227, 4.898375442835538, -2.9003073198493667, 3.7458323358732413, 8.495307566255086, -4.498698730614962, 1.0794272340603963, 7.297961516548536, -2.937707387719286, 2.6525144526509945, 10.745765312071232, -0.4857527398930106, 3.2370828679710435, 7.990831876510555, 1.2499178164579332, 6.953379704243257, 10.915871433593376, 1.384639235301373, 7.148212418282809, 10.874186516858881, -1.9573194016554618, 7.834682480041242, 8.114799993297698, -0.20659497425952367], "name": "C12H27N", "identifiers": {"molecule_hash": "43e341a25f6ce5697ab845ae3b8952492cda446a", "molecular_formula": "C12H27N"}, "molecular_charge": 0.0, "molecular_multiplicity": 1, "connectivity": [[0, 1, 1.0], [0, 13, 1.0], [0, 14, 1.0], [0, 15, 1.0], [1, 2, 1.0], [1, 16, 1.0], [1, 17, 1.0], [2, 3, 1.0], [2, 18, 1.0], [2, 19, 1.0], [3, 4, 1.0], [3, 20, 1.0], [3, 21, 1.0], [4, 5, 1.0], [4, 9, 1.0], [5, 6, 1.0], [5, 22, 1.0], [5, 23, 1.0], [6, 7, 1.0], [6, 24, 1.0], [6, 25, 1.0], [7, 8, 1.0], [7, 26, 1.0], [7, 27, 1.0], [8, 28, 1.0], [8, 29, 1.0], [8, 30, 1.0], [9, 10, 1.0], [9, 31, 1.0], [9, 32, 1.0], [10, 11, 1.0], [10, 33, 1.0], [10, 34, 1.0], [11, 12, 1.0], [11, 35, 1.0], [11, 36, 1.0], [12, 37, 1.0], [12, 38, 1.0], [12, 39, 1.0]], "fix_com": true, "fix_orientation": true, "provenance": {"creator": "QCElemental", "version": "v0.22.0", "routine": "qcelemental.molparse.from_schema"}, "id": "240950"}