{"schema_name": "qcschema_molecule", "schema_version": 2, "validated": true, "symbols": ["C", "C", "C", "C", "N", "C", "C", "C", "C", "C", "C", "C", "C", "H", "H", "H", "H", "H", "H", "H", "H", "H", "H", "H", "H", "H", "H", "H", "H", "H", "H", "H", "H", "H", "H", "H", "H", "H", "H", "H"], "geometry": [0.0, 0.0, 0.0, 2.876604854783498, 7.992518160211846e-16, 5.89298452495086e-16, 4.058510881572022, 2.279332331623878, 1.3078120615722058, 3.5246013367759232, 4.791352070999018, 1.3322676295501878e-15, 4.7825112817336315, 6.893008404033973, 1.2417934579493966, 7.428270326793703, 7.252473807457828, 0.5880559756614279, 8.036509695562792, 9.06255707032818, -1.5856382010641057, 6.877096636539638, 8.404695804859474, -4.134667154435994, 7.70487028246918, 10.198975285128954, -6.220095906220329, 3.318613307117938, 9.188285272979876, 1.5251971979310714, 4.303372795460428, 10.871285435190229, 3.651379227548518, 4.60350228128799, 9.527864558376153, 6.184278708330913, 2.169430380501334, 8.382416511771437, 7.193557327418798, -0.778212002235826, 1.5930436650615163, -1.0757462680554182, -0.7450374069561313, 0.13115923348576297, 1.9334390037179165, -0.7529348560075795, -1.7363277992154085, -0.8448993918726478, 3.5690863633471586, -0.10312047995653761, -1.959528771118002, 3.5537523124451953, -1.7273689080718357, 0.931828046418452, 3.3904269507557063, 2.405620782272436, 3.2726132651320894, 6.1154489351641566, 2.0078600642849933, 1.4177875206317512, 4.028573165081135, 4.622530346183804, -2.0207708338192814, 1.4863870372497243, 5.169952473394855, 0.04632264216456283, 8.216494811590367, 5.380804088457917, 0.16024528072679134, 8.453895677814423, 7.918836492510527, 2.2730461477605055, 7.467075569844107, 10.99504934136974, -1.0649100016716484, 10.107684663182365, 9.129932589432281, -1.772744636797222, 4.805134873239799, 8.43251423158121, -3.9806768994840187, 7.387489438690153, 6.453379933131636, -4.644499105852692, 9.76510589433336, 10.161874694592365, -6.466891592667146, 6.8435945149536845, 9.709747657689986, -8.040231984572774, 7.171040705658709, 12.155182288342571, -5.777652025991825, 3.2016892151763576, 10.324407325445964, -0.2325716055843201, 1.3725809608837092, 8.6199148055486, 1.9625061777378763, 2.9922573891737603, 12.472725339258922, 3.8503868837334227, 6.127652233607281, 11.701676559866451, 3.1015505891614756, 6.023454177245105, 8.026540222811846, 5.985584352207265, 5.359563320013806, 10.88246963987446, 7.56546724280949, 2.4449487601916413, 7.580475810280738, 9.084851065230266, 1.4944113533151437, 6.851622487095832, 5.967941096105455, 0.6589985016654298, 9.801852676077107, 7.328434666379319], "name": "C12H27N", "identifiers": {"molecule_hash": "9c7e61a8fef056f342a29a6e607fe3b18e4e413d", "molecular_formula": "C12H27N"}, "molecular_charge": 0.0, "molecular_multiplicity": 1, "connectivity": [[0, 1, 1.0], [0, 13, 1.0], [0, 14, 1.0], [0, 15, 1.0], [1, 2, 1.0], [1, 16, 1.0], [1, 17, 1.0], [2, 3, 1.0], [2, 18, 1.0], [2, 19, 1.0], [3, 4, 1.0], [3, 20, 1.0], [3, 21, 1.0], [4, 5, 1.0], [4, 9, 1.0], [5, 6, 1.0], [5, 22, 1.0], [5, 23, 1.0], [6, 7, 1.0], [6, 24, 1.0], [6, 25, 1.0], [7, 8, 1.0], [7, 26, 1.0], [7, 27, 1.0], [8, 28, 1.0], [8, 29, 1.0], [8, 30, 1.0], [9, 10, 1.0], [9, 31, 1.0], [9, 32, 1.0], [10, 11, 1.0], [10, 33, 1.0], [10, 34, 1.0], [11, 12, 1.0], [11, 35, 1.0], [11, 36, 1.0], [12, 37, 1.0], [12, 38, 1.0], [12, 39, 1.0]], "fix_com": true, "fix_orientation": true, "provenance": {"creator": "QCElemental", "version": "v0.22.0", "routine": "qcelemental.molparse.from_schema"}, "id": "223902"}