{"schema_name": "qcschema_molecule", "schema_version": 2, "validated": true, "symbols": ["C", "C", "C", "C", "N", "C", "C", "C", "C", "C", "C", "C", "C", "H", "H", "H", "H", "H", "H", "H", "H", "H", "H", "H", "H", "H", "H", "H", "H", "H", "H", "H", "H", "H", "H", "H", "H", "H", "H", "H"], "geometry": [0.0, 0.0, 0.0, 2.8712397880581735, -1.9307313564232888e-16, 3.9992248073656953e-16, 3.989794220048948, 1.7926829880070345, -1.9503493300755894, 6.86359179526204, 1.7598782090974698, -2.0545835384541125, 8.07820344861427, 2.258801242994882, 0.360387542284212, 7.373593033647609, 4.6574143841327675, 1.5101136325336513, 7.972845621849341, 7.0476312670692325, 4.440892098500626e-16, 7.437810289306185, 9.484427278041448, 1.4452091184903937, 4.6557864841277095, 9.92764222991593, 2.028182868411738, 10.797827632826, 1.8635835643921228, 0.23491568134106933, 11.548494088340334, -0.9140805024275527, 0.39118353136417405, 10.738066688821773, -2.1748211376281112, 2.8436865957742192, 11.410438876285772, -4.963435758980628, 2.9568629461792053, -0.7652569518005004, -1.30243709260347, 1.4186509195786186, -0.7555932671458551, -0.569047733117818, -1.847716613053044, -0.7499936632032744, 1.8903501296537792, 0.4164131833981683, 3.5780473468657923, -1.9220311356777735, -0.36501407856237345, 3.5866829445695445, 0.509872247604149, 1.8810602219566848, 3.285059161179871, 1.2943724772014296, -3.841102255638705, 3.30472504606203, 3.725595380988664, -1.5964047599628126, 7.517849445468812, 3.0856120397009983, -3.541650887594508, 7.47300935694814, -0.12574516336802244, -2.669959539791677, 8.341746739365352, 4.758711632447142, 3.346461008714397, 5.3450841513920455, 4.589209643317767, 1.9446255251100952, 6.880605895549916, 7.05404368041491, -1.770766549043151, 9.975881830989184, 7.011453845023948, -0.552155715994576, 8.160926890285708, 11.088380009073717, 0.3425994241960595, 8.525019246482328, 9.47819769373311, 3.2194582126405176, 4.365986420879622, 11.758227597171176, 2.9557813982988654, 3.880806625971894, 8.472375567348019, 3.2852931311043543, 3.5195738966578376, 9.919694207083326, 0.2902452517078151, 11.649827879316689, 2.8627188799348033, 1.8440554322607712, 11.629552494834527, 2.709965488546393, -1.491136965632601, 13.612757861065607, -1.040547728954197, 0.173926133900055, 10.752604450469407, -1.9600447965247478, -1.2203816687862776, 11.620489754375505, -1.176477297230495, 4.442305275304298, 8.691465803330285, -1.9153577098772292, 3.067025910250458, 13.457484513834059, -5.257953290628343, 2.776296324600284, 10.498231000731467, -6.01778385542009, 1.4189249507437274, 10.809873560880963, -5.822343637776061, 4.744925587308016], "name": "C12H27N", "identifiers": {"molecule_hash": "15cdb5b3f34f177add84b4475cba186a530bf9be", "molecular_formula": "C12H27N"}, "molecular_charge": 0.0, "molecular_multiplicity": 1, "connectivity": [[0, 1, 1.0], [0, 13, 1.0], [0, 14, 1.0], [0, 15, 1.0], [1, 2, 1.0], [1, 16, 1.0], [1, 17, 1.0], [2, 3, 1.0], [2, 18, 1.0], [2, 19, 1.0], [3, 4, 1.0], [3, 20, 1.0], [3, 21, 1.0], [4, 5, 1.0], [4, 9, 1.0], [5, 6, 1.0], [5, 22, 1.0], [5, 23, 1.0], [6, 7, 1.0], [6, 24, 1.0], [6, 25, 1.0], [7, 8, 1.0], [7, 26, 1.0], [7, 27, 1.0], [8, 28, 1.0], [8, 29, 1.0], [8, 30, 1.0], [9, 10, 1.0], [9, 31, 1.0], [9, 32, 1.0], [10, 11, 1.0], [10, 33, 1.0], [10, 34, 1.0], [11, 12, 1.0], [11, 35, 1.0], [11, 36, 1.0], [12, 37, 1.0], [12, 38, 1.0], [12, 39, 1.0]], "fix_com": true, "fix_orientation": true, "provenance": {"creator": "QCElemental", "version": "v0.22.0", "routine": "qcelemental.molparse.from_schema"}, "id": "251899"}