{"schema_name": "qcschema_molecule", "schema_version": 2, "validated": true, "symbols": ["C", "C", "C", "C", "N", "C", "C", "C", "C", "C", "C", "C", "C", "H", "H", "H", "H", "H", "H", "H", "H", "H", "H", "H", "H", "H", "H", "H", "H", "H", "H", "H", "H", "H", "H", "H", "H", "H", "H", "H"], "geometry": [7.1800719351663, 2.651968737297624, -2.7755575615628914e-16, 6.011486435699673, -2.512136046733394e-16, 8.59114999107871e-16, 4.2167156972996125, -0.4744715705182422, 2.2334869356411153, 1.6547266250082544, 0.8699101111351626, 2.0572404743550385, 0.0, 0.0, 0.0, -0.675541117571528, -2.6961543284391056, 0.3060446656531187, 0.8272412004551996, -4.568108104713388, -1.3362696239395633, -0.06398051859144571, -4.7883699955487105, -4.091662156095525, 0.387864243191526, -2.438114270583563, -5.722958555530552, -2.298623431844528, 1.56824277617018, -0.12208629103405219, -1.9715785380480226, 4.327885620134959, -0.9605883186810482, -1.1207804101656371, 4.7251671220047164, -3.7114589118450656, 1.7216792820867255, 4.402006420287225, -4.160131734345942, 5.732218171120104, 4.126349197532203, -0.053033405582079696, 8.401636340447272, 2.930990605739859, -1.647500729804599, 8.327661986545206, 2.955849970291694, 1.698482242424896, 7.536325426863686, -1.404021881652617, 0.05619509288238439, 4.992726054713408, -0.31214859174055265, -1.7727957146999316, 3.91897639186987, -2.506905886974458, 2.480192718691583, 5.1295884595885255, 0.17152073765309273, 3.9820625000336856, 1.989126519732562, 2.8911991149264087, 1.799220236929724, 0.6760812676508381, 0.6652045500013736, 3.898697443796529, -2.6816349892427054, -2.9310846912752644, -0.1511945090171119, -0.4987630485964656, -3.2454401123490757, 2.3078159641087637, 2.837866774634972, -4.091126056584059, -1.3005485280286635, 0.6544911064710549, -6.438883619861192, -0.4528207689917143, -2.08578758576335, -5.262976765510585, -4.107459845461618, 0.9055477712929936, -6.403329162536732, -4.960719260253245, -0.6382813448980378, -0.801657567576701, -5.001252335097262, 2.3952281209478583, -1.9314030016827144, -5.752697903634874, -0.2112836565023546, -2.7721813782499307, -7.677401778591793, -3.5825543791119836, 0.6695374922311745, -1.4750038577010456, -3.288152795177114, 1.5593387852664269, 1.724970729955614, -0.7068868316608053, 5.354342040583865, 0.320404708965488, -3.8352909308004683, 5.20488112576636, -0.7134908739728613, -2.172097765810741, 3.4209322983282426, -4.93568225083816, -1.677901733511404, 6.6334586780790215, -4.30284703863255, 2.1942185990759486, 4.666783937837227, -6.159020152167937, 2.797799748531499, 5.80030390352907, -3.074578417011228, 2.3491411523257026, 2.5255208855766176, -3.5843686837172855], "name": "C12H27N", "identifiers": {"molecule_hash": "6d5710ddc818fed0b3f8d06e3edc91d63d0cb86b", "molecular_formula": "C12H27N"}, "molecular_charge": 0.0, "molecular_multiplicity": 1, "connectivity": [[0, 1, 1.0], [0, 13, 1.0], [0, 14, 1.0], [0, 15, 1.0], [1, 2, 1.0], [1, 16, 1.0], [1, 17, 1.0], [2, 3, 1.0], [2, 18, 1.0], [2, 19, 1.0], [3, 4, 1.0], [3, 20, 1.0], [3, 21, 1.0], [4, 5, 1.0], [4, 9, 1.0], [5, 6, 1.0], [5, 22, 1.0], [5, 23, 1.0], [6, 7, 1.0], [6, 24, 1.0], [6, 25, 1.0], [7, 8, 1.0], [7, 26, 1.0], [7, 27, 1.0], [8, 28, 1.0], [8, 29, 1.0], [8, 30, 1.0], [9, 10, 1.0], [9, 31, 1.0], [9, 32, 1.0], [10, 11, 1.0], [10, 33, 1.0], [10, 34, 1.0], [11, 12, 1.0], [11, 35, 1.0], [11, 36, 1.0], [12, 37, 1.0], [12, 38, 1.0], [12, 39, 1.0]], "fix_com": true, "fix_orientation": true, "provenance": {"creator": "QCElemental", "version": "v0.22.0", "routine": "qcelemental.molparse.from_schema"}, "id": "220237"}