{"schema_name": "qcschema_molecule", "schema_version": 2, "validated": true, "symbols": ["C", "C", "C", "C", "N", "C", "C", "C", "C", "C", "C", "C", "C", "H", "H", "H", "H", "H", "H", "H", "H", "H", "H", "H", "H", "H", "H", "H", "H", "H", "H", "H", "H", "H", "H", "H", "H", "H", "H", "H"], "geometry": [7.618645439414665, 2.877689567571737, -8.881784197001252e-16, 7.951188042143263, -6.490819722934962e-15, 2.333973579649258e-15, 6.679667818763574, -1.3256085710353285, -2.245380705563471, 3.817508979995113, -0.8644240280317349, -2.448201921966327, 2.4568661593425176, -1.279515269693519, -0.07429469753942741, 0.0, -0.0, 0.0, -2.0686631057673988, -1.0112189870117805, -1.7815543299387464, -4.5419300402185545, 0.50376078759599, -1.6371979541365338, -5.929413818219281, 0.26690679705933623, 0.8995038186434197, 2.3915266006668596, -3.9508498860520334, 0.6438328290715367, 1.2852162636644495, -4.425335049512335, 3.275985358038041, 1.59310446862767, -7.172687995848676, 4.168265369951872, 4.334012245097952, -7.962888048974531, 4.692340118361344, 8.692037048026828, 3.75040580620638, 1.540074738704993, 5.633244834195413, 3.3979555418188934, 0.2533568831727566, 8.278511358549954, 3.713550989299679, -1.7788771802003942, 7.1798502820958365, -0.765617555484711, 1.761663799252589, 9.972835828111583, -0.4623609406188628, -0.02083308726799525, 7.071584464580387, -3.35791441596486, -2.1486576837463227, 7.5362159106475435, -0.673332421858701, -4.020154367804857, 3.4994716128490375, 1.1049097755602157, -3.000262780972132, 3.0698021917886518, -2.037028104489193, -4.009272582167126, -0.6796190554484245, -0.04006034233684119, 1.950604666342338, 0.33835795006170544, 1.998697507089736, -0.43868627028734664, -1.366094263144896, -0.9741354521180141, -3.73063514183376, -2.46837466900865, -2.998521457423417, -1.3415885598190234, -4.145390826132234, 2.5043758169270762, -2.0241795365993243, -5.8047723797830315, -0.13401116721082407, -3.1524050802029238, -7.74207200790797, 1.2652802473434526, 0.8525233397336432, -6.316910260385107, -1.7193105720234647, 1.3463439656345788, -4.829510064312787, 1.0569308567535978, 2.463107368641915, 1.3562374315594514, -5.116160772575238, -0.7533718661126045, 4.340651966829566, -4.6320082184888856, 0.618841777978249, 2.2010356860017724, -3.140931477073843, 4.623001773827512, -0.7324320958664776, -3.9583797803294396, 3.286065344859095, 0.48317722470461333, -7.427394089184417, 5.900075284824293, 0.7598228544112109, -8.450665895551165, 2.7609487805098434, 5.215684485165454, -6.697778377389624, 6.076150853296743, 4.419160362395219, -9.88635781843265, 5.452482532602513, 5.496630285599612, -7.924579225251266, 2.9817023751151535], "name": "C12H27N", "identifiers": {"molecule_hash": "4409eefa8382656e998a9edda6181e7f82144a94", "molecular_formula": "C12H27N"}, "molecular_charge": 0.0, "molecular_multiplicity": 1, "connectivity": [[0, 1, 1.0], [0, 13, 1.0], [0, 14, 1.0], [0, 15, 1.0], [1, 2, 1.0], [1, 16, 1.0], [1, 17, 1.0], [2, 3, 1.0], [2, 18, 1.0], [2, 19, 1.0], [3, 4, 1.0], [3, 20, 1.0], [3, 21, 1.0], [4, 5, 1.0], [4, 9, 1.0], [5, 6, 1.0], [5, 22, 1.0], [5, 23, 1.0], [6, 7, 1.0], [6, 24, 1.0], [6, 25, 1.0], [7, 8, 1.0], [7, 26, 1.0], [7, 27, 1.0], [8, 28, 1.0], [8, 29, 1.0], [8, 30, 1.0], [9, 10, 1.0], [9, 31, 1.0], [9, 32, 1.0], [10, 11, 1.0], [10, 33, 1.0], [10, 34, 1.0], [11, 12, 1.0], [11, 35, 1.0], [11, 36, 1.0], [12, 37, 1.0], [12, 38, 1.0], [12, 39, 1.0]], "fix_com": true, "fix_orientation": true, "provenance": {"creator": "QCElemental", "version": "v0.22.0", "routine": "qcelemental.molparse.from_schema"}, "id": "220098"}