{"schema_name": "qcschema_molecule", "schema_version": 2, "validated": true, "symbols": ["C", "C", "C", "C", "N", "C", "C", "C", "C", "C", "C", "C", "C", "H", "H", "H", "H", "H", "H", "H", "H", "H", "H", "H", "H", "H", "H", "H", "H", "H", "H", "H", "H", "H", "H", "H", "H", "H", "H", "H"], "geometry": [0.0, -0.0, 0.0, 2.8885455160412454, 2.547929117959357e-16, -4.931828902146811e-16, 4.002359152422965, 2.6639532458221136, 0.12578529547705725, 6.8900670600068485, 2.742477216821709, 4.996003610813204e-16, 8.169634659219895, 1.2902334922929652, 1.9542012690922435, 7.635543522598109, 2.086166224706208, 4.5338239885707825, 8.517334919007922, 4.73313203417007, 5.33426420143701, 7.849209896472907, 5.300827507006945, 8.090872946043408, 8.69780361850628, 7.926870071451843, 8.942015089195934, 10.833881978418978, 0.9278019401954463, 1.3792881615287427, 12.144301380125993, -1.114842822243747, 2.957073095272717, 10.858334607522774, -3.709660278294722, 2.939689290872099, 10.64949770035625, -4.914485829610708, 0.32183274333376694, -0.7428479881917294, 0.8713461384338865, 1.7048860664723067, -0.7468096059074647, 1.0410549194007532, -1.6047728721811219, -0.7426998866969905, -1.910243562114096, -0.09573465629493877, 3.5711770721450495, -0.9333967808052488, -1.7003185658396807, 3.5815065532935844, -1.1112367706157371, 1.5765225819143227, 3.3188717245409647, 3.622854721483485, 1.808825094568041, 3.3007106232540444, 3.767452721645191, -1.4622799265813229, 7.454188301875577, 1.9459313162279661, -1.8036816635087007, 7.503019077051323, 4.715209535008245, -0.031470986149157, 5.61350843712861, 1.9502972076627825, 4.831650536241646, 8.464234995546724, 0.7084214796035863, 5.801764123183856, 7.660791988819231, 6.16047708705161, 4.130322527796984, 10.54928611388872, 4.9086683345648625, 5.0871006185321335, 5.816817457450479, 5.126893154219172, 8.351146353109403, 8.707076917252436, 3.8826840376643976, 9.307976465272827, 10.732203122499705, 8.139926824673282, 8.768866392558872, 7.819151788429834, 9.39348303406255, 7.805725656917959, 8.197991526156446, 8.271169500494512, 10.901825685423283, 10.953245144198327, 0.3891490449174718, -0.5928358712845739, 11.916172169106689, 2.679619555271874, 1.5484023943624057, 12.357687629483058, -0.48545893909645477, 4.899681470827198, 14.057689619952834, -1.3029711173107255, 2.2245450961029296, 8.98458973389091, -3.554739033567788, 3.756573141994831, 11.931495684848883, -4.961987964305981, 4.166595002394023, 9.89056220812309, -6.816083582602114, 0.45627814908838726, 9.404419482013918, -3.8410656512338255, -0.9018197108401365, 12.48557880520272, -5.041048149792935, -0.5915086309761012], "name": "C12H27N", "identifiers": {"molecule_hash": "510b5b32e6cbcfcbb5b3590a058a084b6818aa70", "molecular_formula": "C12H27N"}, "molecular_charge": 0.0, "molecular_multiplicity": 1, "connectivity": [[0, 1, 1.0], [0, 13, 1.0], [0, 14, 1.0], [0, 15, 1.0], [1, 2, 1.0], [1, 16, 1.0], [1, 17, 1.0], [2, 3, 1.0], [2, 18, 1.0], [2, 19, 1.0], [3, 4, 1.0], [3, 20, 1.0], [3, 21, 1.0], [4, 5, 1.0], [4, 9, 1.0], [5, 6, 1.0], [5, 22, 1.0], [5, 23, 1.0], [6, 7, 1.0], [6, 24, 1.0], [6, 25, 1.0], [7, 8, 1.0], [7, 26, 1.0], [7, 27, 1.0], [8, 28, 1.0], [8, 29, 1.0], [8, 30, 1.0], [9, 10, 1.0], [9, 31, 1.0], [9, 32, 1.0], [10, 11, 1.0], [10, 33, 1.0], [10, 34, 1.0], [11, 12, 1.0], [11, 35, 1.0], [11, 36, 1.0], [12, 37, 1.0], [12, 38, 1.0], [12, 39, 1.0]], "fix_com": true, "fix_orientation": true, "provenance": {"creator": "QCElemental", "version": "v0.22.0", "routine": "qcelemental.molparse.from_schema"}, "id": "214750"}