{"schema_name": "qcschema_molecule", "schema_version": 2, "validated": true, "symbols": ["C", "C", "C", "C", "N", "C", "C", "C", "C", "C", "C", "C", "C", "H", "H", "H", "H", "H", "H", "H", "H", "H", "H", "H", "H", "H", "H", "H", "H", "H", "H", "H", "H", "H", "H", "H", "H", "H", "H", "H"], "geometry": [7.236131840642576, 2.591961266358343, 2.220446049250313e-16, 5.993592841162628, -2.82379287664789e-16, -1.3019980701388167e-15, 4.1978041271259094, -0.41722404457753204, 2.219650239937041, 1.6550301044108071, 0.9181226032212726, 2.00817054692376, 0.0, 0.0, 0.0, -0.6069147082544709, -2.689005074817509, 0.3279572579668261, 0.8864155234977205, -4.5209688446648775, -1.3294563888294961, 0.0008989747685714811, -4.712112966332625, -4.067259457079912, 0.35404923208227235, -2.3347473702114665, -5.643007392469279, -2.3377697142402276, 1.4785722920646551, -0.05939516148556981, -2.14556420704897, 4.262929232563465, -0.7808233819844407, -1.2783155165694287, 4.825853751999204, -3.4747554867020694, 1.5619023890501118, 4.675215602647475, -3.877522493205638, 5.834468609056426, 4.117978716427645, -0.051021363485786786, 8.471762901108143, 2.838970423294102, -1.645463950416102, 8.392148849633914, 2.862441285580897, 1.7027797235684672, 7.472175800700722, -1.4578708129956872, 0.0470790192282845, 4.955088925774566, -0.2850960061514632, -1.7756060952160964, 3.887514099113611, -2.4471482826941933, 2.516392775584223, 5.107268844399045, 0.25880178548137345, 3.962783004978365, 1.9883027775187672, 2.9382884819924775, 1.679846792167867, 0.6757572913216763, 0.7735610166479486, 3.8615536139685953, -2.6243931037739134, -2.9586672950722432, -0.08697746989877453, -0.3801101293877024, -3.224533806241299, 2.3350207546774953, 2.9017127146233594, -4.033088542080046, -1.2876802656585384, 0.7298046919608128, -6.405357533965623, -0.46578855331584124, -2.0055991871957803, -5.266548202017891, -4.08821213447835, 1.0243019316925532, -6.279369170998552, -4.969634586980853, -0.14770285677936368, -2.677715885976334, -7.625893341645053, -0.8086253244803887, -0.7698802927617729, -4.948094939649493, 2.3272875664136263, -1.6905040426208688, -5.591020342505094, -3.5914955855098816, 0.5648411776319058, -1.4399288565937125, -3.3172845220188574, 1.3552424386466564, 1.7948656422442224, -0.9625291087960397, 5.306920650488755, 0.5717326590256422, -4.06050624437608, 5.026956555540864, -0.5260572510239441, -2.248119649288502, 3.5287301082340066, -4.780729490520719, -1.9296930720934522, 6.730395444949373, -3.9899827236189767, 2.0684668177050334, 5.100031000369242, -5.8430331764736625, 2.545183991653524, 6.052586579675624, -2.67347596727937, 2.2811295923645565, 2.7912797097926836, -3.4130242774411452], "name": "C12H27N", "identifiers": {"molecule_hash": "00e258cf317af3553e7607876d52678203fbc0ce", "molecular_formula": "C12H27N"}, "molecular_charge": 0.0, "molecular_multiplicity": 1, "connectivity": [[0, 1, 1.0], [0, 13, 1.0], [0, 14, 1.0], [0, 15, 1.0], [1, 2, 1.0], [1, 16, 1.0], [1, 17, 1.0], [2, 3, 1.0], [2, 18, 1.0], [2, 19, 1.0], [3, 4, 1.0], [3, 20, 1.0], [3, 21, 1.0], [4, 5, 1.0], [4, 9, 1.0], [5, 6, 1.0], [5, 22, 1.0], [5, 23, 1.0], [6, 7, 1.0], [6, 24, 1.0], [6, 25, 1.0], [7, 8, 1.0], [7, 26, 1.0], [7, 27, 1.0], [8, 28, 1.0], [8, 29, 1.0], [8, 30, 1.0], [9, 10, 1.0], [9, 31, 1.0], [9, 32, 1.0], [10, 11, 1.0], [10, 33, 1.0], [10, 34, 1.0], [11, 12, 1.0], [11, 35, 1.0], [11, 36, 1.0], [12, 37, 1.0], [12, 38, 1.0], [12, 39, 1.0]], "fix_com": true, "fix_orientation": true, "provenance": {"creator": "QCElemental", "version": "v0.22.0", "routine": "qcelemental.molparse.from_schema"}, "id": "242378"}