{"schema_name": "qcschema_molecule", "schema_version": 2, "validated": true, "symbols": ["C", "C", "C", "C", "N", "C", "C", "C", "C", "C", "C", "C", "C", "H", "H", "H", "H", "H", "H", "H", "H", "H", "H", "H", "H", "H", "H", "H", "H", "H", "H", "H", "H", "H", "H", "H", "H", "H", "H", "H"], "geometry": [12.037954571839899, 2.529815198987785, 1.3322676295501878e-15, 10.636201768514765, -2.516960067125655e-15, 3.109223590450504e-15, 8.308683405171724, -0.08747322519480574, -1.7225239967149104, 6.158286458729633, 1.6699308446806898, -0.9090200733324407, 3.9332010224561316, 1.3777535103387946, -2.5007230636331266, 2.2078471566548648, -0.6371885266103468, -1.7819759684100644, 0.0, 0.0, 0.0, 0.7076460696226501, 0.9498195795279843, 2.638079683271279, -1.6065709510152972, 1.346636987235689, 4.321987955303512, 2.7960884783994775, 3.683843456022981, -3.4493376878945545, 1.2671096994981979, 3.311121178322087, -5.880423754615003, 2.731953129286525, 2.155934834468388, -8.095236658736805, 4.9185665211489695, 3.783496593869205, -9.055519656965156, 10.891485816674681, 4.046236662105036, 0.7694964621144215, 12.588076200800746, 3.0665704769258797, -1.90433330428889, 13.744688424761854, 2.4183600915109973, 1.1331654262354856, 10.082512157164313, -0.4714127766175652, 1.9242845288045753, 11.939674064621117, -1.4729268783993335, -0.592755361339255, 8.843750780991158, 0.38300037155210886, -3.6496825655157052, 7.605673021322801, -2.0162048021942613, -1.779532099869739, 5.735493716022013, 1.3424171224470596, 1.0779569477393374, 6.790197590913132, 3.612394697355068, -1.0374002341233837, 3.326218255934737, -2.1301341555157283, -0.9321181175112472, 1.4009996718804842, -1.4523644237870839, -3.4850233749349355, -1.2473715619659123, 1.367785479628485, -0.8908086796772504, -1.1129033514361453, -1.7205535733025912, 0.19518349385731001, 1.7416318015393202, 2.7163543009958993, 2.4935540015803714, 1.976453202814943, -0.3955665372384437, 3.5368984767595086, -2.6498513063057514, -0.4034277238823336, 4.574110751229422, -1.066423157427001, 2.0259153580599123, 6.181120759384665, -2.8904710575138908, 2.7237533092112605, 3.503092119640918, 1.5834997008535767, 4.607469051373767, -2.0552566898538616, 4.312378310565945, 5.003327796660924, -3.8346300735535794, 0.5338958232260247, 5.152317654211032, -6.434222630828589, -0.380514954754932, 2.147617137251726, -5.496591513965066, 3.448933552176088, 0.31394027325094753, -7.552342069747001, 1.4135930000704815, 1.8421674874925358, -9.6406743754657, 5.774185026621566, 2.9423013771004487, -10.720011011342482, 6.392827977891345, 3.9839199912961387, -7.645258122757993, 4.27716695321417, 5.666233731247059, -9.569982618640292], "name": "C12H27N", "identifiers": {"molecule_hash": "be967b70a0df2214ca8f95bee292fca442543985", "molecular_formula": "C12H27N"}, "molecular_charge": 0.0, "molecular_multiplicity": 1, "connectivity": [[0, 1, 1.0], [0, 13, 1.0], [0, 14, 1.0], [0, 15, 1.0], [1, 2, 1.0], [1, 16, 1.0], [1, 17, 1.0], [2, 3, 1.0], [2, 18, 1.0], [2, 19, 1.0], [3, 4, 1.0], [3, 20, 1.0], [3, 21, 1.0], [4, 5, 1.0], [4, 9, 1.0], [5, 6, 1.0], [5, 22, 1.0], [5, 23, 1.0], [6, 7, 1.0], [6, 24, 1.0], [6, 25, 1.0], [7, 8, 1.0], [7, 26, 1.0], [7, 27, 1.0], [8, 28, 1.0], [8, 29, 1.0], [8, 30, 1.0], [9, 10, 1.0], [9, 31, 1.0], [9, 32, 1.0], [10, 11, 1.0], [10, 33, 1.0], [10, 34, 1.0], [11, 12, 1.0], [11, 35, 1.0], [11, 36, 1.0], [12, 37, 1.0], [12, 38, 1.0], [12, 39, 1.0]], "fix_com": true, "fix_orientation": true, "provenance": {"creator": "QCElemental", "version": "v0.22.0", "routine": "qcelemental.molparse.from_schema"}, "id": "214660"}