{"schema_name": "qcschema_molecule", "schema_version": 2, "validated": true, "symbols": ["C", "C", "C", "C", "N", "C", "C", "C", "C", "C", "C", "C", "C", "H", "H", "H", "H", "H", "H", "H", "H", "H", "H", "H", "H", "H", "H", "H", "H", "H", "H", "H", "H", "H", "H", "H", "H", "H", "H", "H"], "geometry": [7.233707315003214, 1.6267001405256687, -5.551115123125783e-17, 4.846800221803637, 1.4021896014485122e-15, -7.756664645446536e-17, 2.4241521492520293, 1.5746996701838263, 0.014797698512373059, 0.0, 0.0, 0.0, -0.4317884464185593, -1.4434768089097307, 2.3141952191332624, -1.4761295255296938, 0.15931382044625075, 4.310104824867426, -0.8170216126621099, -0.7129168703832538, 6.986766138225816, 1.9296884131421348, -0.20002010664102787, 7.7274989327027575, 2.5856646643626164, -1.1927962775815433, 10.359140761467643, -2.089214935623517, -3.6045916102139204, 1.8451286420544348, -0.85505243879104, -5.892164151664609, 0.5514199176683761, 0.47133302244185415, -7.7817971584999075, 2.306189211378054, 2.94944773868833, -6.867498942254905, 3.471274146592826, 7.319738373147667, 2.8156646795113422, 1.6719121997376942, 7.29841436471044, 2.8578269521157624, -1.6423371517364131, 8.924696948170826, 0.46484846800682766, -0.024645901536460305, 4.853895220468235, -1.2134181590510562, -1.661322457244598, 4.857300818674424, -1.2436112578558551, 1.6271493854254822, 2.445646314365143, 2.8404021314358534, 1.631906487687473, 2.3941953874636708, 2.784125765321559, -1.6497318224226043, 0.10887697106637506, -1.3069589703839326, -1.5712152369527548, -1.6162868455156727, 1.2283782862301031, -0.39341649625278713, -3.52790186658026, 0.2990704631460859, 4.109469479820236, -0.7589087450559142, 2.0611207937610376, 4.069248311604576, -2.0584434018541007, 0.2639263962695795, 8.304994309754806, -1.2247282879841581, -2.7146336006085567, 7.198216908501576, 3.1801802927529286, -1.0439445300272785, 6.3405648383256565, 2.2738045219251326, 1.827030540442765, 7.663297716392442, 2.3412492035042263, -3.2286398650371764, 10.464855588157969, 1.3856375963110725, -0.34688011482557, 11.794906449410439, 4.533632326754019, -0.7731609523776051, 10.847853494927037, -3.7147347566844386, -2.997875999793394, 0.7199986301428019, -2.8548892072974885, -4.228073528941465, 3.6391651313664166, -2.3491639158475692, -6.905091438516902, -0.4320981174920595, 0.45750556617669697, -5.276056508739358, -0.9007022942798937, -0.8287190037906331, -8.332916270504768, 3.802167084795128, 0.8462662862801691, -9.491311938533194, 1.2281101316072278, 2.670470656951628, -5.2106910496414365, 4.6350250600142, 4.307709107696619, -6.379569831943522, 2.011941935071712, 3.785016148145254, -8.337342683020392, 4.635727327605347], "name": "C12H27N", "identifiers": {"molecule_hash": "7af7cea451dde11e64feb853c3f6af5f653df67f", "molecular_formula": "C12H27N"}, "molecular_charge": 0.0, "molecular_multiplicity": 1, "connectivity": [[0, 1, 1.0], [0, 13, 1.0], [0, 14, 1.0], [0, 15, 1.0], [1, 2, 1.0], [1, 16, 1.0], [1, 17, 1.0], [2, 3, 1.0], [2, 18, 1.0], [2, 19, 1.0], [3, 4, 1.0], [3, 20, 1.0], [3, 21, 1.0], [4, 5, 1.0], [4, 9, 1.0], [5, 6, 1.0], [5, 22, 1.0], [5, 23, 1.0], [6, 7, 1.0], [6, 24, 1.0], [6, 25, 1.0], [7, 8, 1.0], [7, 26, 1.0], [7, 27, 1.0], [8, 28, 1.0], [8, 29, 1.0], [8, 30, 1.0], [9, 10, 1.0], [9, 31, 1.0], [9, 32, 1.0], [10, 11, 1.0], [10, 33, 1.0], [10, 34, 1.0], [11, 12, 1.0], [11, 35, 1.0], [11, 36, 1.0], [12, 37, 1.0], [12, 38, 1.0], [12, 39, 1.0]], "fix_com": true, "fix_orientation": true, "provenance": {"creator": "QCElemental", "version": "v0.22.0", "routine": "qcelemental.molparse.from_schema"}, "id": "215939"}