{"schema_name": "qcschema_molecule", "schema_version": 2, "validated": true, "symbols": ["C", "C", "C", "C", "N", "C", "C", "C", "C", "C", "C", "C", "C", "H", "H", "H", "H", "H", "H", "H", "H", "H", "H", "H", "H", "H", "H", "H", "H", "H", "H", "H", "H", "H", "H", "H", "H", "H", "H", "H"], "geometry": [13.535573568081485, 1.6791007828009967, 6.661338147750939e-16, 11.204141782873872, -1.2386515917417373e-16, -1.1093208940088737e-14, 9.117664679199699, 1.0301073586813907, -1.7006135335755745, 6.794577317456405, -0.6462874042798827, -2.1186754579031066, 4.708626921607861, -0.1685076752709904, -0.4035929530426822, 2.29326728219107, -0.9982051267525602, -1.4237535832791133, 0.0, 0.0, 0.0, -0.025471893985240524, 2.8584903332746636, 0.3083138641739013, -2.396599103541341, 3.8238131670733653, 1.6082843974998446, 5.207282521955451, -0.712970713117922, 2.2426391032525976, 6.094083348822985, -3.3647848039575914, 2.9975425103456503, 4.2675568818082645, -5.527399739323189, 2.4691588959123156, 5.03180881872852, -7.962920165018351, 3.7880707438977397, 13.082216751359782, 3.5860282584172953, 0.6818744751407165, 15.029453500130133, 0.9156744556101823, 1.2162905373189414, 14.317073642694247, 1.877170900733731, -1.9125366113426403, 11.720688314445129, -1.9087928760828787, -0.6467239876709967, 10.528860830497432, -0.22047444672683186, 1.9488132267785467, 8.459312762471352, 2.8748467813627396, -1.0026306166676875, 9.968786084329748, 1.3959318921909087, -3.5619805381608556, 7.383451638035959, -2.662164996355458, -2.1477198386303034, 6.058889785360343, -0.2583945383782009, -4.017660660590051, 2.1275639365040555, -3.074357986084331, -1.6080679851414117, 2.2078557102002283, -0.2557495305588756, -3.3639971796773875, -1.6889858306003331, -0.6040413748433813, -1.0510368676161788, -0.16396363528679891, -0.9094299080180955, 1.8638451423945421, 1.6626790838536625, 3.443923728095484, 1.3646833221000985, 0.15945949259129621, 3.738594654759239, -1.567122603387143, -4.103046313687261, 3.31677781405879, 0.540393026906313, -2.3732662420158936, 5.886393079022644, 1.8089714149694314, -2.596240842081902, 3.0124832637419408, 3.5086103869904206, 6.636925831591537, 0.6467648539956103, 2.8943431719727273, 3.493274941476309, -0.24766733015616293, 3.3142568264914747, 7.920681748732671, -3.7870390063255432, 2.0992335962458126, 6.485540790591557, -3.3021179487546126, 5.041784686193227, 4.160726648896976, -5.865040586807923, 0.42374565099816053, 2.349769332778447, -4.981361973196311, 3.0640298454781503, 5.069554252692878, -7.718290744745484, 5.848667506829496, 3.721627009180004, -9.510624570091585, 3.3604278238483554, 6.9294171279647765, -8.566095418366993, 3.20267482821232], "name": "C12H27N", "identifiers": {"molecule_hash": "7ef41cdbd7e93a3f436951afb8d6bcedb2addbbe", "molecular_formula": "C12H27N"}, "molecular_charge": 0.0, "molecular_multiplicity": 1, "connectivity": [[0, 1, 1.0], [0, 13, 1.0], [0, 14, 1.0], [0, 15, 1.0], [1, 2, 1.0], [1, 16, 1.0], [1, 17, 1.0], [2, 3, 1.0], [2, 18, 1.0], [2, 19, 1.0], [3, 4, 1.0], [3, 20, 1.0], [3, 21, 1.0], [4, 5, 1.0], [4, 9, 1.0], [5, 6, 1.0], [5, 22, 1.0], [5, 23, 1.0], [6, 7, 1.0], [6, 24, 1.0], [6, 25, 1.0], [7, 8, 1.0], [7, 26, 1.0], [7, 27, 1.0], [8, 28, 1.0], [8, 29, 1.0], [8, 30, 1.0], [9, 10, 1.0], [9, 31, 1.0], [9, 32, 1.0], [10, 11, 1.0], [10, 33, 1.0], [10, 34, 1.0], [11, 12, 1.0], [11, 35, 1.0], [11, 36, 1.0], [12, 37, 1.0], [12, 38, 1.0], [12, 39, 1.0]], "fix_com": true, "fix_orientation": true, "provenance": {"creator": "QCElemental", "version": "v0.22.0", "routine": "qcelemental.molparse.from_schema"}, "id": "226963"}