{"schema_name": "qcschema_molecule", "schema_version": 2, "validated": true, "symbols": ["C", "C", "C", "C", "N", "C", "C", "C", "C", "C", "C", "C", "C", "H", "H", "H", "H", "H", "H", "H", "H", "H", "H", "H", "H", "H", "H", "H", "H", "H", "H", "H", "H", "H", "H", "H", "H", "H", "H", "H"], "geometry": [0.0, -0.0, 0.0, 2.8710236166880545, -1.4179450555155726e-16, -1.9008280451291928e-16, 3.9941445130462534, 1.7774446936285482, -1.9617083312595316, 6.868838058095084, 1.7496878079152753, -2.036825343212339, 8.0505052584952, 2.2693654884110623, 0.3897768251560082, 7.335914995237131, 4.680825953902676, 1.5051068406817578, 7.9496324922495, 7.067521934852406, 1.7763568394002505e-15, 7.220726267736245, 9.46044890969759, 1.4181859839368176, 7.772767848880845, 11.864961362060384, -0.051945332726504034, 10.759108344527096, 1.8257905178296725, 0.2934585894567713, 12.017520984346874, 1.7294559750916814, 2.8845475313737676, 10.682379406672835, 0.021105201699259002, 4.785593336085061, 10.334336182808386, -2.6821534735212347, 3.876154258429049, -0.7504600289027399, 1.8925097024682587, 0.4056179553494468, -0.75617748584126, -0.5802011509011464, -1.8440414756396772, -0.7647811291833797, -1.2941849384948825, 1.4264878941255947, 3.5775220796797154, -1.924755725015108, -0.3522384384877918, 3.5891283433691843, 0.5204026980766008, 1.876920074862437, 3.2985906846335675, 3.711439889183631, -1.6358997324498972, 3.308259251975077, 1.2565844054996265, -3.8532509644410977, 7.498242439037264, -0.14720234183612058, -2.6070428727947337, 7.532831976301223, 3.050412975026573, -3.5404818847473005, 5.294538537975705, 4.632056952281477, 1.8908061436268042, 8.240215925205671, 4.806330640956486, 3.3688000174457513, 6.956109900115807, 7.0282320899687285, -1.8268748974176199, 9.980194616371074, 7.125030531091896, -0.44545288980608033, 5.1967328488574545, 9.383166098419471, 1.8932847114584068, 8.226657252509424, 9.509327623290043, 3.2383395748674793, 9.792617358985638, 12.020688605599467, -0.5018022642874413, 6.734820184794283, 11.899644675625076, -1.8485343281614606, 7.23480517414837, 13.556503924318502, 1.01752062111182, 11.017939525017102, -0.008610061045455142, -0.6435992900459433, 11.764217919937959, 3.217500055932157, -0.9091872351398638, 12.187024202659511, 3.642206882506605, 3.6773981467885553, 13.969171292056192, 1.0728305259858932, 2.5984475704627576, 8.819413498415738, 0.8248761035726075, 5.227874959128562, 11.76520192697581, 0.03239655654321094, 6.5582174589693745, 9.523580803704773, -3.8758118166825164, 5.3638849305640095, 9.048037228012337, -2.7539672996761064, 2.2512770368659396, 12.141134995740643, -3.5329145796101376, 3.3048338935467596], "name": "C12H27N", "identifiers": {"molecule_hash": "09351e25617e24411d9b2ac2054bd9d954f34d16", "molecular_formula": "C12H27N"}, "molecular_charge": 0.0, "molecular_multiplicity": 1, "connectivity": [[0, 1, 1.0], [0, 13, 1.0], [0, 14, 1.0], [0, 15, 1.0], [1, 2, 1.0], [1, 16, 1.0], [1, 17, 1.0], [2, 3, 1.0], [2, 18, 1.0], [2, 19, 1.0], [3, 4, 1.0], [3, 20, 1.0], [3, 21, 1.0], [4, 5, 1.0], [4, 9, 1.0], [5, 6, 1.0], [5, 22, 1.0], [5, 23, 1.0], [6, 7, 1.0], [6, 24, 1.0], [6, 25, 1.0], [7, 8, 1.0], [7, 26, 1.0], [7, 27, 1.0], [8, 28, 1.0], [8, 29, 1.0], [8, 30, 1.0], [9, 10, 1.0], [9, 31, 1.0], [9, 32, 1.0], [10, 11, 1.0], [10, 33, 1.0], [10, 34, 1.0], [11, 12, 1.0], [11, 35, 1.0], [11, 36, 1.0], [12, 37, 1.0], [12, 38, 1.0], [12, 39, 1.0]], "fix_com": true, "fix_orientation": true, "provenance": {"creator": "QCElemental", "version": "v0.22.0", "routine": "qcelemental.molparse.from_schema"}, "id": "222227"}