{"schema_name": "qcschema_molecule", "schema_version": 2, "validated": true, "symbols": ["C", "C", "C", "C", "N", "C", "C", "C", "C", "C", "C", "C", "C", "H", "H", "H", "H", "H", "H", "H", "H", "H", "H", "H", "H", "H", "H", "H", "H", "H", "H", "H", "H", "H", "H", "H", "H", "H", "H", "H"], "geometry": [0.0, 0.0, 0.0, 2.8957982387837506, 1.4281267608664797e-16, 2.0306230021685887e-16, 4.008123057459367, -0.7472625773980385, 2.56569652168813, 6.903538971938277, -0.8717221298087334, 2.633808543926795, 8.21482760818602, 1.4347768033585324, 1.8162546103450965, 7.736376520818887, 3.5631781905011097, 3.5340236770846425, 8.334733907655506, 6.158188735645414, 2.3890670694088403, 6.812029149904722, 6.756580284271471, 1.7763568394002505e-15, 7.405735395165453, 9.37633945425321, -1.081388852237727, 10.941578068471808, 0.9561415012553018, 1.57841949949076, 11.77378596893887, -0.5249807387109614, -0.7730148925992963, 11.323497125907787, 0.8225113694468735, -3.310860412342512, 8.635971783047278, 0.5487644548863722, -4.356953683189284, -0.7467643595927507, 1.3340091386334687, 1.3990177585414547, -0.7538867215535608, -1.8738792530317645, 0.4628229998450275, -0.7547590441266541, 0.5430665749504416, -1.8495866043800888, 3.5953501129406007, -1.303950782316997, -1.4525787862570745, 3.5967125622870793, 1.8725836430194385, -0.5284228410504684, 3.292963449669381, 0.5371819207097825, 4.026606428597179, 3.308778818269213, -2.627727765513014, 3.0979395866351545, 7.50161412793298, -2.39994041361541, 1.375251491277825, 7.511681263891033, -1.4249602867016589, 4.561334154511897, 8.787343476835298, 3.3282334559479674, 5.329554944553463, 5.731605400159894, 3.549467778385912, 4.030217819307094, 7.941449337175193, 7.588901543847541, 3.840846153290469, 10.357925278719065, 6.327783704805461, 1.971216483173297, 7.192814469152824, 5.305375915427003, -1.4221633352881258, 4.786309658497126, 6.624914365636359, 0.4342025239762668, 9.40786530237915, 9.534707868068356, -1.5914655494038663, 6.992821355445862, 10.871674868432553, 0.2924670960378748, 6.2929273549746245, 9.760520882777094, -2.784232520944574, 11.654289632634356, -0.023703710416125068, 3.287018601355445, 11.90719093413029, 2.782009373191381, 1.5222759338473395, 13.807149329777413, -0.8662423270279656, -0.5434255868135135, 10.8951258058724, -2.402054047729093, -0.8162032369733947, 11.783032040143963, 2.8354742598286857, -3.096707400455982, 12.663427109514808, 0.07466953541205457, -4.705780783521199, 7.25279509008452, 1.311652495473412, -3.0338946202568584, 8.172825096118117, -1.446585075300815, -4.676195823301717, 8.436055484507413, 1.534431022791426, -6.167810142248665], "name": "C12H27N", "identifiers": {"molecule_hash": "c6d526df34408a050124aee48ae0fa4d046436aa", "molecular_formula": "C12H27N"}, "molecular_charge": 0.0, "molecular_multiplicity": 1, "connectivity": [[0, 1, 1.0], [0, 13, 1.0], [0, 14, 1.0], [0, 15, 1.0], [1, 2, 1.0], [1, 16, 1.0], [1, 17, 1.0], [2, 3, 1.0], [2, 18, 1.0], [2, 19, 1.0], [3, 4, 1.0], [3, 20, 1.0], [3, 21, 1.0], [4, 5, 1.0], [4, 9, 1.0], [5, 6, 1.0], [5, 22, 1.0], [5, 23, 1.0], [6, 7, 1.0], [6, 24, 1.0], [6, 25, 1.0], [7, 8, 1.0], [7, 26, 1.0], [7, 27, 1.0], [8, 28, 1.0], [8, 29, 1.0], [8, 30, 1.0], [9, 10, 1.0], [9, 31, 1.0], [9, 32, 1.0], [10, 11, 1.0], [10, 33, 1.0], [10, 34, 1.0], [11, 12, 1.0], [11, 35, 1.0], [11, 36, 1.0], [12, 37, 1.0], [12, 38, 1.0], [12, 39, 1.0]], "fix_com": true, "fix_orientation": true, "provenance": {"creator": "QCElemental", "version": "v0.22.0", "routine": "qcelemental.molparse.from_schema"}, "id": "219236"}