{"schema_name": "qcschema_molecule", "schema_version": 2, "validated": true, "symbols": ["C", "C", "C", "C", "N", "C", "C", "C", "C", "C", "C", "C", "C", "H", "H", "H", "H", "H", "H", "H", "H", "H", "H", "H", "H", "H", "H", "H", "H", "H", "H", "H", "H", "H", "H", "H", "H", "H", "H", "H"], "geometry": [0.0, -0.0, 0.0, 2.9007777530171053, -7.765656221676432e-16, -1.9466720309146442e-16, 4.093077432882117, 2.4954342074409985, 0.886938189116168, 3.633540093983866, 4.703820061482555, -0.9532424256738555, 4.675286881893558, 7.170741114218462, -0.24285281289133254, 7.4334103471246475, 7.2277854078622354, 2.220446049250313e-15, 8.844546885506924, 6.531858002828025, -2.4306027157276415, 8.146223674413815, 8.18684780136545, -4.702591831870369, 9.60719510046691, 7.471032868241942, -7.097981695756833, 3.411229535148875, 8.300845014448576, 1.9470636029126402, 3.3586203999161555, 11.197757257471883, 1.8402658291860554, 2.196204826901382, 12.427668397322497, 4.199054855253344, -0.5969973686493661, 11.775001456558993, 4.629704085169642, -0.7773283403842502, 1.3723611602301, -1.3384136045809103, -0.7385190806042965, 0.4689023180667051, 1.878564186459198, -0.7434458929305681, -1.8601823786506388, -0.5213146437866135, 3.591926272385949, -0.4486247421180213, -1.9055794355930138, 3.569266817207813, -1.5318883256818108, 1.2262235740847012, 6.132066375346799, 2.212156516847899, 1.1194358898050776, 3.3518793142492247, 2.9828904107398015, 2.762616136120078, 4.385287349894875, 4.186106156639456, -2.8134227921774277, 1.599980927909228, 4.972280048663419, -1.2258153390327537, 8.103611807411085, 6.00458710739046, 1.5573769374378947, 7.96822944805785, 9.157436686094588, 0.5216771181254707, 8.531933517811016, 4.536055433711689, -2.900121077773582, 10.876531595913399, 6.703650561526034, -2.045571166306704, 6.109835035229451, 8.052140844476623, -5.0433522375141795, 8.511272688222622, 10.173415072428254, -4.226535506761971, 9.082493771934088, 8.680010528355899, -8.694608658461703, 9.226415407929043, 5.508837688197622, -7.645471557552015, 11.652346284310227, 7.652063041538192, -6.816569282611416, 4.2796283112744975, 7.6928534679531255, 3.750388193884959, 1.4660117498945882, 7.599255195883642, 1.9813435185540924, 2.3080088021139167, 11.768713002667573, 0.14680843522281206, 5.285229798782112, 11.917739098010733, 1.5982560461585011, 3.2968291399213285, 11.881602999601174, 5.87209431915466, 2.3877028224535652, 14.485002696417707, 4.032601774255895, -0.8684090080318456, 9.762399629090305, 5.025945274710068, -1.3696384998991369, 12.829943929773368, 6.234447574734811, -1.7330228942129549, 12.24414054094671, 2.9612198959868965], "name": "C12H27N", "identifiers": {"molecule_hash": "cd13730dd21ab73316966d0ddf97520846611e95", "molecular_formula": "C12H27N"}, "molecular_charge": 0.0, "molecular_multiplicity": 1, "connectivity": [[0, 1, 1.0], [0, 13, 1.0], [0, 14, 1.0], [0, 15, 1.0], [1, 2, 1.0], [1, 16, 1.0], [1, 17, 1.0], [2, 3, 1.0], [2, 18, 1.0], [2, 19, 1.0], [3, 4, 1.0], [3, 20, 1.0], [3, 21, 1.0], [4, 5, 1.0], [4, 9, 1.0], [5, 6, 1.0], [5, 22, 1.0], [5, 23, 1.0], [6, 7, 1.0], [6, 24, 1.0], [6, 25, 1.0], [7, 8, 1.0], [7, 26, 1.0], [7, 27, 1.0], [8, 28, 1.0], [8, 29, 1.0], [8, 30, 1.0], [9, 10, 1.0], [9, 31, 1.0], [9, 32, 1.0], [10, 11, 1.0], [10, 33, 1.0], [10, 34, 1.0], [11, 12, 1.0], [11, 35, 1.0], [11, 36, 1.0], [12, 37, 1.0], [12, 38, 1.0], [12, 39, 1.0]], "fix_com": true, "fix_orientation": true, "provenance": {"creator": "QCElemental", "version": "v0.22.0", "routine": "qcelemental.molparse.from_schema"}, "id": "222391"}