{"schema_name": "qcschema_molecule", "schema_version": 2, "validated": true, "symbols": ["C", "C", "C", "C", "N", "C", "C", "C", "C", "C", "C", "C", "C", "H", "H", "H", "H", "H", "H", "H", "H", "H", "H", "H", "H", "H", "H", "H", "H", "H", "H", "H", "H", "H", "H", "H", "H", "H", "H", "H"], "geometry": [6.674057307035873, 2.7646266735267107, 0.0, 5.799393736697167, 9.826104212682834e-16, 1.5450357947970872e-15, 4.126963233773589, -0.7150386390213962, 2.2592077370842962, 1.5169850175583457, 0.5698176983474117, 2.2505917900001973, 0.0, 0.0, -0.0, -2.0259451725463054, -1.8295125556304324, 0.39660650666451414, -1.0898439218598794, -4.532700806439596, 0.8798609152148938, 0.5462673228357977, -5.643110123772107, -1.2440338248025824, -0.8087457684460864, -5.82987914866249, -3.7992224225841724, -0.7167878894810065, 2.151791062035348, -1.5855762648220466, -3.057841918305771, 3.705232452690668, -0.7966516012566848, -2.8911829973242518, 5.116359816168176, 1.735374329965449, -0.9592371095448126, 7.277833615862997, 1.7613392407653383, 5.08265519933184, 4.081649990150779, -0.12592345440265262, 7.720476964504114, 3.2188776262922607, 1.7301388960881732, 7.918617934884839, 3.1521863450586767, -1.608163174721656, 4.756293627675138, -0.4046126336791773, -1.7433043422967365, 7.468006599114826, -1.2304241708874188, -0.01254379526213395, 3.875247714886089, -2.768063426476839, 2.290345283100597, 5.091015334273727, -0.2129800970325173, 4.030587856542519, 0.48887568825105787, 0.015692710463231396, 3.972280879791642, 1.7918534240090882, 2.6117497196554997, 2.3986166420442183, -3.2097011391920183, -1.8316407345115688, -1.3006890714583867, -3.2783802566137386, -1.2750388178027698, 1.976626494155468, -0.03700459527763189, -4.591828033706815, 2.6638175829388824, -2.7610815595577227, -5.731709108086281, 1.1661527466299146, 2.247346644458113, -4.488500139966875, -1.4663802197374656, 1.1782810052410273, -7.532202373625079, -0.6673562731172713, 0.37497808663194043, -6.793843263917451, -5.197257796230129, -1.2585320089846648, -3.9589061881450753, -4.5586811889817715, -2.582527074319792, -6.890583291914208, -3.6376214954954915, -1.0702697456724612, 1.4261769091154626, -3.4984671373769474, 0.9317895578134131, 3.3894513786133214, -1.7541681694273774, -3.4314011576634362, 5.078783261950908, -2.31044059833682, -4.70449885841551, 2.448204945680927, -0.7549154486393825, -4.762222842564774, 5.89780628579721, 2.170194626346439, -2.4707015776876085, 3.776637382380259, 3.2570478217431442, -0.9541335309221481, 8.25413435944174, 3.5864930737459404, -1.3990715193934389, 8.677848214549577, 0.2986477047791336, 0.9678533410891452, 6.609085476144974, 1.4146863065932527], "name": "C12H27N", "identifiers": {"molecule_hash": "eb267fe28a72a5b4353aab93e114066f24e89ce8", "molecular_formula": "C12H27N"}, "molecular_charge": 0.0, "molecular_multiplicity": 1, "connectivity": [[0, 1, 1.0], [0, 13, 1.0], [0, 14, 1.0], [0, 15, 1.0], [1, 2, 1.0], [1, 16, 1.0], [1, 17, 1.0], [2, 3, 1.0], [2, 18, 1.0], [2, 19, 1.0], [3, 4, 1.0], [3, 20, 1.0], [3, 21, 1.0], [4, 5, 1.0], [4, 9, 1.0], [5, 6, 1.0], [5, 22, 1.0], [5, 23, 1.0], [6, 7, 1.0], [6, 24, 1.0], [6, 25, 1.0], [7, 8, 1.0], [7, 26, 1.0], [7, 27, 1.0], [8, 28, 1.0], [8, 29, 1.0], [8, 30, 1.0], [9, 10, 1.0], [9, 31, 1.0], [9, 32, 1.0], [10, 11, 1.0], [10, 33, 1.0], [10, 34, 1.0], [11, 12, 1.0], [11, 35, 1.0], [11, 36, 1.0], [12, 37, 1.0], [12, 38, 1.0], [12, 39, 1.0]], "fix_com": true, "fix_orientation": true, "provenance": {"creator": "QCElemental", "version": "v0.22.0", "routine": "qcelemental.molparse.from_schema"}, "id": "222553"}