{"schema_name": "qcschema_molecule", "schema_version": 2, "validated": true, "symbols": ["C", "C", "C", "C", "N", "C", "C", "C", "C", "C", "C", "C", "C", "H", "H", "H", "H", "H", "H", "H", "H", "H", "H", "H", "H", "H", "H", "H", "H", "H", "H", "H", "H", "H", "H", "H", "H", "H", "H", "H"], "geometry": [0.0, 0.0, -0.0, 2.876688669962826, 8.799452336006106e-16, 3.0264581421203915e-16, 4.067255604400165, 2.348071790241773, 1.1765079759443127, 3.5466556744736017, 4.775668000980242, -0.3066516346634763, 4.820317629569965, 7.048294463419509, 0.5720817057964528, 7.51185781916603, 7.093139859287251, 3.608224830031759e-15, 8.067396266695606, 8.084923742799758, -2.646676981582687, 7.331745518513246, 10.84028992653022, -3.0028500017003257, 7.754904785633846, 11.789691658834881, -5.6789805722240185, 4.194197597086264, 7.737923681086138, 3.1549111632500737, 4.328794666161933, 10.579698810846335, 3.5941171755067836, 3.863876825498843, 11.365795327603669, 6.327121287485112, 1.2237795020172726, 10.762133715827026, 7.295658952412874, -0.7805736810759204, 1.5314322860484282, -1.1591928905939648, -0.7452950804102398, 0.23269613442286957, 1.9238340504900326, -0.7492201786017916, -1.781108067496737, -0.7495878919172978, 3.569405465521698, -0.20958045653549118, -1.9509044181203408, 3.551661315734754, -1.6756165905498277, 1.023902024578824, 6.118868251610177, 2.0592770997064784, 1.3185916587288695, 3.376804097833463, 2.565070933958707, 3.1269116917580018, 4.076329490610644, 4.4781012367606685, -2.2944893857071205, 1.5063164933930686, 5.164575856564404, -0.3140748510745962, 8.386880171593333, 5.211013279298746, 0.2394104770930918, 8.449455169086612, 8.32750721810537, 1.3790630937199928, 7.066365875412614, 6.914934777268012, -4.046446211576485, 10.094091040421691, 7.833859526194837, -3.041042436625, 5.337324341460324, 11.055340817425677, -2.468509379937711, 8.417252346755227, 12.009568034228058, -1.6657697378939111, 7.21354986622349, 13.780286073110341, -5.879170800376553, 6.639248107609346, 10.696562387491685, -7.04599841429099, 9.747799468666548, 11.623147705675795, -6.235980620037621, 5.403473376440506, 6.760287046284739, 4.563076763132167, 2.257454199181633, 7.085016500905193, 3.515657071259296, 2.9508741480493406, 11.501337232768199, 2.339797265242769, 6.19438237854163, 11.271155771555046, 2.997786368282001, 5.2764681897033, 10.454763475563444, 7.553256363934734, 4.198170389264142, 13.407861780614363, 6.495968763960805, 0.8634691392455562, 8.720470075871944, 7.347107791294944, 0.9443598935009732, 11.483055829214283, 9.218571494756356, -0.22876424395694084, 11.620553458858161, 6.085854344297134], "name": "C12H27N", "identifiers": {"molecule_hash": "9c9ca277ef5abe7270fae6e4ad055dfc531495f7", "molecular_formula": "C12H27N"}, "molecular_charge": 0.0, "molecular_multiplicity": 1, "connectivity": [[0, 1, 1.0], [0, 13, 1.0], [0, 14, 1.0], [0, 15, 1.0], [1, 2, 1.0], [1, 16, 1.0], [1, 17, 1.0], [2, 3, 1.0], [2, 18, 1.0], [2, 19, 1.0], [3, 4, 1.0], [3, 20, 1.0], [3, 21, 1.0], [4, 5, 1.0], [4, 9, 1.0], [5, 6, 1.0], [5, 22, 1.0], [5, 23, 1.0], [6, 7, 1.0], [6, 24, 1.0], [6, 25, 1.0], [7, 8, 1.0], [7, 26, 1.0], [7, 27, 1.0], [8, 28, 1.0], [8, 29, 1.0], [8, 30, 1.0], [9, 10, 1.0], [9, 31, 1.0], [9, 32, 1.0], [10, 11, 1.0], [10, 33, 1.0], [10, 34, 1.0], [11, 12, 1.0], [11, 35, 1.0], [11, 36, 1.0], [12, 37, 1.0], [12, 38, 1.0], [12, 39, 1.0]], "fix_com": true, "fix_orientation": true, "provenance": {"creator": "QCElemental", "version": "v0.22.0", "routine": "qcelemental.molparse.from_schema"}, "id": "257347"}