{"schema_name": "qcschema_molecule", "schema_version": 2, "validated": true, "symbols": ["C", "C", "C", "C", "N", "C", "C", "C", "C", "C", "C", "C", "C", "H", "H", "H", "H", "H", "H", "H", "H", "H", "H", "H", "H", "H", "H", "H", "H", "H", "H", "H", "H", "H", "H", "H", "H", "H", "H", "H"], "geometry": [4.091196450889676, 2.6457603891992028, 6.661338147750939e-16, 2.902559552546755, 1.942725235205983e-15, 6.167939173873271e-16, 0.0, 0.0, 0.0, -1.1655113761136966, 1.177530420905583, 2.3814137431072986, -3.9281669922907545, 1.0168850943532308, 2.3931720339646647, -4.978719674893733, -1.4593405431823445, 3.0548714296789674, -5.528493704569167, -2.01745870525576, 5.862971026053504, -3.249946919520249, -1.943628137141531, 7.651315424368128, -3.9396654473477106, -2.729450520393873, 10.353537231113611, -5.231742833743647, 3.17405060829792, 3.5135479584552893, -7.9960534725393195, 3.3950697405410923, 2.6567368030938905, -8.354924943438032, 3.4068883818793614, -0.22357371478801502, -6.946316614905301, 5.547772525471247, -1.57501615406036, 3.6622362937601647, 3.6853086223223595, 1.7368138072721029, 3.391574504130886, 3.7712852910171795, -1.5931747138457697, 6.152016787211526, 2.537535742717644, -0.1623538509626985, 3.5898435246082614, -1.0635944762008307, 1.6449332531780652, 3.5643036685143983, -1.034977837132204, -1.6696859580113927, -0.7161775467677606, 1.0257359235871175, -1.6535561619024994, -0.6652105722459742, -1.9522985481938997, -0.19705858674677515, -0.29191232219568386, 0.3146450343438234, 4.064342650132495, -0.6636780964100772, 3.181975325019862, 2.445953160703895, -3.6838202120623116, -2.9010241536556585, 2.330825692158478, -6.750790598158088, -1.7239188647943096, 2.0079904806532256, -6.9812504612616495, -0.7170047049279455, 6.568062398360078, -6.386894153596458, -3.9072860531566476, 5.943385137066564, -2.44599496861853, -0.03577222503920896, 7.6823829224143, -1.7588297278327265, -3.190632086971176, 6.924789230320696, -4.684523391719605, -4.661958623498341, 10.402791248607484, -2.295293116726564, -2.6538040298787795, 11.608929154920714, -5.392655509608705, -1.4809900729597927, 11.142675894726095, -5.175781741510477, 3.171808237181511, 5.602701105276083, -4.22183372606834, 4.879298041673231, 2.922410515002854, -8.761648265208075, 5.147310613378806, 3.464080625264721, -9.11676111141656, 1.8554179249526324, 3.47427339987717, -7.718857461006689, 1.5946447954597567, -0.9945306609230313, -10.382922533041674, 3.551403180340929, -0.632244372968717, -7.399796607565366, 5.575288645868211, -3.594697229690749, -4.897680479807237, 5.321556052658044, -1.4029399029121097, -7.453540002489361, 7.398876980250332, -0.7913007626470199], "name": "C12H27N", "identifiers": {"molecule_hash": "65700a7cb961290b83ac6f3e2aadf4259a1786fc", "molecular_formula": "C12H27N"}, "molecular_charge": 0.0, "molecular_multiplicity": 1, "connectivity": [[0, 1, 1.0], [0, 13, 1.0], [0, 14, 1.0], [0, 15, 1.0], [1, 2, 1.0], [1, 16, 1.0], [1, 17, 1.0], [2, 3, 1.0], [2, 18, 1.0], [2, 19, 1.0], [3, 4, 1.0], [3, 20, 1.0], [3, 21, 1.0], [4, 5, 1.0], [4, 9, 1.0], [5, 6, 1.0], [5, 22, 1.0], [5, 23, 1.0], [6, 7, 1.0], [6, 24, 1.0], [6, 25, 1.0], [7, 8, 1.0], [7, 26, 1.0], [7, 27, 1.0], [8, 28, 1.0], [8, 29, 1.0], [8, 30, 1.0], [9, 10, 1.0], [9, 31, 1.0], [9, 32, 1.0], [10, 11, 1.0], [10, 33, 1.0], [10, 34, 1.0], [11, 12, 1.0], [11, 35, 1.0], [11, 36, 1.0], [12, 37, 1.0], [12, 38, 1.0], [12, 39, 1.0]], "fix_com": true, "fix_orientation": true, "provenance": {"creator": "QCElemental", "version": "v0.22.0", "routine": "qcelemental.molparse.from_schema"}, "id": "219415"}