{"schema_name": "qcschema_molecule", "schema_version": 2, "validated": true, "symbols": ["C", "C", "C", "C", "N", "C", "C", "C", "C", "C", "C", "C", "C", "H", "H", "H", "H", "H", "H", "H", "H", "H", "H", "H", "H", "H", "H", "H", "H", "H", "H", "H", "H", "H", "H", "H", "H", "H", "H", "H"], "geometry": [10.618907248767442, 2.3451931752889754, -3.3306690738754696e-16, 8.920588225254026, -3.957546134234894e-15, 3.3918534729950207e-16, 6.795461121620286, 0.1557919028949546, 1.9619311634059124, 5.0877519882444675, -2.181985928599373, 2.0179057165547283, 3.9412618858198774, -2.799265733920817, -0.42508227447530134, 2.372237417139624, -0.781546964775298, -1.49178463283631, 0.0, 0.0, -0.0, -1.4840765429374878, 2.0896331540821387, -1.3500269280111674, -3.862024556919291, 2.907053667792647, 0.08796285596686348, 2.717338669016874, -5.279429271109984, -0.36676883225430035, 1.9818176009746022, -6.289423578363731, -2.983620705172718, 4.130239152999468, -6.239889448511246, -4.935666059624646, 6.495829152601861, -7.694092214764335, -4.110120467290965, 9.530742802277388, 4.054275321742232, -0.43549734669717033, 11.510783191300426, 2.6301135739094854, 1.848691875565406, 12.127750335432815, 2.1871089562501096, -1.4086708959385983, 10.062105093673152, -1.691393801359307, 0.3778796772756392, 8.098147492746957, -0.28269094537547856, -1.8775692004402669, 5.671131922263148, 1.8686245409361715, 1.640821628457822, 7.614867558841741, 0.37457751071444445, 3.85579709274154, 6.242645731348411, -3.8136610876156585, 2.5672603453515332, 3.6597890420676964, -1.9490440575998198, 3.5272626638405917, 3.569411674799899, 0.8853998238407685, -1.7634737136044725, 1.8008275479994957, -1.360215207192884, -3.393985000616108, 0.5353934645411255, 0.6582339579151997, 1.8918516065054858, -1.234608446414052, -1.642193236643621, 0.2800822677051784, -0.24865556476470996, 3.733236097299529, -1.63304053001707, -2.0143559326507052, 1.4362675829717855, -3.2472599198084353, -5.164556236200546, 1.3160514982359628, 0.3392832033348755, -3.384040487532274, 3.62544739756295, 1.9711908210740705, -4.879989450093115, 4.402935728338741, -0.918049900829613, 4.067014101138278, -6.593483837709531, 0.49131548170751005, 1.0310699088931639, -5.310396711424906, 0.868729242937714, 0.3541202666765079, -5.242601966805432, -3.7257090749395347, 1.3245018874931205, -8.241011831151019, -2.725936967363623, 4.6564933209528565, -4.276537907390057, -5.325794526226906, 3.418045957768152, -7.029902358998642, -6.716021542517477, 7.900966787838349, -7.7471316373434185, -5.629399129767304, 7.3835780142866225, -6.797885857588511, -2.471734776982304, 6.041330203352221, -9.652937866714149, -3.605700601517874], "name": "C12H27N", "identifiers": {"molecule_hash": "67ef0fe78aea6ab86da728066bc4457d11cca62a", "molecular_formula": "C12H27N"}, "molecular_charge": 0.0, "molecular_multiplicity": 1, "connectivity": [[0, 1, 1.0], [0, 13, 1.0], [0, 14, 1.0], [0, 15, 1.0], [1, 2, 1.0], [1, 16, 1.0], [1, 17, 1.0], [2, 3, 1.0], [2, 18, 1.0], [2, 19, 1.0], [3, 4, 1.0], [3, 20, 1.0], [3, 21, 1.0], [4, 5, 1.0], [4, 9, 1.0], [5, 6, 1.0], [5, 22, 1.0], [5, 23, 1.0], [6, 7, 1.0], [6, 24, 1.0], [6, 25, 1.0], [7, 8, 1.0], [7, 26, 1.0], [7, 27, 1.0], [8, 28, 1.0], [8, 29, 1.0], [8, 30, 1.0], [9, 10, 1.0], [9, 31, 1.0], [9, 32, 1.0], [10, 11, 1.0], [10, 33, 1.0], [10, 34, 1.0], [11, 12, 1.0], [11, 35, 1.0], [11, 36, 1.0], [12, 37, 1.0], [12, 38, 1.0], [12, 39, 1.0]], "fix_com": true, "fix_orientation": true, "provenance": {"creator": "QCElemental", "version": "v0.22.0", "routine": "qcelemental.molparse.from_schema"}, "id": "218330"}