{"schema_name": "qcschema_molecule", "schema_version": 2, "validated": true, "symbols": ["C", "C", "C", "C", "N", "C", "C", "C", "C", "C", "C", "C", "C", "H", "H", "H", "H", "H", "H", "H", "H", "H", "H", "H", "H", "H", "H", "H", "H", "H", "H", "H", "H", "H", "H", "H", "H", "H", "H", "H"], "geometry": [7.206996793160837, 1.6253687652375697, 0.0, 4.8398862714925635, 3.022135189939225e-16, -3.438141458501109e-16, 2.4233079213375586, 1.55414308342777, 0.07109515764468455, 0.0, 0.0, 0.0, -0.19427752449583724, -1.9866993139883744, 1.900038779809527, -0.19750744310573642, -0.9541114624763027, 4.454508942596159, 0.28774193068004283, -2.897390694995826, 6.52403373056229, 2.7687558514368433, -4.31844572171505, 6.224700953624051, 3.2383343393687007, -6.207444039433484, 8.335748755207593, -2.457575978905531, -3.4963228531101156, 1.4574133060100891, -2.3584298673634696, -5.3313515731284795, -0.7625775253297971, -0.41105954599490535, -7.452422588200884, -0.5384204340276488, 2.2540945056511967, -6.725412826056419, -1.3318538379797158, 7.300062950996894, 2.815920164780533, 1.6979174381969244, 7.2526372465323, 2.892478038988854, -1.643442364050459, 8.927223154804894, 0.47107986201837515, -0.04974384032426962, 4.817336652441149, -1.2150923610264377, -1.6864597978266622, 4.862610585364912, -1.2936991815337666, 1.6252655490393595, 2.451087624819402, 2.801242803444058, 1.7338106871382952, 2.373841012602899, 2.836774436732013, -1.564382378098971, -0.12060877723783303, -0.9178401430989268, -1.856014121548317, -1.647604880204596, 1.2973276328886931, 0.12045055341432875, -1.9892121042692432, 0.06549604479261939, 4.84980185082165, 1.3116823974609224, 0.4611116374398223, 4.560692552803067, 0.27448585514487833, -1.8883481795884176, 8.342090868048714, -1.2770024401378643, -4.260260492741094, 6.644815005765555, 2.773403373093903, -5.283501445435335, 4.3869694824067595, 4.331414089397958, -2.9461763069015796, 6.150507158476509, 1.7323237171132009, -7.633891231125055, 8.41285760355361, 3.2976236893477866, -5.273233751129429, 10.188423232600435, 5.034578480312835, -7.208605115544623, 8.07993799279576, -4.125815679844006, -2.2404506155425183, 1.2305658003710467, -2.8118034095318505, -4.615119725655276, 3.1645281311196563, -4.256014458105641, -6.166214957773551, -0.893505236045969, -2.0819760627126995, -4.318022938541096, -2.5563583058872954, -0.393725574330583, -8.147018903210645, 1.4241656567115988, -1.0426307624219104, -9.055201452281143, -1.6993942058113363, 2.988095064441367, -5.191685527516123, -0.1546942992582947, 2.2839506264473783, -6.077377408829856, -3.3053664648458985, 3.54842330006904, -8.339610294784167, -1.1893637263442884], "name": "C12H27N", "identifiers": {"molecule_hash": "2b98fdc08db623f357b639f94aed22819b8f8616", "molecular_formula": "C12H27N"}, "molecular_charge": 0.0, "molecular_multiplicity": 1, "connectivity": [[0, 1, 1.0], [0, 13, 1.0], [0, 14, 1.0], [0, 15, 1.0], [1, 2, 1.0], [1, 16, 1.0], [1, 17, 1.0], [2, 3, 1.0], [2, 18, 1.0], [2, 19, 1.0], [3, 4, 1.0], [3, 20, 1.0], [3, 21, 1.0], [4, 5, 1.0], [4, 9, 1.0], [5, 6, 1.0], [5, 22, 1.0], [5, 23, 1.0], [6, 7, 1.0], [6, 24, 1.0], [6, 25, 1.0], [7, 8, 1.0], [7, 26, 1.0], [7, 27, 1.0], [8, 28, 1.0], [8, 29, 1.0], [8, 30, 1.0], [9, 10, 1.0], [9, 31, 1.0], [9, 32, 1.0], [10, 11, 1.0], [10, 33, 1.0], [10, 34, 1.0], [11, 12, 1.0], [11, 35, 1.0], [11, 36, 1.0], [12, 37, 1.0], [12, 38, 1.0], [12, 39, 1.0]], "fix_com": true, "fix_orientation": true, "provenance": {"creator": "QCElemental", "version": "v0.22.0", "routine": "qcelemental.molparse.from_schema"}, "id": "223262"}