{"schema_name": "qcschema_molecule", "schema_version": 2, "validated": true, "symbols": ["C", "C", "C", "C", "N", "C", "C", "C", "C", "C", "C", "C", "C", "H", "H", "H", "H", "H", "H", "H", "H", "H", "H", "H", "H", "H", "H", "H", "H", "H", "H", "H", "H", "H", "H", "H", "H", "H", "H", "H"], "geometry": [4.092110476491246, 2.631946229521817, 2.220446049250313e-16, 2.8957653942536785, -4.062999388678606e-16, -1.7926401195227585e-16, -0.0, 0.0, -0.0, -1.2289813960293305, 1.0459563261977571, 2.4042039523401706, -0.5857608972447428, -0.3849886028256615, 4.660305572604193, -0.40799504910893547, 1.1170722892632514, 6.954690866937621, -2.8228486298769293, 2.4857631132989346, 7.811021701628385, -2.449924815734302, 4.116546254144557, 10.179353499990231, -1.9410795105918561, 2.6233647694975257, 12.603365871163376, -1.939269471268366, -2.763748078297768, 4.9422400133454145, -0.2650472425977014, -4.875930397958062, 5.991039881285367, -1.6667053336684634, -7.362531635805979, 6.487132312721505, -2.693928428824025, -8.659888547710384, 4.115251918482871, 6.134655545764845, 2.501613373257716, -0.14613458486664166, 3.669960706311016, 3.6671443467875573, 1.719052272027041, 3.4252731797946234, 3.753190170747782, -1.5869359596219719, 3.5671391977712297, -1.057471356659106, 1.622082256158972, 3.5383797380414346, -1.011184644532344, -1.670015624764408, -0.6576476934267873, -1.9185827069749644, -0.3239693455954398, -0.6851025455147345, 1.107636895188032, -1.5940022109477372, -0.6005086281103931, 2.9757166089057385, 2.6800723567350477, -3.2703952047533926, 1.149016928114184, 2.1110961335101104, 0.2542963623332113, -0.1103449571029862, 8.452850583925253, 1.0702307898872747, 2.5159586689993687, 6.674148311481162, -3.484215037612391, 3.695160762479222, 6.288972297812483, -4.324121773150566, 1.1277718615496228, 8.161954007476918, -0.9110929341140688, 5.443139064416092, 9.859237973872164, -4.135509318846669, 5.2575632324583745, 10.455179576668119, -1.839189204296587, 3.879085505052653, 14.222585061768337, -3.4411976316134023, 1.2672036619051372, 12.960756995016117, -0.17215720284072322, 1.5902895474034642, 12.518906896252398, -3.609403953800263, -2.556484110356141, 6.135849900789448, -2.6358380156188828, -3.3210603095351647, 3.102292757273381, 1.2823630189248063, -5.195171181294992, 4.678240131010462, 0.5933733683957485, -4.25235357659591, 7.748080828284567, -0.38139820506175726, -8.6530958812729, 7.436949361417568, -3.2115833883991387, -7.02722988151245, 7.803133773232503, -1.196935065916139, -8.9875140690225, 2.7482066919894974, -3.5220998125185274, -10.478554976403316, 4.579945349296425, -4.147526672566597, -7.544199188902074, 3.1943154180359867], "name": "C12H27N", "identifiers": {"molecule_hash": "fd43192d919c38620a95888a843867d4b440760e", "molecular_formula": "C12H27N"}, "molecular_charge": 0.0, "molecular_multiplicity": 1, "connectivity": [[0, 1, 1.0], [0, 13, 1.0], [0, 14, 1.0], [0, 15, 1.0], [1, 2, 1.0], [1, 16, 1.0], [1, 17, 1.0], [2, 3, 1.0], [2, 18, 1.0], [2, 19, 1.0], [3, 4, 1.0], [3, 20, 1.0], [3, 21, 1.0], [4, 5, 1.0], [4, 9, 1.0], [5, 6, 1.0], [5, 22, 1.0], [5, 23, 1.0], [6, 7, 1.0], [6, 24, 1.0], [6, 25, 1.0], [7, 8, 1.0], [7, 26, 1.0], [7, 27, 1.0], [8, 28, 1.0], [8, 29, 1.0], [8, 30, 1.0], [9, 10, 1.0], [9, 31, 1.0], [9, 32, 1.0], [10, 11, 1.0], [10, 33, 1.0], [10, 34, 1.0], [11, 12, 1.0], [11, 35, 1.0], [11, 36, 1.0], [12, 37, 1.0], [12, 38, 1.0], [12, 39, 1.0]], "fix_com": true, "fix_orientation": true, "provenance": {"creator": "QCElemental", "version": "v0.22.0", "routine": "qcelemental.molparse.from_schema"}, "id": "215603"}