{"schema_name": "qcschema_molecule", "schema_version": 2, "validated": true, "symbols": ["C", "C", "C", "C", "N", "C", "C", "C", "C", "C", "C", "C", "C", "H", "H", "H", "H", "H", "H", "H", "H", "H", "H", "H", "H", "H", "H", "H", "H", "H", "H", "H", "H", "H", "H", "H", "H", "H", "H", "H"], "geometry": [0.0, -0.0, 0.0, 2.874398436461197, -5.371778586426796e-17, -7.7529738168117e-16, 4.026906047421837, 2.241896978234239, -1.4040670718131103, 3.921955079476234, 4.7540982068615705, 2.0539125955565396e-15, 5.465296329279798, 4.898818923706975, 2.282975340943144, 8.152436739375982, 4.479804339598539, 1.7258820693309427, 9.158858828974388, 1.8413380917574491, 2.324845230349099, 9.71401046901644, 1.3337438423697283, 5.108798536062009, 7.417584745714767, 1.3109874701160957, 6.836651215726956, 5.142574170434717, 7.363821712597259, 3.4972581349584253, 2.5487207625306856, 7.9929510922184654, 4.586370584815091, 1.6662165006815293, 6.366737098201964, 6.800617356074284, 0.574289498987892, 3.8161508908485042, 6.0563349588617434, -0.7701635461885119, 1.72201014014384, 0.8587906855530191, -0.7568741762498918, -1.6082086491360614, 1.0659060350173233, -0.7436234043858448, -0.11961443542276462, -1.9343500645332825, 3.5498607046069215, -1.7598440334426777, -0.8720728249064265, 3.580403350525498, -0.012923312996390685, 1.9529304057407302, 5.991502321954911, 1.825493541723782, -1.9255055653986413, 3.0241647051388183, 2.4997463202788897, -3.2070291758840033, 1.9562234218471566, 5.1345532665403795, 0.539527884440278, 4.475630128212481, 6.28074201437659, -1.3333059338949824, 9.267713444330063, 5.847844734619154, 2.8212043811588012, 8.537302031653226, 4.932397152219257, -0.2775084746639577, 7.847748944335418, 0.4029572219499265, 1.6084329562707622, 10.92578769135218, 1.5958236664866159, 1.257580091173103, 11.081332001192298, 2.747651388800704, 5.790831964142826, 10.684874234941814, -0.4979787781616253, 5.250722064115996, 7.943749673909643, 0.749121719481192, 8.762443674826025, 6.509079390858032, 3.1679726431005117, 6.935385703930486, 5.983657115982758, -0.02743769349390829, 6.155555571422551, 6.5084804749967695, 7.4473790586696476, 5.059283912651383, 5.677208316064895, 8.899353075841203, 2.167125659424186, 1.0959115374648165, 8.006392817948038, 3.1004154562712425, 2.6875536155073756, 9.965090723348375, 5.224365296646028, 3.2551102466369626, 6.099507197344125, 8.116908640651916, 0.23039040579679515, 7.427735409408317, 7.863498767404967, -0.027760339562321268, 2.7383169740629323, 7.722503596271853, -1.0927925240835061, 4.06075251114608, 4.841950698969965, 1.9622046058052693, 2.6863415578931154, 5.01735308305375], "name": "C12H27N", "identifiers": {"molecule_hash": "00e258cf317af3553e7607876d52678203fbc0ce", "molecular_formula": "C12H27N"}, "molecular_charge": 0.0, "molecular_multiplicity": 1, "connectivity": [[0, 1, 1.0], [0, 13, 1.0], [0, 14, 1.0], [0, 15, 1.0], [1, 2, 1.0], [1, 16, 1.0], [1, 17, 1.0], [2, 3, 1.0], [2, 18, 1.0], [2, 19, 1.0], [3, 4, 1.0], [3, 20, 1.0], [3, 21, 1.0], [4, 5, 1.0], [4, 9, 1.0], [5, 6, 1.0], [5, 22, 1.0], [5, 23, 1.0], [6, 7, 1.0], [6, 24, 1.0], [6, 25, 1.0], [7, 8, 1.0], [7, 26, 1.0], [7, 27, 1.0], [8, 28, 1.0], [8, 29, 1.0], [8, 30, 1.0], [9, 10, 1.0], [9, 31, 1.0], [9, 32, 1.0], [10, 11, 1.0], [10, 33, 1.0], [10, 34, 1.0], [11, 12, 1.0], [11, 35, 1.0], [11, 36, 1.0], [12, 37, 1.0], [12, 38, 1.0], [12, 39, 1.0]], "fix_com": true, "fix_orientation": true, "provenance": {"creator": "QCElemental", "version": "v0.22.0", "routine": "qcelemental.molparse.from_schema"}, "id": "242378"}