{"schema_name": "qcschema_molecule", "schema_version": 2, "validated": true, "symbols": ["C", "C", "C", "C", "N", "C", "C", "C", "C", "C", "C", "C", "C", "H", "H", "H", "H", "H", "H", "H", "H", "H", "H", "H", "H", "H", "H", "H", "H", "H", "H", "H", "H", "H", "H", "H", "H", "H", "H", "H"], "geometry": [0.0, 0.0, 0.0, 2.876604854783498, 6.857277107990033e-16, 7.182295163585407e-16, 4.058510881572022, 2.019826382772732, 1.6810799058447248, 3.5246013367759232, 4.719655116225956, 0.8257785733165639, 4.7825112817336315, 6.5758423683648815, 2.4112057143069023, 7.428270326793703, 7.0425989545400745, 1.829203685728851, 8.036509695562792, 9.200227668793264, 8.881784197001252e-16, 6.877096636539638, 8.991529835684595, -2.624266614539769, 7.70487028246918, 11.118378908220011, -4.369249409509426, 3.318613307117938, 8.787929128958757, 3.0859543701477268, 4.303372795460428, 10.079302559979928, 5.47038181310355, 4.60350228128799, 8.319444964640054, 7.733843912660814, 2.169430380501334, 7.017190340221001, 8.530604511333777, -0.778212002235826, 1.7546080476009496, -0.7850915560122731, -0.7450374069561313, -0.20402720155765852, 1.9271123544440405, -0.7529348560075795, -1.5647292153658283, -1.1315085909066853, 3.5690863633471586, 0.2361428998341425, -1.947979304069634, 3.5537523124451953, -1.8621192947481273, 0.6201762530055881, 3.3904269507557063, 1.805596080492188, 3.63824569337075, 6.1154489351641566, 1.733462360089805, 1.7426220868454385, 4.028573165081135, 4.901634842611412, -1.1938498372503252, 1.4863870372497243, 5.084606606933091, 0.9366589651901285, 8.216494811590367, 5.272668769033535, 1.0852166790180835, 8.453895677814423, 7.4085861016789, 3.6038260444943173, 7.467075569844107, 11.01405614888163, 0.8459967376403967, 10.107684663182365, 9.298842358760632, -0.1726945910847726, 4.805134873239799, 8.992392124012083, -2.4677862006079048, 7.387489438690153, 7.157281484557129, -3.4627743582896393, 9.76510589433336, 11.124368156659386, -4.618746290391837, 6.8435945149536845, 10.950168288571376, -6.246466552678326, 7.171040705658709, 12.969059380773473, -3.5962783783038828, 3.2016892151763576, 10.209997883540037, 1.550296549552482, 1.3725809608837092, 8.15269445514099, 3.418762184430009, 2.9922573891737603, 11.622480282801936, 5.94241605905361, 6.127652233607281, 10.992029565597523, 5.0718967258695, 6.023454177245105, 6.874830701908245, 7.279372967907657, 5.359563320013806, 9.415735286879103, 9.32782767166249, 2.4449487601916413, 5.901289588198386, 10.255384614137505, 1.4944113533151437, 5.720535004637322, 7.059499337274614, 0.6589985016654298, 8.392140508954531, 8.90810014654497], "name": "C12H27N", "identifiers": {"molecule_hash": "9c7e61a8fef056f342a29a6e607fe3b18e4e413d", "molecular_formula": "C12H27N"}, "molecular_charge": 0.0, "molecular_multiplicity": 1, "connectivity": [[0, 1, 1.0], [0, 13, 1.0], [0, 14, 1.0], [0, 15, 1.0], [1, 2, 1.0], [1, 16, 1.0], [1, 17, 1.0], [2, 3, 1.0], [2, 18, 1.0], [2, 19, 1.0], [3, 4, 1.0], [3, 20, 1.0], [3, 21, 1.0], [4, 5, 1.0], [4, 9, 1.0], [5, 6, 1.0], [5, 22, 1.0], [5, 23, 1.0], [6, 7, 1.0], [6, 24, 1.0], [6, 25, 1.0], [7, 8, 1.0], [7, 26, 1.0], [7, 27, 1.0], [8, 28, 1.0], [8, 29, 1.0], [8, 30, 1.0], [9, 10, 1.0], [9, 31, 1.0], [9, 32, 1.0], [10, 11, 1.0], [10, 33, 1.0], [10, 34, 1.0], [11, 12, 1.0], [11, 35, 1.0], [11, 36, 1.0], [12, 37, 1.0], [12, 38, 1.0], [12, 39, 1.0]], "fix_com": true, "fix_orientation": true, "provenance": {"creator": "QCElemental", "version": "v0.22.0", "routine": "qcelemental.molparse.from_schema"}, "id": "223902"}