{"schema_name": "qcschema_molecule", "schema_version": 2, "validated": true, "symbols": ["C", "C", "C", "C", "N", "C", "C", "C", "C", "C", "C", "C", "C", "H", "H", "H", "H", "H", "H", "H", "H", "H", "H", "H", "H", "H", "H", "H", "H", "H", "H", "H", "H", "H", "H", "H", "H", "H", "H", "H"], "geometry": [7.199201561592667, 1.6007804495984341, 2.7755575615628914e-16, 4.815868064206287, -8.821498388594017e-16, 1.033081169189697e-16, 2.408065495884954, 1.5705401068357727, -0.07000234626963639, 0.0, -0.0, 0.0, -0.14344145160732502, -1.905773913999399, -1.9754115232824505, 0.045357063623532534, -0.9052396453153201, -4.531390428191561, -1.9678088204192417, 0.9913653888722372, -5.361068643591022, -1.632302571161208, 1.7991486815865663, -8.100334418361905, -3.585949665606123, 3.7177554125549634, -8.966317888968767, -2.271522641188274, -3.5952849550819104, -1.5761753433989, -2.1852971117371642, -5.980644297826213, -3.191492830817585, 0.34775132551265364, -7.3573953634881235, -3.134373072941144, 1.2341756116189617, -8.052933829684536, -0.4912122352616236, 7.306154599492938, 2.787503906248449, -1.6998698890619865, 7.257807349324549, 2.8697404020550716, 1.6417163976110989, 8.907591250780206, 0.4288785252477705, 0.052183256412344156, 4.779700895806077, -1.2132677838089805, 1.6895472226124637, 4.82449925432826, -1.3007821494941423, -1.6177804660037411, 2.4206120474227313, 2.799346250731014, -1.749336092872081, 2.3666696202612982, 2.8623181020129573, 1.5576535009244918, -0.0744849871831722, -1.0179486372004662, 1.8104482054790105, -1.6597367465790243, 1.280228006889955, -0.00686010948784338, 1.920818933303145, -0.03629542337709324, -4.745724099392921, 0.03729956639600118, -2.5151203907552397, -5.84100217131673, -1.9014368112479092, 2.674444535458491, -4.140846505400302, -3.8627408009418747, 0.17080504945373498, -5.114428066716274, 0.2768992421198657, 2.5866822069209436, -8.351292933090935, -1.715301718843148, 0.11857033257434058, -9.323450489576075, -5.509535917526476, 2.9590704244557973, -8.7913113262911, -3.496765496300984, 5.446547539564901, -7.821942832584549, -3.3016148598234025, 4.2592655722875215, -10.946317376565244, -2.216237476423885, -4.141814254107912, 0.42591002170731956, -4.120177579924764, -2.6455807575969223, -1.8481947015562616, -2.685614208745671, -5.539750136536125, -5.159043240382701, -3.687867737981617, -7.243845144475726, -2.5069826221283, 1.789297105133295, -6.162394027992763, -4.032270753933077, 0.19447592267110192, -9.071248520079388, -4.298006346239395, 2.9701090795411442, -9.1833890042362, -0.5551901301328062, 1.6408406578608228, -6.351403647266649, 0.6220562814840548, -0.1982473199481812, -9.160781259823349, 0.5264134257904525], "name": "C12H27N", "identifiers": {"molecule_hash": "09351e25617e24411d9b2ac2054bd9d954f34d16", "molecular_formula": "C12H27N"}, "molecular_charge": 0.0, "molecular_multiplicity": 1, "connectivity": [[0, 1, 1.0], [0, 13, 1.0], [0, 14, 1.0], [0, 15, 1.0], [1, 2, 1.0], [1, 16, 1.0], [1, 17, 1.0], [2, 3, 1.0], [2, 18, 1.0], [2, 19, 1.0], [3, 4, 1.0], [3, 20, 1.0], [3, 21, 1.0], [4, 5, 1.0], [4, 9, 1.0], [5, 6, 1.0], [5, 22, 1.0], [5, 23, 1.0], [6, 7, 1.0], [6, 24, 1.0], [6, 25, 1.0], [7, 8, 1.0], [7, 26, 1.0], [7, 27, 1.0], [8, 28, 1.0], [8, 29, 1.0], [8, 30, 1.0], [9, 10, 1.0], [9, 31, 1.0], [9, 32, 1.0], [10, 11, 1.0], [10, 33, 1.0], [10, 34, 1.0], [11, 12, 1.0], [11, 35, 1.0], [11, 36, 1.0], [12, 37, 1.0], [12, 38, 1.0], [12, 39, 1.0]], "fix_com": true, "fix_orientation": true, "provenance": {"creator": "QCElemental", "version": "v0.22.0", "routine": "qcelemental.molparse.from_schema"}, "id": "222227"}