{"schema_name": "qcschema_molecule", "schema_version": 2, "validated": true, "symbols": ["C", "C", "C", "C", "N", "C", "C", "C", "C", "C", "C", "C", "C", "H", "H", "H", "H", "H", "H", "H", "H", "H", "H", "H", "H", "H", "H", "H", "H", "H", "H", "H", "H", "H", "H", "H", "H", "H", "H", "H"], "geometry": [10.395529409165277, 1.3116541478408443, -5.273559366969494e-16, 7.809458953492247, -8.757926171830095e-17, -8.838499749040496e-16, 6.527680042759855, -0.09519152386856627, 2.6000586607785565, 5.699110705198237, 2.5061298128572034, 3.604805637527929, 3.9084270633121063, 3.8240453053500514, 1.947201943217529, 1.2868248325197325, 3.785703206343353, 2.8042890924911092, 0.04016408350610279, 1.1702422984485916, 2.6551304173298655, 0.0, -0.0, 0.0, -1.4534623138548048, 1.5684231513343077, -1.9563813628736195, 4.7285742801610375, 6.264469276748353, 0.9324452594512314, 4.402026312460204, 8.621437297532415, 2.6218784243474467, 5.937158703295289, 8.680180156165793, 5.085641555707187, 8.802721095662667, 8.874533650417623, 4.690879638357304, 10.256674479670133, 3.300154680936401, 0.5563746397334997, 11.703265868512176, 0.3885455912504763, 1.3162122066847923, 11.25657072696752, 1.2608146293335973, -1.8818463391881772, 6.537726812736514, 0.958960388846038, -1.3243759230061265, 8.040769510595698, -1.9367712142902342, -0.7026966353971306, 4.879806314289687, -1.341324829728766, 2.495631718991769, 7.821126367254763, -0.9442855007664543, 3.9876042577665984, 4.881392451267736, 2.264815071765162, 5.502536037251175, 7.383083147966989, 3.673149132320435, 3.867965469808182, 0.21864297212538064, 5.097879676785638, 1.6129556291936484, 1.0967162527834287, 4.494036059234448, 4.762507983228378, 0.9898251422345443, -0.12466834162364993, 3.965022923103458, -1.904810828629357, 1.3633276068967508, 3.3568496037824254, 1.9431524846160244, -0.2631726970662707, -0.6566060809524484, -0.8480614969693293, -1.8882177904223976, 0.12685856340918836, -1.5764808106197543, 0.5685358913027211, -3.7647020764710923, -0.5250330688491276, 3.3815128871291655, -2.317421313567188, -3.387339012603327, 1.96275616911185, -1.3222436449114414, 3.6617517965415503, 6.602704902983525, -0.8162980783394521, 6.704985867180337, 6.075760802155011, 0.3526002460462433, 4.902130081122943, 10.281412199735227, 1.476398174305614, 2.3927039477226053, 8.835492649118688, 3.0802920795199045, 5.31252014368285, 10.311125852174914, 6.203836612051487, 5.49431805279176, 7.009895747291758, 6.226340109737615, 9.80237235240028, 8.964803185683984, 6.501107380487186, 9.28550653260651, 10.580237411087241, 3.6182871636584633, 9.560543425006632, 7.2559171339530675, 3.64835586124387], "name": "C12H27N", "identifiers": {"molecule_hash": "eb267fe28a72a5b4353aab93e114066f24e89ce8", "molecular_formula": "C12H27N"}, "molecular_charge": 0.0, "molecular_multiplicity": 1, "connectivity": [[0, 1, 1.0], [0, 13, 1.0], [0, 14, 1.0], [0, 15, 1.0], [1, 2, 1.0], [1, 16, 1.0], [1, 17, 1.0], [2, 3, 1.0], [2, 18, 1.0], [2, 19, 1.0], [3, 4, 1.0], [3, 20, 1.0], [3, 21, 1.0], [4, 5, 1.0], [4, 9, 1.0], [5, 6, 1.0], [5, 22, 1.0], [5, 23, 1.0], [6, 7, 1.0], [6, 24, 1.0], [6, 25, 1.0], [7, 8, 1.0], [7, 26, 1.0], [7, 27, 1.0], [8, 28, 1.0], [8, 29, 1.0], [8, 30, 1.0], [9, 10, 1.0], [9, 31, 1.0], [9, 32, 1.0], [10, 11, 1.0], [10, 33, 1.0], [10, 34, 1.0], [11, 12, 1.0], [11, 35, 1.0], [11, 36, 1.0], [12, 37, 1.0], [12, 38, 1.0], [12, 39, 1.0]], "fix_com": true, "fix_orientation": true, "provenance": {"creator": "QCElemental", "version": "v0.22.0", "routine": "qcelemental.molparse.from_schema"}, "id": "222553"}