{"schema_name": "qcschema_molecule", "schema_version": 2, "validated": true, "symbols": ["C", "C", "C", "C", "N", "C", "C", "C", "C", "C", "C", "C", "C", "H", "H", "H", "H", "H", "H", "H", "H", "H", "H", "H", "H", "H", "H", "H", "H", "H", "H", "H", "H", "H", "H", "H", "H", "H", "H", "H"], "geometry": [0.0, 0.0, -0.0, 2.8714170447363694, -1.0101200369043055e-16, -6.948630374926967e-16, 3.9838477243652974, 2.6500498392794634, 0.0, 6.861274853071461, 2.738636851269807, 0.07349821165634618, 8.146004770655434, 1.2623561040718325, -1.8668444075280748, 7.564169934107245, 2.1836429282786343, -4.397509285885853, 8.264140170766247, 0.36318196447491324, -6.516635880822028, 7.0232560892821, -2.2197773654521242, -6.286515539338103, 7.705419165267154, -3.9855255662416225, -8.445711744043315, 10.866324533047091, 1.2871221941522784, -1.423394901063752, 11.823311455603411, -0.3407353980334491, 0.7537076081394254, 11.418592049665179, -3.1845543808441468, 0.4531487676922491, 8.80999391145275, -4.114801436668946, 1.2219023356253667, -0.7506338877534491, 0.9739920345990039, -1.6723892653073071, -0.7548732208931035, 0.9742755325464656, 1.670181239753936, -0.7647167780699626, -1.925938887449711, -0.0019256654935981832, 3.5778106404439507, -1.033809802272466, 1.6593221391575503, 3.584983638126004, -1.035359237134359, -1.6536372149039196, 3.2550248024954334, 3.706639618720681, -1.634957963418905, 3.298591884416229, 3.69114663400956, 1.6640068603462526, 7.480245548720646, 2.000722443251245, 1.9103768220124073, 7.485157419343507, 4.7432543931145945, 0.006803244991929747, 8.464047841004191, 4.048310602109938, -4.742901474354085, 5.518950280622273, 2.498768294790726, -4.495273946483779, 7.703898462090197, 1.2509825937365062, -8.311521266340026, 10.325522677036254, 0.1287239293287139, -6.643752916075581, 7.565695661231351, -3.066986340701796, -4.470859356938686, 4.958272665140588, -1.9751430805219057, -6.205729653218616, 9.754371375503014, -4.306782017123583, -8.531470081601427, 7.1277320368954316, -3.1995131160346855, -10.277958675766834, 6.79135742413399, -5.833818671677962, -8.23941247076546, 11.530683701695807, 3.259936341900831, -1.1435202841894716, 11.791635251756501, 0.6113882932743714, -3.1492594119045165, 13.860198897594962, 0.04150657419366377, 0.8949408860932662, 11.02181540488448, 0.2897678679156833, 2.5650554015759925, 11.797479446099416, -3.714109159398957, -1.5243559094943862, 12.846495245532232, -4.179135408928372, 1.5878484764869163, 7.3367377368344115, -3.234649112919641, 0.06794004978476809, 8.418560258281069, -3.65061178195503, 3.2085832455730383, 8.65670612555766, -6.173588520678676, 1.0241081864950288], "name": "C12H27N", "identifiers": {"molecule_hash": "2b98fdc08db623f357b639f94aed22819b8f8616", "molecular_formula": "C12H27N"}, "molecular_charge": 0.0, "molecular_multiplicity": 1, "connectivity": [[0, 1, 1.0], [0, 13, 1.0], [0, 14, 1.0], [0, 15, 1.0], [1, 2, 1.0], [1, 16, 1.0], [1, 17, 1.0], [2, 3, 1.0], [2, 18, 1.0], [2, 19, 1.0], [3, 4, 1.0], [3, 20, 1.0], [3, 21, 1.0], [4, 5, 1.0], [4, 9, 1.0], [5, 6, 1.0], [5, 22, 1.0], [5, 23, 1.0], [6, 7, 1.0], [6, 24, 1.0], [6, 25, 1.0], [7, 8, 1.0], [7, 26, 1.0], [7, 27, 1.0], [8, 28, 1.0], [8, 29, 1.0], [8, 30, 1.0], [9, 10, 1.0], [9, 31, 1.0], [9, 32, 1.0], [10, 11, 1.0], [10, 33, 1.0], [10, 34, 1.0], [11, 12, 1.0], [11, 35, 1.0], [11, 36, 1.0], [12, 37, 1.0], [12, 38, 1.0], [12, 39, 1.0]], "fix_com": true, "fix_orientation": true, "provenance": {"creator": "QCElemental", "version": "v0.22.0", "routine": "qcelemental.molparse.from_schema"}, "id": "223262"}