{"schema_name": "qcschema_molecule", "schema_version": 2, "validated": true, "symbols": ["C", "C", "C", "C", "N", "C", "C", "C", "C", "C", "C", "C", "C", "H", "H", "H", "H", "H", "H", "H", "H", "H", "H", "H", "H", "H", "H", "H", "H", "H", "H", "H", "H", "H", "H", "H", "H", "H", "H", "H"], "geometry": [5.3167710517847215, 2.865255664778427, -2.220446049250313e-16, 4.871229829552535, 7.324833739552163e-16, 3.2313711079239267e-16, 2.4408079246941936, -0.8225359474241111, 1.3523341381789458, 0.0, 0.0, -0.0, -0.2271488494991064, -0.9775674114892268, -2.5853171012911, -1.9774329223007958, -3.089112296680475, -2.8798516779049708, -1.0615483475717302, -5.554022182137994, -1.6541185109473608, 1.4879614149435225, -6.522428612414341, -2.645575358395215, 1.4991271577241707, -7.118013165632354, -5.481961489124441, -0.3764381336015598, 0.9030554270637023, -4.6099188382986975, -2.9807241963409243, 2.0922573773396067, -5.175258620855168, -4.169118237565249, 3.6894933327712724, -3.0617856842558284, -2.735537864963967, 6.141892866841582, -2.4824395724608186, 3.821851818081044, 3.882681271779098, -1.006493626520865, 5.384211934075712, 3.612501988155145, 1.9317850001947299, 7.108556302657116, 3.3405066079475407, -0.9213927543092739, 4.80698340044302, -0.6988347103393937, -1.9489437381866008, 6.487871001929011, -0.9292255889805243, 0.9063007206718099, 2.4452879475118863, -2.880994321877249, 1.5572001362520398, 2.411191117272613, -0.03921276086262404, 3.2771131877812287, -1.634464753228333, -0.5943543173923469, 1.1417287475423126, -0.06560430775626541, 2.064327665264381, -0.03460841745430798, -2.2336710283340935, -3.4126810492874324, -4.907594337263666, -3.873333589746923, -2.6416285138242435, -2.1197090269028718, -0.9532755210128848, -5.306513558043859, 0.4005066482842037, -2.5227876598353185, -6.993872284570302, -1.9769660239184388, 2.951084883916162, -5.116600887335386, -2.2466378765323327, 1.9981227962742505, -8.231572220195355, -1.5876380659247378, 3.2984428156235266, -7.966562249495279, -6.0541148794482735, 1.235733640140317, -5.409096630539845, -6.617678544559247, -0.010829570599938831, -8.448143994006102, -5.980249476349526, 0.2814759062962906, -0.007284896754725878, -6.356070728259448, 1.0059793407397588, 2.3855393258199777, -4.198582837172739, -2.770404786246644, 3.270829544973399, -6.873633976901762, -4.300578275155763, 0.5819442603121754, -5.695141912947454, -6.106296875233268, 4.1735584434501805, -3.6217296742265246, -4.345787178763947, 2.552652617347196, -1.340294379484584, -3.6885074901783756, 7.2336482314336035, -1.0045035725696891, -2.610185997864725, 7.3389801584457866, -4.168924271401952, -0.8030017188293523, 5.784400284184182, -1.8354673680353604], "name": "C12H27N", "identifiers": {"molecule_hash": "eb267fe28a72a5b4353aab93e114066f24e89ce8", "molecular_formula": "C12H27N"}, "molecular_charge": 0.0, "molecular_multiplicity": 1, "connectivity": [[0, 1, 1.0], [0, 13, 1.0], [0, 14, 1.0], [0, 15, 1.0], [1, 2, 1.0], [1, 16, 1.0], [1, 17, 1.0], [2, 3, 1.0], [2, 18, 1.0], [2, 19, 1.0], [3, 4, 1.0], [3, 20, 1.0], [3, 21, 1.0], [4, 5, 1.0], [4, 9, 1.0], [5, 6, 1.0], [5, 22, 1.0], [5, 23, 1.0], [6, 7, 1.0], [6, 24, 1.0], [6, 25, 1.0], [7, 8, 1.0], [7, 26, 1.0], [7, 27, 1.0], [8, 28, 1.0], [8, 29, 1.0], [8, 30, 1.0], [9, 10, 1.0], [9, 31, 1.0], [9, 32, 1.0], [10, 11, 1.0], [10, 33, 1.0], [10, 34, 1.0], [11, 12, 1.0], [11, 35, 1.0], [11, 36, 1.0], [12, 37, 1.0], [12, 38, 1.0], [12, 39, 1.0]], "fix_com": true, "fix_orientation": true, "provenance": {"creator": "QCElemental", "version": "v0.22.0", "routine": "qcelemental.molparse.from_schema"}, "id": "222553"}