{"schema_name": "qcschema_molecule", "schema_version": 2, "validated": true, "symbols": ["C", "C", "C", "C", "N", "C", "C", "C", "C", "C", "C", "C", "C", "H", "H", "H", "H", "H", "H", "H", "H", "H", "H", "H", "H", "H", "H", "H", "H", "H", "H", "H", "H", "H", "H", "H", "H", "H", "H", "H"], "geometry": [4.05968196820137, 2.6577350130476463, 0.0, 2.9042708493401035, -8.61028485281955e-16, 8.037847220926923e-16, -0.0, 0.0, 0.0, -1.2280769072396174, 0.7488664651439167, -2.516592747130346, -0.8106856780561422, -1.0281814355997658, -4.613015293888066, -1.9039848006768416, -3.540220652807019, -4.05299448949325, -0.018124742659382242, -5.5672011154367205, -3.1615664736818148, 1.514131298853787, -6.844974135258373, -5.272127297817878, 3.4318472306351318, -5.134843662814307, -6.608844536616755, -1.8810876778465042, -0.00868657903372938, -6.973699505122874, -0.5833003158692014, 2.3245740697808173, -8.112697023538965, 2.122893528136709, 1.9186050872526716, -9.09284146715949, 4.171716833940799, 1.955257301457685, -7.046797254623332, 3.446597090608762, 3.7588361549679075, -1.6384730738773379, 6.127150073540159, 2.5744626352876865, -0.05452337603432067, 3.5123177822914933, 3.703501907018337, 1.7032065961241023, 3.5739938297311884, -1.021667986951049, 1.6754805088609586, 3.5870477725047487, -1.0562395988629203, -1.6420376628564437, -0.7057607037639313, -1.8521193099572433, 0.5931758413854353, -0.6750466723371266, 1.3394404228284795, 1.434702265487845, -0.4927804234488532, 2.5931437757113414, -3.0840319526944104, -3.2824449097589583, 1.0074084592721135, -2.195122655149967, -2.8304509514142975, -4.253937741066119, -5.76207054094818, -3.423909992024896, -3.3498216759739914, -2.6410350949908934, 1.274848248379336, -4.769298393724354, -1.7605043188846579, -1.109912751016608, -7.035235893955071, -2.180241687372681, 0.19931465548591998, -7.6359269422665115, -6.671718602934487, 2.5177761488431303, -8.466455178286305, -4.455527819246642, 2.510044325028832, -3.552385491619283, -7.5564365991720255, 4.778002836964626, -4.331830722128855, -5.256000947277215, 4.510047269138329, -6.200358235279048, -8.020436093384912, -1.780906970378838, -1.513528592256457, -8.392131790435846, -3.914500217090704, 0.4313364783939535, -6.7237386383555355, -0.6191871665462412, 3.920479896388467, -6.791410620554105, -1.7817821819073467, 2.9012292489421414, -9.704774963874232, 2.201602048797459, 0.12072649059355323, -10.12553549820492, 2.5451622356470116, 3.394219348792931, -10.487815459108019, 6.044207587243333, 1.6131944775778808, -7.862718114829384, 4.23034524145441, 3.7981950081130087, -6.102424217133047, 3.810129316583455, 0.5159279950225846, -5.617113700133189], "name": "C12H27N", "identifiers": {"molecule_hash": "6d5710ddc818fed0b3f8d06e3edc91d63d0cb86b", "molecular_formula": "C12H27N"}, "molecular_charge": 0.0, "molecular_multiplicity": 1, "connectivity": [[0, 1, 1.0], [0, 13, 1.0], [0, 14, 1.0], [0, 15, 1.0], [1, 2, 1.0], [1, 16, 1.0], [1, 17, 1.0], [2, 3, 1.0], [2, 18, 1.0], [2, 19, 1.0], [3, 4, 1.0], [3, 20, 1.0], [3, 21, 1.0], [4, 5, 1.0], [4, 9, 1.0], [5, 6, 1.0], [5, 22, 1.0], [5, 23, 1.0], [6, 7, 1.0], [6, 24, 1.0], [6, 25, 1.0], [7, 8, 1.0], [7, 26, 1.0], [7, 27, 1.0], [8, 28, 1.0], [8, 29, 1.0], [8, 30, 1.0], [9, 10, 1.0], [9, 31, 1.0], [9, 32, 1.0], [10, 11, 1.0], [10, 33, 1.0], [10, 34, 1.0], [11, 12, 1.0], [11, 35, 1.0], [11, 36, 1.0], [12, 37, 1.0], [12, 38, 1.0], [12, 39, 1.0]], "fix_com": true, "fix_orientation": true, "provenance": {"creator": "QCElemental", "version": "v0.22.0", "routine": "qcelemental.molparse.from_schema"}, "id": "220237"}