{"schema_name": "qcschema_molecule", "schema_version": 2, "validated": true, "symbols": ["C", "C", "C", "C", "N", "C", "C", "C", "C", "C", "C", "C", "C", "H", "H", "H", "H", "H", "H", "H", "H", "H", "H", "H", "H", "H", "H", "H", "H", "H", "H", "H", "H", "H", "H", "H", "H", "H", "H", "H"], "geometry": [8.417575777157756, 1.1708772632903206, 2.220446049250313e-16, 5.776980838029122, 1.1531961051710154e-16, 1.89750346525368e-16, 4.121257744164798, 0.9862627564697987, 2.153814398855956, 1.5064408049687557, -0.24068339471118116, 2.2886492263223914, 0.0, 0.0, -0.0, -0.5621376025167164, 2.585347210209856, -0.7570975829386127, -2.2301791730953013, 4.171788081153732, 1.0108196321613887, -2.6786833813360396, 6.831526704573123, -0.03426189419855019, -4.328855068734707, 8.459565334652302, 1.6882587658455668, -2.1601266631211717, -1.7011006835897222, 0.014309179822904805, -3.435578757644751, -2.0574606148277175, -2.5596433226571595, -1.6745902262099182, -2.856420402090559, -4.715489564301895, -0.32904115702464853, -5.3757409518557004, -4.278554744982373, 8.325333123873179, 3.211505930134708, -0.2122019395375101, 9.410622754760432, 0.7737038793036468, 1.752976584926161, 9.55554204391494, 0.43673922477410143, -1.5413866577988329, 5.9365843426171665, -2.04398923952875, 0.15790290421428588, 4.858390887624643, 0.36209984643013093, -1.7959793470514374, 3.962585368085082, 3.0302635184363558, 2.0267158875669478, 5.053422082357672, 0.6149815515731885, 3.9496965816925727, 1.7787824784490458, -2.246558819953825, 2.6177077041820707, 0.5161590176337119, 0.4804795333254097, 3.9522716024293962, 1.2159256391523026, 3.5637551253058026, -1.0345790948679578, -1.440899621882771, 2.522780022659382, -2.6054603680324826, -1.3586832023284194, 4.319451201649802, 2.865312991694184, -4.043304595339871, 3.247990401656981, 1.2934900027612128, -0.8699470807683052, 7.76631139925685, -0.32281864995827414, -3.557897177090136, 6.698002515784373, -1.888328261366856, -6.177635770788605, 7.610138472523598, 1.9614600006457716, -3.4688031028763255, 8.687579784898977, 3.538246960673546, -4.611795040381843, 10.330692141976513, 0.8957682353404728, -1.4818229115748167, -3.5252981958170118, 0.6513925062080648, -3.5979725235254705, -1.1284326116348788, 1.38305575906231, -4.428348490483897, -0.3449610204165552, -3.104747405612657, -4.894911499718518, -3.486647447502808, -2.3130322391678715, -0.27261679075576606, -1.3956751573880875, -5.036290883056273, -2.790966594742973, -2.986217805929499, -6.436580321275734, 0.7439722195870565, -5.923342309355599, -5.939550744242544, 0.9833519055966249, -5.2638875326168035, -2.708558171887032, -1.6702884951915844, -6.880521140564603, -3.8809412743608416], "name": "C12H27N", "identifiers": {"molecule_hash": "510b5b32e6cbcfcbb5b3590a058a084b6818aa70", "molecular_formula": "C12H27N"}, "molecular_charge": 0.0, "molecular_multiplicity": 1, "connectivity": [[0, 1, 1.0], [0, 13, 1.0], [0, 14, 1.0], [0, 15, 1.0], [1, 2, 1.0], [1, 16, 1.0], [1, 17, 1.0], [2, 3, 1.0], [2, 18, 1.0], [2, 19, 1.0], [3, 4, 1.0], [3, 20, 1.0], [3, 21, 1.0], [4, 5, 1.0], [4, 9, 1.0], [5, 6, 1.0], [5, 22, 1.0], [5, 23, 1.0], [6, 7, 1.0], [6, 24, 1.0], [6, 25, 1.0], [7, 8, 1.0], [7, 26, 1.0], [7, 27, 1.0], [8, 28, 1.0], [8, 29, 1.0], [8, 30, 1.0], [9, 10, 1.0], [9, 31, 1.0], [9, 32, 1.0], [10, 11, 1.0], [10, 33, 1.0], [10, 34, 1.0], [11, 12, 1.0], [11, 35, 1.0], [11, 36, 1.0], [12, 37, 1.0], [12, 38, 1.0], [12, 39, 1.0]], "fix_com": true, "fix_orientation": true, "provenance": {"creator": "QCElemental", "version": "v0.22.0", "routine": "qcelemental.molparse.from_schema"}, "id": "214750"}