{"schema_name": "qcschema_molecule", "schema_version": 2, "validated": true, "symbols": ["C", "C", "C", "C", "N", "C", "C", "C", "C", "C", "C", "C", "C", "H", "H", "H", "H", "H", "H", "H", "H", "H", "H", "H", "H", "H", "H", "H", "H", "H", "H", "H", "H", "H", "H", "H", "H", "H", "H", "H"], "geometry": [0.0, -0.0, 0.0, 2.8882809426938394, 6.393050618918452e-16, -1.8714512290274395e-16, 3.997713690663757, 2.178771301897256, 1.5526307256039196, 6.905283892118298, 2.304608549859439, 1.6476324869888428, 8.02412339896675, 4.206446181681717, -1.1102230246251565e-15, 10.644034108571752, 4.730869205031247, 0.6444201629361712, 11.623894993931875, 7.274747705100503, -0.32377138005534234, 10.114433912063827, 9.546595617361454, 0.6318462089137644, 11.19984398154703, 12.065708753799083, -0.273411620756121, 7.522620471026238, 3.8759882255123097, -2.6864484036626926, 8.741032455920466, 1.5860374417032759, -4.044481429754051, 11.106440909717259, 2.2004868994254356, -5.598870102290603, 12.165635782691202, -0.10919310106172464, -6.971927009362725, -0.7407180194490595, 1.7274369910848693, -0.826058378387208, -0.7445854988012224, -1.578164684022941, -1.0790090189895474, -0.741430907447057, -0.1429110721469522, 1.9092819720055623, 3.5662432897992655, -1.7811862844217532, 0.7708888073502799, 3.563632747973661, 0.07390111955101475, -1.9361707145349734, 3.279575149263083, 3.9792132537783846, 0.8786378345108574, 3.3044409088592515, 1.9815418159431344, 3.4772322536653553, 7.686520896487421, 0.41869917357732617, 1.3203907075437715, 7.452843808300897, 2.810768584989777, 3.553749199587565, 11.918184871469148, 3.2281795245965768, 0.02340984287696035, 10.770892443561475, 4.763372293632154, 2.6904213565893746, 13.57934984926761, 7.448114926065955, 0.29257341051737895, 11.683614771760151, 7.304680259616671, -2.375364956728194, 8.164153402046896, 9.3725407052299, 0.027224616260188128, 10.08217235987981, 9.517656080588837, 2.687916393032028, 13.134628583547002, 12.319119086529756, 0.3665784188889445, 10.097806255054493, 13.645998921873186, 0.43260760927752573, 11.205055969418446, 12.17821692772339, -2.3240178328774306, 5.492783651047507, 3.775776128647605, -2.9038376577680047, 8.079028996496998, 5.597205455981495, -3.648419235537186, 9.187526180834581, 0.11480777967437328, -2.683727110776456, 7.349825778134042, 0.7637592684285948, -5.315736401452121, 12.564041400368726, 2.994378735431868, -4.3924371166865175, 10.645840091109507, 3.655533304417933, -6.977157256133404, 10.776675688105415, -0.9112806517883327, -8.253644245157359, 13.826337970037313, 0.37676610048352543, -8.074436686085264, 12.706164486943567, -1.577648574197252, -5.642699820230315], "name": "C12H27N", "identifiers": {"molecule_hash": "c63a65806d202afeae4a2f7954882bf843d7bee4", "molecular_formula": "C12H27N"}, "molecular_charge": 0.0, "molecular_multiplicity": 1, "connectivity": [[0, 1, 1.0], [0, 13, 1.0], [0, 14, 1.0], [0, 15, 1.0], [1, 2, 1.0], [1, 16, 1.0], [1, 17, 1.0], [2, 3, 1.0], [2, 18, 1.0], [2, 19, 1.0], [3, 4, 1.0], [3, 20, 1.0], [3, 21, 1.0], [4, 5, 1.0], [4, 9, 1.0], [5, 6, 1.0], [5, 22, 1.0], [5, 23, 1.0], [6, 7, 1.0], [6, 24, 1.0], [6, 25, 1.0], [7, 8, 1.0], [7, 26, 1.0], [7, 27, 1.0], [8, 28, 1.0], [8, 29, 1.0], [8, 30, 1.0], [9, 10, 1.0], [9, 31, 1.0], [9, 32, 1.0], [10, 11, 1.0], [10, 33, 1.0], [10, 34, 1.0], [11, 12, 1.0], [11, 35, 1.0], [11, 36, 1.0], [12, 37, 1.0], [12, 38, 1.0], [12, 39, 1.0]], "fix_com": true, "fix_orientation": true, "provenance": {"creator": "QCElemental", "version": "v0.22.0", "routine": "qcelemental.molparse.from_schema"}, "id": "215800"}