{"schema_name": "qcschema_molecule", "schema_version": 2, "validated": true, "symbols": ["C", "C", "C", "C", "N", "C", "C", "C", "C", "C", "C", "C", "C", "H", "H", "H", "H", "H", "H", "H", "H", "H", "H", "H", "H", "H", "H", "H", "H", "H", "H", "H", "H", "H", "H", "H", "H", "H", "H", "H"], "geometry": [0.0, -0.0, 0.0, 2.8882809426938394, 6.255501478324422e-16, -2.2895692113065455e-16, 3.997713690663757, 2.276552150549841, 1.405352931432994, 6.905283892118298, 2.408388696826622, 1.4918368762247536, 8.02412339896675, 4.197263128792605, -0.2777979608687069, 10.644034108571752, 4.763099448621543, 0.33058194756038306, 11.623894993931875, 7.237484082715291, -0.8034962550322107, 10.114433912063827, 9.567482297508766, -4.440892098500626e-16, 11.19984398154703, 12.021311839090439, -1.0696463495998723, 7.522620471026238, 3.6901108222083288, -2.936557826720404, 8.741032455920466, 1.3154733335436217, -4.140395477589753, 11.106440909717259, 1.825927992187875, -5.731969642645652, 12.165635782691202, -0.569387834785936, -6.949495438576728, -0.7407180194490595, 1.66911210881379, -0.9383367044314282, -0.7445854988012224, -1.6459782547077046, -0.9724298524764619, -0.741430907447057, -0.016508171571170238, 1.9145518283501801, 3.5662432897992655, -1.726387516854622, 0.8868372312654897, 3.563632747973661, -0.05412688580566272, -1.9368243832435463, 3.279575149263083, 4.028552402322949, 0.6139284201089634, 3.3044409088592515, 2.206855866165553, 3.3387781148546765, 7.686520896487421, 0.5049850533374591, 1.2898568581156753, 7.452843808300897, 3.0393256146020846, 3.360365042723537, 11.918184871469148, 3.2226781261012816, -0.18983350419890466, 10.770892443561475, 4.930651568498301, 2.3699699985020706, 13.57934984926761, 7.4511768607727324, -0.19994634758668006, 11.683614771760151, 7.131861976661829, -2.852587793343274, 8.164153402046896, 9.353877541426487, -0.5918068865086825, 10.08217235987981, 9.674390893142139, 2.0534927930208133, 13.134628583547002, 12.316434543719668, -0.4477889408702733, 10.097806255054493, 13.644778314764718, -0.4695323847142694, 11.205055969418446, 11.998150288944858, -3.1232060563006887, 5.492783651047507, 3.5757608911836227, -3.1468543921539123, 8.079028996496998, 5.344040952796493, -4.010099516164244, 9.187526180834581, -0.06267890922369124, -2.685450313397891, 7.349825778134042, 0.4110353037058847, -5.3545711022397615, 12.564041400368726, 2.69776074516955, -4.580599829397254, 10.645840091109507, 3.1867744212843765, -7.203340607271833, 10.776675688105415, -1.4543702585368308, -8.175443896390366, 13.826337970037313, -0.157300380473417, -8.08169147408982, 12.706164486943567, -1.946854028511661, -5.52619178789171], "name": "C12H27N", "identifiers": {"molecule_hash": "c63a65806d202afeae4a2f7954882bf843d7bee4", "molecular_formula": "C12H27N"}, "molecular_charge": 0.0, "molecular_multiplicity": 1, "connectivity": [[0, 1, 1.0], [0, 13, 1.0], [0, 14, 1.0], [0, 15, 1.0], [1, 2, 1.0], [1, 16, 1.0], [1, 17, 1.0], [2, 3, 1.0], [2, 18, 1.0], [2, 19, 1.0], [3, 4, 1.0], [3, 20, 1.0], [3, 21, 1.0], [4, 5, 1.0], [4, 9, 1.0], [5, 6, 1.0], [5, 22, 1.0], [5, 23, 1.0], [6, 7, 1.0], [6, 24, 1.0], [6, 25, 1.0], [7, 8, 1.0], [7, 26, 1.0], [7, 27, 1.0], [8, 28, 1.0], [8, 29, 1.0], [8, 30, 1.0], [9, 10, 1.0], [9, 31, 1.0], [9, 32, 1.0], [10, 11, 1.0], [10, 33, 1.0], [10, 34, 1.0], [11, 12, 1.0], [11, 35, 1.0], [11, 36, 1.0], [12, 37, 1.0], [12, 38, 1.0], [12, 39, 1.0]], "fix_com": true, "fix_orientation": true, "provenance": {"creator": "QCElemental", "version": "v0.22.0", "routine": "qcelemental.molparse.from_schema"}, "id": "215800"}