{"schema_name": "qcschema_molecule", "schema_version": 2, "validated": true, "symbols": ["C", "C", "C", "C", "N", "C", "C", "C", "C", "C", "C", "C", "C", "H", "H", "H", "H", "H", "H", "H", "H", "H", "H", "H", "H", "H", "H", "H", "H", "H", "H", "H", "H", "H", "H", "H", "H", "H", "H", "H"], "geometry": [9.261653762556476, 2.50537180064778, 2.220446049250313e-16, 7.809496890775062, 1.4376758790603815e-15, 2.4128193299495257e-15, 7.898211793822834, -1.3370854601701907, -2.5656965216881256, 6.553925920653784, -3.9045392551199916, -2.6338085439267873, 3.9008287239981496, -3.882392441529378, -1.8162546103450905, 2.299318397980756, -2.401118468405939, -3.5340236770846376, -0.24587792631831373, -1.61748145896433, -2.3890670694088363, 0.0, 0.0, -0.0, -2.5642758025691705, 0.8000717609835064, 1.0813888522377273, 2.9475475206044353, -6.48152975462856, -1.5784194994907499, 3.811649666395047, -7.94427394311899, 0.7730148925993081, 2.871639877307234, -6.878968062104054, 3.3108604123425227, 4.456193018310253, -4.691064685561489, 4.3569536831892925, 8.481982771975675, 3.8204195325428354, -1.3990177585414563, 11.260938776295934, 2.2179208001025152, -0.4628229998450262, 9.170295481187178, 3.4307021113718137, 1.8495866043800877, 8.58683780772051, -1.2591273034065589, 1.4525787862570791, 5.837896891674806, 0.3326316770001793, 0.5284228410504712, 7.145574038542208, -0.07423656079231367, -4.0266064285971765, 9.875843356817741, -1.6750278955746083, -3.0979395866351505, 7.576185001489286, -5.18833495024771, -1.3752514912778162, 6.727608348630202, -4.7081211860492855, -4.56133415451189, 1.9755579363651434, -3.4282064560813366, -5.329554944553457, 3.316513518708409, -0.673516283874865, -4.03021781930709, -1.286474122748158, -0.5597615296317884, -3.8408461532904665, -1.4071776538492453, -3.2828489020071627, -1.971216483173292, 1.0645929828160232, -1.0571818010385106, 1.4221633352881287, 1.1297522443338277, 1.6865750023112982, -0.4342025239762667, -3.7053008977543263, -0.8527036175878098, 1.5914655494038676, -3.6509382560565053, 1.9071809323290134, -0.2924670960378757, -2.3386197066338195, 1.9555008720514344, 2.7842325209445744, 3.4378812558100305, -7.589513166348153, -3.2870186013554346, 0.8836263687930515, -6.401335171275624, -1.5222759338473306, 3.087229232277503, -9.874621337629682, 0.5434255868135258, 5.876268274779617, -8.125375824667582, 0.8162032369734074, 0.8996318940290082, -6.267104965207949, 3.0967074004559914, 2.8467187035532038, -8.41326226622541, 4.7057807835212095, 4.489783533813989, -3.111809290226613, 3.0338946202568646, 6.414773562172961, -5.290970390180262, 4.676195823301725, 3.703671185753271, -4.023819602377885, 6.167810142248671], "name": "C12H27N", "identifiers": {"molecule_hash": "c6d526df34408a050124aee48ae0fa4d046436aa", "molecular_formula": "C12H27N"}, "molecular_charge": 0.0, "molecular_multiplicity": 1, "connectivity": [[0, 1, 1.0], [0, 13, 1.0], [0, 14, 1.0], [0, 15, 1.0], [1, 2, 1.0], [1, 16, 1.0], [1, 17, 1.0], [2, 3, 1.0], [2, 18, 1.0], [2, 19, 1.0], [3, 4, 1.0], [3, 20, 1.0], [3, 21, 1.0], [4, 5, 1.0], [4, 9, 1.0], [5, 6, 1.0], [5, 22, 1.0], [5, 23, 1.0], [6, 7, 1.0], [6, 24, 1.0], [6, 25, 1.0], [7, 8, 1.0], [7, 26, 1.0], [7, 27, 1.0], [8, 28, 1.0], [8, 29, 1.0], [8, 30, 1.0], [9, 10, 1.0], [9, 31, 1.0], [9, 32, 1.0], [10, 11, 1.0], [10, 33, 1.0], [10, 34, 1.0], [11, 12, 1.0], [11, 35, 1.0], [11, 36, 1.0], [12, 37, 1.0], [12, 38, 1.0], [12, 39, 1.0]], "fix_com": true, "fix_orientation": true, "provenance": {"creator": "QCElemental", "version": "v0.22.0", "routine": "qcelemental.molparse.from_schema"}, "id": "219236"}