{"schema_name": "qcschema_molecule", "schema_version": 2, "validated": true, "symbols": ["C", "C", "C", "C", "N", "C", "C", "C", "C", "C", "C", "C", "C", "H", "H", "H", "H", "H", "H", "H", "H", "H", "H", "H", "H", "H", "H", "H", "H", "H", "H", "H", "H", "H", "H", "H", "H", "H", "H", "H"], "geometry": [11.84885029189337, 2.8681435521773078, -1.942890293094024e-16, 12.212354177693847, 3.2551737875953586e-14, 4.454770917221408e-15, 10.94479638390187, -1.3685147904362946, -2.2149315398701117, 8.050291129941165, -1.288166283395921, -2.2148625640352293, 6.9336638838364815, -2.474492808247854, -0.0019225534154455604, 4.592724492053008, -1.318667733941719, 0.8560183890517571, 2.3605395985717452, -1.3528659645375527, -1.0025606297493856, 0.0, 0.0, -0.0, -1.294426821481687, -1.3220216877555684, 2.2228513956608524, 6.90802800261335, -5.225174201150657, -0.05727422287600681, 7.478652215219435, -6.3927512707479215, 2.526418324620643, 7.289784359057492, -9.283165075117497, 2.5878658085214523, 9.254485180559886, -10.653148995499281, 0.9669914800974734, 12.908669702723541, 3.734839415933312, 1.5283826178368485, 9.882238184350573, 3.392760890778266, 0.24939877890723172, 12.501764860532415, 3.7016524690896127, -1.7604519724858931, 11.51063340821844, -0.7792815065198881, 1.7608087900827702, 14.226501868152578, -0.4045978066971709, -0.06252569849736606, 11.57368021739698, -3.3237092520506613, -2.226592170191718, 11.60019233674672, -0.5547965709839542, -3.9884553886764174, 7.444962407835602, 0.6681013023889455, -2.2554878797601154, 7.3662812065821806, -2.131787123602121, -3.971091000854367, 4.047606599164254, -2.2378405524778806, 2.6017656102921594, 5.00208854096914, 0.6334895644031167, 1.348199065108115, 2.932049197031384, -0.4464981186394308, -2.754290258878995, 1.8686302375791288, -3.2875709610102803, -1.488417121958592, 0.49324699186090015, 1.9217281133255577, 0.5422125576664598, -1.3523512865008187, 0.17257492391307205, -1.5364110062234164, -3.0227719632426866, -0.34625977200985736, 2.742272941396922, -1.7918311159334015, -3.2552618982217965, 1.7407445624074311, -0.1014913605194685, -1.3809867476345088, 3.889252299255074, 5.112189957814593, -5.959218235267145, -0.7595257293781361, 8.324629193419161, -5.8476019521271, -1.3940746291500232, 9.357863850870876, -5.802085991432349, 3.1090970832654707, 6.17966654427091, -5.627098659113911, 3.9190199158587022, 7.495723165698841, -9.905227830495678, 4.53474794383652, 5.403598582644081, -9.858919706814072, 2.0032760930598243, 11.159669443106155, -10.087915859342134, 1.4846059018629494, 9.11767274779736, -12.684826544693271, 1.2178382432999315, 9.00975476093384, -10.266672931066095, -1.032152814533317], "name": "C12H27N", "identifiers": {"molecule_hash": "fd43192d919c38620a95888a843867d4b440760e", "molecular_formula": "C12H27N"}, "molecular_charge": 0.0, "molecular_multiplicity": 1, "connectivity": [[0, 1, 1.0], [0, 13, 1.0], [0, 14, 1.0], [0, 15, 1.0], [1, 2, 1.0], [1, 16, 1.0], [1, 17, 1.0], [2, 3, 1.0], [2, 18, 1.0], [2, 19, 1.0], [3, 4, 1.0], [3, 20, 1.0], [3, 21, 1.0], [4, 5, 1.0], [4, 9, 1.0], [5, 6, 1.0], [5, 22, 1.0], [5, 23, 1.0], [6, 7, 1.0], [6, 24, 1.0], [6, 25, 1.0], [7, 8, 1.0], [7, 26, 1.0], [7, 27, 1.0], [8, 28, 1.0], [8, 29, 1.0], [8, 30, 1.0], [9, 10, 1.0], [9, 31, 1.0], [9, 32, 1.0], [10, 11, 1.0], [10, 33, 1.0], [10, 34, 1.0], [11, 12, 1.0], [11, 35, 1.0], [11, 36, 1.0], [12, 37, 1.0], [12, 38, 1.0], [12, 39, 1.0]], "fix_com": true, "fix_orientation": true, "provenance": {"creator": "QCElemental", "version": "v0.22.0", "routine": "qcelemental.molparse.from_schema"}, "id": "215603"}