{"schema_name": "qcschema_molecule", "schema_version": 2, "validated": true, "symbols": ["C", "C", "C", "C", "N", "C", "C", "C", "C", "C", "C", "C", "C", "H", "H", "H", "H", "H", "H", "H", "H", "H", "H", "H", "H", "H", "H", "H", "H", "H", "H", "H", "H", "H", "H", "H", "H", "H", "H", "H"], "geometry": [0.0, 0.0, 0.0, 2.876345131465302, -3.9586805896349945e-16, 5.937887895109977e-17, 4.059779857070508, 1.500937101607779, -2.156110175965944, 3.6902147272552708, 4.358091900169594, -1.9312984839620744, 4.76475536225852, 5.434666851359369, 0.36572033645767776, 7.080543674038125, 6.8507934543037665, 4.440892098500626e-15, 9.344467155903576, 5.201312962912409, -0.6793519535786023, 9.973891632283136, 3.1702624503036154, 1.266936580290857, 10.70390269286629, 4.205431061363137, 3.8476373127015915, 2.993952874037832, 6.602371173184142, 2.11435168569632, 2.203886335590445, 9.342100835079437, 1.6007153465125166, 0.7073887865860744, 9.829705880200132, -0.8156706792662423, -1.9159285061054492, 8.651580431140003, -0.8297728707540024, -0.7841697449066107, 1.910805385685218, 0.2065526686778295, -0.751596770269146, -0.7844937158874257, -1.7691055109042297, -0.7531145808873919, -1.138595297179857, 1.5595953070332456, 3.5861745706007757, 0.7727633079443534, 1.7949143527419744, 3.54960774091981, -1.9619749924803362, -0.09493991043131633, 6.09041358886676, 1.0851033618993817, -2.2396767007305085, 3.259121193201586, 0.874550711321338, -3.9724957529090785, 4.510307575714279, 5.287093246786718, -3.609345428185421, 1.6591915317711672, 4.771165871108394, -2.002680633965526, 7.484966767396243, 7.853946123268315, 1.771768569563129, 6.869356549006828, 8.332523592242024, -1.4692646038942967, 9.012036010253544, 4.311503005914653, -2.52813780162187, 10.985743562585226, 6.451462175228347, -0.9443274781033155, 8.33695264999321, 1.9118306886921064, 1.479360025160397, 11.52730162384584, 2.005768916980447, 0.5288793235090156, 11.290103000875682, 2.683361555257152, 5.126378906409775, 9.118865831007563, 5.188133612868967, 4.7552042680059765, 12.28064055054905, 5.550107701369002, 3.7088539864848915, 3.849612032288089, 6.544838351505289, 4.010519730995502, 1.3210428562950982, 5.378525179051409, 2.2224435211703977, 1.0840868312777747, 9.98707070846623, 3.232481439600067, 3.909248577268962, 10.52813457942904, 1.587562384192334, 0.515742427778743, 11.883399733316821, -1.0622316419048428, 1.7969877939087795, 9.171787272752121, -2.4584762201303483, -2.931855934846525, 9.085959403163379, -2.5831317947943053, -3.0569246779297146, 9.364990594378039, 0.7507674768854029, -1.852020701666215, 6.5843537691742915, -0.6516434497291055], "name": "C12H27N", "identifiers": {"molecule_hash": "43e341a25f6ce5697ab845ae3b8952492cda446a", "molecular_formula": "C12H27N"}, "molecular_charge": 0.0, "molecular_multiplicity": 1, "connectivity": [[0, 1, 1.0], [0, 13, 1.0], [0, 14, 1.0], [0, 15, 1.0], [1, 2, 1.0], [1, 16, 1.0], [1, 17, 1.0], [2, 3, 1.0], [2, 18, 1.0], [2, 19, 1.0], [3, 4, 1.0], [3, 20, 1.0], [3, 21, 1.0], [4, 5, 1.0], [4, 9, 1.0], [5, 6, 1.0], [5, 22, 1.0], [5, 23, 1.0], [6, 7, 1.0], [6, 24, 1.0], [6, 25, 1.0], [7, 8, 1.0], [7, 26, 1.0], [7, 27, 1.0], [8, 28, 1.0], [8, 29, 1.0], [8, 30, 1.0], [9, 10, 1.0], [9, 31, 1.0], [9, 32, 1.0], [10, 11, 1.0], [10, 33, 1.0], [10, 34, 1.0], [11, 12, 1.0], [11, 35, 1.0], [11, 36, 1.0], [12, 37, 1.0], [12, 38, 1.0], [12, 39, 1.0]], "fix_com": true, "fix_orientation": true, "provenance": {"creator": "QCElemental", "version": "v0.22.0", "routine": "qcelemental.molparse.from_schema"}, "id": "240950"}