{"schema_name": "qcschema_molecule", "schema_version": 2, "validated": true, "symbols": ["C", "C", "C", "C", "N", "C", "C", "C", "C", "C", "C", "C", "C", "H", "H", "H", "H", "H", "H", "H", "H", "H", "H", "H", "H", "H", "H", "H", "H", "H", "H", "H", "H", "H", "H", "H", "H", "H", "H", "H"], "geometry": [5.33389706779251, 2.856417582198542, 0.0, 4.887510344205032, 9.521287753007744e-17, -5.468850876138425e-16, 2.4436691706467086, -0.8309136763082952, -1.3125090473981778, 0.0, 0.0, -0.0, -0.2607259634902074, -1.0083511036463133, 2.542947216253189, -1.5607786950933025, 0.6532893751770679, 4.303857581191396, -4.312904708597894, 1.3331041803358556, 3.669989201109299, -5.512178755034121, 3.179339532951328, 5.556965119092929, -5.955586402590441, 2.08591134075001, 8.197448959764293, -1.0326178379811766, -3.646434597058329, 2.6640568643483453, 0.3164257386455427, -5.102243415248023, 4.76762942042876, -0.5783684394026407, -7.840653696655312, 5.074861141566205, -0.0008908436061494385, -9.556532107906866, 2.8195519049392934, 7.15745147747124, 3.3068241365640043, 0.825902888392992, 3.9104759994100835, 3.8559021340426805, 1.0862271296211665, 5.311802078956168, 3.613712021948375, -1.909513717922763, 4.8824974085500354, -0.6923971152565329, 1.9289117152452577, 6.467728911418246, -0.9095251715024913, -0.948721776589433, 2.458607632781955, -2.876499893501098, -1.4962754737071444, 2.4125474098796107, -0.09239629608273336, -3.2336263142692956, -0.018291081832206957, 2.0441900853901034, 0.12652460786132358, -1.6006965543332656, -0.5098889346511805, -1.20070305856272, -1.4761287065830895, -0.21351447275813795, 6.156194218145305, -0.47461940887952614, 2.391625846522632, 4.4423609286987675, -4.381166231080614, 2.181130808433031, 1.8010660380641903, -5.461891509567194, -0.3673853676760377, 3.5736595476728965, -4.339934333659571, 4.862994115720349, 5.703512915712189, -7.314569894703453, 3.8063900347832718, 4.797104122395331, -6.934835585535177, 3.4386579701546123, 9.38918491280926, -7.107167242530927, 0.3879972532756484, 8.10686715800352, -4.200098603652378, 1.6005539520508543, 9.138806839012158, -3.073606359959144, -3.8360004994956607, 2.8995196583104903, -0.5961248791307595, -4.519905218253939, 0.8674674465974297, 2.3364369671282743, -5.063976641036835, 4.396244619544627, 0.04312682848594207, -4.125430724166172, 6.552026113767254, 0.3153148635622034, -8.631137977716278, 6.747041654524027, -2.6012547363259966, -7.862611791853346, 5.446861391919374, 2.005049891344319, -9.544908254249648, 2.379998818297695, -0.539195460489712, -11.495015826875077, 3.221875673816384, -1.0133834032984066, -8.979098143965656, 1.1321682878326498], "name": "C12H27N", "identifiers": {"molecule_hash": "fd43192d919c38620a95888a843867d4b440760e", "molecular_formula": "C12H27N"}, "molecular_charge": 0.0, "molecular_multiplicity": 1, "connectivity": [[0, 1, 1.0], [0, 13, 1.0], [0, 14, 1.0], [0, 15, 1.0], [1, 2, 1.0], [1, 16, 1.0], [1, 17, 1.0], [2, 3, 1.0], [2, 18, 1.0], [2, 19, 1.0], [3, 4, 1.0], [3, 20, 1.0], [3, 21, 1.0], [4, 5, 1.0], [4, 9, 1.0], [5, 6, 1.0], [5, 22, 1.0], [5, 23, 1.0], [6, 7, 1.0], [6, 24, 1.0], [6, 25, 1.0], [7, 8, 1.0], [7, 26, 1.0], [7, 27, 1.0], [8, 28, 1.0], [8, 29, 1.0], [8, 30, 1.0], [9, 10, 1.0], [9, 31, 1.0], [9, 32, 1.0], [10, 11, 1.0], [10, 33, 1.0], [10, 34, 1.0], [11, 12, 1.0], [11, 35, 1.0], [11, 36, 1.0], [12, 37, 1.0], [12, 38, 1.0], [12, 39, 1.0]], "fix_com": true, "fix_orientation": true, "provenance": {"creator": "QCElemental", "version": "v0.22.0", "routine": "qcelemental.molparse.from_schema"}, "id": "215603"}