{"schema_name": "qcschema_molecule", "schema_version": 2, "validated": true, "symbols": ["C", "C", "C", "C", "N", "C", "C", "C", "C", "C", "C", "C", "C", "H", "H", "H", "H", "H", "H", "H", "H", "H", "H", "H", "H", "H", "H", "H", "H", "H", "H", "H", "H", "H", "H", "H", "H", "H", "H", "H"], "geometry": [0.0, 0.0, 0.0, 2.8918631841106066, -8.781107816326563e-16, 2.5900997466856467e-16, 4.091634477777595, 2.256592013655919, -1.3626223878936021, 3.831099645804348, 4.803308742173481, 1.3322676295501878e-15, 5.087189143818531, 4.90533323110661, 2.4513751741425525, 7.445089205961834, 6.306974721114463, 2.521616441728012, 9.641606650997481, 5.042175099814568, 1.1240533312265453, 10.454294714733802, 2.465164707952459, 2.166667627250364, 11.636714850511764, 2.568464748769047, 4.80317451556992, 3.4816250088922494, 5.272898650758129, 4.65495308772209, 2.745150013134934, 7.992180609565867, 5.390689072496729, 1.043841691883841, 9.470378559893193, 3.567141466916563, -1.6678337353049306, 8.481922817075919, 3.3964072306233266, -0.7771354692797853, 1.6249801128960129, 0.9809931644240948, -0.7381142043409068, 0.022270910992082782, -1.916248645031235, -0.7298845036789297, -1.6783435587479485, 0.9278625239667233, 3.590050070140582, -0.07010976384172618, 1.9280062940429432, 3.5381450155045164, -1.7254654481626615, -0.9096878366881718, 6.07991737031426, 1.861167143328565, -1.6623141537183148, 3.2498281411996497, 2.44390744782237, -3.233163927698555, 4.571977855345751, 6.276406112386438, -1.2315961503037114, 1.8414215006125092, 5.224340133875092, 0.2282301569070091, 7.97245887413665, 6.539968807223451, 4.486906408252613, 7.215735118843627, 8.21435018841525, 1.759936676849132, 9.166704936596743, 4.84930623675351, -0.8634614256578843, 11.24267932044403, 6.333678759153846, 1.1924955194954499, 8.841826965687135, 1.2011113490076921, 2.195560555475597, 11.820245085154323, 1.645746914504759, 0.8677453200263743, 12.296960923362445, 0.7121265352100552, 5.376023158849813, 10.296922387129953, 3.202196268029562, 6.220233650063641, 13.247241507199462, 3.8427082086170037, 4.847667114861194, 4.460569849462871, 4.4623283548666866, 6.2693249718895245, 1.7962851711476442, 4.137323769702473, 4.400965631588072, 1.8061383342457509, 7.887941462439839, 7.21989519517633, 4.4585022685443425, 9.07741444986032, 5.70855605121986, 0.9779175701585556, 11.42238533255662, 4.205855067973531, 1.8869948308402216, 9.521612879114798, 1.69709067990726, -2.7930620466327953, 9.64747097897365, 2.1375429675931485, -2.57141069589479, 8.504828016070299, 5.2400473301251065, -1.754307382211662, 6.558515633970316, 2.6913905477631683], "name": "C12H27N", "identifiers": {"molecule_hash": "886d377471e1fb243751f8d600be91a689d812a6", "molecular_formula": "C12H27N"}, "molecular_charge": 0.0, "molecular_multiplicity": 1, "connectivity": [[0, 1, 1.0], [0, 13, 1.0], [0, 14, 1.0], [0, 15, 1.0], [1, 2, 1.0], [1, 16, 1.0], [1, 17, 1.0], [2, 3, 1.0], [2, 18, 1.0], [2, 19, 1.0], [3, 4, 1.0], [3, 20, 1.0], [3, 21, 1.0], [4, 5, 1.0], [4, 9, 1.0], [5, 6, 1.0], [5, 22, 1.0], [5, 23, 1.0], [6, 7, 1.0], [6, 24, 1.0], [6, 25, 1.0], [7, 8, 1.0], [7, 26, 1.0], [7, 27, 1.0], [8, 28, 1.0], [8, 29, 1.0], [8, 30, 1.0], [9, 10, 1.0], [9, 31, 1.0], [9, 32, 1.0], [10, 11, 1.0], [10, 33, 1.0], [10, 34, 1.0], [11, 12, 1.0], [11, 35, 1.0], [11, 36, 1.0], [12, 37, 1.0], [12, 38, 1.0], [12, 39, 1.0]], "fix_com": true, "fix_orientation": true, "provenance": {"creator": "QCElemental", "version": "v0.22.0", "routine": "qcelemental.molparse.from_schema"}, "id": "216383"}