{"schema_name": "qcschema_molecule", "schema_version": 2, "validated": true, "symbols": ["C", "C", "C", "C", "N", "C", "C", "C", "C", "C", "C", "C", "C", "H", "H", "H", "H", "H", "H", "H", "H", "H", "H", "H", "H", "H", "H", "H", "H", "H", "H", "H", "H", "H", "H", "H", "H", "H", "H", "H"], "geometry": [13.898660413557343, 2.222070661698262, -2.220446049250313e-16, 12.041000072422298, 7.089717896007693e-15, 6.3137357068956295e-15, 9.730210937320905, 0.48432927802917547, -1.6891670410790836, 7.765659324742389, -1.66304016028144, -1.7905519937272514, 5.587903683812298, -1.3210494520766973, -0.11002116978344822, 3.6082487295111476, -3.1724079591259593, -0.6713992111158622, 1.0684349581552204, -2.622784210025452, 0.6068556375050838, 0.0, 0.0, 0.0, -2.5611226481314966, 0.4806956503687111, 1.2631629802321034, 6.219784875458268, -1.0341840520635697, 2.573406874962034, 7.441450471845563, -3.2981539486454174, 3.9722183251578747, 5.593651921163576, -5.157233986386362, 5.217151811489317, 6.951536880406296, -7.2281833480103455, 6.720439339590944, 13.000425747248565, 3.9432147094790206, 0.723313490414778, 15.551398529918679, 1.8286037959407269, 1.1827362466817597, 14.575610900964307, 2.63138666894787, -1.9149784691634817, 13.009160980165674, -1.7104939982222986, -0.6640571972924876, 11.452543439161696, -0.3984704739037944, 1.9428935576850055, 8.773625745522837, 2.233553218696918, -1.1225310071342511, 10.422051475296952, 0.8189372307949614, -3.6153505364907343, 8.730717372978878, -3.4945710025617593, -1.4807916597183757, 6.993375507636059, -1.755580099051697, -3.7083438760418193, 4.200031086393808, -5.127351176576932, -0.2265732532486222, 3.311717016434164, -3.125111678569528, -2.723161466095275, -0.26993730786170544, -4.078529820433613, -0.023142755141261295, 1.2170565557404491, -2.854384831128693, 2.659874786103777, 1.3625349775505717, 1.443778950375556, 0.5836133379032402, -0.1862376310497813, 0.1949006239900345, -2.057513341336598, -3.9727646250653077, -0.9106420679507888, 0.6582423802210067, -3.2928634197011872, 2.361233619712018, 0.800249333549176, -2.4105681914289407, 0.356462219325417, 3.3263463340654646, 7.483842856325429, 0.593896740988138, 2.71161814877893, 4.49991767243221, -0.4695880980708209, 3.577765164796922, 8.692585569350944, -4.330011407360819, 2.681472115026145, 8.67947738164884, -2.5405360412050193, 5.456896991809733, 4.3838638823203855, -6.036424921898571, 3.7879467415563965, 4.325537468947357, -4.1076473183272455, 6.480822446448304, 8.12673290632621, -6.413643089866149, 8.21979365951481, 5.606143949293596, -8.527707556117162, 7.607606266011296, 8.192427146188539, -8.345776624273862, 5.4942206377183105], "name": "C12H27N", "identifiers": {"molecule_hash": "055ce40e85fe6126f01e92a3c3bba0ab2213f8d9", "molecular_formula": "C12H27N"}, "molecular_charge": 0.0, "molecular_multiplicity": 1, "connectivity": [[0, 1, 1.0], [0, 13, 1.0], [0, 14, 1.0], [0, 15, 1.0], [1, 2, 1.0], [1, 16, 1.0], [1, 17, 1.0], [2, 3, 1.0], [2, 18, 1.0], [2, 19, 1.0], [3, 4, 1.0], [3, 20, 1.0], [3, 21, 1.0], [4, 5, 1.0], [4, 9, 1.0], [5, 6, 1.0], [5, 22, 1.0], [5, 23, 1.0], [6, 7, 1.0], [6, 24, 1.0], [6, 25, 1.0], [7, 8, 1.0], [7, 26, 1.0], [7, 27, 1.0], [8, 28, 1.0], [8, 29, 1.0], [8, 30, 1.0], [9, 10, 1.0], [9, 31, 1.0], [9, 32, 1.0], [10, 11, 1.0], [10, 33, 1.0], [10, 34, 1.0], [11, 12, 1.0], [11, 35, 1.0], [11, 36, 1.0], [12, 37, 1.0], [12, 38, 1.0], [12, 39, 1.0]], "fix_com": true, "fix_orientation": true, "provenance": {"creator": "QCElemental", "version": "v0.22.0", "routine": "qcelemental.molparse.from_schema"}, "id": "217993"}