{"schema_name": "qcschema_molecule", "schema_version": 2, "validated": true, "symbols": ["C", "C", "C", "C", "N", "C", "C", "C", "C", "C", "C", "C", "C", "H", "H", "H", "H", "H", "H", "H", "H", "H", "H", "H", "H", "H", "H", "H", "H", "H", "H", "H", "H", "H", "H", "H", "H", "H", "H", "H"], "geometry": [0.0, 0.0, 0.0, 2.8910867352758762, -4.248284514987009e-17, -1.166303880773362e-16, 4.089367868269466, 1.4303330717003686, 2.21443601146408, 3.6457232885238726, 4.291765390420045, 2.2133754473215466, 4.682238863624826, 5.54792426280831, -4.440892098500626e-16, 3.2412538012188294, 7.724664006187227, -0.8586953118990182, 2.994522203953835, 9.944078415380798, 0.9991147122866311, 1.3555955498342533, 12.115438240280145, -0.004198431244500256, 2.504374228646456, 13.565043561170526, -2.2275523002926656, 7.407868040556355, 5.91922621638866, 0.05522300342088693, 8.637925485412033, 5.499037580499366, -2.5283240888683145, 11.481654598134277, 6.04980456241911, -2.589962436851759, 13.087793519607338, 4.273508733255368, -0.9684724612781959, -0.7265640472202962, -1.1609103642295693, -1.5279804127806185, -0.7677213391562306, 1.8849573543491664, -0.25005199880072737, -0.7448016749738872, -0.7519222957653684, 1.760712646069748, 3.575954808462882, 0.7935228986350881, -1.7610838797799326, 3.5457177705432636, -1.9472708264321845, 0.06320050100979802, 6.10811743891063, 1.0522757251397854, 2.2262276528335008, 3.3645118259915003, 0.6784419495289611, 3.988220523836361, 1.6288707555202655, 4.646337748683952, 2.2538778935236916, 4.396646940091712, 5.077026324994597, 3.9693318686837338, 4.084593120924166, 8.380420930249787, -2.6046698811109286, 1.3560589092449513, 7.072928247687781, -1.3506501678340528, 2.167204536823062, 9.26375130317482, 2.7510802041930296, 4.852024654949489, 10.675507900265742, 1.484717767277652, -0.4888648165763104, 11.384293827749513, -0.5461576538643236, 1.01435549264, 13.435891538081886, 1.531755083090828, 1.3190464484981719, 15.156807655880993, -2.7475254802190427, 4.359732625598755, 14.301738901560478, -1.7457007292892204, 2.7128622426897175, 12.388411471765547, -3.893545558979528, 7.910291415887611, 7.793349305532974, 0.7568251016290302, 8.203469275926174, 4.592589732193841, 1.392483216795097, 8.288225814272039, 3.560271364842204, -3.110331030891841, 7.715024104523477, 6.690964557226519, -3.9213388089105687, 12.124673991034442, 5.923038970274999, -4.536800760267747, 11.815685073140669, 7.993615480462909, -2.0060462860659047, 12.766589772582444, 2.312196203392851, -1.4854072494140744, 15.086146229470877, 4.664596618834787, -1.2194547654363197, 12.673613870075558, 4.468397131139476, 1.0306044176108669], "name": "C12H27N", "identifiers": {"molecule_hash": "fd43192d919c38620a95888a843867d4b440760e", "molecular_formula": "C12H27N"}, "molecular_charge": 0.0, "molecular_multiplicity": 1, "connectivity": [[0, 1, 1.0], [0, 13, 1.0], [0, 14, 1.0], [0, 15, 1.0], [1, 2, 1.0], [1, 16, 1.0], [1, 17, 1.0], [2, 3, 1.0], [2, 18, 1.0], [2, 19, 1.0], [3, 4, 1.0], [3, 20, 1.0], [3, 21, 1.0], [4, 5, 1.0], [4, 9, 1.0], [5, 6, 1.0], [5, 22, 1.0], [5, 23, 1.0], [6, 7, 1.0], [6, 24, 1.0], [6, 25, 1.0], [7, 8, 1.0], [7, 26, 1.0], [7, 27, 1.0], [8, 28, 1.0], [8, 29, 1.0], [8, 30, 1.0], [9, 10, 1.0], [9, 31, 1.0], [9, 32, 1.0], [10, 11, 1.0], [10, 33, 1.0], [10, 34, 1.0], [11, 12, 1.0], [11, 35, 1.0], [11, 36, 1.0], [12, 37, 1.0], [12, 38, 1.0], [12, 39, 1.0]], "fix_com": true, "fix_orientation": true, "provenance": {"creator": "QCElemental", "version": "v0.22.0", "routine": "qcelemental.molparse.from_schema"}, "id": "215603"}