{"schema_name": "qcschema_molecule", "schema_version": 2, "validated": true, "symbols": ["C", "C", "C", "C", "N", "C", "C", "C", "C", "C", "C", "C", "C", "H", "H", "H", "H", "H", "H", "H", "H", "H", "H", "H", "H", "H", "H", "H", "H", "H", "H", "H", "H", "H", "H", "H", "H", "H", "H", "H"], "geometry": [4.016386203153973, 2.670212346577487, 1.3322676295501878e-15, 2.896482386197031, 1.4830409792185271e-15, 1.8619395652852396e-16, 0.0, -0.0, 0.0, -1.1651064559577486, -2.650713665333012, 0.02920333789346019, -0.31831923298144604, -4.277201006921892, -2.044719168852487, -0.8554963550231971, -3.2777213601769106, -4.571250765985179, -3.648485367856413, -2.928707270894641, -5.306879036152064, -3.9352950902793546, -1.9170434259069933, -8.006119495644384, -6.697965521427143, -1.5528702083324695, -8.797104722259297, -1.1224014447300263, -6.896685541293733, -1.6647820157442457, 0.1648000363881903, -8.791412392094552, -3.4430159640415825, 3.0606334469910035, -8.595990703453468, -3.5109061894622657, 4.315282476895586, -8.89482317020447, -0.9169126996490098, 3.4210664765788024, 3.7288465946776035, -1.679169299627203, 3.4032132167793074, 3.7448752009145507, 1.6623485252765753, 6.086078371211843, 2.622988659245707, 0.009799305392134361, 3.5690222882552303, -1.041552142215136, 1.6641892974798966, 3.5800395877730065, -1.0580618954571852, -1.6415978828815279, -0.6995357945748071, 1.0826354523206048, -1.624676360814063, -0.6933847736081504, 1.004126998608369, 1.6783827740540374, -0.6021125931294988, -3.5853638298665764, 1.7919854772819424, -3.2476834733706554, -2.480898331645549, 0.10359557019560994, 0.1172304042507406, -1.4602121107231394, -4.761554564772564, 0.04484380221523998, -4.526992582664055, -5.952714274893154, -4.572520326379225, -1.622524647155783, -3.988142157493602, -4.655693837627318, -4.7338231743649795, -5.143813427950762, -2.9255807573473542, -0.1112235909075594, -8.171298236942741, -3.004124748718422, -3.2186901948877145, -9.327563141673352, -7.7382802684926375, -3.3423418620066707, -8.716018201794583, -7.661515885506834, -0.2137912225918217, -7.544290268338608, -6.843874684010457, -0.8253222713003838, -10.729813144455948, -0.6426993917923038, -7.3935570734000455, 0.2865448371766568, -3.1948024972438738, -7.127212935705023, -1.816201319326797, -0.5830808290925991, -8.593598840535995, -5.365897462448933, -0.3870402074614818, -10.692075926640086, -2.818426468408582, 3.6053935073155516, -6.765384521532732, -4.308408808362963, 3.786517873657716, -10.047255387703768, -4.802388983349875, 6.378156868203021, -8.9128878833224, -1.0891204822528948, 3.8086533059147594, -7.330590362983083, 0.3369190889880127, 3.7455110859164864, -10.665343974133787, -0.0011061540874011122], "name": "C12H27N", "identifiers": {"molecule_hash": "67ef0fe78aea6ab86da728066bc4457d11cca62a", "molecular_formula": "C12H27N"}, "molecular_charge": 0.0, "molecular_multiplicity": 1, "connectivity": [[0, 1, 1.0], [0, 13, 1.0], [0, 14, 1.0], [0, 15, 1.0], [1, 2, 1.0], [1, 16, 1.0], [1, 17, 1.0], [2, 3, 1.0], [2, 18, 1.0], [2, 19, 1.0], [3, 4, 1.0], [3, 20, 1.0], [3, 21, 1.0], [4, 5, 1.0], [4, 9, 1.0], [5, 6, 1.0], [5, 22, 1.0], [5, 23, 1.0], [6, 7, 1.0], [6, 24, 1.0], [6, 25, 1.0], [7, 8, 1.0], [7, 26, 1.0], [7, 27, 1.0], [8, 28, 1.0], [8, 29, 1.0], [8, 30, 1.0], [9, 10, 1.0], [9, 31, 1.0], [9, 32, 1.0], [10, 11, 1.0], [10, 33, 1.0], [10, 34, 1.0], [11, 12, 1.0], [11, 35, 1.0], [11, 36, 1.0], [12, 37, 1.0], [12, 38, 1.0], [12, 39, 1.0]], "fix_com": true, "fix_orientation": true, "provenance": {"creator": "QCElemental", "version": "v0.22.0", "routine": "qcelemental.molparse.from_schema"}, "id": "218330"}