{"schema_name": "qcschema_molecule", "schema_version": 2, "validated": true, "symbols": ["C", "C", "C", "C", "N", "C", "C", "C", "C", "C", "C", "C", "C", "H", "H", "H", "H", "H", "H", "H", "H", "H", "H", "H", "H", "H", "H", "H", "H", "H", "H", "H", "H", "H", "H", "H", "H", "H", "H", "H"], "geometry": [0.0, 0.0, -0.0, 2.872797118812779, -1.0636784087946014e-16, -3.180933936315179e-17, 4.036292002309647, 2.349259386922435, 1.1970134373576111, 3.1830011982906505, 4.8351755598879365, 1.7763568394002505e-15, 3.281253258213898, 4.819170848838982, -2.745226519121946, 1.7062008480493343, 6.767401833097273, -3.8850213140489647, 2.5782761166599135, 9.503625951701444, -3.560515520176439, 0.7315934057489233, 11.431167583017876, -4.65090640280817, 0.47868995898605804, 11.336462333740482, -7.514982289245463, 5.858049496669758, 4.724381770506729, -3.691609981423362, 6.035620404036768, 4.475495212761244, -6.550281732422309, 8.700231418083476, 3.879058423757037, -7.480386164861292, 9.618753124828373, 1.2303573112712094, -6.839145597958106, -0.7524807114030689, -1.7845238697701555, -0.7383778963633347, -0.7371545436105029, 1.5264941440090074, -1.1941881890638366, -0.7620187275712436, 0.25760158959992285, 1.915101901006012, 3.5445530655838358, -0.15831875654447147, -1.9584933311363795, 3.5763307936973803, -1.6751491148945323, 1.0068601284723053, 6.106507911333413, 2.1952949283779195, 1.1370359462297754, 3.545064202160652, 2.4328899068279712, 3.215600707471049, 1.2073009613083867, 5.191025598681603, 0.5282677021751596, 4.3032083736228435, 6.397320575648331, 0.8357621845677187, 1.5018909334325172, 6.329991934317309, -5.901333914072784, -0.1941947338068145, 6.564933696245885, -3.0656002794040838, 2.8529180640633287, 9.894933682499197, -1.539406129430514, 4.437366521243901, 9.759785574733893, -4.460285021760354, -1.1378007217367079, 11.154436500014715, -3.7797515454938715, 1.3420686627093827, 13.33475209001623, -4.089888819332545, -0.7776529711396736, 12.832231102191862, -8.207736869627166, 2.3230041393654433, 11.592639685059677, -8.434069946066451, -0.29785618084131005, 9.529632631128353, -8.171162951317081, 6.986540777379296, 6.385665861301188, -3.0763834649561015, 6.760371863149107, 3.073877305155376, -2.820420194432568, 4.720637153851457, 2.9878034624550374, -7.1699206052823286, 5.399339035813948, 6.237509139613117, -7.44584220561045, 8.750830922434607, 4.125865860360925, -9.540882355022228, 10.025610988266985, 5.285157558385923, -6.709362443485273, 8.336855156117645, -0.2077730613579627, -7.611731229893501, 11.502966402164388, 0.8800498019879299, -7.628175593123831, 9.743363578062269, 0.9164144056094321, -4.793513792453112], "name": "C12H27N", "identifiers": {"molecule_hash": "4d054d8b65b9cc0c3fcaed74bd938f1567b625d7", "molecular_formula": "C12H27N"}, "molecular_charge": 0.0, "molecular_multiplicity": 1, "connectivity": [[0, 1, 1.0], [0, 13, 1.0], [0, 14, 1.0], [0, 15, 1.0], [1, 2, 1.0], [1, 16, 1.0], [1, 17, 1.0], [2, 3, 1.0], [2, 18, 1.0], [2, 19, 1.0], [3, 4, 1.0], [3, 20, 1.0], [3, 21, 1.0], [4, 5, 1.0], [4, 9, 1.0], [5, 6, 1.0], [5, 22, 1.0], [5, 23, 1.0], [6, 7, 1.0], [6, 24, 1.0], [6, 25, 1.0], [7, 8, 1.0], [7, 26, 1.0], [7, 27, 1.0], [8, 28, 1.0], [8, 29, 1.0], [8, 30, 1.0], [9, 10, 1.0], [9, 31, 1.0], [9, 32, 1.0], [10, 11, 1.0], [10, 33, 1.0], [10, 34, 1.0], [11, 12, 1.0], [11, 35, 1.0], [11, 36, 1.0], [12, 37, 1.0], [12, 38, 1.0], [12, 39, 1.0]], "fix_com": true, "fix_orientation": true, "provenance": {"creator": "QCElemental", "version": "v0.22.0", "routine": "qcelemental.molparse.from_schema"}, "id": "224464"}