{"schema_name": "qcschema_molecule", "schema_version": 2, "validated": true, "symbols": ["C", "C", "C", "C", "N", "C", "C", "C", "C", "C", "C", "C", "C", "H", "H", "H", "H", "H", "H", "H", "H", "H", "H", "H", "H", "H", "H", "H", "H", "H", "H", "H", "H", "H", "H", "H", "H", "H", "H", "H"], "geometry": [0.0, -0.0, 0.0, 2.874398436461197, -3.288471741976843e-16, -7.041528005923395e-16, 4.026906047421837, 1.587249194838475, -2.116163130916487, 3.921955079476234, 4.436260275207523, -1.7091063545315337, 5.465296329279798, 5.39203910683271, 0.3692120325920305, 8.152436739375982, 4.800762006007376, 2.220446049250313e-16, 9.158858828974388, 2.5540201859224076, 1.507452222504843, 9.71401046901644, 3.081197364848417, 4.287763743255879, 7.417584745714767, 3.6811283465341993, 5.908280806515941, 5.142574170434717, 8.128779456727294, 0.6161405856945583, 2.5487207625306856, 9.107385804596628, 1.4062667279308454, 1.6662165006815293, 8.385918732580414, 4.057105459797274, 0.574289498987892, 5.738282630606469, 4.279522544272293, -0.7701635461885119, 1.9156208811529485, 0.18231018633535623, -0.7568741762498918, -1.117495923613455, 1.5727980147970997, -0.7436234043858448, -0.8070196677578692, -1.7620264019512875, 3.5498607046069215, -1.9557003196453526, -0.18110299203252578, 3.580403350525498, 0.6900224697934791, 1.8270120888668369, 5.991502321954911, 1.0112266249253836, -2.4530428178689414, 3.0241647051388183, 1.1796919438861178, -3.891284456095349, 1.9562234218471566, 4.985240984047692, -1.3424231508731828, 4.475630128212481, 5.381513704560327, -3.50210439766496, 9.267713444330063, 6.471111510200013, 0.5302810792772998, 8.537302031653226, 4.502874176969185, -2.032160615481716, 7.847748944335418, 0.9542516593782346, 1.3560364553039832, 10.92578769135218, 1.941236142262893, 0.5998025510165973, 11.081332001192298, 4.6457694925861865, 4.415897282894177, 10.684874234941814, 1.42295734750306, 5.0787062767284485, 7.943749673909643, 3.849152098896098, 7.907315007299308, 6.509079390858032, 5.449458938364776, 5.332825030768668, 5.983657115982758, 2.1873293189634624, 5.7538863101644875, 6.5084804749967695, 8.768301440789735, 2.0436972368159023, 5.677208316064895, 9.083467122884333, -1.1770912537685603, 1.0959115374648165, 8.585725491547294, 0.014823649028361086, 2.6875536155073756, 11.17703710138531, 1.292620405076228, 3.2551102466369626, 8.609763583708418, 5.381464945885174, 0.23039040579679515, 9.758091066940372, 4.667496642361523, -0.027760339562321268, 5.331498357703311, 6.221781650514568, -1.0927925240835061, 5.529958073360859, 3.0583919361170793, 1.9622046058052693, 4.31049159786374, 3.7161707590527477], "name": "C12H27N", "identifiers": {"molecule_hash": "00e258cf317af3553e7607876d52678203fbc0ce", "molecular_formula": "C12H27N"}, "molecular_charge": 0.0, "molecular_multiplicity": 1, "connectivity": [[0, 1, 1.0], [0, 13, 1.0], [0, 14, 1.0], [0, 15, 1.0], [1, 2, 1.0], [1, 16, 1.0], [1, 17, 1.0], [2, 3, 1.0], [2, 18, 1.0], [2, 19, 1.0], [3, 4, 1.0], [3, 20, 1.0], [3, 21, 1.0], [4, 5, 1.0], [4, 9, 1.0], [5, 6, 1.0], [5, 22, 1.0], [5, 23, 1.0], [6, 7, 1.0], [6, 24, 1.0], [6, 25, 1.0], [7, 8, 1.0], [7, 26, 1.0], [7, 27, 1.0], [8, 28, 1.0], [8, 29, 1.0], [8, 30, 1.0], [9, 10, 1.0], [9, 31, 1.0], [9, 32, 1.0], [10, 11, 1.0], [10, 33, 1.0], [10, 34, 1.0], [11, 12, 1.0], [11, 35, 1.0], [11, 36, 1.0], [12, 37, 1.0], [12, 38, 1.0], [12, 39, 1.0]], "fix_com": true, "fix_orientation": true, "provenance": {"creator": "QCElemental", "version": "v0.22.0", "routine": "qcelemental.molparse.from_schema"}, "id": "242378"}