{"schema_name": "qcschema_molecule", "schema_version": 2, "validated": true, "symbols": ["C", "C", "C", "C", "N", "C", "C", "C", "C", "C", "C", "C", "C", "H", "H", "H", "H", "H", "H", "H", "H", "H", "H", "H", "H", "H", "H", "H", "H", "H", "H", "H", "H", "H", "H", "H", "H", "H", "H", "H"], "geometry": [0.0, -0.0, 0.0, 2.892139029135315, -6.614912730860607e-16, 7.850831050151173e-17, 4.102781787052771, 2.2554902589735244, 1.3622599293093374, 3.6977038828404765, 4.787257689100746, 1.7763568394002505e-15, 4.792235474839448, 7.021444767359535, 1.1717204894807831, 7.537773098237819, 7.092234976629281, 1.2645744503695875, 8.820821940355952, 7.240998534542976, -1.3225665166779326, 8.030444065524033, 9.531000394479673, -2.898071129455582, 9.425724651358209, 9.681515706947597, -5.4227705466537515, 3.6117472678630334, 7.734071840221903, 3.553352725825997, 3.3923976742437105, 10.601831277862129, 3.8587016545648405, 2.313340796234506, 11.441699813802336, 6.4130929363979705, -0.4345042977663396, 10.667025605856274, 6.874892710986349, -0.7747268592040126, 1.58698198610624, -1.041245735878271, -0.7354185216576543, 0.08915702597334613, 1.9153514562313265, -0.7261925850469486, -1.712507022912888, -0.8655283525691502, 3.575054611324675, -0.07230113601077767, -1.9388365657702842, 3.545751185996349, -1.7285810703360753, 0.8966237139962989, 6.1152331903245285, 1.8939521791266638, 1.5422393094410372, 3.3621644336177385, 2.3652711890338045, 3.2773836174035367, 4.430276052179962, 4.6324770726186015, -1.9085209275891923, 1.6906988858815042, 5.147198096941209, -0.20043032642852082, 8.316924404643203, 5.490293392449342, 2.3094136319431073, 8.073210361452286, 8.762370210777208, 2.3221361532556504, 8.48808147801984, 5.5195457855186945, -2.393324423481917, 10.850915114246941, 7.306963384706764, -0.9946968264353713, 6.008180674784314, 9.470601524451602, -3.223896224941118, 8.386124687801063, 11.245411403916796, -1.8193661480292702, 8.833833361365134, 11.323280226248396, -6.501871462687303, 9.063103682163973, 8.018458794505623, -6.571892456382229, 11.456436957597816, 9.814700212657378, -5.1477687300237065, 4.618585077398629, 6.939483556895489, 5.173834713364876, 1.7328679087649894, 6.922274464442228, 3.5954502751900996, 2.2252114156309197, 11.326196481594538, 2.3314940972033185, 5.241685905647028, 11.459048489896352, 3.62209456273224, 3.49237427586388, 10.706286609509355, 7.929572119517536, 2.446732148794766, 13.48817330772659, 6.531105254258527, -0.6532779092239727, 8.631030353157996, 6.987554730952601, -1.1270607261313863, 11.454494554197282, 8.63831903320995, -1.6539102969264499, 11.344565173560918, 5.3678950273270125], "name": "C12H27N", "identifiers": {"molecule_hash": "761f22c7a021488ad57315edca4ca3b88fb2d39f", "molecular_formula": "C12H27N"}, "molecular_charge": 0.0, "molecular_multiplicity": 1, "connectivity": [[0, 1, 1.0], [0, 13, 1.0], [0, 14, 1.0], [0, 15, 1.0], [1, 2, 1.0], [1, 16, 1.0], [1, 17, 1.0], [2, 3, 1.0], [2, 18, 1.0], [2, 19, 1.0], [3, 4, 1.0], [3, 20, 1.0], [3, 21, 1.0], [4, 5, 1.0], [4, 9, 1.0], [5, 6, 1.0], [5, 22, 1.0], [5, 23, 1.0], [6, 7, 1.0], [6, 24, 1.0], [6, 25, 1.0], [7, 8, 1.0], [7, 26, 1.0], [7, 27, 1.0], [8, 28, 1.0], [8, 29, 1.0], [8, 30, 1.0], [9, 10, 1.0], [9, 31, 1.0], [9, 32, 1.0], [10, 11, 1.0], [10, 33, 1.0], [10, 34, 1.0], [11, 12, 1.0], [11, 35, 1.0], [11, 36, 1.0], [12, 37, 1.0], [12, 38, 1.0], [12, 39, 1.0]], "fix_com": true, "fix_orientation": true, "provenance": {"creator": "QCElemental", "version": "v0.22.0", "routine": "qcelemental.molparse.from_schema"}, "id": "216593"}