{"schema_name": "qcschema_molecule", "schema_version": 2, "validated": true, "symbols": ["C", "C", "C", "C", "N", "C", "C", "C", "C", "C", "C", "C", "C", "H", "H", "H", "H", "H", "H", "H", "H", "H", "H", "H", "H", "H", "H", "H", "H", "H", "H", "H", "H", "H", "H", "H", "H", "H", "H", "H"], "geometry": [0.0, 0.0, -0.0, 2.8968399731329235, 7.624847499676978e-17, -8.06977180888362e-17, 4.067721120350391, 1.7848270589164588, 1.9644760074464898, 3.2810239886725063, 4.567786876168584, 1.6780792102598012, 3.537176222706416, 5.532111715067467, -0.9033058390046591, 1.9840837315586768, 7.777833317932929, -1.3760727464206677, 2.751145680683398, 10.226078909809509, -8.881784197001252e-16, 0.962262565234149, 12.449021020228464, -0.5398864535636099, 1.0382746310946125, 13.391092244218402, -3.2826571158405313, 6.183350551002072, 5.77288300682223, -1.6751838373278214, 6.527700150985717, 6.450143607280463, -4.468036697738688, 9.29223493075003, 6.304077171279172, -5.348331549425751, 10.391853509803388, 3.62094883230213, -5.405839828610473, -0.7437269562958962, -1.4169473062088223, -1.3133026784862891, -0.7447405694415767, 1.8391645874366358, -0.5826809263758316, -0.7545864401605107, -0.4300543601256721, 1.88258968484102, 3.5688505101021937, 0.5341543838803645, -1.8835266006409555, 3.588219300397562, -1.9216765880146152, 0.361144215450391, 6.131581866878084, 1.614335045488311, 1.8964147126317985, 3.518084429131243, 1.1824161359163106, 3.8733921785226926, 1.2881999566099829, 4.752456160202078, 2.206041540058053, 4.360043259766456, 5.703707053607465, 3.062423867666163, 1.945862407159131, 8.107335443161595, -3.415266934266493, 0.03744098159079756, 7.297347246984186, -0.8455648665762325, 2.7949586531659487, 9.874198372733114, 2.0416059094620915, 4.67942563916899, 10.765069941153786, -0.542158087095669, -0.979606115283042, 11.902397595775154, -0.050185066466958084, 1.4508504180426187, 14.020398260247326, 0.7208403032936701, -0.16158278834044593, 15.059559415458265, -3.5301361973762466, 2.966878895855329, 13.916814182149611, -3.829448740525004, 0.37973665339104046, 11.953459183715829, -4.6161942392808175, 7.2221118406012135, 7.160742972946494, -0.5018237971759949, 7.083755638482716, 3.9476047974670045, -1.3268721143069635, 5.3569189486824715, 5.174430134735477, -5.610270250008063, 5.832215981267887, 8.36926199585791, -4.817808212538898, 9.417843171602266, 7.1168868935022385, -7.250840994165798, 10.466107862738749, 7.508831301804119, -4.132307056183448, 9.236318736279745, 2.374408837102063, -6.590600562982628, 12.312382195285407, 3.6226555225818116, -6.17808933574916, 10.487260618707081, 2.7773699743605103, -3.5193876143474263], "name": "C12H27N", "identifiers": {"molecule_hash": "4409eefa8382656e998a9edda6181e7f82144a94", "molecular_formula": "C12H27N"}, "molecular_charge": 0.0, "molecular_multiplicity": 1, "connectivity": [[0, 1, 1.0], [0, 13, 1.0], [0, 14, 1.0], [0, 15, 1.0], [1, 2, 1.0], [1, 16, 1.0], [1, 17, 1.0], [2, 3, 1.0], [2, 18, 1.0], [2, 19, 1.0], [3, 4, 1.0], [3, 20, 1.0], [3, 21, 1.0], [4, 5, 1.0], [4, 9, 1.0], [5, 6, 1.0], [5, 22, 1.0], [5, 23, 1.0], [6, 7, 1.0], [6, 24, 1.0], [6, 25, 1.0], [7, 8, 1.0], [7, 26, 1.0], [7, 27, 1.0], [8, 28, 1.0], [8, 29, 1.0], [8, 30, 1.0], [9, 10, 1.0], [9, 31, 1.0], [9, 32, 1.0], [10, 11, 1.0], [10, 33, 1.0], [10, 34, 1.0], [11, 12, 1.0], [11, 35, 1.0], [11, 36, 1.0], [12, 37, 1.0], [12, 38, 1.0], [12, 39, 1.0]], "fix_com": true, "fix_orientation": true, "provenance": {"creator": "QCElemental", "version": "v0.22.0", "routine": "qcelemental.molparse.from_schema"}, "id": "220098"}