{"schema_name": "qcschema_molecule", "schema_version": 2, "validated": true, "symbols": ["C", "C", "C", "C", "N", "C", "C", "C", "C", "C", "C", "C", "C", "H", "H", "H", "H", "H", "H", "H", "H", "H", "H", "H", "H", "H", "H", "H", "H", "H", "H", "H", "H", "H", "H", "H", "H", "H", "H", "H"], "geometry": [8.853097979313945, 1.804754384426603, 0.0, 6.587847092436501, 1.192335876786098e-15, 7.419483944192189e-16, 4.3932354042546375, 0.9723753184673061, -1.6327193106158635, 2.0365661601903198, -0.7356848912234388, -1.7305857801102096, 0.0, 0.0, 0.0, -2.3197872737473615, -1.4054409637126657, -0.5522952716447782, -4.676087839250245, -0.3854664715756795, 0.7871730546579245, -5.206861101657787, 2.4102365022770904, 0.2475911212662305, -7.598108757554856, 3.367275098687996, 1.5712262729719244, 0.7212959622752081, 0.09826240209781845, 2.6744024200831538, 1.487344180757595, -2.3932415957503586, 4.008672988929909, -0.6746655898384313, -3.87050341505797, 5.259196369391848, 0.265266587193556, -6.202393569009234, 6.698422559251996, 8.33045399025824, 3.6553156381045766, 0.7711102784140114, 10.412881481240198, 1.0637194279144118, 1.1415634477694026, 9.566299909389675, 2.1103316222895057, -1.9211740296462823, 7.182112274010857, -1.8553683353284125, -0.713130041957317, 5.963969959813858, -0.31325252710458606, 1.947445886783131, 3.8164486170692182, 2.8654061021958563, -1.0165476845881425, 5.105854610880746, 1.202027596118043, -3.566684762157008, 2.619784005202122, -2.729405288430509, -1.4722649519998048, 1.2294937770203753, -0.631543224492332, -3.6333995702322044, -2.124701963176317, -3.4481613241225757, -0.15340340041415534, -2.6350350710202863, -1.2567471420855907, -2.5964100726521853, -6.289523941883264, -1.5303165118129254, 0.1598964749165479, -4.542661975379868, -0.6851125391213082, 2.8324174470306263, -3.572930835001253, 3.5395004457582147, 0.8277967575987366, -5.384568026249613, 2.6815573368727086, -1.8020032561400114, -9.269981463660317, 2.2996556335695097, 0.9716322586108617, -7.945512142182441, 5.365507265237598, 1.1558520415608715, -7.441089666738197, 3.1721992165108563, 3.6284371388456162, 2.2882827566104287, 1.4371053717140851, 2.8145590931174875, -0.8334014742969001, 0.9745161298447955, 3.723469933161012, 2.484415173575119, -3.6273663630911743, 2.674926341247643, 2.8767668035637093, -1.9300632291237534, 5.480385203395175, -2.0598793347359567, -4.459582455287086, 3.8402673023675056, -1.6852656059436337, -2.6150459309737526, 6.566531071925909, 1.604803128473923, -5.671188474876846, 8.18707561174353, -1.2983821618633868, -7.224616320606764, 7.590596139653722, 1.2361874968305329, -7.519801670971325, 5.427917081971756], "name": "C12H27N", "identifiers": {"molecule_hash": "055ce40e85fe6126f01e92a3c3bba0ab2213f8d9", "molecular_formula": "C12H27N"}, "molecular_charge": 0.0, "molecular_multiplicity": 1, "connectivity": [[0, 1, 1.0], [0, 13, 1.0], [0, 14, 1.0], [0, 15, 1.0], [1, 2, 1.0], [1, 16, 1.0], [1, 17, 1.0], [2, 3, 1.0], [2, 18, 1.0], [2, 19, 1.0], [3, 4, 1.0], [3, 20, 1.0], [3, 21, 1.0], [4, 5, 1.0], [4, 9, 1.0], [5, 6, 1.0], [5, 22, 1.0], [5, 23, 1.0], [6, 7, 1.0], [6, 24, 1.0], [6, 25, 1.0], [7, 8, 1.0], [7, 26, 1.0], [7, 27, 1.0], [8, 28, 1.0], [8, 29, 1.0], [8, 30, 1.0], [9, 10, 1.0], [9, 31, 1.0], [9, 32, 1.0], [10, 11, 1.0], [10, 33, 1.0], [10, 34, 1.0], [11, 12, 1.0], [11, 35, 1.0], [11, 36, 1.0], [12, 37, 1.0], [12, 38, 1.0], [12, 39, 1.0]], "fix_com": true, "fix_orientation": true, "provenance": {"creator": "QCElemental", "version": "v0.22.0", "routine": "qcelemental.molparse.from_schema"}, "id": "217993"}