{"schema_name": "qcschema_molecule", "schema_version": 2, "validated": true, "symbols": ["C", "C", "C", "C", "N", "C", "C", "C", "C", "C", "C", "C", "C", "H", "H", "H", "H", "H", "H", "H", "H", "H", "H", "H", "H", "H", "H", "H", "H", "H", "H", "H", "H", "H", "H", "H", "H", "H", "H", "H"], "geometry": [0.0, 0.0, 0.0, 2.8922095122344595, 2.474795807314502e-16, 1.958610071906068e-17, 4.0967890803714635, 1.9934847280207353, 1.7225239967149126, 3.6018102163779626, 4.72618888622779, 0.9090200733324407, 4.935798778697373, 6.530862626553327, 2.500723063633126, 7.534486936133613, 7.06345743961554, 1.7819759684100651, 8.047204536861386, 9.303483990238721, 8.881784197001252e-16, 6.873426200236361, 9.144850418833155, -2.638079683271279, 7.647950133396881, 11.361419197516055, -4.321987955303514, 3.4697809537226427, 8.643175934822974, 3.4493376878945528, 4.536843612780929, 9.79992797578441, 5.880423754614999, 4.837326542018863, 7.958751240091531, 8.095236658736807, 2.35392349058989, 6.834943120219931, 9.055519656965153, -0.7707603009249369, 1.7377724876665672, -0.769496462114422, -0.7361244705213378, -0.22104478945367567, 1.9043333042888906, -0.7297044453509067, -1.5468982216447258, -1.1331654262354847, 3.5729081835577734, 0.2558349282923834, -1.9242845288045713, 3.5488309813275944, -1.8540231557760913, 0.5927553613392604, 3.4259374558304323, 1.7534834785387123, 3.6496825655157066, 6.124574830255405, 1.6736190554613786, 1.7795320998697433, 4.093199273321368, 4.93727118357608, -1.0779569477393367, 1.5964721679287173, 5.11490061664738, 1.0374002341233817, 8.298330879785905, 5.361639882908045, 0.9321181175112505, 8.638571921905442, 7.374119557064482, 3.4850233749349373, 7.455360168635545, 11.057477483864954, 0.890808679677249, 10.091557806604689, 9.443048228967669, -0.1951834938573085, 4.827101837777176, 9.096600863757645, -2.4935540015803737, 7.435288777617966, 7.382963422296319, -3.536898476759508, 9.684372959325103, 11.425781196196182, -4.574110751229422, 6.791994705460244, 11.218174479031488, -6.181120759384668, 7.0656481869058085, 13.15188653618251, -3.5030921196409217, 3.249585166248389, 10.151476169854432, 2.055256689853857, 1.5807355579608413, 7.956385374993193, 3.8346300735535745, 3.281712472671837, 11.333633577362624, 6.434222630828581, 6.353106460575823, 10.67719527975156, 5.496591513965061, 6.1010235543706255, 6.438858233549703, 7.552342069747004, 5.750741838895218, 8.95984857490323, 9.640674375465696, 2.6750284458657094, 5.67883584694504, 10.72001101134248, 1.4640902070813424, 5.642545070643909, 7.6452581227579905, 1.0179575562105523, 8.308472066792291, 9.569982618640287], "name": "C12H27N", "identifiers": {"molecule_hash": "be967b70a0df2214ca8f95bee292fca442543985", "molecular_formula": "C12H27N"}, "molecular_charge": 0.0, "molecular_multiplicity": 1, "connectivity": [[0, 1, 1.0], [0, 13, 1.0], [0, 14, 1.0], [0, 15, 1.0], [1, 2, 1.0], [1, 16, 1.0], [1, 17, 1.0], [2, 3, 1.0], [2, 18, 1.0], [2, 19, 1.0], [3, 4, 1.0], [3, 20, 1.0], [3, 21, 1.0], [4, 5, 1.0], [4, 9, 1.0], [5, 6, 1.0], [5, 22, 1.0], [5, 23, 1.0], [6, 7, 1.0], [6, 24, 1.0], [6, 25, 1.0], [7, 8, 1.0], [7, 26, 1.0], [7, 27, 1.0], [8, 28, 1.0], [8, 29, 1.0], [8, 30, 1.0], [9, 10, 1.0], [9, 31, 1.0], [9, 32, 1.0], [10, 11, 1.0], [10, 33, 1.0], [10, 34, 1.0], [11, 12, 1.0], [11, 35, 1.0], [11, 36, 1.0], [12, 37, 1.0], [12, 38, 1.0], [12, 39, 1.0]], "fix_com": true, "fix_orientation": true, "provenance": {"creator": "QCElemental", "version": "v0.22.0", "routine": "qcelemental.molparse.from_schema"}, "id": "214660"}