{"schema_name": "qcschema_molecule", "schema_version": 2, "validated": true, "symbols": ["C", "C", "C", "C", "N", "C", "C", "C", "C", "C", "C", "C", "C", "H", "H", "H", "H", "H", "H", "H", "H", "H", "H", "H", "H", "H", "H", "H", "H", "H", "H", "H", "H", "H", "H", "H", "H", "H", "H", "H"], "geometry": [0.0, 0.0, -0.0, 2.8957982387837506, 2.4786899485539603e-16, 1.381012707281137e-17, 4.008123057459367, 1.5500759358420773, 2.176801459505537, 6.903538971938277, 1.5263729441084692, 2.316685682856805, 8.21482760818602, 2.3145982988535065, -6.661338147750939e-16, 7.736376520818887, 4.9818805346264305, -0.6053333843163553, 8.334733907655506, 5.6920375489652715, -3.351363678733364, 6.812029149904722, 4.18827952422852, -5.301857388192753, 7.405735395165453, 4.963659079251956, -8.027903334999062, 10.941578068471808, 1.8312729866939526, 0.2281533146820678, 11.77378596893887, -0.9320071002082502, -0.06722771273230221, 11.323497125907787, -2.088157265621071, -2.6977621942862435, 8.635971783047278, -3.078712495081178, -3.1314081811597845, -0.7467643595927507, 1.9247304483425343, -0.17956550864548404, -0.7538867215535608, -0.798408120414622, 1.757319850620377, -0.7547590441266541, -1.1147251228421071, -1.5726664657311542, 3.5953501129406007, -1.9481269189785755, 0.1227773616764356, 3.5967125622870793, 0.7461291028075018, -1.7969673232954109, 3.292963449669381, 3.4926486608959784, 2.0744948971494503, 3.308778818269213, 0.8020589206416583, 3.9823214812353287, 7.50161412793298, -0.4085253039152077, 2.7357152134729548, 7.511681263891033, 2.6959512695922285, 3.945646694748237, 8.787343476835298, 6.245187730868351, 0.6920433877417116, 5.731605400159894, 5.362742957970922, -0.2869932884119859, 7.941449337175193, 7.718114387482707, -3.5741063382599885, 10.357925278719065, 5.469280915028422, -3.7434619419517934, 7.192814469152824, 2.172739686476878, -5.044676839108638, 4.786309658497126, 4.447378967290356, -4.929385611325788, 9.40786530237915, 4.661573906772012, -8.46836143749464, 6.992821355445862, 6.9686483544144515, -8.349658170230056, 6.2929273549746245, 3.8655924888991127, -9.384930119269928, 11.654289632634356, 2.5646148440028007, 2.0561624093112605, 11.90719093413029, 2.9190392137569963, -1.239399144684402, 13.807149329777413, -0.9633911964080746, 0.3428768586852355, 10.8951258058724, -2.1294599251490425, 1.378931397656098, 11.783032040143963, -0.6723138089301969, -4.144575387722082, 12.663427109514808, -3.6463182100312803, -2.975619571328015, 7.25279509008452, -1.5676139218487206, -2.909902992838629, 8.172825096118117, -4.566100708839844, -1.7635589229395663, 8.436055484507413, -3.8886866775958024, -5.0273727172370215], "name": "C12H27N", "identifiers": {"molecule_hash": "c6d526df34408a050124aee48ae0fa4d046436aa", "molecular_formula": "C12H27N"}, "molecular_charge": 0.0, "molecular_multiplicity": 1, "connectivity": [[0, 1, 1.0], [0, 13, 1.0], [0, 14, 1.0], [0, 15, 1.0], [1, 2, 1.0], [1, 16, 1.0], [1, 17, 1.0], [2, 3, 1.0], [2, 18, 1.0], [2, 19, 1.0], [3, 4, 1.0], [3, 20, 1.0], [3, 21, 1.0], [4, 5, 1.0], [4, 9, 1.0], [5, 6, 1.0], [5, 22, 1.0], [5, 23, 1.0], [6, 7, 1.0], [6, 24, 1.0], [6, 25, 1.0], [7, 8, 1.0], [7, 26, 1.0], [7, 27, 1.0], [8, 28, 1.0], [8, 29, 1.0], [8, 30, 1.0], [9, 10, 1.0], [9, 31, 1.0], [9, 32, 1.0], [10, 11, 1.0], [10, 33, 1.0], [10, 34, 1.0], [11, 12, 1.0], [11, 35, 1.0], [11, 36, 1.0], [12, 37, 1.0], [12, 38, 1.0], [12, 39, 1.0]], "fix_com": true, "fix_orientation": true, "provenance": {"creator": "QCElemental", "version": "v0.22.0", "routine": "qcelemental.molparse.from_schema"}, "id": "219236"}