{"schema_name": "qcschema_molecule", "schema_version": 2, "validated": true, "symbols": ["C", "C", "C", "C", "N", "C", "C", "C", "C", "C", "C", "C", "C", "H", "H", "H", "H", "H", "H", "H", "H", "H", "H", "H", "H", "H", "H", "H", "H", "H", "H", "H", "H", "H", "H", "H", "H", "H", "H", "H"], "geometry": [0.0, 0.0, 0.0, 2.8956433280405802, -1.8231989301136946e-16, 1.2674092941365088e-16, 4.016045455044645, 2.6707093657239387, 0.03474228575610505, 6.9114179558817455, 2.719160424582165, -4.440892098500626e-16, 8.082648899971637, 1.298185399318508, 2.0656045734968234, 7.392375102777153, 2.1774085116956488, 4.5980123043086, 8.168295627836066, 4.891216322594603, 5.311111916319454, 7.5030810182367516, 5.586272047041948, 8.051005180621793, 4.653782519436579, 5.70762053198644, 8.58313480008504, 10.810284531770675, 0.9815113195414148, 1.7132316552124842, 11.48773305653808, -1.014005643472542, -0.28125074966799274, 10.411999278640192, -3.638010673848325, 0.3011318644465937, 11.08951569360957, -5.604025110292319, -1.714307553223282, -0.7570152678455718, -1.9266461550090024, -0.03030096418149264, -0.7539212917582645, 0.9990899944364062, -1.6515097791743498, -0.7452247098073568, 0.9404764456366266, 1.6895842905250995, 3.5962627515363255, -1.0028236425779968, -1.6765858617652976, 3.605472118301776, -1.058342799006943, 1.6303492960174222, 3.3519773457981197, 3.72301492997237, -1.6259036408115188, 3.2948349661220444, 3.708250503070916, 1.6791295221780342, 7.566447739054777, 4.704349505813946, -0.051881144789933664, 7.541499054865537, 1.863788301174021, -1.7754130728325528, 8.242265884796215, 0.8613019341228374, 5.95672039059866, 5.347355420189912, 1.9624521205962053, 4.812198324914112, 7.2576092756069235, 6.2452524875482, 4.031326311119071, 10.21116875116791, 5.106849801224415, 5.035119507115633, 8.346838518363313, 7.426645006751437, 8.496451477786264, 8.388784393909273, 4.22092379909983, 9.339754983429778, 4.284122163603115, 6.351506465616724, 10.515320035226635, 3.744046014456865, 3.8629740496586065, 8.362410172589549, 3.7161524289806054, 7.027751646485222, 7.289741547519418, 11.607775642818039, 0.37773444312681437, 3.527891815832723, 11.753272875329388, 2.7820304272271446, 1.2245267752040165, 13.55784610810787, -1.1127939054041776, -0.4029799717201487, 10.845018035279242, -0.40638525778131285, -2.1567170721592976, 11.118019559202523, -4.264451955761034, 2.1504199916720896, 8.35738084047089, -3.488115452032592, 0.49042353093862956, 13.142307488255549, -5.817323932768547, -1.9022481359579135, 10.349116859897952, -5.054102488561925, -3.5700715514221404, 10.303921768711307, -7.463074151642328, -1.252281994096749], "name": "C12H27N", "identifiers": {"molecule_hash": "936c123209ae0592f681ff222f96ab48c6235478", "molecular_formula": "C12H27N"}, "molecular_charge": 0.0, "molecular_multiplicity": 1, "connectivity": [[0, 1, 1.0], [0, 13, 1.0], [0, 14, 1.0], [0, 15, 1.0], [1, 2, 1.0], [1, 16, 1.0], [1, 17, 1.0], [2, 3, 1.0], [2, 18, 1.0], [2, 19, 1.0], [3, 4, 1.0], [3, 20, 1.0], [3, 21, 1.0], [4, 5, 1.0], [4, 9, 1.0], [5, 6, 1.0], [5, 22, 1.0], [5, 23, 1.0], [6, 7, 1.0], [6, 24, 1.0], [6, 25, 1.0], [7, 8, 1.0], [7, 26, 1.0], [7, 27, 1.0], [8, 28, 1.0], [8, 29, 1.0], [8, 30, 1.0], [9, 10, 1.0], [9, 31, 1.0], [9, 32, 1.0], [10, 11, 1.0], [10, 33, 1.0], [10, 34, 1.0], [11, 12, 1.0], [11, 35, 1.0], [11, 36, 1.0], [12, 37, 1.0], [12, 38, 1.0], [12, 39, 1.0]], "fix_com": true, "fix_orientation": true, "provenance": {"creator": "QCElemental", "version": "v0.22.0", "routine": "qcelemental.molparse.from_schema"}, "id": "225887"}