{"schema_name": "qcschema_molecule", "schema_version": 2, "validated": true, "symbols": ["C", "C", "C", "C", "N", "C", "C", "C", "C", "C", "C", "C", "C", "H", "H", "H", "H", "H", "H", "H", "H", "H", "H", "H", "H", "H", "H", "H", "H", "H", "H", "H", "H", "H", "H", "H", "H", "H", "H", "H"], "geometry": [6.981640919660446, 2.684719316150054, 1.1102230246251565e-16, 5.906859607436829, -5.515467081415619e-16, -7.307263102800745e-16, 4.152471175066545, -0.5900022853364548, 2.2276483063659307, 1.5688929243200926, 0.7249257557795709, 2.147199969353524, 0.0, 0.0, -0.0, -2.0694694487105205, -1.7113510765144564, 0.5637367284517018, -1.255476281792762, -4.40321258068083, 1.2484895180182436, 0.14986280849355205, -5.841208299651736, -0.8361397949562765, -1.4695402094461605, -6.466559764912093, -3.1483738355470674, -0.6230197902870427, 1.978859319597776, -1.8068365406014035, -2.9128569130785182, 3.688855238442714, -1.249380588274218, -2.7513375630671444, 5.456769258929107, 1.042613427832024, -0.8518087649849458, 7.617224635416253, 0.753474241911674, 5.513892209988416, 4.1094039429055655, -0.1511123195164683, 8.032723864367549, 3.0590008958257124, 1.7240810259879353, 8.261615419929031, 2.958503412464655, -1.5802546948358176, 4.905464077637603, -0.35116510843241794, -1.755983666267189, 7.4770966734492275, -1.324764219366838, 0.042408704502631345, 3.8662647218710093, -2.617116522736751, 2.318964121035428, 5.086062649926997, -0.05699234501928885, 3.9846224080266843, 0.5813295134035472, 0.3222379541571736, 3.9074006694976666, 1.864009988508135, 2.749975688596564, 2.1312548510739147, -3.274564112060268, -1.7969718350048784, -1.0901029257095847, -3.2521016560964, -0.9908542913352808, 2.0977204243770338, -0.09398017482866372, -4.356654091974363, 2.9401467073297227, -2.9514552553646594, -5.448862524141063, 1.764601177462311, 1.786886284904567, -4.759682249070151, -1.427048820838604, 0.8617397111165594, -7.5975384868409, -0.04052641902881282, -0.4110699466570391, -7.601488600932862, -4.490629119724191, -2.0859636442524963, -4.776618898447348, -4.132669569036239, -3.1447599501046217, -7.5307037360118265, -2.6185545007366806, -0.9836880494483364, 1.0687697530034463, -3.613272028921261, 1.0517892790258956, 3.123753209159448, -2.0872699017381926, -3.2364308825031687, 4.829855171158934, -2.932242083461727, -4.582781742956792, 2.5118322663014627, -1.0485925383132966, -4.612943585439915, 6.273041891583302, 1.3438666455235966, -2.3311686652107273, 4.3803538649157545, 2.7383168553208668, -0.879100865570067, 8.840197684098525, 2.4005846105554673, -1.3001290944970298, 8.76999589152954, -0.8854620294441977, 1.0702026187879279, 6.940926018144598, 0.5243152847080585], "name": "C12H27N", "identifiers": {"molecule_hash": "886d377471e1fb243751f8d600be91a689d812a6", "molecular_formula": "C12H27N"}, "molecular_charge": 0.0, "molecular_multiplicity": 1, "connectivity": [[0, 1, 1.0], [0, 13, 1.0], [0, 14, 1.0], [0, 15, 1.0], [1, 2, 1.0], [1, 16, 1.0], [1, 17, 1.0], [2, 3, 1.0], [2, 18, 1.0], [2, 19, 1.0], [3, 4, 1.0], [3, 20, 1.0], [3, 21, 1.0], [4, 5, 1.0], [4, 9, 1.0], [5, 6, 1.0], [5, 22, 1.0], [5, 23, 1.0], [6, 7, 1.0], [6, 24, 1.0], [6, 25, 1.0], [7, 8, 1.0], [7, 26, 1.0], [7, 27, 1.0], [8, 28, 1.0], [8, 29, 1.0], [8, 30, 1.0], [9, 10, 1.0], [9, 31, 1.0], [9, 32, 1.0], [10, 11, 1.0], [10, 33, 1.0], [10, 34, 1.0], [11, 12, 1.0], [11, 35, 1.0], [11, 36, 1.0], [12, 37, 1.0], [12, 38, 1.0], [12, 39, 1.0]], "fix_com": true, "fix_orientation": true, "provenance": {"creator": "QCElemental", "version": "v0.22.0", "routine": "qcelemental.molparse.from_schema"}, "id": "216383"}