{"schema_name": "qcschema_molecule", "schema_version": 2, "validated": true, "symbols": ["C", "C", "C", "C", "N", "C", "C", "C", "C", "C", "C", "C", "C", "H", "H", "H", "H", "H", "H", "H", "H", "H", "H", "H", "H", "H", "H", "H", "H", "H", "H", "H", "H", "H", "H", "H", "H", "H", "H", "H"], "geometry": [4.04210813898275, 2.6292716670674467, 8.881784197001252e-16, 2.8827449467375574, -9.132124668694061e-16, -6.692846639050068e-16, 0.0, -0.0, 0.0, -1.187974958455998, 1.2984247199235393, -2.278795847387354, -0.251823594330996, 0.3747737912051474, -4.692484327294432, -1.0899270741737217, 1.9565797596742565, -6.783144548297403, 0.5455180454492723, 4.308579461563275, -7.121635959335059, 3.2883829147215646, 3.7415422189551446, -7.802461327222849, 3.6385689611373797, 2.6700399838363644, -10.447425728823458, -0.664604429272772, -2.311547685303779, -5.116626025949383, -3.399455854091966, -3.2377421491274037, -5.1260446198780665, -3.5993463127837706, -6.035723172315931, -5.758431103021838, -6.299025273351884, -7.015458969198812, -5.747969864126369, 3.3637465699902602, 3.755444593880676, 1.6078559466186793, 6.108797440813117, 2.5388549088755736, 0.12638158387144394, 3.575696074869254, 3.661638976864884, -1.7372386269048736, 3.54562285800563, -1.049902197846337, 1.664940799856769, 3.558178960867595, -1.0414195281321885, -1.664911682145977, -0.7008476323189992, 0.960275604813825, 1.7052599958251111, -0.6904697951541979, -1.9554848629354462, 0.13532497436324953, -3.2744947220720237, 1.1544669849428109, -2.1425819312806067, -0.7657219586926296, 3.3263888612898365, -2.1927932030606088, -3.090856123969142, 2.5319813032875085, -6.566259009348816, -1.0082591541714165, 0.8170323850680052, -8.5151111943233, -0.31662167014422815, 5.501651832122705, -8.591356384606273, 0.48951195609879494, 5.43443308578623, -5.376449279836441, 4.400073879851645, 5.486342701036341, -7.623867202951702, 4.043845061625628, 2.408867673774496, -6.401085680074805, 5.642447465659915, 2.3524655248121196, -10.870748320619807, 2.890049991871835, 3.962825076311592, -11.889726093355463, 2.6708226112389886, 0.8501446561484842, -10.681756600552077, 0.4050934375865601, -3.3752472590613727, -3.687202327584138, 0.2156009673795436, -2.781957741380145, -6.939122206034454, -4.507315336693047, -2.1347043857771464, -6.4994297565475, -4.269837196189708, -2.895310205438192, -3.2683773994597254, -2.458430356701533, -7.124694532941377, -4.401765935577886, -2.74023490540694, -6.378131817460497, -7.6217295441560236, -7.469000720099123, -6.0031986692175545, -7.130981451666396, -6.382012589832386, -9.033494175510713, -6.211971602527589, -7.181566612840292, -6.761051689731649, -3.8871269608587258], "name": "C12H27N", "identifiers": {"molecule_hash": "9fa633d8c23834d7063b48093ee70c669100fca6", "molecular_formula": "C12H27N"}, "molecular_charge": 0.0, "molecular_multiplicity": 1, "connectivity": [[0, 1, 1.0], [0, 13, 1.0], [0, 14, 1.0], [0, 15, 1.0], [1, 2, 1.0], [1, 16, 1.0], [1, 17, 1.0], [2, 3, 1.0], [2, 18, 1.0], [2, 19, 1.0], [3, 4, 1.0], [3, 20, 1.0], [3, 21, 1.0], [4, 5, 1.0], [4, 9, 1.0], [5, 6, 1.0], [5, 22, 1.0], [5, 23, 1.0], [6, 7, 1.0], [6, 24, 1.0], [6, 25, 1.0], [7, 8, 1.0], [7, 26, 1.0], [7, 27, 1.0], [8, 28, 1.0], [8, 29, 1.0], [8, 30, 1.0], [9, 10, 1.0], [9, 31, 1.0], [9, 32, 1.0], [10, 11, 1.0], [10, 33, 1.0], [10, 34, 1.0], [11, 12, 1.0], [11, 35, 1.0], [11, 36, 1.0], [12, 37, 1.0], [12, 38, 1.0], [12, 39, 1.0]], "fix_com": true, "fix_orientation": true, "provenance": {"creator": "QCElemental", "version": "v0.22.0", "routine": "qcelemental.molparse.from_schema"}, "id": "252599"}