{"schema_name": "qcschema_molecule", "schema_version": 2, "validated": true, "symbols": ["C", "C", "C", "C", "N", "C", "C", "C", "C", "C", "C", "C", "C", "H", "H", "H", "H", "H", "H", "H", "H", "H", "H", "H", "H", "H", "H", "H", "H", "H", "H", "H", "H", "H", "H", "H", "H", "H", "H", "H"], "geometry": [7.824952713400819, 2.775856476726653, -6.661338147750939e-16, 8.657255478582565, -3.3324223926347996e-15, -1.7730654521536097e-15, 7.869123175543327, -1.455657665363859, 2.3841367117036594, 5.004158715449769, -1.722149872229251, 2.735039907709683, 3.713609382052626, -2.881364887636156, 0.5784095114428479, 0.9605925191716981, -2.634921626256848, 0.752886307365624, 0.0, 0.0, -0.0, 0.8022507647175295, 0.8463161843932997, -2.6567923307371006, -0.15375231549689405, -0.876509056660715, -4.781915040213184, 4.54794371501232, -5.45326470980331, -0.014195471264109916, 4.136800843590891, -7.489163161278216, 2.0228398675500348, 4.998359089155228, -10.108265053752241, 1.1346374528020107, 4.62558009452253, -12.167824125011757, 3.1373146072313616, 8.56672362547685, 3.779143947089266, 1.6553361001657367, 8.509217126638688, 3.7572151413813524, -1.6893258363239634, 5.765358419867791, 2.9543503893952936, 0.02435175715932303, 10.721169900556259, -0.08977054429135234, -0.17839434691859316, 7.8723490609878635, -0.9487868168041373, -1.6640312698704358, 8.616398794145269, -0.4921576120307962, 4.063610316215179, 8.753175197213084, -3.3297299005479988, 2.370245825230482, 4.633220111164703, -2.756672008138314, 4.51298018755603, 4.193322272278243, 0.15985453105016734, 3.002709264328724, 0.2547379285482416, -3.091169607358595, 2.6655317751088283, 0.11913970947658648, -4.035851409673847, -0.5154500308070069, -2.072032402335916, -0.022130147740139612, 0.13363609047134856, 0.6405497815155444, 1.4058051410391204, 1.3816665921945397, 0.1048760918644227, 2.7734189585109745, -2.973417362546551, 2.866954775224769, 0.9356075449154199, -2.7353086456186735, 0.3241668670728002, -0.09787330582350329, -6.639467424003916, -2.2132635845432485, -1.1007343484439738, -4.704213472152592, 0.6920076918254185, -2.761163898161603, -4.668964064396948, 6.558941142574337, -5.392018968925791, -0.5053617355605624, 3.5660298495832157, -6.029296741069992, -1.74683414476792, 2.130397688831105, -7.563183116596692, 2.5439028746636208, 5.170484502777742, -6.983960824937288, 3.7476672847919685, 7.0009686958810216, -10.023330378699868, 0.5958433908028677, 3.961540888012587, -10.623708533912183, -0.5877951027535087, 2.630573405088122, -12.338230141101327, 3.668364671157034, 5.255655313402, -14.016472740401104, 2.4506188640197113, 5.694480368209391, -11.735967181638722, 4.858394404734254], "name": "C12H27N", "identifiers": {"molecule_hash": "b0293819a620916fc7570b9bf027271581590f19", "molecular_formula": "C12H27N"}, "molecular_charge": 0.0, "molecular_multiplicity": 1, "connectivity": [[0, 1, 1.0], [0, 13, 1.0], [0, 14, 1.0], [0, 15, 1.0], [1, 2, 1.0], [1, 16, 1.0], [1, 17, 1.0], [2, 3, 1.0], [2, 18, 1.0], [2, 19, 1.0], [3, 4, 1.0], [3, 20, 1.0], [3, 21, 1.0], [4, 5, 1.0], [4, 9, 1.0], [5, 6, 1.0], [5, 22, 1.0], [5, 23, 1.0], [6, 7, 1.0], [6, 24, 1.0], [6, 25, 1.0], [7, 8, 1.0], [7, 26, 1.0], [7, 27, 1.0], [8, 28, 1.0], [8, 29, 1.0], [8, 30, 1.0], [9, 10, 1.0], [9, 31, 1.0], [9, 32, 1.0], [10, 11, 1.0], [10, 33, 1.0], [10, 34, 1.0], [11, 12, 1.0], [11, 35, 1.0], [11, 36, 1.0], [12, 37, 1.0], [12, 38, 1.0], [12, 39, 1.0]], "fix_com": true, "fix_orientation": true, "provenance": {"creator": "QCElemental", "version": "v0.22.0", "routine": "qcelemental.molparse.from_schema"}, "id": "223485"}