{"schema_name": "qcschema_molecule", "schema_version": 2, "validated": true, "symbols": ["C", "C", "C", "C", "N", "C", "C", "C", "C", "C", "C", "C", "C", "H", "H", "H", "H", "H", "H", "H", "H", "H", "H", "H", "H", "H", "H", "H", "H", "H", "H", "H", "H", "H", "H", "H", "H", "H", "H", "H"], "geometry": [5.3344827363614025, 2.852042096900028, -2.220446049250313e-16, 4.854561866469439, 1.197121718542533e-15, 6.134245747333683e-16, 2.429448197108408, -0.8195827513440742, -1.3622599293093365, 0.0, 0.0, 0.0, -2.384838378728515, -0.708616408140467, -1.17172048948078, -2.910241011907753, -3.4043426865806126, -1.2645744503695837, -3.2698509184856714, -4.644917409245412, 1.3225665166779366, -5.396948823293305, -3.485495050093961, 2.8980711294555865, -5.776909907049378, -4.836454837550267, 5.422770546653756, -2.8916955765455445, 0.573758549821455, -3.5533527258259943, -5.683297263330945, 1.2659423828690437, -3.8587016545648356, -6.33246332550587, 2.4694066853565, -6.413092936397968, -5.112552517365728, 5.050606098277601, -6.874892710986346, 3.898060835011383, 3.879371475395461, 1.0412457358782712, 5.368596969579198, 3.592059391542189, -1.915351456231327, 7.143751601030668, 3.2839936560377634, 0.8655283525691492, 4.812537760613434, -0.6854451992628465, 1.938836565770285, 6.450717452043224, -0.9313907423645271, -0.8966237139962988, 2.452028161150346, -2.864126851854916, -1.5422393094410358, 2.4440871512258817, -0.07101637630685897, -3.2773836174035345, 0.03107186767920735, -0.7480999676301812, 1.9085209275891941, -0.021908217717057074, 2.038908086454881, 0.20043032642852254, -1.4598011057174398, -4.438517563440798, -2.309413631943103, -4.646071641717162, -3.6552147412148703, -2.322136153255646, -1.5170497048836562, -4.602447561185706, 2.3933244234819204, -3.6717744082792665, -6.635918957333222, 0.9946968264353746, -5.001813418650814, -1.5012911147524393, 3.223896224941122, -7.146612609499101, -3.5517555178148217, 1.8193661480292749, -7.297694521882628, -3.9803355752444056, 6.5018714626873075, -4.076736559479718, -4.754828557871647, 6.571892456382233, -6.245223850399083, -6.816912520445409, 5.147768730023712, -2.2751979813759626, -0.550974142803851, -5.173834713364873, -1.7793722497935778, 2.291879454219887, -3.5954502751900974, -6.203937175467255, 2.5371476348104904, -2.331494097203315, -6.835500375987403, -0.4154606915302228, -3.622094562732235, -5.8028945085661965, 1.184685160954992, -7.929572119517531, -8.37269921644193, 2.6774560151048625, -6.531105254258523, -3.068481284223202, 4.92849403532175, -6.987554730952599, -5.774181259221897, 5.8642332604476355, -8.638319033209946, -5.578350657762683, 6.365536875541484, -5.367895027327009], "name": "C12H27N", "identifiers": {"molecule_hash": "761f22c7a021488ad57315edca4ca3b88fb2d39f", "molecular_formula": "C12H27N"}, "molecular_charge": 0.0, "molecular_multiplicity": 1, "connectivity": [[0, 1, 1.0], [0, 13, 1.0], [0, 14, 1.0], [0, 15, 1.0], [1, 2, 1.0], [1, 16, 1.0], [1, 17, 1.0], [2, 3, 1.0], [2, 18, 1.0], [2, 19, 1.0], [3, 4, 1.0], [3, 20, 1.0], [3, 21, 1.0], [4, 5, 1.0], [4, 9, 1.0], [5, 6, 1.0], [5, 22, 1.0], [5, 23, 1.0], [6, 7, 1.0], [6, 24, 1.0], [6, 25, 1.0], [7, 8, 1.0], [7, 26, 1.0], [7, 27, 1.0], [8, 28, 1.0], [8, 29, 1.0], [8, 30, 1.0], [9, 10, 1.0], [9, 31, 1.0], [9, 32, 1.0], [10, 11, 1.0], [10, 33, 1.0], [10, 34, 1.0], [11, 12, 1.0], [11, 35, 1.0], [11, 36, 1.0], [12, 37, 1.0], [12, 38, 1.0], [12, 39, 1.0]], "fix_com": true, "fix_orientation": true, "provenance": {"creator": "QCElemental", "version": "v0.22.0", "routine": "qcelemental.molparse.from_schema"}, "id": "216593"}