{"schema_name": "qcschema_molecule", "schema_version": 2, "validated": true, "symbols": ["C", "C", "C", "C", "N", "C", "C", "C", "C", "C", "C", "C", "C", "H", "H", "H", "H", "H", "H", "H", "H", "H", "H", "H", "H", "H", "H", "H", "H", "H", "H", "H", "H", "H", "H", "H", "H", "H", "H", "H"], "geometry": [0.0, 0.0, -0.0, 2.872797118812779, -8.65374357762066e-17, -6.955015351066615e-17, 4.036292002309647, 1.7249350640670373, 1.9941062812723662, 3.1830011982906505, 4.4786723406590205, 1.8222010756097888, 3.281253258213898, 5.498423288307261, -0.7266482327716788, 1.7062008480493343, 7.732555925251952, -1.048187504253895, 2.5782761166599135, 10.144740617770294, 0.2835750296342612, 0.7315934057489233, 12.341090822075687, 8.881784197001252e-16, 0.47868995898605804, 13.332733901226124, -2.688595129632816, 5.858049496669758, 5.767280483567376, -1.6389762634961307, 6.035620404036768, 6.614073603410981, -4.380671015063364, 8.700231418083476, 6.412135195890675, -5.466972988774383, 9.618753124828373, 3.717065802753544, -5.8712105601373565, -0.7524807114030689, -1.3746811501462188, -1.356458290936387, -0.7371545436105029, 1.8639898369590167, -0.53085938845127, -0.7620187275712436, -0.48312364271602004, 1.870979801080186, 3.5445530655838358, 0.5914388801829423, -1.8737558559714784, 3.5763307936973803, -1.9310871964832712, 0.30132061830811163, 6.106507911333413, 1.6049259132316136, 1.8805274203313616, 3.545064202160652, 1.0416675885519107, 3.8953780103597357, 1.2073009613083867, 4.60920033147075, 2.4456258576689622, 4.3032083736228435, 5.610670311512019, 3.185056927636386, 1.5018909334325172, 8.087271354317455, -3.0806788043455806, -0.1941947338068145, 7.236206143250678, -0.3654861988751459, 2.8529180640633287, 9.745514452924056, 2.303135224044324, 4.437366521243901, 10.721103551760795, -0.45331619488572006, -1.1378007217367079, 11.756457000561834, 0.7026337399132672, 1.3420686627093827, 13.892894751968399, 1.2370445696993082, -0.7776529711396736, 14.979291767467172, -2.7665714749826176, 2.3230041393654433, 13.916393563536474, -3.4433734777863503, -0.29785618084131005, 11.90641441815265, -3.9773229394216756, 6.986540777379296, 7.074219726847753, -0.44303382706161365, 6.760371863149107, 3.9101500541137844, -1.4540351834210516, 4.720637153851457, 5.469590387782694, -5.5152798665331195, 5.399339035813948, 8.583676191281697, -4.546162058355466, 8.750830922434607, 7.4172709874648195, -7.2825336462373444, 10.025610988266985, 7.423990295561208, -4.222890349799237, 8.336855156117645, 2.6761297932326755, -7.12881135189693, 11.502966402164388, 3.689943468714478, -6.734082545618258, 9.743363578062269, 2.655346363440094, -4.094719224978945], "name": "C12H27N", "identifiers": {"molecule_hash": "4d054d8b65b9cc0c3fcaed74bd938f1567b625d7", "molecular_formula": "C12H27N"}, "molecular_charge": 0.0, "molecular_multiplicity": 1, "connectivity": [[0, 1, 1.0], [0, 13, 1.0], [0, 14, 1.0], [0, 15, 1.0], [1, 2, 1.0], [1, 16, 1.0], [1, 17, 1.0], [2, 3, 1.0], [2, 18, 1.0], [2, 19, 1.0], [3, 4, 1.0], [3, 20, 1.0], [3, 21, 1.0], [4, 5, 1.0], [4, 9, 1.0], [5, 6, 1.0], [5, 22, 1.0], [5, 23, 1.0], [6, 7, 1.0], [6, 24, 1.0], [6, 25, 1.0], [7, 8, 1.0], [7, 26, 1.0], [7, 27, 1.0], [8, 28, 1.0], [8, 29, 1.0], [8, 30, 1.0], [9, 10, 1.0], [9, 31, 1.0], [9, 32, 1.0], [10, 11, 1.0], [10, 33, 1.0], [10, 34, 1.0], [11, 12, 1.0], [11, 35, 1.0], [11, 36, 1.0], [12, 37, 1.0], [12, 38, 1.0], [12, 39, 1.0]], "fix_com": true, "fix_orientation": true, "provenance": {"creator": "QCElemental", "version": "v0.22.0", "routine": "qcelemental.molparse.from_schema"}, "id": "224464"}