{"schema_name": "qcschema_molecule", "schema_version": 2, "validated": true, "symbols": ["C", "C", "C", "C", "N", "C", "C", "C", "C", "C", "C", "C", "C", "H", "H", "H", "H", "H", "H", "H", "H", "H", "H", "H", "H", "H", "H", "H", "H", "H", "H", "H", "H", "H", "H", "H", "H", "H", "H", "H"], "geometry": [5.970615975057823, 2.8781212579789903, 7.771561172376096e-16, 5.641830552159864, -6.614979519764342e-16, 7.845201538394272e-17, 4.0733506776609705, -0.9993192553057584, -2.226424978356479, 1.3879460601641682, 0.0992646149338095, -2.3922452643449423, 0.0, -0.0, 0.0, -2.10146943714713, 1.80325721633192, 0.10468986993584148, -4.368841884240847, 1.2902222970715338, -1.647932186629572, -6.431959495481557, 3.326422507937954, -1.473329113315404, -7.803478405626992, 3.406593082204077, 1.0817786122430664, -0.6600086438834923, -2.587987677148747, 0.722989216990753, -1.8103411591253256, -2.8031673266339734, 3.3701987838123735, -2.121827201507574, -5.5500991193957585, 4.26252672211475, 0.37510927781301406, -6.942109744451016, 4.751669383275269, 7.2341477451898, 3.4823442885012437, 1.5244787222741156, 4.158452606182468, 3.8347199916617076, 0.27868395116740674, 6.7793698054716955, 3.5452264702994385, -1.788680867928317, 4.740223359088777, -0.5733850438102114, 1.7728298237212883, 7.505487728851762, -0.9087728939641894, -0.04674593465118421, 3.9953858848137047, -3.0676965363638007, -2.131778468480498, 5.032062906855774, -0.5556274099498084, -4.013312990694528, 1.5175809021991356, 2.090240586933561, -2.9430665380513856, 0.3732956184135925, -0.8708626421998158, -3.9415499320640395, -2.7467181823348485, 1.915437841457605, 2.064132397823134, -1.3244486874510324, 3.673796694403601, -0.3414539257986111, -3.701898431905959, 1.1699353376203268, -3.606148634639104, -5.203010985525854, -0.5553065553603436, -1.19971852455216, -5.597162910049708, 5.185556779327002, -1.868541728191322, -7.8263780335716335, 2.9939499510547924, -2.970805462166184, -9.342940430110385, 4.790116308126404, 1.0571497108617731, -8.625415140154866, 1.559340436083922, 1.5367035651047398, -6.532571649673299, 3.924230592537421, 2.6295608223386777, -1.9509105671149807, -3.4860372239977258, -0.6586885030897315, 1.083346260288571, -3.6934029267792217, 0.6733734585523824, -0.6094371633780995, -1.7619582218350476, 4.703084438589819, -3.669203127746039, -1.8908106791501387, 3.406132913513922, -3.2376943882806475, -5.549051946057552, 6.00918598681023, -3.241688166218978, -6.603678103772324, 2.868249673951939, 1.5388677359930367, -5.912002865790019, 6.121825082353124, 0.031815871885489955, -8.835912649000688, 5.513550503918665, 1.493491528771535, -7.165897017607292, 3.0258159248936978], "name": "C12H27N", "identifiers": {"molecule_hash": "4409eefa8382656e998a9edda6181e7f82144a94", "molecular_formula": "C12H27N"}, "molecular_charge": 0.0, "molecular_multiplicity": 1, "connectivity": [[0, 1, 1.0], [0, 13, 1.0], [0, 14, 1.0], [0, 15, 1.0], [1, 2, 1.0], [1, 16, 1.0], [1, 17, 1.0], [2, 3, 1.0], [2, 18, 1.0], [2, 19, 1.0], [3, 4, 1.0], [3, 20, 1.0], [3, 21, 1.0], [4, 5, 1.0], [4, 9, 1.0], [5, 6, 1.0], [5, 22, 1.0], [5, 23, 1.0], [6, 7, 1.0], [6, 24, 1.0], [6, 25, 1.0], [7, 8, 1.0], [7, 26, 1.0], [7, 27, 1.0], [8, 28, 1.0], [8, 29, 1.0], [8, 30, 1.0], [9, 10, 1.0], [9, 31, 1.0], [9, 32, 1.0], [10, 11, 1.0], [10, 33, 1.0], [10, 34, 1.0], [11, 12, 1.0], [11, 35, 1.0], [11, 36, 1.0], [12, 37, 1.0], [12, 38, 1.0], [12, 39, 1.0]], "fix_com": true, "fix_orientation": true, "provenance": {"creator": "QCElemental", "version": "v0.22.0", "routine": "qcelemental.molparse.from_schema"}, "id": "220098"}