{"schema_name": "qcschema_molecule", "schema_version": 2, "validated": true, "symbols": ["C", "C", "C", "C", "N", "C", "C", "C", "C", "C", "C", "C", "C", "H", "H", "H", "H", "H", "H", "H", "H", "H", "H", "H", "H", "H", "H", "H", "H", "H", "H", "H", "H", "H", "H", "H", "H", "H", "H", "H"], "geometry": [7.922393389875712, 2.7892799844417975, 1.3322676295501878e-15, 8.678590328262969, -7.5504560422755215e-16, 4.677253903281952e-16, 7.897786917434317, -1.4426910994765731, 2.386490583280114, 5.04688631242377, -1.7045558507891494, 2.811394333875715, 3.675890311980852, -2.8806266619454863, 0.7380350390971832, 0.9494580618435466, -2.5607196355173687, 0.9626412974395727, 0.0, 0.0, -0.0, 0.4636508712757955, 0.49850524361566473, -2.8147708205498954, -1.057020969746821, -1.1976932334118078, -4.5953713520086525, 4.442689342408567, -5.44981585575387, 0.12418717835108195, 4.019143294757285, -7.483358605913972, 2.1497179377595472, 4.774073774667867, -10.115777353694462, 1.2194163449904587, 4.389132817790019, -12.172128630337843, 3.2103632443797747, 8.676689712940801, 3.763133932083615, 1.6440661407100683, 8.644554510277409, 3.738356674988462, -1.669673858955541, 5.88685013440089, 3.026592053039862, 0.00674621674396092, 10.721473246559047, -0.12849487444380386, -0.18630320359235159, 7.881240778694348, -0.9199350351677469, -1.6494951606753174, 8.67127489262452, -0.48860163508627075, 4.03699270959036, 8.773170666860326, -3.299447767340491, 2.362408939893209, 4.743576281727169, -2.707295097631297, 4.592185719303199, 4.258297775451047, 0.16294496942617354, 3.087641818329553, 0.32033447199106657, -2.8077505330018595, 2.913665181133445, 0.03854391236093657, -4.045579008369974, -0.11348242932722363, -2.018026012854736, 0.11109157212138478, 0.38999078530074377, 0.8654482446630868, 1.5079929626661739, 1.0913353575648048, -0.01640366132986193, 2.457334085790021, -3.210442189391026, 2.463609972372554, 0.29317259316133093, -3.212762430751554, -0.7453360743769692, -0.6620727138257183, -6.55142843030756, -3.0718597610316403, -1.0500899526143235, -4.223474926243652, -0.5310175145819637, -3.171575608753417, -4.414257791675376, 6.42585200795374, -5.429983497701102, -0.3906562084601113, 3.4327654053639725, -5.991542421489161, -1.577994419093478, 2.042802699569305, -7.505842264315851, 2.7153086954421934, 5.10025627685954, -7.034985840377152, 3.8381537383484337, 6.746439380412469, -10.09479974403449, 0.6378167609934442, 3.685323712408367, -10.584836183307841, -0.4606655983140824, 2.4220195269613223, -12.285898919125025, 3.7863190948860455, 4.937755332274443, -14.014239894490547, 2.4928633014082324, 5.508810570970283, -11.796229852527166, 4.889383243173568], "name": "C12H27N", "identifiers": {"molecule_hash": "654cfd4cbb17eb75b9ad2a7e9d0beecf6588267c", "molecular_formula": "C12H27N"}, "molecular_charge": 0.0, "molecular_multiplicity": 1, "connectivity": [[0, 1, 1.0], [0, 13, 1.0], [0, 14, 1.0], [0, 15, 1.0], [1, 2, 1.0], [1, 16, 1.0], [1, 17, 1.0], [2, 3, 1.0], [2, 18, 1.0], [2, 19, 1.0], [3, 4, 1.0], [3, 20, 1.0], [3, 21, 1.0], [4, 5, 1.0], [4, 9, 1.0], [5, 6, 1.0], [5, 22, 1.0], [5, 23, 1.0], [6, 7, 1.0], [6, 24, 1.0], [6, 25, 1.0], [7, 8, 1.0], [7, 26, 1.0], [7, 27, 1.0], [8, 28, 1.0], [8, 29, 1.0], [8, 30, 1.0], [9, 10, 1.0], [9, 31, 1.0], [9, 32, 1.0], [10, 11, 1.0], [10, 33, 1.0], [10, 34, 1.0], [11, 12, 1.0], [11, 35, 1.0], [11, 36, 1.0], [12, 37, 1.0], [12, 38, 1.0], [12, 39, 1.0]], "fix_com": true, "fix_orientation": true, "provenance": {"creator": "QCElemental", "version": "v0.22.0", "routine": "qcelemental.molparse.from_schema"}, "id": "217412"}