{"schema_name": "qcschema_molecule", "schema_version": 2, "validated": true, "symbols": ["C", "C", "C", "C", "N", "C", "C", "C", "C", "C", "C", "C", "C", "H", "H", "H", "H", "H", "H", "H", "H", "H", "H", "H", "H", "H", "H", "H", "H", "H", "H", "H", "H", "H", "H", "H", "H", "H", "H", "H"], "geometry": [4.09953449505487, 2.630317086021512, 5.551115123125783e-16, 2.896909079706119, -6.63868586157403e-15, -1.5961455563802046e-15, 0.0, 0.0, -0.0, -1.190952996792096, 1.088786191005077, 2.4022157095376935, -3.933956413364414, 0.8761240792899017, 2.377755830855384, -4.953659512116377, -1.5150818247528366, 3.269817866959665, -5.648735347267479, -1.7610486933123992, 6.082717886609104, -3.4828756703437946, -1.4606685676260194, 7.97512594217335, -4.328984139594264, -1.925454332116034, 10.698485300333575, -5.341988403336313, 3.1318847200102082, 3.0410320386242313, -8.027241298322366, 3.186320972670165, 1.9578279716116243, -8.202140218028264, 2.9358866414819755, -0.9218093278989568, -6.967154827438291, 5.10189816154722, -2.383173082340842, 3.6817427557103803, 3.6688410162971525, 1.7184200808765313, 3.4254056729659874, 3.7479582503193467, -1.5854507018399588, 6.141231187116038, 2.4991776898720137, -0.15395988215105094, 3.58200739960066, -1.0617122317783263, 1.623293124621151, 3.547250065509364, -1.019346097574091, -1.6606934303986858, -0.7017976189706387, 1.058519947118675, -1.6151155608078382, -0.6569691084294877, -1.9293086429238167, -0.252267260357655, -0.3590632207269677, 0.16811700437586696, 4.043685865548657, -0.7009271121498213, 3.0697413479372138, 2.559219729273671, -3.594853648670259, -2.9762483152964823, 2.8002030826062234, -6.639179593345217, -1.958448830425131, 2.184307466294964, -7.139315416412715, -0.4287578433099657, 6.555460082884101, -6.478791465419085, -3.629436126668465, 6.321653660641975, -2.6847158905565216, 0.42446975881059434, 7.834223334827374, -1.9696339844133712, -2.7703537079629674, 7.503283806392569, -5.070136300210667, -3.8257701037948886, 10.931336625825448, -2.769037547495776, -1.6975080454614386, 12.011558279036308, -5.805871359194093, -0.6099166150408404, 11.249487925481073, -5.459421210295207, 3.427696975295514, 5.082017648173762, -4.312982481051506, 4.738537549222118, 2.3004663757319115, -8.89003855987926, 4.9609070719556225, 2.541544776365532, -9.157926367931253, 1.7061868457493277, 2.8218245477275223, -7.358893576390012, 1.1608206666759704, -1.5047461268469657, -10.189778437287941, 2.8403072253796013, -1.4366491080041581, -7.294828409607243, 4.898639690900908, -4.398499335352436, -4.938057100689369, 5.1525915897883365, -2.095689921838936, -7.731540218552858, 6.9203719521515135, -1.8090365829958324], "name": "C12H27N", "identifiers": {"molecule_hash": "be967b70a0df2214ca8f95bee292fca442543985", "molecular_formula": "C12H27N"}, "molecular_charge": 0.0, "molecular_multiplicity": 1, "connectivity": [[0, 1, 1.0], [0, 13, 1.0], [0, 14, 1.0], [0, 15, 1.0], [1, 2, 1.0], [1, 16, 1.0], [1, 17, 1.0], [2, 3, 1.0], [2, 18, 1.0], [2, 19, 1.0], [3, 4, 1.0], [3, 20, 1.0], [3, 21, 1.0], [4, 5, 1.0], [4, 9, 1.0], [5, 6, 1.0], [5, 22, 1.0], [5, 23, 1.0], [6, 7, 1.0], [6, 24, 1.0], [6, 25, 1.0], [7, 8, 1.0], [7, 26, 1.0], [7, 27, 1.0], [8, 28, 1.0], [8, 29, 1.0], [8, 30, 1.0], [9, 10, 1.0], [9, 31, 1.0], [9, 32, 1.0], [10, 11, 1.0], [10, 33, 1.0], [10, 34, 1.0], [11, 12, 1.0], [11, 35, 1.0], [11, 36, 1.0], [12, 37, 1.0], [12, 38, 1.0], [12, 39, 1.0]], "fix_com": true, "fix_orientation": true, "provenance": {"creator": "QCElemental", "version": "v0.22.0", "routine": "qcelemental.molparse.from_schema"}, "id": "214660"}