{"schema_name": "qcschema_molecule", "schema_version": 2, "validated": true, "symbols": ["C", "C", "C", "C", "N", "C", "C", "C", "C", "C", "C", "C", "C", "H", "H", "H", "H", "H", "H", "H", "H", "H", "H", "H", "H", "H", "H", "H", "H", "H", "H", "H", "H", "H", "H", "H", "H", "H", "H", "H"], "geometry": [11.567160761652774, 1.514151511583608, 1.1102230246251565e-16, 9.107585187717813, 1.0327170049766565e-15, -1.5120034506644965e-15, 6.9212191270001355, 1.4352454683922402, -1.244355846343763, 4.3731301518873344, 0.028079684317680154, -1.321504113114716, 2.54904394302198, 0.8568970443459187, 0.5677423817673947, 0.0, 0.0, 0.0, -2.0873143733883706, 1.5215081903020147, 1.3026786154627035, -2.049612503093194, 4.3395994081122335, 0.6624355932102142, -4.218398250205931, 5.792111401248389, 1.89941378388419, 3.337846645319756, 0.5322013279736673, 3.1850073018103817, 3.5858705564180684, -2.194837306020389, 4.221540217536496, 1.3623695621696608, -3.0950744449636898, 5.844637829185857, 1.757289343876284, -5.757019028530183, 6.893394308870686, 11.359078857774342, 3.265095777966237, 1.051651217994212, 13.097341037136463, 0.4488539435641554, 0.8561315401710077, 12.137681793452355, 2.001699263856454, -1.9111001949697575, 9.400931269646376, -1.7697387377218479, -1.0042409838413529, 8.631084458292722, -0.5142260782959002, 1.9284286524126963, 6.645227691390252, 3.2534305284220224, -0.3335252260102721, 7.477861457423572, 1.8534748725185621, -3.1779667543193066, 4.710628002225387, -2.0103777598554435, -1.2517971258668261, 3.5090529726172823, 0.3871958289532367, -3.1418631403255572, -0.2605277753342192, -2.007274431125438, 0.41251048026246406, -0.26968007063374555, 0.19608077584297334, -2.0228928199988974, -3.8861872364485577, 0.713505008977384, 0.7153728459163492, -2.0085548124478905, 1.279654858119045, 3.339539560839553, -0.25561823653523885, 5.145657152563002, 1.2380326177508953, -2.152587250505899, 4.568410459828508, -1.3787269702731126, -6.042919798424891, 5.065200750870009, 1.2994825126814673, -4.15076084083178, 7.784405580859341, 1.4131459545521392, -4.136184619794233, 5.648622245252065, 3.946441598129482, 5.133832446957295, 1.4867796406614562, 3.3868818003542893, 2.0380172032097366, 1.582271016153579, 4.370487860253903, 3.873587048453295, -3.5138993400707568, 2.674665868413275, 5.287657374777324, -2.3054454944353107, 5.370180313973495, -0.376624635936448, -3.0506747048106915, 4.756395288018547, 1.096313094955614, -1.7842871562165583, 7.4067003353437695, 3.447415437346218, -5.852971041193998, 8.0551260573192, 0.16866558633169504, -6.344301266912177, 8.05140545619848, 1.9657181124947072, -7.1266607373056345, 5.378133039311492], "name": "C12H27N", "identifiers": {"molecule_hash": "c63a65806d202afeae4a2f7954882bf843d7bee4", "molecular_formula": "C12H27N"}, "molecular_charge": 0.0, "molecular_multiplicity": 1, "connectivity": [[0, 1, 1.0], [0, 13, 1.0], [0, 14, 1.0], [0, 15, 1.0], [1, 2, 1.0], [1, 16, 1.0], [1, 17, 1.0], [2, 3, 1.0], [2, 18, 1.0], [2, 19, 1.0], [3, 4, 1.0], [3, 20, 1.0], [3, 21, 1.0], [4, 5, 1.0], [4, 9, 1.0], [5, 6, 1.0], [5, 22, 1.0], [5, 23, 1.0], [6, 7, 1.0], [6, 24, 1.0], [6, 25, 1.0], [7, 8, 1.0], [7, 26, 1.0], [7, 27, 1.0], [8, 28, 1.0], [8, 29, 1.0], [8, 30, 1.0], [9, 10, 1.0], [9, 31, 1.0], [9, 32, 1.0], [10, 11, 1.0], [10, 33, 1.0], [10, 34, 1.0], [11, 12, 1.0], [11, 35, 1.0], [11, 36, 1.0], [12, 37, 1.0], [12, 38, 1.0], [12, 39, 1.0]], "fix_com": true, "fix_orientation": true, "provenance": {"creator": "QCElemental", "version": "v0.22.0", "routine": "qcelemental.molparse.from_schema"}, "id": "215800"}