{"schema_name": "qcschema_molecule", "schema_version": 2, "validated": true, "symbols": ["C", "C", "C", "C", "N", "C", "C", "C", "C", "C", "C", "C", "C", "H", "H", "H", "H", "H", "H", "H", "H", "H", "H", "H", "H", "H", "H", "H", "H", "H", "H", "H", "H", "H", "H", "H", "H", "H", "H", "H"], "geometry": [12.20942257463248, 2.535706490809022, -2.220446049250313e-16, 10.80062728614378, 5.234747215207163e-17, -1.98533731850896e-15, 8.716213606501164, -0.205892999458838, -2.0120281922672287, 6.464227837752793, 1.570969837957141, -1.5163207224966242, 4.397675529756751, 1.5273816892002574, -3.3610567155604736, 3.1206605553720683, -0.9183471564894035, -3.6000541176043215, 1.9045533068300973, -1.8569996872902395, -1.1457791877721668, 0.0, 0.0, 0.0, -1.2099037545220046, -0.9991088127809368, 2.4336465666265656, 5.10845266047649, 2.578532509183734, -5.822882772266375, 2.891651084255598, 3.8703330535510627, -7.173185017912899, 3.5509382287626785, 4.833815467574333, -9.83115776885806, 5.589712731476697, 6.8964528011046085, -9.879501924998396, 10.963949445819082, 4.116912141747239, 0.4770229078825432, 13.030592526286627, 2.9243237711719168, -1.8625089902751433, 13.753518562403167, 2.528314528912541, 1.378576140383199, 9.975330592627568, -0.33213392742320325, 1.8758347054969509, 12.171033088250692, -1.526107006821114, -0.3002816448387268, 8.041908965439124, -2.163807521352563, -2.072536987549367, 9.523364197289078, 0.193577943797832, -3.8812758621495727, 5.681636844912257, 1.145786080996813, 0.3545594796288214, 7.129678485334052, 3.527591974368579, -1.4136811069541215, 4.4004326000336995, -2.396058526665307, -4.3412420998773635, 1.6253870852448258, -0.6994169010146662, -5.013546011692803, 3.3647624925916295, -2.310646007544645, 0.2554333781110858, 0.9551214866203508, -3.6540455929902347, -1.5652181847422382, 0.9427354972687054, 1.8058042406708648, 0.3625784531002471, -1.4758281855020405, 0.4023390483222604, -1.402281849946473, -2.566649819360223, 0.35491990349638214, 3.2159524376880757, 0.22398807586525682, -1.36015327800427, 3.8857310546943795, -2.217847868164691, -2.778708365665236, 2.0994575036116645, 5.932728389390844, 1.127154904093317, -7.083764331159443, 6.599898276179538, 3.975185841355995, -5.503156227650157, 2.2317782651848157, 5.438817609193078, -5.989125391482979, 1.3048561753590013, 2.547941639684074, -7.321943974672167, 4.158765027191071, 3.2370336372808524, -11.009909954148615, 1.8260072994327232, 5.573089294319654, -10.71154974226414, 7.419597235480756, 6.190287545473028, -9.220646244325003, 5.8640160058145145, 7.627934560059836, -11.796471344888992, 5.059372243856291, 8.490682561655124, -8.666383875280813], "name": "C12H27N", "identifiers": {"molecule_hash": "cd13730dd21ab73316966d0ddf97520846611e95", "molecular_formula": "C12H27N"}, "molecular_charge": 0.0, "molecular_multiplicity": 1, "connectivity": [[0, 1, 1.0], [0, 13, 1.0], [0, 14, 1.0], [0, 15, 1.0], [1, 2, 1.0], [1, 16, 1.0], [1, 17, 1.0], [2, 3, 1.0], [2, 18, 1.0], [2, 19, 1.0], [3, 4, 1.0], [3, 20, 1.0], [3, 21, 1.0], [4, 5, 1.0], [4, 9, 1.0], [5, 6, 1.0], [5, 22, 1.0], [5, 23, 1.0], [6, 7, 1.0], [6, 24, 1.0], [6, 25, 1.0], [7, 8, 1.0], [7, 26, 1.0], [7, 27, 1.0], [8, 28, 1.0], [8, 29, 1.0], [8, 30, 1.0], [9, 10, 1.0], [9, 31, 1.0], [9, 32, 1.0], [10, 11, 1.0], [10, 33, 1.0], [10, 34, 1.0], [11, 12, 1.0], [11, 35, 1.0], [11, 36, 1.0], [12, 37, 1.0], [12, 38, 1.0], [12, 39, 1.0]], "fix_com": true, "fix_orientation": true, "provenance": {"creator": "QCElemental", "version": "v0.22.0", "routine": "qcelemental.molparse.from_schema"}, "id": "222391"}