{"schema_name": "qcschema_molecule", "schema_version": 2, "validated": true, "symbols": ["C", "C", "C", "C", "N", "C", "C", "C", "C", "C", "C", "C", "C", "H", "H", "H", "H", "H", "H", "H", "H", "H", "H", "H", "H", "H", "H", "H", "H", "H", "H", "H", "H", "H", "H", "H", "H", "H", "H", "H"], "geometry": [0.0, 0.0, 0.0, 2.876604854783498, 4.5703739176738e-16, 8.81585477451129e-16, 4.058510881572022, 1.4679429227202234, 2.1796494768689976, 3.5246013367759232, 4.299274431793302, 2.1150163187065405, 4.7825112817336315, 5.63693107109581, 4.156996987009199, 7.428270326793703, 6.248054156574498, 3.7290756783531624, 8.036509695562792, 8.831759791995735, 2.577636152391675, 6.877096636539638, 9.366663442773755, -1.3072876114961218e-14, 7.70487028246918, 11.897225913422995, -1.0792152307239395, 3.318613307117938, 7.5713791108887705, 5.424484409548325, 4.303372795460428, 8.142986005212112, 8.075221123639384, 4.60350228128799, 5.819454234356265, 9.754970968655336, 2.169430380501334, 4.346125590457252, 10.154967550497231, -0.778212002235826, 1.9042960472223682, -0.2620586128350908, -0.7450374069561313, -0.7357767604694312, 1.7927692780665927, -0.7529348560075795, -1.1850462305348761, -1.5245834316986642, 3.5690863633471586, 0.7724525416155559, -1.8038026247839207, 3.5537523124451953, -1.9612970130145428, 0.0736266215817804, 3.3904269507557063, 0.7139515966588899, 3.9984099400696507, 6.1154489351641566, 1.1758054116924952, 2.1584960331778023, 4.028573165081135, 5.039807023071842, 0.22725917891377723, 1.4863870372497243, 4.618544204315876, 2.323704756874012, 8.216494811590367, 4.757452952421075, 2.5190023012813296, 8.453895677814423, 6.10218600780459, 5.535163602922607, 7.467075569844107, 10.335921010876639, 3.8979328095458863, 10.107684663182365, 8.974808977563246, 2.4394869237446444, 4.805134873239799, 9.323649936699933, 0.15045498257179976, 7.387489438690153, 7.840801967705136, -1.3188286502968405, 9.76510589433336, 11.972877061272673, -1.3170417820085798, 6.8435945149536845, 12.261693740485132, -2.9283778028647416, 7.171040705658709, 13.457222886022363, 0.18130524592626782, 3.2016892151763576, 9.36674085180102, 4.348751773629794, 1.3725809608837092, 6.868342432075133, 5.565989039544681, 2.9922573891737603, 9.492109404505467, 8.960703967653261, 6.127652233607281, 9.130802346665499, 7.9484148655555, 6.023454177245105, 4.5600261158072355, 8.913962632239429, 5.359563320013806, 6.425250397823166, 11.592264549693732, 2.4449487601916413, 2.7916833031220247, 11.498027514436405, 1.4944113533151437, 3.51356200051035, 8.37949483565873, 0.6589985016654298, 5.560245895046762, 10.902565575566411], "name": "C12H27N", "identifiers": {"molecule_hash": "9c7e61a8fef056f342a29a6e607fe3b18e4e413d", "molecular_formula": "C12H27N"}, "molecular_charge": 0.0, "molecular_multiplicity": 1, "connectivity": [[0, 1, 1.0], [0, 13, 1.0], [0, 14, 1.0], [0, 15, 1.0], [1, 2, 1.0], [1, 16, 1.0], [1, 17, 1.0], [2, 3, 1.0], [2, 18, 1.0], [2, 19, 1.0], [3, 4, 1.0], [3, 20, 1.0], [3, 21, 1.0], [4, 5, 1.0], [4, 9, 1.0], [5, 6, 1.0], [5, 22, 1.0], [5, 23, 1.0], [6, 7, 1.0], [6, 24, 1.0], [6, 25, 1.0], [7, 8, 1.0], [7, 26, 1.0], [7, 27, 1.0], [8, 28, 1.0], [8, 29, 1.0], [8, 30, 1.0], [9, 10, 1.0], [9, 31, 1.0], [9, 32, 1.0], [10, 11, 1.0], [10, 33, 1.0], [10, 34, 1.0], [11, 12, 1.0], [11, 35, 1.0], [11, 36, 1.0], [12, 37, 1.0], [12, 38, 1.0], [12, 39, 1.0]], "fix_com": true, "fix_orientation": true, "provenance": {"creator": "QCElemental", "version": "v0.22.0", "routine": "qcelemental.molparse.from_schema"}, "id": "223902"}