{"schema_name": "qcschema_molecule", "schema_version": 2, "validated": true, "symbols": ["C", "C", "C", "C", "N", "C", "C", "C", "C", "C", "C", "C", "C", "H", "H", "H", "H", "H", "H", "H", "H", "H", "H", "H", "H", "H", "H", "H", "H", "H", "H", "H", "H", "H", "H", "H", "H", "H", "H", "H"], "geometry": [4.007359471253413, 2.6734473087897426, -2.220446049250313e-16, 2.8945580842719103, 9.422545496423183e-16, 1.2559246364706815e-15, 0.0, 0.0, 0.0, -1.2051586546067943, -2.6345902012573417, -0.10044816694490066, -0.38894538200424544, -4.394681215483595, 1.8854232200881444, -1.1782217854443475, -3.5479072075729454, 4.409260578742636, 0.27664543770909056, -4.801607072815884, 6.580581590508562, 3.1339102545674486, -4.341572756648387, 6.4870407910177885, 4.540608374332193, -5.570184634398972, 8.699898743487752, -1.3495361399677377, -6.948377497534356, 1.359375636880558, 0.03257270007767232, -8.42509214743841, -0.7201978233880357, 2.802991904170388, -9.090517902564482, -0.13612513630549117, 4.692329765739927, -6.965892762941945, -0.6914731659081288, 3.3986463939935616, 3.735692173166478, 1.6720024871716044, 3.403061253897432, 3.7415692521521287, -1.6697044503957439, 6.077046203528479, 2.629488950149775, 0.004197567377344669, 3.5766497016886234, -1.0416489503553066, -1.6581206491986884, 3.5770249304809307, -1.0432809008052484, 1.650116678838328, -0.6885142123232528, 1.0612281355945912, 1.641722179021196, -0.6884911034899996, 1.0440877820412786, -1.6566155476127211, -0.7139467880966794, -3.486870409755442, -1.9196348583962348, -3.2902132689871326, -2.4254241978693547, -0.09261726385127056, -3.234276696395398, -3.8304665462785024, 4.68577735337878, -0.8511847099956849, -1.5125256418601243, 4.534849119792243, -0.4897051249923354, -4.056625591760422, 8.360183739658563, -0.08666950532848006, -6.841840526675959, 6.62656632540634, 3.8735229284581, -5.061885986625507, 4.696046074362754, 3.4934943832931165, -2.2970479963006794, 6.482044540445157, 4.264236656813711, -7.623794372843403, 8.709315365379133, 3.867554097638561, -4.842774943093724, 10.51975567559212, 6.576797772568293, -5.212372017995516, 8.59258364462268, -3.390854717894907, -6.870682585858775, 0.8963991066672143, -1.1994700798967532, -8.05676431546945, 3.0967048030143745, -1.0404163153601353, -10.18094735322273, -0.9836448716963462, -0.0760804822759189, -7.428127682884611, -2.5344661235739383, 2.9562478060728417, -9.652063952329168, 1.8564189938161388, 3.331456252575128, -10.761859144939883, -1.2441984622325926, 4.248065546248268, -5.282755617784632, 0.4109513731442802, 4.638158446612419, -6.4416777261390905, -2.696492918586148, 6.628733028556633, -7.555362009715854, -0.2515019899371347], "name": "C12H27N", "identifiers": {"molecule_hash": "c6d526df34408a050124aee48ae0fa4d046436aa", "molecular_formula": "C12H27N"}, "molecular_charge": 0.0, "molecular_multiplicity": 1, "connectivity": [[0, 1, 1.0], [0, 13, 1.0], [0, 14, 1.0], [0, 15, 1.0], [1, 2, 1.0], [1, 16, 1.0], [1, 17, 1.0], [2, 3, 1.0], [2, 18, 1.0], [2, 19, 1.0], [3, 4, 1.0], [3, 20, 1.0], [3, 21, 1.0], [4, 5, 1.0], [4, 9, 1.0], [5, 6, 1.0], [5, 22, 1.0], [5, 23, 1.0], [6, 7, 1.0], [6, 24, 1.0], [6, 25, 1.0], [7, 8, 1.0], [7, 26, 1.0], [7, 27, 1.0], [8, 28, 1.0], [8, 29, 1.0], [8, 30, 1.0], [9, 10, 1.0], [9, 31, 1.0], [9, 32, 1.0], [10, 11, 1.0], [10, 33, 1.0], [10, 34, 1.0], [11, 12, 1.0], [11, 35, 1.0], [11, 36, 1.0], [12, 37, 1.0], [12, 38, 1.0], [12, 39, 1.0]], "fix_com": true, "fix_orientation": true, "provenance": {"creator": "QCElemental", "version": "v0.22.0", "routine": "qcelemental.molparse.from_schema"}, "id": "219236"}