{"schema_name": "qcschema_molecule", "schema_version": 2, "validated": true, "symbols": ["C", "C", "C", "C", "N", "C", "C", "C", "C", "C", "C", "C", "C", "H", "H", "H", "H", "H", "H", "H", "H", "H", "H", "H", "H", "H", "H", "H", "H", "H", "H", "H", "H", "H", "H", "H", "H", "H", "H", "H"], "geometry": [8.352384964151106, 1.2324310268286738, 4.440892098500626e-16, 5.732105580700567, -1.5990301892494476e-15, 8.30686212547474e-17, 4.100877461697872, 0.8357372085934637, 2.242729277181641, 1.482389767048098, -0.39986682033940535, 2.302238325067691, 0.0, -0.0, 0.0, -0.4870624810452058, 2.6573710184251498, -0.603116507400406, -2.0607794086995175, 4.180205877810776, 1.3151393605713675, -2.603577394622953, 6.897198995479599, 0.44568735976945506, -0.24447482891657923, 8.576030772869363, 0.2652759696709568, -2.269549340794859, -1.5833799447239785, -0.08061654015238051, -1.7119124227216362, -4.360666256250477, -0.7088731184491137, -0.3540675928900887, -4.720111504845462, -3.2404401432250802, 0.2043782784215682, -7.499277247555379, -3.8325662163879137, 9.484669783273212, 0.6037091419442328, -1.615114717487765, 9.403474474973748, 0.7690695854248528, 1.7246940878650605, 8.204892721740132, 3.2969488663383437, -0.10277653656781527, 5.929397407484206, -2.0655952422231953, 0.043072229492754355, 4.7419602312468925, 0.4373846758865142, -1.7636020103676833, 5.061898679293483, 0.35275708178524634, 4.017340999258182, 3.9259588889053045, 2.9021440216268983, 2.2461847464404987, 0.4587483489555402, 0.237486398998475, 4.010650008250465, 1.745730832950032, -2.4401573043156524, 2.5227410778639077, -1.4476853164900005, 2.702906741925649, -2.4404158282919894, 1.3349831819179503, 3.5883593563121354, -0.899085628191953, -1.0821728348977355, 4.239276307184242, 3.142556833811225, -3.8587636187305083, 3.2031037551920596, 1.6445698198931433, -3.944417328670601, 7.765527069562823, 1.7668521415167011, -3.5602451659676384, 6.8501827884369995, -1.3960777212383393, -0.7520690471359712, 10.52376103599502, -0.21770704124737872, 1.0760575904625584, 7.905898802171613, -1.1790847143888161, 0.7710955407232234, 8.619817575062559, 2.071227794067697, -3.508386751987895, -0.8232154464874237, -1.557424547810827, -3.3545297701157146, -1.4921829994148805, 1.7038803408003793, -3.5189269429759755, -5.382570221367583, -0.7277405545334199, -0.5920910575691922, -5.231442267041351, 0.8035449149125662, -1.5174781621627842, -3.9053983140669297, -4.754863517920207, 1.4030046774580667, -3.6284301874817917, -3.2142527973404804, -1.5371685217945923, -8.619675596869548, -3.9131545777385033, 1.4185614196169123, -8.341164612523137, -2.379483182212642, 1.1698015774005808, -7.706087165423561, -5.652422332109006], "name": "C12H27N", "identifiers": {"molecule_hash": "936c123209ae0592f681ff222f96ab48c6235478", "molecular_formula": "C12H27N"}, "molecular_charge": 0.0, "molecular_multiplicity": 1, "connectivity": [[0, 1, 1.0], [0, 13, 1.0], [0, 14, 1.0], [0, 15, 1.0], [1, 2, 1.0], [1, 16, 1.0], [1, 17, 1.0], [2, 3, 1.0], [2, 18, 1.0], [2, 19, 1.0], [3, 4, 1.0], [3, 20, 1.0], [3, 21, 1.0], [4, 5, 1.0], [4, 9, 1.0], [5, 6, 1.0], [5, 22, 1.0], [5, 23, 1.0], [6, 7, 1.0], [6, 24, 1.0], [6, 25, 1.0], [7, 8, 1.0], [7, 26, 1.0], [7, 27, 1.0], [8, 28, 1.0], [8, 29, 1.0], [8, 30, 1.0], [9, 10, 1.0], [9, 31, 1.0], [9, 32, 1.0], [10, 11, 1.0], [10, 33, 1.0], [10, 34, 1.0], [11, 12, 1.0], [11, 35, 1.0], [11, 36, 1.0], [12, 37, 1.0], [12, 38, 1.0], [12, 39, 1.0]], "fix_com": true, "fix_orientation": true, "provenance": {"creator": "QCElemental", "version": "v0.22.0", "routine": "qcelemental.molparse.from_schema"}, "id": "225887"}