{"schema_name": "qcschema_molecule", "schema_version": 2, "validated": true, "symbols": ["C", "C", "C", "C", "N", "C", "C", "C", "C", "C", "C", "C", "C", "H", "H", "H", "H", "H", "H", "H", "H", "H", "H", "H", "H", "H", "H", "H", "H", "H", "H", "H", "H", "H", "H", "H", "H", "H", "H", "H"], "geometry": [13.59123016780919, 1.8493727139210772, -2.220446049250313e-16, 11.372674924202986, -1.3297499954006346e-15, -3.954239329020259e-15, 9.171003760240193, 0.9085111020059955, -1.6479682162090052, 6.859842431757301, -0.8598942030263091, -1.7484710265484247, 4.7369825531692555, -0.06061827644179923, -0.18702779634601763, 2.407457673181915, -1.3577383855724645, -0.8541276660278715, 0.0, 0.0, 0.0, -0.2665731100303128, 2.677207687931187, -1.0556838746313941, -2.737472236807944, 3.946209321713439, -0.2633265625339427, 5.257101101765065, 0.0986625510378576, 2.511456775867501, 5.7473591249663585, -2.392333768814631, 3.969963019366123, 3.4931377702822743, -3.382317852781629, 5.4954947405298, 4.117886581390204, -5.785993479424188, 6.969887211531614, 13.031687610628552, 3.67744003009261, 0.7484358364333918, 15.14194794857862, 1.1519573428729035, 1.1481106055665327, 14.306511942805699, 2.149241217200373, -1.9010396831166605, 12.013232683124833, -1.8272457879691117, -0.6909310132256168, 10.751528058497398, -0.309595306848104, 1.9309701679182445, 8.551747562375308, 2.7729486609119522, -1.0546934448514826, 9.884476109645359, 1.1353386845023488, -3.5618971899147267, 7.456797719508558, -2.796123827444989, -1.3377012118004075, 6.169739824815615, -0.8871878433274163, -3.675207701372621, 2.3722973987028624, -3.305480086403544, -0.16691861352701398, 2.3474717334321364, -1.4839002935761143, -2.8995506619767557, -1.5953807719979691, -1.140096098438328, -0.6234435532527222, -0.12342637115675903, 0.05479735153598053, 2.048233823247905, 1.3256067731517738, 3.8130625567625778, -0.44392134959879215, -0.16474579270896883, 2.6054378919178203, -3.1084340300047613, -4.367503646043249, 2.879963048515559, -0.913950873110904, -2.8817344456135565, 5.840391179696363, -1.0389107443612358, -2.8718228718148606, 4.099239924146093, 1.7802493799747277, 6.874179271305228, 1.3288968539678145, 2.7330866957586, 3.701314976478, 1.096045778243049, 3.395947201769264, 6.3842366495959, -3.853665639973055, 2.675968482130394, 7.305771283773815, -2.089110808966789, 5.276521092140059, 1.9000394194219006, -3.7476217281133604, 4.254956667945074, 2.876949011427408, -1.923772829229537, 6.80772431684796, 5.661359919591402, -5.468358154159635, 8.285999482700582, 2.5000222573765196, -6.438784066540692, 8.049699772277844, 4.6798615523885845, -7.304330617751203, 5.707265279447599], "name": "C12H27N", "identifiers": {"molecule_hash": "c63a65806d202afeae4a2f7954882bf843d7bee4", "molecular_formula": "C12H27N"}, "molecular_charge": 0.0, "molecular_multiplicity": 1, "connectivity": [[0, 1, 1.0], [0, 13, 1.0], [0, 14, 1.0], [0, 15, 1.0], [1, 2, 1.0], [1, 16, 1.0], [1, 17, 1.0], [2, 3, 1.0], [2, 18, 1.0], [2, 19, 1.0], [3, 4, 1.0], [3, 20, 1.0], [3, 21, 1.0], [4, 5, 1.0], [4, 9, 1.0], [5, 6, 1.0], [5, 22, 1.0], [5, 23, 1.0], [6, 7, 1.0], [6, 24, 1.0], [6, 25, 1.0], [7, 8, 1.0], [7, 26, 1.0], [7, 27, 1.0], [8, 28, 1.0], [8, 29, 1.0], [8, 30, 1.0], [9, 10, 1.0], [9, 31, 1.0], [9, 32, 1.0], [10, 11, 1.0], [10, 33, 1.0], [10, 34, 1.0], [11, 12, 1.0], [11, 35, 1.0], [11, 36, 1.0], [12, 37, 1.0], [12, 38, 1.0], [12, 39, 1.0]], "fix_com": true, "fix_orientation": true, "provenance": {"creator": "QCElemental", "version": "v0.22.0", "routine": "qcelemental.molparse.from_schema"}, "id": "215800"}