{"schema_name": "qcschema_molecule", "schema_version": 2, "validated": true, "symbols": ["C", "C", "C", "C", "N", "C", "C", "C", "C", "C", "C", "C", "C", "H", "H", "H", "H", "H", "H", "H", "H", "H", "H", "H", "H", "H", "H", "H", "H", "H", "H", "H", "H", "H", "H", "H", "H", "H", "H", "H"], "geometry": [8.456102499495017, 1.1554602698945944, -2.220446049250313e-16, 5.800813625485604, -1.8938967775014417e-15, -6.383836627207668e-16, 4.16237251762311, 0.977503271188774, -2.1768014595055374, 1.5168920088230982, -0.199538795686532, -2.3166856828568063, 0.0, 0.0, 0.0, -0.625565959232173, 2.6366602357760334, 0.6053333843163546, -1.4575886793012567, 3.049083247604237, 3.351363678733363, 0.5386669911916195, 2.2777977788819967, 5.301857388192753, -0.31511550797422894, 2.751882163910711, 8.02790333499906, -2.3074283540446308, -1.5311909812279374, -0.2281533146820689, -1.9679337156176242, -4.397029465642117, 0.06722771273230066, -1.0937248348839834, -5.277485074965381, 2.697762194286243, 1.7658332805223074, -5.113413396293302, 3.1314081811597845, 8.372852753516836, 3.2183014628441127, 0.17956550864548415, 9.465950439568752, 0.724173991875434, -1.757319850620377, 9.592964812494982, 0.43447663938228764, 1.5726664657311544, 5.936690131687243, -2.065456097850488, -0.12277736167643594, 4.860398474020435, 0.40448593281249823, 1.7969673232954104, 4.043023644885301, 3.0440941603862175, -2.074494897149451, 5.102101288518546, 0.5706597422133786, -3.98232148123533, 1.7405387172408262, -2.212374425398282, -2.7357152134729548, 0.49258212785953837, 0.6302441726029864, -3.9456466947482385, -2.0933208885177668, 3.3756947967221804, -0.6920433877417116, 1.0607307543129776, 3.78581941780043, 0.286993288411985, -1.905398588492046, 5.063810622259484, 3.5741063382599876, -3.2238619744171713, 2.0375485280472225, 3.743461941951793, 0.9937336341907859, 0.2777196185721893, 5.044676839108638, 2.2927571922831986, 3.323665622205477, 4.92938561132579, -2.0304234964573777, 1.676011297385522, 8.468361437494638, -0.7365120600827195, 4.75510580184664, 8.349658170230056, 1.1434112188920025, 2.1890395942881296, 9.384930119269924, -3.2535586577292146, -1.1431375031840743, -2.056162409311262, -3.6268751669871606, -0.919060538528049, 1.2393991446844015, -3.819894242688036, -5.237144770149763, -0.3428768586852371, -0.6844514379024228, -5.144431762206478, -1.3789313976560984, -2.0800327790404527, -4.1625941966502635, 4.14457538772208, -1.7006414662008336, -7.240882663913027, 2.975619571328014, 2.4311832667692315, -3.175913445898003, 2.9099029928386284, 2.784000289624192, -6.292465767317665, 1.7635589229395654, 2.272335595199482, -5.776346355187924, 5.02737271723702], "name": "C12H27N", "identifiers": {"molecule_hash": "c6d526df34408a050124aee48ae0fa4d046436aa", "molecular_formula": "C12H27N"}, "molecular_charge": 0.0, "molecular_multiplicity": 1, "connectivity": [[0, 1, 1.0], [0, 13, 1.0], [0, 14, 1.0], [0, 15, 1.0], [1, 2, 1.0], [1, 16, 1.0], [1, 17, 1.0], [2, 3, 1.0], [2, 18, 1.0], [2, 19, 1.0], [3, 4, 1.0], [3, 20, 1.0], [3, 21, 1.0], [4, 5, 1.0], [4, 9, 1.0], [5, 6, 1.0], [5, 22, 1.0], [5, 23, 1.0], [6, 7, 1.0], [6, 24, 1.0], [6, 25, 1.0], [7, 8, 1.0], [7, 26, 1.0], [7, 27, 1.0], [8, 28, 1.0], [8, 29, 1.0], [8, 30, 1.0], [9, 10, 1.0], [9, 31, 1.0], [9, 32, 1.0], [10, 11, 1.0], [10, 33, 1.0], [10, 34, 1.0], [11, 12, 1.0], [11, 35, 1.0], [11, 36, 1.0], [12, 37, 1.0], [12, 38, 1.0], [12, 39, 1.0]], "fix_com": true, "fix_orientation": true, "provenance": {"creator": "QCElemental", "version": "v0.22.0", "routine": "qcelemental.molparse.from_schema"}, "id": "219236"}