{"schema_name": "qcschema_molecule", "schema_version": 2, "validated": true, "symbols": ["C", "C", "C", "C", "N", "C", "C", "C", "C", "C", "C", "C", "C", "H", "H", "H", "H", "H", "H", "H", "H", "H", "H", "H", "H", "H", "H", "H", "H", "H", "H", "H", "H", "H", "H", "H", "H", "H", "H", "H"], "geometry": [0.0, -0.0, 0.0, 2.8885455160412454, -2.728988425290499e-16, -4.833994340586908e-16, 4.002359152422965, 1.5651141711054968, -2.15937177620927, 6.8900670600068485, 1.5029318197257409, -2.293987190470343, 8.169634659219895, 2.341695168860527, -0.008294630281408422, 7.635543522598109, 4.935647111651684, 0.7396195411758824, 8.517334919007922, 7.055777299117821, -1.0358185791309928, 7.849209896472907, 9.672693383337373, 1.7763568394002505e-15, 8.69780361850628, 11.823767626556258, -1.7301508888784536, 10.833881978418978, 1.6621806025868229, -0.02019695887702333, 12.144301380125993, 1.8625332669916583, 2.5530620122597005, 10.858334607522774, 0.4259809698457768, 4.714010258851271, 10.64949770035625, -2.4240336070816593, 4.287167871201788, -0.7428479881917294, 1.9035930738547586, 0.20546046283227182, -0.7468096059074647, -0.7718182068988894, -1.7502536878967974, -0.7426998866969905, -1.1269300212214348, 1.5453880801546636, 3.5711770721450495, -1.9337774985066316, -0.15105416917829162, 3.5815065532935844, 0.7097267735360596, 1.793476656826174, 3.3188717245409647, 3.498415657585861, -2.039120507099165, 3.3007106232540444, 0.8414921881786641, -3.9527020493263496, 7.454188301875577, -0.44230833721243523, -2.6161574045891407, 7.503019077051323, 2.557703803231443, -3.961356161333802, 5.61350843712861, 5.11030979011312, 1.0164841128396642, 8.464234995546724, 5.241203710288489, 2.5869115951429897, 7.660791988819231, 6.830935146950565, -2.8895271484917067, 10.54928611388872, 6.945230892425839, -1.3180991513249656, 5.816817457450479, 9.795083602815772, 0.2881250417465875, 8.707076917252436, 9.913587613387941, 1.8532247154859296, 10.732203122499705, 11.795694059404685, -2.003254396852557, 7.819151788429834, 11.677033822857064, -3.5796309365827614, 8.197991526156446, 13.651764205767634, -0.9441304207508008, 10.953245144198327, -0.2826252877513614, -0.6503954921164358, 11.916172169106689, 2.7636695416278245, -1.3928537613623744, 12.357687629483058, 3.8323727104302137, 3.091192052504309, 14.057689619952834, 1.146700940085985, 2.308984965552498, 8.98458973389091, 1.1941759236294975, 5.032092530086366, 11.931495684848883, 0.7659447268453241, 6.433907611033136, 9.89056220812309, -3.3536879054046103, 5.951467263414664, 9.404419482013918, -2.859320983808787, 2.7187033011159696, 12.48557880520272, -3.2573706854557107, 3.892503709257551], "name": "C12H27N", "identifiers": {"molecule_hash": "510b5b32e6cbcfcbb5b3590a058a084b6818aa70", "molecular_formula": "C12H27N"}, "molecular_charge": 0.0, "molecular_multiplicity": 1, "connectivity": [[0, 1, 1.0], [0, 13, 1.0], [0, 14, 1.0], [0, 15, 1.0], [1, 2, 1.0], [1, 16, 1.0], [1, 17, 1.0], [2, 3, 1.0], [2, 18, 1.0], [2, 19, 1.0], [3, 4, 1.0], [3, 20, 1.0], [3, 21, 1.0], [4, 5, 1.0], [4, 9, 1.0], [5, 6, 1.0], [5, 22, 1.0], [5, 23, 1.0], [6, 7, 1.0], [6, 24, 1.0], [6, 25, 1.0], [7, 8, 1.0], [7, 26, 1.0], [7, 27, 1.0], [8, 28, 1.0], [8, 29, 1.0], [8, 30, 1.0], [9, 10, 1.0], [9, 31, 1.0], [9, 32, 1.0], [10, 11, 1.0], [10, 33, 1.0], [10, 34, 1.0], [11, 12, 1.0], [11, 35, 1.0], [11, 36, 1.0], [12, 37, 1.0], [12, 38, 1.0], [12, 39, 1.0]], "fix_com": true, "fix_orientation": true, "provenance": {"creator": "QCElemental", "version": "v0.22.0", "routine": "qcelemental.molparse.from_schema"}, "id": "214750"}