{"schema_name": "qcschema_molecule", "schema_version": 2, "validated": true, "symbols": ["C", "C", "C", "C", "N", "C", "C", "C", "C", "C", "C", "C", "C", "H", "H", "H", "H", "H", "H", "H", "H", "H", "H", "H", "H", "H", "H", "H", "H", "H", "H", "H", "H", "H", "H", "H", "H", "H", "H", "H"], "geometry": [8.09698259668193, 2.776106067987698, 5.551115123125783e-16, 7.285742211875199, 1.3680451897096317e-16, -4.2249230749728017e-16, 4.5696982325982916, -0.46126909093092744, -0.8957779548912619, 2.538191557136309, 0.648062743125594, 0.841123952224767, 0.0, 0.0, -0.0, -0.9596232125542139, -2.426948156534212, 0.8616731960633573, -2.499735549522962, -2.511053515374491, 3.326833822820736, -1.1228213946342231, -1.690550103112955, 5.733754297063704, -2.7490011845375433, -2.0222603281050096, 8.098943329643244, -1.8078476887240742, 2.055623817466817, -0.1305485972253807, -3.9784843934028986, 1.5782426999434713, -1.9872448651595058, -3.1725575898810963, 1.0296829838786694, -4.71399791381657, -1.7982171126565345, 3.2153348580716585, -6.0126483595953175, 7.019571656698332, 3.8939450350645215, 1.3400265578217636, 7.84796733630841, 3.6157848750616015, -1.8574596280729319, 10.077224067182177, 2.9576575912658165, 0.5050834899443355, 7.525966389606564, -0.779366016125473, 1.8885322599347667, 8.560037771238925, -1.0564606707949686, -1.2165419074876689, 4.311532426602152, 0.3130809969077515, -2.7813322525138977, 4.26807846055839, -2.485721671997709, -1.063397404437483, 2.8931495420595468, 0.03239593677121788, 2.772200293620279, 2.7081702818459235, 2.6875972689199807, 0.8602319308590025, 0.6433174601654257, -3.691153068703598, 1.046784171141599, -2.1323297835540203, -3.2345175048719503, -0.6176767023227443, -4.211746378926371, -1.3941688720470127, 3.1221373422041085, -3.131269478543256, -4.456358202322857, 3.5590183097042836, -0.5552005684977637, 0.27548495287414276, 5.581531286342036, 0.6074240801348942, -2.781527616745504, 5.94310861334179, -3.2913566227682765, -3.9853628538017363, 8.357410637606483, -1.7423900567003612, -1.424661104083921, 9.783924852379418, -4.471700335348658, -0.9121938266192988, 7.974447404175379, -2.6196114336412215, 2.5222442751011007, 1.7107071112167553, -0.7946004553797917, 3.7275801021007466, -0.7359544356183096, -5.191311505994281, 3.2402817009937426, -1.9559878590579618, -5.142559257213254, 0.026188117327221594, -1.315090025946874, -1.9782573320561136, -0.6358661728184813, -4.750498953534996, -4.856584590948707, 0.5701768747335298, -5.799266686958298, -1.423273950414821, 2.77123372825221, -7.980493805762251, 0.004278057706774252, 3.6156536441812968, -5.122024978899922, -2.9209275570049256, 4.935255249944092, -5.966174959497273], "name": "C12H27N", "identifiers": {"molecule_hash": "be967b70a0df2214ca8f95bee292fca442543985", "molecular_formula": "C12H27N"}, "molecular_charge": 0.0, "molecular_multiplicity": 1, "connectivity": [[0, 1, 1.0], [0, 13, 1.0], [0, 14, 1.0], [0, 15, 1.0], [1, 2, 1.0], [1, 16, 1.0], [1, 17, 1.0], [2, 3, 1.0], [2, 18, 1.0], [2, 19, 1.0], [3, 4, 1.0], [3, 20, 1.0], [3, 21, 1.0], [4, 5, 1.0], [4, 9, 1.0], [5, 6, 1.0], [5, 22, 1.0], [5, 23, 1.0], [6, 7, 1.0], [6, 24, 1.0], [6, 25, 1.0], [7, 8, 1.0], [7, 26, 1.0], [7, 27, 1.0], [8, 28, 1.0], [8, 29, 1.0], [8, 30, 1.0], [9, 10, 1.0], [9, 31, 1.0], [9, 32, 1.0], [10, 11, 1.0], [10, 33, 1.0], [10, 34, 1.0], [11, 12, 1.0], [11, 35, 1.0], [11, 36, 1.0], [12, 37, 1.0], [12, 38, 1.0], [12, 39, 1.0]], "fix_com": true, "fix_orientation": true, "provenance": {"creator": "QCElemental", "version": "v0.22.0", "routine": "qcelemental.molparse.from_schema"}, "id": "214660"}