{"schema_name": "qcschema_molecule", "schema_version": 2, "validated": true, "symbols": ["C", "C", "C", "C", "N", "C", "C", "C", "C", "C", "C", "C", "C", "H", "H", "H", "H", "H", "H", "H", "H", "H", "H", "H", "H", "H", "H", "H", "H", "H", "H", "H", "H", "H", "H", "H", "H", "H", "H", "H"], "geometry": [9.525414171919062, 2.4939807489531156, -3.3306690738754696e-16, 8.046138325734766, 9.331883309641718e-16, 1.4039068785699873e-16, 6.145658427830191, -0.2519245266852945, 2.17647279611286, 3.899874747010274, 1.589079576316565, 2.00304879825699, 2.4058895976401002, 1.31154391619731, -0.316882556090866, 0.0, 0.0, -0.0, 0.27194795360353496, -2.8295401725832345, 0.5803393976814426, 1.7153692817249215, -4.342799095136929, -1.4314707391228036, 0.48102205625137684, -4.292913858363141, -4.053269798271812, 2.2761963845164392, 3.522388066166252, -1.9762166272611803, 0.3137154194430629, 5.5874006054770575, -1.343359677332273, 0.6718524153510802, 6.997687124116986, 1.1692168440464235, 3.040973620720405, 8.666058876638532, 1.2633363761611056, 8.28335149863333, 4.132521726136123, -0.23543912807232092, 10.561123676464796, 2.750197402066641, 1.7766196768702358, 10.903213250336378, 2.5428523171123034, -1.5442162158385306, 7.025592868377405, -0.2090217818682914, -1.7904402014077694, 9.389808941437643, -1.575733127658861, 0.09992126212320729, 5.432503496764719, -2.193022356406052, 2.2292959622197346, 7.110098215403674, 0.0706734751443161, 3.988938846839138, 2.6891180757493234, 1.332399407671076, 3.675310796609653, 4.6241937745043495, 3.519378947357533, 2.1305504135394604, -1.068093330849397, 0.21601322533274492, -1.7591503404503595, -1.1698728204962567, 0.869300274470121, 1.4994040627145164, 1.1945174422552258, -3.073054187876728, 2.419913949550419, -1.640167676943489, -3.6106346317219624, 0.7955704900706144, 3.6432605339520014, -3.6098123995076454, -1.580463410456208, 1.8720766548720067, -6.308190733710584, -0.7885505823024928, 1.4819899104679886, -5.5400559394854465, -5.367663906165015, 0.5064311448853076, -2.391719126224335, -4.86840050418697, -1.4932297839873039, -4.919803138184502, -3.970518590585472, 1.861715496334879, 2.8399055015515655, -3.892734290682845, 4.169260654816033, 4.3496819859548355, -2.0758475865762103, 0.3373390956650076, 6.964985662821402, -2.8988167774520917, -1.5756317984058954, 4.737106588546093, -1.3699362347428137, -0.9915924312198863, 8.194396900978996, 1.4875787919886725, 0.7011664766579145, 5.642658148823152, 2.7345245458600402, 3.1779615483914743, 9.668844507525419, 3.068891966174916, 3.0036394310665218, 10.085892664071716, -0.2451860427688053, 4.7802101351234665, 7.5689799602413546, 1.034111302849082], "name": "C12H27N", "identifiers": {"molecule_hash": "eb267fe28a72a5b4353aab93e114066f24e89ce8", "molecular_formula": "C12H27N"}, "molecular_charge": 0.0, "molecular_multiplicity": 1, "connectivity": [[0, 1, 1.0], [0, 13, 1.0], [0, 14, 1.0], [0, 15, 1.0], [1, 2, 1.0], [1, 16, 1.0], [1, 17, 1.0], [2, 3, 1.0], [2, 18, 1.0], [2, 19, 1.0], [3, 4, 1.0], [3, 20, 1.0], [3, 21, 1.0], [4, 5, 1.0], [4, 9, 1.0], [5, 6, 1.0], [5, 22, 1.0], [5, 23, 1.0], [6, 7, 1.0], [6, 24, 1.0], [6, 25, 1.0], [7, 8, 1.0], [7, 26, 1.0], [7, 27, 1.0], [8, 28, 1.0], [8, 29, 1.0], [8, 30, 1.0], [9, 10, 1.0], [9, 31, 1.0], [9, 32, 1.0], [10, 11, 1.0], [10, 33, 1.0], [10, 34, 1.0], [11, 12, 1.0], [11, 35, 1.0], [11, 36, 1.0], [12, 37, 1.0], [12, 38, 1.0], [12, 39, 1.0]], "fix_com": true, "fix_orientation": true, "provenance": {"creator": "QCElemental", "version": "v0.22.0", "routine": "qcelemental.molparse.from_schema"}, "id": "222553"}