{"schema_name": "qcschema_molecule", "schema_version": 2, "validated": true, "symbols": ["C", "C", "C", "C", "N", "C", "C", "C", "C", "C", "C", "C", "C", "H", "H", "H", "H", "H", "H", "H", "H", "H", "H", "H", "H", "H", "H", "H", "H", "H", "H", "H", "H", "H", "H", "H", "H", "H", "H", "H"], "geometry": [0.0, 0.0, 0.0, 2.8886291007109377, -2.813730904987502e-16, 3.6106836179941516e-16, 4.00212979913381, 1.5973321502059108, -2.1353587596774086, 6.888611078693227, 1.524707595562035, -2.2873346444702363, 8.181318195034743, 2.3325398455765303, 0.0, 7.755225846046022, 4.948238906171277, 0.7364553178358715, 8.756202202079894, 6.997259473312997, -1.0612354661421204, 8.501345485405285, 9.686265409829453, -0.008313415052496609, 5.7764868932061635, 10.610516364298526, 0.28406594160084664, 10.82542247902392, 1.566698843933251, 0.04758919072378043, 11.217800887664302, -1.1561037916150299, 0.9430764387784696, 10.445409694118254, -1.5930365710824155, 3.692752715029584, 10.836352622522092, -4.324946767423687, 4.545456229815544, -0.7428075658190723, -1.1456388843798844, 1.5315407210792364, -0.7467702874059421, -0.7503395814185085, -1.7595478933678992, -0.7425310535428861, 1.9010229298744328, 0.22863832913572302, 3.5709007067673744, -1.9318120986443637, -0.1774984737488735, 3.5805493780734228, 0.6872318598058575, 1.8026781132616805, 3.2827877976906885, 0.9169372234572791, -3.9386774378127622, 3.33539458279663, 3.533320049406408, -1.968260342039625, 7.49932687338437, 2.609366427748141, -3.936158043799811, 7.444402151280414, -0.4126253348862049, -2.653019893906478, 8.623083115542613, 5.206448847813358, 2.578721356776535, 5.746047549288544, 5.2065347159540485, 1.0248192535134872, 7.78145157823669, 6.89276058424474, -2.8671180825954954, 10.74011363515626, 6.636353522821661, -1.4542218996821856, 9.499632984934912, 10.97270411866922, -1.2604333312341325, 9.45889450651833, 9.801220444220858, 1.808231937994515, 5.73444606844993, 12.56938059617717, 0.8923610027899787, 4.734736062104934, 9.517054593503925, 1.6707716557876653, 4.7629571403570194, 10.49021361090711, -1.4980347168885149, 11.831896984417728, 2.8081169551038565, 1.332623331305022, 11.715231322835631, 1.807206075518096, -1.7999145772579124, 13.209559860131467, -1.619744945490012, 0.7102421058542754, 10.188166370168162, -2.455846240109842, -0.26955519359929303, 11.536468795362465, -0.34129061075350897, 4.907766479736114, 8.47907478406861, -1.0670574976677516, 3.9298900655307287, 12.803957677676559, -4.887296237532711, 4.373258017011184, 9.718189904608643, -5.621827324954618, 3.412161012488718, 10.285067930643642, -4.578101208368795, 6.505686730160887], "name": "C12H27N", "identifiers": {"molecule_hash": "bcc474d01897f65c8a486edc772a744fb08003eb", "molecular_formula": "C12H27N"}, "molecular_charge": 0.0, "molecular_multiplicity": 1, "connectivity": [[0, 1, 1.0], [0, 13, 1.0], [0, 14, 1.0], [0, 15, 1.0], [1, 2, 1.0], [1, 16, 1.0], [1, 17, 1.0], [2, 3, 1.0], [2, 18, 1.0], [2, 19, 1.0], [3, 4, 1.0], [3, 20, 1.0], [3, 21, 1.0], [4, 5, 1.0], [4, 9, 1.0], [5, 6, 1.0], [5, 22, 1.0], [5, 23, 1.0], [6, 7, 1.0], [6, 24, 1.0], [6, 25, 1.0], [7, 8, 1.0], [7, 26, 1.0], [7, 27, 1.0], [8, 28, 1.0], [8, 29, 1.0], [8, 30, 1.0], [9, 10, 1.0], [9, 31, 1.0], [9, 32, 1.0], [10, 11, 1.0], [10, 33, 1.0], [10, 34, 1.0], [11, 12, 1.0], [11, 35, 1.0], [11, 36, 1.0], [12, 37, 1.0], [12, 38, 1.0], [12, 39, 1.0]], "fix_com": true, "fix_orientation": true, "provenance": {"creator": "QCElemental", "version": "v0.22.0", "routine": "qcelemental.molparse.from_schema"}, "id": "217390"}