{"schema_name": "qcschema_molecule", "schema_version": 2, "validated": true, "symbols": ["C", "C", "C", "C", "N", "C", "C", "C", "C", "C", "C", "C", "C", "H", "H", "H", "H", "H", "H", "H", "H", "H", "H", "H", "H", "H", "H", "H", "H", "H", "H", "H", "H", "H", "H", "H", "H", "H", "H", "H"], "geometry": [0.0, -0.0, 0.0, 2.8731435063148663, -5.622092122765605e-16, -6.629890178129156e-17, 3.9642219572843027, 2.6676098063578584, 2.3314683517128287e-15, 6.829012892948815, 2.9320608205194665, 0.3238033665531945, 8.242451076365944, 3.0766050831143237, -2.021888424727198, 10.687296542969246, 4.295784850867453, -1.7065804823379858, 11.964820347778627, 5.044760511568291, -4.174277983322726, 10.314952402601072, 6.646760576327884, -5.900025588749309, 11.674872994334455, 7.48914811253638, -8.284352543654258, 8.156004575200479, 0.824706400789442, -3.593232063172966, 8.986157150462356, -1.7137095811874787, -2.472650144177448, 11.732163493427798, -1.906485873438966, -1.6273229868516075, 12.535354489839266, -4.614057794118747, -1.0988272466123972, -0.7465526590621593, 0.9616103506095078, -1.6807207564686906, -0.7660631668510296, -1.9253049955654313, 0.014407568923714864, -0.7499081752892132, 0.9912040968241271, 1.6622041375947485, 3.5695106059025785, -1.01363687557145, 1.678146485377737, 3.5499528227059027, -1.0761635025677254, -1.6389898120966007, 3.420357433726443, 3.67237276508665, -1.7373352333189984, 3.059781315226932, 3.69972283384035, 1.5619385982946232, 7.5292707568429575, 1.425136487910596, 1.6084032994381372, 7.199302117692713, 4.716426666447341, 1.3121182142852623, 12.03508718755673, 3.1899177720976635, -0.5523021470683487, 10.322704062051596, 6.035327781473043, -0.6276257206578684, 13.688368644160846, 6.097644598317648, -3.6812932112579815, 12.629351895606016, 3.3618155829800003, -5.200903394757239, 8.602956288006238, 5.579219425510643, -6.387803827617294, 9.650544668110024, 8.309320229321974, -4.841487473762685, 13.355898920485433, 8.621285777806566, -7.8350697239355975, 10.450542043926848, 8.640195509136925, -9.497266064577168, 12.311024918755907, 5.860341407300223, -9.403124794013213, 6.201264446002699, 0.6156179711241888, -4.266100589952993, 9.274918570125905, 1.2041919827057004, -5.298141425565289, 7.750722095157893, -2.227461642595322, -0.8815881483252114, 8.631883065062464, -3.154002116213187, -3.934203914291417, 12.016173119175436, -0.7655119687679909, 0.08342143133799959, 12.969253948787548, -1.0808445066946732, -3.0826103504559264, 12.361761227104184, -5.791754503867756, -2.798892871649376, 14.50300810020011, -4.719113062940827, -0.4568409330901111, 11.348030473316669, -5.472375110652231, 0.3711996659178638], "name": "C12H27N", "identifiers": {"molecule_hash": "7ef41cdbd7e93a3f436951afb8d6bcedb2addbbe", "molecular_formula": "C12H27N"}, "molecular_charge": 0.0, "molecular_multiplicity": 1, "connectivity": [[0, 1, 1.0], [0, 13, 1.0], [0, 14, 1.0], [0, 15, 1.0], [1, 2, 1.0], [1, 16, 1.0], [1, 17, 1.0], [2, 3, 1.0], [2, 18, 1.0], [2, 19, 1.0], [3, 4, 1.0], [3, 20, 1.0], [3, 21, 1.0], [4, 5, 1.0], [4, 9, 1.0], [5, 6, 1.0], [5, 22, 1.0], [5, 23, 1.0], [6, 7, 1.0], [6, 24, 1.0], [6, 25, 1.0], [7, 8, 1.0], [7, 26, 1.0], [7, 27, 1.0], [8, 28, 1.0], [8, 29, 1.0], [8, 30, 1.0], [9, 10, 1.0], [9, 31, 1.0], [9, 32, 1.0], [10, 11, 1.0], [10, 33, 1.0], [10, 34, 1.0], [11, 12, 1.0], [11, 35, 1.0], [11, 36, 1.0], [12, 37, 1.0], [12, 38, 1.0], [12, 39, 1.0]], "fix_com": true, "fix_orientation": true, "provenance": {"creator": "QCElemental", "version": "v0.22.0", "routine": "qcelemental.molparse.from_schema"}, "id": "226963"}