{"schema_name": "qcschema_molecule", "schema_version": 2, "validated": true, "symbols": ["C", "C", "C", "C", "N", "C", "C", "C", "C", "C", "C", "C", "C", "H", "H", "H", "H", "H", "H", "H", "H", "H", "H", "H", "H", "H", "H", "H", "H", "H", "H", "H", "H", "H", "H", "H", "H", "H", "H", "H"], "geometry": [0.0, 0.0, 0.0, 2.8956433280405802, -3.028025240865863e-17, 2.1997025455815874e-16, 4.016045455044645, 1.8347772608635282, -1.9410017891808469, 6.9114179558817455, 1.8420435596709264, -2.0001772268698392, 8.082648899971637, 2.398861509872978, 0.4443771388186866, 7.392375102777153, 4.857278999166275, 1.513164135722298, 8.168295627836066, 7.220242856170862, 0.0, 7.5030810182367516, 9.706523169396993, 1.3448151411701608, 4.653782519436579, 10.180155666442115, 1.616033954033917, 10.810284531770675, 1.9251359716366483, 0.4386099241018783, 11.48773305653808, -0.8938030605266775, 0.5553607099679595, 10.411999278640192, -2.242992719034834, 2.8800669653978788, 11.08951569360957, -5.057361517229873, 2.9609191660475265, -0.7570152678455718, -1.327458802163821, 1.3966877545103253, -0.7539212917582645, -0.5380134791785695, -1.8537008561020891, -0.7452247098073568, 1.879942997948713, 0.4527751583845028, 3.5962627515363255, -1.912617455327443, -0.398107874277139, 3.605472118301776, 0.48230843058993333, 1.8829516417094279, 3.3519773457981197, 1.3260932331465658, -3.84003640021865, 3.2948349661220444, 3.7472285547916195, -1.5902439762281262, 7.566447739054777, 3.148709119149734, -3.4956010654850096, 7.541499054865537, -0.04338161100486676, -2.573697038620609, 8.242265884796215, 4.9651546965509965, 3.401705112559754, 5.347355420189912, 4.869213184660009, 1.8163793673877318, 7.2576092756069235, 7.196116134926223, -1.8629769275550188, 10.21116875116791, 7.163303416438199, -0.34558285149447565, 8.346838518363313, 11.280913065081464, 0.2928210865985381, 8.388784393909273, 9.729580676160095, 3.2221857076215734, 4.284122163603115, 12.03763299546247, 2.4513224374942957, 3.744046014456865, 8.768172941459126, 2.8234049783247466, 3.7161524289806054, 10.123051013703929, -0.23122112415255924, 11.607775642818039, 2.8509580005041295, 2.1120469817466954, 11.753272875329388, 2.785378800113121, -1.2168911459492118, 13.55784610810787, -1.050267642612133, 0.5455648562675259, 10.845018035279242, -1.8617495582863974, -1.1620955594553144, 11.118019559202523, -1.307052402262618, 4.593633707786965, 8.35738084047089, -2.002208687829564, 2.898038132390024, 13.142307488255549, -5.34010327415888, 2.9905020867464174, 10.349116859897952, -6.0499015084593974, 1.2992515480468823, 10.303921768711307, -5.976879280702289, 4.641400656004871], "name": "C12H27N", "identifiers": {"molecule_hash": "936c123209ae0592f681ff222f96ab48c6235478", "molecular_formula": "C12H27N"}, "molecular_charge": 0.0, "molecular_multiplicity": 1, "connectivity": [[0, 1, 1.0], [0, 13, 1.0], [0, 14, 1.0], [0, 15, 1.0], [1, 2, 1.0], [1, 16, 1.0], [1, 17, 1.0], [2, 3, 1.0], [2, 18, 1.0], [2, 19, 1.0], [3, 4, 1.0], [3, 20, 1.0], [3, 21, 1.0], [4, 5, 1.0], [4, 9, 1.0], [5, 6, 1.0], [5, 22, 1.0], [5, 23, 1.0], [6, 7, 1.0], [6, 24, 1.0], [6, 25, 1.0], [7, 8, 1.0], [7, 26, 1.0], [7, 27, 1.0], [8, 28, 1.0], [8, 29, 1.0], [8, 30, 1.0], [9, 10, 1.0], [9, 31, 1.0], [9, 32, 1.0], [10, 11, 1.0], [10, 33, 1.0], [10, 34, 1.0], [11, 12, 1.0], [11, 35, 1.0], [11, 36, 1.0], [12, 37, 1.0], [12, 38, 1.0], [12, 39, 1.0]], "fix_com": true, "fix_orientation": true, "provenance": {"creator": "QCElemental", "version": "v0.22.0", "routine": "qcelemental.molparse.from_schema"}, "id": "225887"}