{"schema_name": "qcschema_molecule", "schema_version": 2, "validated": true, "symbols": ["C", "C", "C", "C", "N", "C", "C", "C", "C", "C", "C", "C", "C", "H", "H", "H", "H", "H", "H", "H", "H", "H", "H", "H", "H", "H", "H", "H", "H", "H", "H", "H", "H", "H", "H", "H", "H", "H", "H", "H"], "geometry": [0.0, 0.0, 0.0, 2.8886291007109377, -4.576675595797963e-16, -9.0323229351488e-18, 4.00212979913381, 2.6666884014845977, -5.551115123125783e-16, 6.888611078693227, 2.744881826974038, -0.14918707620304023, 8.181318195034743, 1.3971789448296525, 1.8677882983161882, 7.755225846046022, 2.374249940169413, 4.403450003045497, 8.756202202079894, 5.041108650443984, 4.967402180806905, 8.501345485405285, 5.808678385363529, 7.751326474735721, 5.7764868932061635, 6.128176135299016, 8.666556884425093, 10.82542247902392, 0.9003370759367286, 1.2830444841661692, 11.217800887664302, -1.4476713093901084, -0.36085582485870743, 10.445409694118254, -3.9112032673176653, 0.9363103827727226, 10.836352622522092, -6.230407829933262, -0.7405100613251936, -0.7428075658190723, -1.912617430017604, 1.0952138897457608e-05, -0.7467702874059421, 0.9595138557541076, -1.6547964941691773, -0.7425310535428861, 0.9556197806351825, 1.659202971404377, 3.5709007067673744, -1.0150127217958733, -1.6532249899044151, 3.5805493780734228, -1.0318516982285932, 1.6300975682540226, 3.2827877976906885, 3.703148320451846, -1.6250065684887316, 3.33539458279663, 3.692530281791467, 1.6503391965399934, 7.49932687338437, 4.71488698792591, -0.268279688228523, 7.444402151280414, 1.877253283083785, -1.9195557651718915, 8.623083115542613, 1.053716247271511, 5.713719936348692, 5.746047549288544, 2.2980594656161637, 4.783009611457895, 7.78145157823669, 6.4245803101884995, 3.8020103115591635, 10.74011363515626, 5.13961297709403, 4.443008874520664, 9.499632984934912, 7.581887110256787, 8.031432979591404, 9.45889450651833, 4.422931682576081, 8.931478056238003, 5.73444606844993, 6.814431277471096, 10.599488812932403, 4.734736062104934, 4.3627895859091606, 8.621593419467203, 4.7629571403570194, 7.483137890099525, 7.502755289440064, 11.831896984417728, 0.6149449591336227, 3.046842377596254, 11.715231322835631, 2.5237938268094733, 0.36898645581300626, 13.209559860131467, -1.538947098771516, -0.8715843989835357, 10.188166370168162, -1.255191686271824, -2.1279883900463594, 11.536468795362465, -4.134340030855434, 2.6664365002520123, 8.47907478406861, -3.786033050401576, 1.4995337181114052, 12.803957677676559, -6.42936393063421, -1.2939589036031325, 9.718189904608643, -6.099742822388982, -2.45782886862949, 10.285067930643642, -7.951706461911729, 0.23094338841053252], "name": "C12H27N", "identifiers": {"molecule_hash": "bcc474d01897f65c8a486edc772a744fb08003eb", "molecular_formula": "C12H27N"}, "molecular_charge": 0.0, "molecular_multiplicity": 1, "connectivity": [[0, 1, 1.0], [0, 13, 1.0], [0, 14, 1.0], [0, 15, 1.0], [1, 2, 1.0], [1, 16, 1.0], [1, 17, 1.0], [2, 3, 1.0], [2, 18, 1.0], [2, 19, 1.0], [3, 4, 1.0], [3, 20, 1.0], [3, 21, 1.0], [4, 5, 1.0], [4, 9, 1.0], [5, 6, 1.0], [5, 22, 1.0], [5, 23, 1.0], [6, 7, 1.0], [6, 24, 1.0], [6, 25, 1.0], [7, 8, 1.0], [7, 26, 1.0], [7, 27, 1.0], [8, 28, 1.0], [8, 29, 1.0], [8, 30, 1.0], [9, 10, 1.0], [9, 31, 1.0], [9, 32, 1.0], [10, 11, 1.0], [10, 33, 1.0], [10, 34, 1.0], [11, 12, 1.0], [11, 35, 1.0], [11, 36, 1.0], [12, 37, 1.0], [12, 38, 1.0], [12, 39, 1.0]], "fix_com": true, "fix_orientation": true, "provenance": {"creator": "QCElemental", "version": "v0.22.0", "routine": "qcelemental.molparse.from_schema"}, "id": "217390"}