{"schema_name": "qcschema_molecule", "schema_version": 2, "validated": true, "symbols": ["C", "C", "C", "C", "N", "C", "C", "C", "C", "C", "C", "C", "C", "H", "H", "H", "H", "H", "H", "H", "H", "H", "H", "H", "H", "H", "H", "H", "H", "H", "H", "H", "H", "H", "H", "H", "H", "H", "H", "H"], "geometry": [0.0, -0.0, 0.0, 2.8731435063148663, -4.98011165079227e-16, -2.6918325022643377e-16, 3.9642219572843027, 2.4791416462722715, 0.9848851591404054, 6.829012892948815, 2.6053604027060504, 1.3834473056202166, 8.242451076365944, 3.6057251216833066, -0.7431540798196741, 10.687296542969246, 4.622357020789205, 8.881784197001252e-16, 11.964820347778627, 6.229494387070256, -2.0168304298060855, 10.314952402601072, 8.355460586986945, -3.029192381845528, 11.674872994334455, 10.018629707585204, -4.9340546512325165, 8.156004575200479, 2.093066573380973, -3.0348854388119095, 8.986157150462356, -0.6797292307403144, -2.9306598978782405, 11.732163493427798, -1.1709817007529333, -2.2162288567879767, 12.535354489839266, -3.8823834592959034, -2.7247108691292934, -0.7465526590621593, 1.5141964119942546, -1.2069490268970573, -0.7660631668510296, -1.7946003893390845, -0.697435550123094, -0.7499081752892132, 0.30748693750434897, 1.9107223607479535, 3.5695106059025785, -1.5615968088024856, 1.18534836594218, 3.5499528227059027, -0.3950146730553239, -1.9205152684855906, 3.420357433726443, 4.054344051567452, -0.2587464979499483, 3.059781315226932, 2.861665448183269, 2.817529431036399, 7.5292707568429575, 0.7306250991532082, 2.0209310100310205, 7.199302117692713, 3.898772597590361, 2.960727434350086, 12.03508718755673, 3.1684589570992596, 0.6644402844336732, 10.322704062051596, 5.840648685797518, 1.6449675997244928, 13.688368644160846, 7.025980963707118, -1.1699490810593765, 12.629351895606016, 5.044481975737254, -3.592269718719141, 8.602956288006238, 7.543430217131146, -3.8766464498829674, 9.650544668110024, 9.509745740676237, -1.4316213115592165, 13.355898920485433, 10.904905372134156, -4.0985271581803175, 10.450542043926848, 11.53616426386668, -5.636306877252538, 12.311024918755907, 8.917951361057955, -6.575142646643348, 6.201264446002699, 2.1471743338178655, -3.7374111508050794, 9.274918570125905, 3.0751961309886675, -4.479235387033819, 7.750722095157893, -1.7446066620315221, -1.6416853009319896, 8.631883065062464, -1.4786566390317666, -4.820712015060685, 12.016173119175436, -0.7422274155135711, -0.2051003978386454, 12.969253948787548, 0.13362169948382907, -3.263871422378203, 12.361761227104184, -4.349208687327722, -4.739473107225654, 14.50300810020011, -4.217038731040974, -2.166867803966297, 11.348030473316669, -5.222796096219306, -1.6754341171708103], "name": "C12H27N", "identifiers": {"molecule_hash": "7ef41cdbd7e93a3f436951afb8d6bcedb2addbbe", "molecular_formula": "C12H27N"}, "molecular_charge": 0.0, "molecular_multiplicity": 1, "connectivity": [[0, 1, 1.0], [0, 13, 1.0], [0, 14, 1.0], [0, 15, 1.0], [1, 2, 1.0], [1, 16, 1.0], [1, 17, 1.0], [2, 3, 1.0], [2, 18, 1.0], [2, 19, 1.0], [3, 4, 1.0], [3, 20, 1.0], [3, 21, 1.0], [4, 5, 1.0], [4, 9, 1.0], [5, 6, 1.0], [5, 22, 1.0], [5, 23, 1.0], [6, 7, 1.0], [6, 24, 1.0], [6, 25, 1.0], [7, 8, 1.0], [7, 26, 1.0], [7, 27, 1.0], [8, 28, 1.0], [8, 29, 1.0], [8, 30, 1.0], [9, 10, 1.0], [9, 31, 1.0], [9, 32, 1.0], [10, 11, 1.0], [10, 33, 1.0], [10, 34, 1.0], [11, 12, 1.0], [11, 35, 1.0], [11, 36, 1.0], [12, 37, 1.0], [12, 38, 1.0], [12, 39, 1.0]], "fix_com": true, "fix_orientation": true, "provenance": {"creator": "QCElemental", "version": "v0.22.0", "routine": "qcelemental.molparse.from_schema"}, "id": "226963"}