{"schema_name": "qcschema_molecule", "schema_version": 2, "validated": true, "symbols": ["C", "C", "C", "C", "N", "C", "C", "C", "C", "C", "C", "C", "C", "H", "H", "H", "H", "H", "H", "H", "H", "H", "H", "H", "H", "H", "H", "H", "H", "H", "H", "H", "H", "H", "H", "H", "H", "H", "H", "H"], "geometry": [7.269022273627879, 2.694685338577252, 4.440892098500626e-16, 8.335220190701108, -3.0258701552060903e-15, 2.1128857921193007e-15, 8.500221208698022, -1.19079147220186, 2.641777802865138, 5.939221587447426, -1.5937174548389121, 3.938351788165111, 4.153314625778609, -3.095865759249548, 2.4502528345340697, 1.5894974435449543, -3.006097158850807, 3.4938338496773245, 0.1767335475690135, -0.554092075350231, 2.842560480854738, -0.0, -0.0, 0.0, -1.4033658698818223, -2.034707832239053, -1.512859379981878, 5.011829701030845, -5.663251445144173, 1.8728052218661422, 5.48037934848179, -7.448098019511684, 4.121853436302282, 6.275122964745045, -10.097748489307182, 3.2624258154135712, 6.77127719041208, -11.907895569316349, 5.468930305508033, 8.393815575833646, 3.9441285552386254, 1.2127155949984958, 7.275761453106643, 3.496924067602528, -1.908264133263563, 5.31772557867762, 2.742635663463048, 0.6815597651782679, 10.232479613197853, 0.020730515847710462, -0.8364227186811015, 7.161471295817445, -1.1993477788705382, -1.2120862231322338, 9.641935547646545, 0.02266068969758961, 3.879278110017239, 9.51919672055104, -2.99119646062435, 2.5229566753634454, 6.261399811907469, -2.4173557333428226, 5.832216702672428, 5.069328194213379, 0.2512315381726584, 4.270754997542475, 1.580276418272715, -3.2617209282831356, 5.567279549433262, 0.5344932213879607, -4.60675893366966, 2.71654874779872, -1.731080701045655, -0.6917628410792209, 3.650618756904092, 1.0780375256528019, 1.052830378069179, 3.7917949392184176, -0.9537872286104876, 1.823167090653398, -0.2581852614215251, 1.911657893128635, 0.21063936478167042, -0.760483771960003, -1.624121349743014, -1.4675771991750017, -3.491447538045139, -3.296689374487853, -2.378695261115768, -0.7415618121363575, -0.3789718131421742, -3.832043076564138, -1.4989087334095048, 6.744193563877536, -5.535854971790122, 0.7450678504451782, 3.5927077486600134, -6.514852727217789, 0.6242570034308432, 3.7631714734893995, -7.584075802466465, 5.277425323812723, 6.952990398347808, -6.664286190607632, 5.3530384913879585, 7.981995975113213, -9.9534446637801, 2.090368176200721, 4.80136114193042, -10.891597115010978, 2.0355279708560587, 5.077779055949187, -12.13730166506525, 6.639631370428942, 7.333875054109199, -13.78423928795327, 4.798956110730982, 8.283328520333196, -11.194910572235976, 6.6922524436311175], "name": "C12H27N", "identifiers": {"molecule_hash": "b0293819a620916fc7570b9bf027271581590f19", "molecular_formula": "C12H27N"}, "molecular_charge": 0.0, "molecular_multiplicity": 1, "connectivity": [[0, 1, 1.0], [0, 13, 1.0], [0, 14, 1.0], [0, 15, 1.0], [1, 2, 1.0], [1, 16, 1.0], [1, 17, 1.0], [2, 3, 1.0], [2, 18, 1.0], [2, 19, 1.0], [3, 4, 1.0], [3, 20, 1.0], [3, 21, 1.0], [4, 5, 1.0], [4, 9, 1.0], [5, 6, 1.0], [5, 22, 1.0], [5, 23, 1.0], [6, 7, 1.0], [6, 24, 1.0], [6, 25, 1.0], [7, 8, 1.0], [7, 26, 1.0], [7, 27, 1.0], [8, 28, 1.0], [8, 29, 1.0], [8, 30, 1.0], [9, 10, 1.0], [9, 31, 1.0], [9, 32, 1.0], [10, 11, 1.0], [10, 33, 1.0], [10, 34, 1.0], [11, 12, 1.0], [11, 35, 1.0], [11, 36, 1.0], [12, 37, 1.0], [12, 38, 1.0], [12, 39, 1.0]], "fix_com": true, "fix_orientation": true, "provenance": {"creator": "QCElemental", "version": "v0.22.0", "routine": "qcelemental.molparse.from_schema"}, "id": "223485"}