{"schema_name": "qcschema_molecule", "schema_version": 2, "validated": true, "symbols": ["C", "C", "C", "C", "N", "C", "C", "C", "C", "C", "C", "C", "C", "H", "H", "H", "H", "H", "H", "H", "H", "H", "H", "H", "H", "H", "H", "H", "H", "H", "H", "H", "H", "H", "H", "H", "H", "H", "H", "H"], "geometry": [6.550356192732914, 2.7960971436232276, 4.440892098500626e-16, 5.819769165298177, -1.6468655265406719e-15, -3.334761336296617e-15, 4.131851126954096, -0.7869745304030228, 2.2176457479238723, 1.4977038767241804, 0.4110889977898322, 2.2692466337686716, 0.0, 0.0, -0.0, -2.2137917974412558, 1.6349208628354965, -0.11126967817187727, -1.6403865115606144, 4.296351585388653, -1.0978936276249505, -0.638127995100221, 4.406370029939746, -3.81262900857968, -2.5590691356060677, 3.6274877946111674, -5.828416192878233, -0.5346892721982929, -2.6305960236395043, -0.5996624095249785, -2.1621874921428494, -4.119387923755514, 1.2850684600545046, -2.6982447901421844, -6.809492075083449, 0.3680124230846915, -4.299461737604875, -8.338344519890708, 2.222559310760486, 7.472291290718013, 3.322688622900558, 1.758705495076443, 7.852636174003798, 3.207283046298172, -1.5313611747268612, 4.917201426679019, 4.01006178514697, -0.24268134146915377, 7.535865226130791, -1.1290693232045086, 0.0693340297855971, 4.888202188192128, -0.4586437015023956, -1.7676849211483776, 5.059684396692388, -0.2868307995714141, 3.98448170376574, 3.9683450941473932, -2.83322723212126, 2.2408322938307137, 0.5148173081618237, -0.2503594865815151, 3.961913413189249, 1.709159075241758, 2.4320575768064723, 2.5073990397277846, -3.124282268900815, 1.7965373941864677, 1.7348619933348477, -3.595313724515395, 0.7610112975073013, -1.3442714854809976, -3.3695602986032815, 5.404754608912547, -0.9627496665246278, -0.28842585381206987, 5.213358479155314, 0.1452302756915147, -0.031041183803314443, 6.331627925094158, -4.198434996123855, 1.0298832606781336, 3.22482288883451, -3.961222511587125, -1.7779681479739975, 3.8734156529494745, -7.709797824599981, -4.265136235353556, 4.76541402880687, -5.709555048876423, -3.1068999459461026, 1.65930341559317, -5.650020448259933, 1.2451527942992673, -3.6122046446323575, -0.8585019870620909, -1.4551018643604425, -2.6573777032740074, -2.4334998132070025, -3.9439131338340845, -3.1417769936647435, 1.5949897006401696, -1.2250448771949551, -4.20935668058025, 3.111082756739894, -0.9186513583042903, -7.78697323568633, 0.04166595541161966, -3.6532507060512236, -6.73342605121339, -1.4513956896040585, -6.119754384448873, -7.444216052906642, 2.540792690016048, -4.648668175774157, -10.233094515418783, 1.5174748767604713, -3.363847246632861, -8.510641023499172, 4.041632084896627], "name": "C12H27N", "identifiers": {"molecule_hash": "654cfd4cbb17eb75b9ad2a7e9d0beecf6588267c", "molecular_formula": "C12H27N"}, "molecular_charge": 0.0, "molecular_multiplicity": 1, "connectivity": [[0, 1, 1.0], [0, 13, 1.0], [0, 14, 1.0], [0, 15, 1.0], [1, 2, 1.0], [1, 16, 1.0], [1, 17, 1.0], [2, 3, 1.0], [2, 18, 1.0], [2, 19, 1.0], [3, 4, 1.0], [3, 20, 1.0], [3, 21, 1.0], [4, 5, 1.0], [4, 9, 1.0], [5, 6, 1.0], [5, 22, 1.0], [5, 23, 1.0], [6, 7, 1.0], [6, 24, 1.0], [6, 25, 1.0], [7, 8, 1.0], [7, 26, 1.0], [7, 27, 1.0], [8, 28, 1.0], [8, 29, 1.0], [8, 30, 1.0], [9, 10, 1.0], [9, 31, 1.0], [9, 32, 1.0], [10, 11, 1.0], [10, 33, 1.0], [10, 34, 1.0], [11, 12, 1.0], [11, 35, 1.0], [11, 36, 1.0], [12, 37, 1.0], [12, 38, 1.0], [12, 39, 1.0]], "fix_com": true, "fix_orientation": true, "provenance": {"creator": "QCElemental", "version": "v0.22.0", "routine": "qcelemental.molparse.from_schema"}, "id": "217412"}