{"schema_name": "qcschema_molecule", "schema_version": 2, "validated": true, "symbols": ["C", "C", "C", "C", "N", "C", "C", "C", "C", "C", "C", "C", "C", "H", "H", "H", "H", "H", "H", "H", "H", "H", "H", "H", "H", "H", "H", "H", "H", "H", "H", "H", "H", "H", "H", "H", "H", "H", "H", "H"], "geometry": [0.0, -0.0, 0.0, 2.8882809426938394, 6.469937140753477e-16, -1.5853514794456882e-16, 3.997713690663757, 2.107583287660379, 1.6479682162090032, 6.905283892118298, 2.2290721050668103, 1.74847102654842, 8.02412339896675, 4.202286292338809, 0.18702779634601463, 10.644034108571752, 4.697538367234211, 0.8541276660278663, 11.623894993931875, 7.281949057732276, -4.440892098500626e-16, 10.114433912063827, 9.509061418982784, 1.0556838746313963, 11.19984398154703, 12.065933066585954, 0.2633265625339458, 7.522620471026238, 3.991600507666204, -2.511456775867504, 8.741032455920466, 1.7642954477568105, -3.9699630193661304, 11.106440909717259, 2.4472487764172595, -5.495494740529808, 12.165635782691202, 0.20090200528819446, -6.969887211531628, -0.7407180194490595, 1.7624570353385365, -0.7484358364333896, -0.7445854988012224, -1.5286288857481591, -1.1481106055665353, -0.741430907447057, -0.22766059470921224, 1.9010396831166592, 3.5662432897992655, -1.8137002144988406, 0.6909310132256098, 3.563632747973661, 0.15991442056152883, -1.9309701679182496, 3.279575149263083, 3.936211922733175, 1.054693444851484, 3.3044409088592515, 1.8249768553982946, 3.561897189914725, 7.686520896487421, 0.35957765012583837, 1.3377012118003997, 7.452843808300897, 2.6499814647853865, 3.6752077013726177, 11.918184871469148, 3.223946221670939, 0.16691861352700632, 10.770892443561475, 4.639039625004818, 2.8995506619767504, 13.57934984926761, 7.427740793022861, 0.623443553252718, 11.683614771760151, 7.4030703480508055, -2.0482338232479087, 8.164153402046896, 9.362061433588881, 0.4439213495987966, 10.08217235987981, 9.388733124623807, 3.1084340300047635, 13.134628583547002, 12.290637436961381, 0.9139508731109065, 10.097806255054493, 13.613269276137153, 1.038910744361242, 11.205055969418446, 12.269504414250825, -1.7802493799747239, 5.492783651047507, 3.9011531154011374, -2.733086695758601, 8.079028996496998, 5.753886898219521, -3.395947201769265, 9.187526180834581, 0.23401861899217247, -2.6759684821304046, 7.349825778134042, 0.9993532278602599, -5.276521092140067, 12.564041400368726, 3.186714858464997, -4.254956667945084, 10.645840091109507, 3.962137900467448, -6.807724316847967, 10.776675688105415, -0.5434043840718008, -8.285999482700594, 13.826337970037313, 0.7354006175296124, -8.04969977227786, 12.706164486943567, -1.3252016129274784, -5.707265279447616], "name": "C12H27N", "identifiers": {"molecule_hash": "c63a65806d202afeae4a2f7954882bf843d7bee4", "molecular_formula": "C12H27N"}, "molecular_charge": 0.0, "molecular_multiplicity": 1, "connectivity": [[0, 1, 1.0], [0, 13, 1.0], [0, 14, 1.0], [0, 15, 1.0], [1, 2, 1.0], [1, 16, 1.0], [1, 17, 1.0], [2, 3, 1.0], [2, 18, 1.0], [2, 19, 1.0], [3, 4, 1.0], [3, 20, 1.0], [3, 21, 1.0], [4, 5, 1.0], [4, 9, 1.0], [5, 6, 1.0], [5, 22, 1.0], [5, 23, 1.0], [6, 7, 1.0], [6, 24, 1.0], [6, 25, 1.0], [7, 8, 1.0], [7, 26, 1.0], [7, 27, 1.0], [8, 28, 1.0], [8, 29, 1.0], [8, 30, 1.0], [9, 10, 1.0], [9, 31, 1.0], [9, 32, 1.0], [10, 11, 1.0], [10, 33, 1.0], [10, 34, 1.0], [11, 12, 1.0], [11, 35, 1.0], [11, 36, 1.0], [12, 37, 1.0], [12, 38, 1.0], [12, 39, 1.0]], "fix_com": true, "fix_orientation": true, "provenance": {"creator": "QCElemental", "version": "v0.22.0", "routine": "qcelemental.molparse.from_schema"}, "id": "215800"}