{"schema_name": "qcschema_molecule", "schema_version": 2, "validated": true, "symbols": ["C", "C", "C", "C", "N", "C", "C", "C", "C", "C", "C", "C", "C", "H", "H", "H", "H", "H", "H", "H", "H", "H", "H", "H", "H", "H", "H", "H", "H", "H", "H", "H", "H", "H", "H", "H", "H", "H", "H", "H"], "geometry": [0.0, 0.0, -0.0, 2.888508061050321, 1.4230910763303055e-16, -3.7414634737988364e-16, 4.003641419118472, 1.636822326219677, 2.1039039837190234, 6.893642055565715, 1.664077354071825, 2.1636128664153955, 8.063361080752895, 2.919506698550018, 4.440892098500626e-16, 8.023716180985888, 5.667620578067318, 0.2992317370518822, 7.970272824830488, 7.123607489808678, -2.1981611687160014, 5.411695619918047, 7.026109602767134, -3.539929023991008, 5.428726823823685, 8.38675711780349, -6.087436896515936, 10.650028189376776, 2.0280061076972666, -0.3897219148820415, 10.918458583338776, -0.5736528101307798, -1.6503342515751014, 10.886576176910875, -0.5900721474461279, -4.549979140860726, 8.323897287198015, -0.05676148664866054, -5.767629882522876, -0.7406719594857373, 1.894715446642511, -0.2789029333808312, -0.7467951716777756, -0.7038169966226716, 1.7787833356806788, -0.7430309438700081, -1.1854373468824166, -1.5008650778620083, 3.5659970435440718, -1.930614170235815, 0.21485781100623855, 3.5801864696032903, 0.6596672330714861, -1.8112742659366736, 3.273083324021473, 3.5489142524976733, 1.937486163965692, 3.3472923449100183, 0.936983079770621, 3.924260634256576, 7.539702612371585, -0.2771817625636462, 2.216830015413398, 7.537477338719162, 2.525997734617598, 3.929580676529436, 9.640484320613982, 6.2834369115921405, 1.4290048232991186, 6.360016811803777, 6.188558916153539, 1.3716192269865228, 8.445995019851642, 9.086866997053887, -1.8078064084352468, 9.434471903465989, 6.422759929334063, -3.456231033435756, 4.853623450740901, 5.0722378287437975, -3.805381656622129, 3.985777233557527, 7.87827271955989, -2.3266496677998747, 6.777209834667891, 7.528839940108622, -7.376291170805171, 5.94397592421722, 10.363013123787123, -5.872977593851534, 3.5827085470994353, 8.316743932370029, -6.980088357945581, 11.651590366511456, 1.9999065122765494, 1.4192611371017456, 11.633861855367996, 3.3988600521768837, -1.5500600116596397, 12.723554547165204, -1.3505724437633373, -1.0472397614148732, 9.486862647229398, -1.8649622752374704, -0.9474053764032846, 12.27123872773414, 0.7644468242192537, -5.242658951471565, 11.539486615835857, -2.4345873697485945, -5.179853565775324, 7.621376396270318, 1.796164779680055, -5.26734452094514, 6.926719933658812, -1.4340522488385703, -5.164666479026313, 8.461189912970907, -0.16110574452585702, -7.813315442592279], "name": "C12H27N", "identifiers": {"molecule_hash": "7af7cea451dde11e64feb853c3f6af5f653df67f", "molecular_formula": "C12H27N"}, "molecular_charge": 0.0, "molecular_multiplicity": 1, "connectivity": [[0, 1, 1.0], [0, 13, 1.0], [0, 14, 1.0], [0, 15, 1.0], [1, 2, 1.0], [1, 16, 1.0], [1, 17, 1.0], [2, 3, 1.0], [2, 18, 1.0], [2, 19, 1.0], [3, 4, 1.0], [3, 20, 1.0], [3, 21, 1.0], [4, 5, 1.0], [4, 9, 1.0], [5, 6, 1.0], [5, 22, 1.0], [5, 23, 1.0], [6, 7, 1.0], [6, 24, 1.0], [6, 25, 1.0], [7, 8, 1.0], [7, 26, 1.0], [7, 27, 1.0], [8, 28, 1.0], [8, 29, 1.0], [8, 30, 1.0], [9, 10, 1.0], [9, 31, 1.0], [9, 32, 1.0], [10, 11, 1.0], [10, 33, 1.0], [10, 34, 1.0], [11, 12, 1.0], [11, 35, 1.0], [11, 36, 1.0], [12, 37, 1.0], [12, 38, 1.0], [12, 39, 1.0]], "fix_com": true, "fix_orientation": true, "provenance": {"creator": "QCElemental", "version": "v0.22.0", "routine": "qcelemental.molparse.from_schema"}, "id": "215939"}