{"schema_name": "qcschema_molecule", "schema_version": 2, "validated": true, "symbols": ["C", "C", "C", "C", "N", "C", "C", "C", "C", "C", "C", "C", "C", "H", "H", "H", "H", "H", "H", "H", "H", "H", "H", "H", "H", "H", "H", "H", "H", "H", "H", "H", "H", "H", "H", "H", "H", "H", "H", "H"], "geometry": [8.357280679651803, 2.8856300753106168, -2.220446049250313e-16, 8.198990725148198, -3.226554559877025e-16, -2.4739642351862963e-15, 6.732152298644115, -1.1094431328351446, 2.236933133665643, 3.9129540902670534, -0.46082258654855, 2.327284966619678, 2.4966461383821206, -1.1606560446830438, 0.07653036701714666, 0.0, 0.0, -0.0, 0.01774320556396458, 2.7230561535374886, -0.984928572942214, 0.9409990017605869, 3.0327691754832315, -3.7122149457664593, -0.8132270262066805, 1.88793472797395, -5.7052316302874235, 2.4891614626501637, -3.8445947764648283, -0.5250840663702074, 1.216951725973448, -5.629458986454178, 1.3757590008827492, 1.2156854587901003, -8.371746943523807, 0.45659377974389725, -0.023194631328637527, -10.190603094101792, 2.3267724063020285, 9.179476634996654, 3.584198270406376, 1.7482288800873804, 9.530509857082915, 3.5494137708170315, -1.5469319786087876, 6.5117135756172635, 3.7496826560678813, -0.2170116965602682, 10.106544546610571, -0.7641924085032491, 0.042881409763484646, 7.353686234646757, -0.6338996459315178, -1.756847351207173, 7.565511575777943, -0.43562114080433645, 3.9931232888167507, 6.980293268435068, -3.1472147079277346, 2.2552368169105774, 3.104766719949507, -1.3062637513851671, 4.030447713262047, 3.720383275620265, 1.5615409074700959, 2.5695786855306872, -0.8992926955974593, -0.024586659985986747, 1.8584894657114885, -1.1961183619990206, -1.130957340740617, -1.2177235226848537, -1.8957285084347557, 3.464237069247036, -0.8232499148298044, 1.1764402911425338, 3.8903420071044006, 0.24345292408813402, 1.1466945754680182, 5.040711342710651, -4.099353426619507, 2.808945038461667, 2.2077256902672406, -3.886788931997633, -0.12245796974260736, 2.2861003273097182, -7.5958660144833665, -2.7101663292424867, 2.6626661314137383, -5.560036699290234, -0.9551172308523529, -0.1500995508615497, -5.526410948085191, 4.425316984045639, -4.451331419883488, -0.8106775464853151, 1.567773026657985, -4.053034225852886, -2.346740611187756, -0.7195589693424571, -5.027053399658932, 1.7124404589170863, 2.1779070938657688, -5.5320822387190045, 3.1889720108666437, 3.1498581797064977, -8.97443837392386, 0.10351709639874462, 0.24008914481478838, -8.48631458956142, -1.3498265220035917, -1.9807345341672908, -9.677700635304364, 2.671985551839683, 0.0028988937220644218, -12.116408184102552, 1.6198349095180244, 0.9525858164768977, -10.174199811538113, 4.1327817552472235], "name": "C12H27N", "identifiers": {"molecule_hash": "654cfd4cbb17eb75b9ad2a7e9d0beecf6588267c", "molecular_formula": "C12H27N"}, "molecular_charge": 0.0, "molecular_multiplicity": 1, "connectivity": [[0, 1, 1.0], [0, 13, 1.0], [0, 14, 1.0], [0, 15, 1.0], [1, 2, 1.0], [1, 16, 1.0], [1, 17, 1.0], [2, 3, 1.0], [2, 18, 1.0], [2, 19, 1.0], [3, 4, 1.0], [3, 20, 1.0], [3, 21, 1.0], [4, 5, 1.0], [4, 9, 1.0], [5, 6, 1.0], [5, 22, 1.0], [5, 23, 1.0], [6, 7, 1.0], [6, 24, 1.0], [6, 25, 1.0], [7, 8, 1.0], [7, 26, 1.0], [7, 27, 1.0], [8, 28, 1.0], [8, 29, 1.0], [8, 30, 1.0], [9, 10, 1.0], [9, 31, 1.0], [9, 32, 1.0], [10, 11, 1.0], [10, 33, 1.0], [10, 34, 1.0], [11, 12, 1.0], [11, 35, 1.0], [11, 36, 1.0], [12, 37, 1.0], [12, 38, 1.0], [12, 39, 1.0]], "fix_com": true, "fix_orientation": true, "provenance": {"creator": "QCElemental", "version": "v0.22.0", "routine": "qcelemental.molparse.from_schema"}, "id": "217412"}