{"schema_name": "qcschema_molecule", "schema_version": 2, "validated": true, "symbols": ["C", "C", "C", "C", "N", "C", "C", "C", "C", "C", "C", "C", "C", "H", "H", "H", "H", "H", "H", "H", "H", "H", "H", "H", "H", "H", "H", "H", "H", "H", "H", "H", "H", "H", "H", "H", "H", "H", "H", "H"], "geometry": [8.316001331766474, 1.154796537598986, 3.3306690738754696e-16, 5.687225404214311, -1.5772516500109822e-15, 2.7581728463952814e-16, 4.0747158608298015, 0.8895837897925367, 2.2084366587191417, 1.4632323516010974, -0.31093674467280796, 2.3062004269046237, 0.0, -0.0, 0.0, -0.3804063185973311, 2.617871056173586, -0.7574517056149033, -1.7826867996833307, 4.320061211766251, 1.1103924317995657, -2.3522375835756764, 6.94687556932964, 0.0671641548659454, -0.018117700553060168, 8.550603342962635, -0.43869742600260064, -2.325043703822422, -1.4692408505887387, 0.06163605272079342, -1.9190142358196391, -4.259952271231217, -0.5303160351170138, -0.8317042487233297, -4.720087808302032, -3.150824207125291, -0.3469122660386108, -7.495426291430707, -3.7019483208935062, 9.444028988220612, 0.48966141137232455, -1.6061381896411209, 9.350883201532678, 0.677670847536643, 1.7349823577162464, 8.225481691737993, 3.2256093772619314, -0.11337735528368853, 5.8266099924725845, -2.0746726870303407, 0.057628703763803246, 4.710493015522909, 0.4445819824248374, -1.7772329277525722, 5.0376666239397805, 0.44975008066734934, 3.997062843825217, 3.9118083321443207, 2.9637545911086725, 2.1634536078380227, 0.4319131986445426, 0.4100355988463451, 3.983571062144704, 1.6931875707972015, -2.3496376055077164, 2.616800310190582, -1.4234014190193771, 2.5849639361475485, -2.5549034458193995, 1.4763585473542074, 3.4347393093334664, -1.1972826349470864, -0.6730190878825457, 4.509717471335796, 2.8600526795490113, -3.567217635566666, 3.4020938272580405, 1.6499518561981412, -3.581463610594075, 7.947154489121385, 1.4087138472257656, -3.457592649061688, 6.7599103151050155, -1.68590633581444, -0.5386254787437452, 10.456033189648855, -1.0662917602000208, 1.189747776756012, 7.727900246912434, -1.909391703128267, 1.1354328021123443, 8.749697286118662, 1.2762813535003459, -3.6038916161218113, -0.6764539224281918, -1.3699866072423503, -3.3133150318634406, -1.2875098237842213, 1.8994826088324883, -3.74496353874267, -5.235868519806355, -0.33569774603264246, -0.6727858225228736, -5.117995420553453, 0.8963236216728596, -2.137424854532969, -3.941770025316797, -4.572181903511621, 0.9248660836673017, -3.630153740371412, -3.330494180005509, -2.0926777339093894, -8.611062339394326, -3.5700397800184227, 1.0044760116857816, -8.303646090848414, -2.349337189358943, 0.430765448894312, -7.772508372189905, -5.60300390744103], "name": "C12H27N", "identifiers": {"molecule_hash": "15cdb5b3f34f177add84b4475cba186a530bf9be", "molecular_formula": "C12H27N"}, "molecular_charge": 0.0, "molecular_multiplicity": 1, "connectivity": [[0, 1, 1.0], [0, 13, 1.0], [0, 14, 1.0], [0, 15, 1.0], [1, 2, 1.0], [1, 16, 1.0], [1, 17, 1.0], [2, 3, 1.0], [2, 18, 1.0], [2, 19, 1.0], [3, 4, 1.0], [3, 20, 1.0], [3, 21, 1.0], [4, 5, 1.0], [4, 9, 1.0], [5, 6, 1.0], [5, 22, 1.0], [5, 23, 1.0], [6, 7, 1.0], [6, 24, 1.0], [6, 25, 1.0], [7, 8, 1.0], [7, 26, 1.0], [7, 27, 1.0], [8, 28, 1.0], [8, 29, 1.0], [8, 30, 1.0], [9, 10, 1.0], [9, 31, 1.0], [9, 32, 1.0], [10, 11, 1.0], [10, 33, 1.0], [10, 34, 1.0], [11, 12, 1.0], [11, 35, 1.0], [11, 36, 1.0], [12, 37, 1.0], [12, 38, 1.0], [12, 39, 1.0]], "fix_com": true, "fix_orientation": true, "provenance": {"creator": "QCElemental", "version": "v0.22.0", "routine": "qcelemental.molparse.from_schema"}, "id": "251899"}