{"schema_name": "qcschema_molecule", "schema_version": 2, "validated": true, "symbols": ["C", "C", "C", "C", "N", "C", "C", "C", "C", "C", "C", "C", "C", "H", "H", "H", "H", "H", "H", "H", "H", "H", "H", "H", "H", "H", "H", "H", "H", "H", "H", "H", "H", "H", "H", "H", "H", "H", "H", "H"], "geometry": [0.0, 0.0, -0.0, 2.8968399731329235, 8.825633613697408e-17, -6.735555489902636e-17, 4.067721120350391, 1.4449240221629729, 2.2264249783564805, 3.2810239886725063, 4.237663197709712, 2.3922452643449437, 3.537176222706416, 5.605374337791066, 1.3322676295501878e-15, 1.9840837315586768, 7.897930574278435, -0.10468986993583895, 2.751145680683398, 10.09242336497638, 1.6479321866295749, 0.962262565234149, 12.373314150569723, 1.4733291133154074, 1.0382746310946125, 13.745069816753867, -1.0817786122430606, 6.183350551002072, 5.96738683943117, -0.7229892169907517, 6.527700150985717, 7.0858637190162135, -3.3701987838123717, 9.29223493075003, 7.083565859599512, -4.262526722114749, 10.391853509803388, 4.444773646743544, -4.751669383275268, -0.7437269562958962, -1.1867890373715042, -1.5244787222741152, -0.7447405694415767, 1.9090255883578124, -0.2786839511674053, -0.7545864401605107, -0.7278127690828945, 1.7886808679283184, 3.5688505101021937, 0.8307031824093577, -1.7728298237212874, 3.588219300397562, -1.954758519835726, 0.046745934651183596, 6.131581866878084, 1.2876284257117958, 2.131778468480498, 3.518084429131243, 0.5427648900201425, 4.013312990694528, 1.2881999566099829, 4.33483773441482, 2.9430665380513874, 4.360043259766456, 5.135649738024283, 3.9415499320640413, 1.945862407159131, 8.551742142072293, -2.0641323978231307, 0.03744098159079756, 7.338233166315478, 0.3414539257986138, 2.7949586531659487, 9.41613722385811, 3.606148634639108, 4.67942563916899, 10.711738499943994, 1.1997185245521624, -0.979606115283042, 11.754919773389279, 1.8685417281913272, 1.4508504180426187, 13.72098731960504, 2.970805462166192, -0.16158278834044593, 15.431611252509203, -1.0571497108617667, 2.966878895855329, 14.35203598064691, -1.5367035651047347, 0.37973665339104046, 12.541126169254149, -2.629560822338674, 7.2221118406012135, 7.148020460512976, 0.6586885030897327, 7.083755638482716, 4.1098347205243115, -0.6733734585523821, 5.3569189486824715, 6.010894797023023, -4.703084438589818, 5.832215981267887, 9.036264765022988, -3.40613291351392, 9.417843171602266, 8.192341420711344, -6.009185986810229, 10.466107862738749, 8.076611475947786, -2.8682496739519387, 9.236318736279745, 3.4054501563769017, -6.121825082353125, 12.312382195285407, 4.570906006092034, -5.513550503918665, 10.487260618707081, 3.3082187266202747, -3.0258159248936978], "name": "C12H27N", "identifiers": {"molecule_hash": "4409eefa8382656e998a9edda6181e7f82144a94", "molecular_formula": "C12H27N"}, "molecular_charge": 0.0, "molecular_multiplicity": 1, "connectivity": [[0, 1, 1.0], [0, 13, 1.0], [0, 14, 1.0], [0, 15, 1.0], [1, 2, 1.0], [1, 16, 1.0], [1, 17, 1.0], [2, 3, 1.0], [2, 18, 1.0], [2, 19, 1.0], [3, 4, 1.0], [3, 20, 1.0], [3, 21, 1.0], [4, 5, 1.0], [4, 9, 1.0], [5, 6, 1.0], [5, 22, 1.0], [5, 23, 1.0], [6, 7, 1.0], [6, 24, 1.0], [6, 25, 1.0], [7, 8, 1.0], [7, 26, 1.0], [7, 27, 1.0], [8, 28, 1.0], [8, 29, 1.0], [8, 30, 1.0], [9, 10, 1.0], [9, 31, 1.0], [9, 32, 1.0], [10, 11, 1.0], [10, 33, 1.0], [10, 34, 1.0], [11, 12, 1.0], [11, 35, 1.0], [11, 36, 1.0], [12, 37, 1.0], [12, 38, 1.0], [12, 39, 1.0]], "fix_com": true, "fix_orientation": true, "provenance": {"creator": "QCElemental", "version": "v0.22.0", "routine": "qcelemental.molparse.from_schema"}, "id": "220098"}