{"schema_name": "qcschema_molecule", "schema_version": 2, "validated": true, "symbols": ["C", "C", "C", "C", "N", "C", "C", "C", "C", "C", "C", "C", "C", "H", "H", "H", "H", "H", "H", "H", "H", "H", "H", "H", "H", "H", "H", "H", "H", "H", "H", "H", "H", "H", "H", "H", "H", "H", "H", "H"], "geometry": [0.0, 0.0, 0.0, 2.8899682768559765, -8.529537996253826e-16, -2.7139762815786125e-16, 4.07808798261512, 0.2536812728659106, -2.628757549782628, 3.5848548177033286, 2.7620117856845816, -3.9858683368570023, 4.361212057932063, 5.000023646434013, -2.589385720417317, 3.3390451332535447, 7.320174354821382, -3.665627682011582, 0.6191047908078344, 7.878701050477317, -2.843796559312989, 0.2592879246004345, 8.290729365764678, -2.220446049250313e-16, 1.4984866728429056, 10.693241932841415, 1.0258607125595924, 7.041531816365059, 5.144636216024528, -1.9889723127894383, 8.893398464482974, 5.341957545783199, -4.213633284472621, 11.631639262775114, 5.620345514774135, -3.325068702710296, 13.515621286894465, 5.7999750687771225, -5.50657612317594, -0.7425530484102665, -1.4826339034580056, -1.2127322903138422, -0.7270476306604511, -0.3223203552636977, 1.8914506007221144, -0.7616697381698091, 1.78723325699295, -0.6522693993331208, 3.5485325956861877, -1.7597175328093715, 0.83323326684669, 3.5692155572127966, 1.510291628902455, 1.208521156626016, 3.3596325503183606, -1.2436960449113728, -3.843010646459117, 6.09920937957247, -0.07585774138296242, -2.4842089599814203, 4.473293080087787, 2.6795679195726234, -5.849354691291417, 1.5760746720690126, 2.9244986019820116, -4.338209404363559, 3.4128511355846793, 7.289723584714297, -5.728863096351051, 4.533818814711594, 8.877938834874557, -3.0838202439651496, -0.016158442275894913, 9.55098239621397, -3.862019945396564, -0.6098932237866359, 6.351353838301965, -3.4527552409123663, -1.7569064734150768, 8.378763430408627, 0.38888143720562884, 0.9807813810899102, 6.660760769851664, 1.01145676811888, 1.063083820502091, 10.942554587934616, 3.0154495305696125, 0.8288177987661021, 12.359786711813463, 0.028944901852014038, 3.5412332492800753, 10.640043098958783, 0.852512228880175, 7.541310152416421, 3.5141703174914833, -0.853105347904929, 7.300124854784755, 6.7727121773821555, -0.76695163954032, 8.397964137261962, 6.9496535414739, -5.395233462667552, 8.743534240424637, 3.6768970180535296, -5.407690662909432, 12.127487060543107, 4.0220639393360065, -2.1298468881501433, 11.799470496460621, 7.29459429384325, -2.1432091836846734, 13.110707548560853, 7.418242723411196, -6.703011738565192, 15.437106304038164, 5.9988970027209305, -4.815568066659968, 13.445796974356423, 4.120938306798812, -6.685578428423837], "name": "C12H27N", "identifiers": {"molecule_hash": "654cfd4cbb17eb75b9ad2a7e9d0beecf6588267c", "molecular_formula": "C12H27N"}, "molecular_charge": 0.0, "molecular_multiplicity": 1, "connectivity": [[0, 1, 1.0], [0, 13, 1.0], [0, 14, 1.0], [0, 15, 1.0], [1, 2, 1.0], [1, 16, 1.0], [1, 17, 1.0], [2, 3, 1.0], [2, 18, 1.0], [2, 19, 1.0], [3, 4, 1.0], [3, 20, 1.0], [3, 21, 1.0], [4, 5, 1.0], [4, 9, 1.0], [5, 6, 1.0], [5, 22, 1.0], [5, 23, 1.0], [6, 7, 1.0], [6, 24, 1.0], [6, 25, 1.0], [7, 8, 1.0], [7, 26, 1.0], [7, 27, 1.0], [8, 28, 1.0], [8, 29, 1.0], [8, 30, 1.0], [9, 10, 1.0], [9, 31, 1.0], [9, 32, 1.0], [10, 11, 1.0], [10, 33, 1.0], [10, 34, 1.0], [11, 12, 1.0], [11, 35, 1.0], [11, 36, 1.0], [12, 37, 1.0], [12, 38, 1.0], [12, 39, 1.0]], "fix_com": true, "fix_orientation": true, "provenance": {"creator": "QCElemental", "version": "v0.22.0", "routine": "qcelemental.molparse.from_schema"}, "id": "217412"}