{"schema_name": "qcschema_molecule", "schema_version": 2, "validated": true, "symbols": ["C", "C", "C", "C", "N", "C", "C", "C", "C", "C", "C", "C", "C", "H", "H", "H", "H", "H", "H", "H", "H", "H", "H", "H", "H", "H", "H", "H", "H", "H", "H", "H", "H", "H", "H", "H", "H", "H", "H", "H"], "geometry": [0.0, -0.0, 0.0, 2.8962907258433317, -9.130379588478307e-16, 6.695227081190982e-16, 4.006830985145836, 2.128035374315279, 1.632719310615863, 6.914369296944789, 2.2606271209240556, 1.7305857801102098, 8.048786756575716, 4.105059557011453, -4.440892098500626e-16, 10.738908936305357, 4.451354165760213, 0.5522952716447787, 11.946249234662153, 6.7173704330370025, -0.7871730546579261, 10.61930281939968, 9.234688169263011, -0.2475911212662365, 11.893192984293979, 11.473257371820518, -1.571226272971931, 7.423415897533946, 3.732454332246811, -2.6744024200831547, 8.376794414747813, 1.306451148562053, -4.0086729889299075, 10.988268887297334, 1.4982578485464992, -5.2591963693918435, 11.706189489385014, -0.9112595713143754, -6.6984225592519895, -0.744362006637977, 1.7730366313147996, -0.7711102784140142, -0.7581817856552021, -1.551521111540235, -1.1415634477694019, -0.7482236313862439, -0.2054162573869195, 1.9211740296462818, 3.587631684968046, -1.8214253879880584, 0.7131300419573204, 3.579434196920325, 0.1437526357036223, -1.9474458867831297, 3.27835134504917, 3.968026124286658, 1.0165476845881396, 3.3063739396229956, 1.8635996927970482, 3.5666847621570077, 7.700561396793967, 0.33787751187079407, 1.4722649519998083, 7.480704467471547, 2.844986422252936, 3.6333995702322053, 11.859200944585938, 2.7321361559032726, 0.1534034004141578, 10.892815973973423, 4.7640899168852435, 2.596410072652186, 13.921538055287318, 6.827332913111329, -0.15989647491654946, 12.028611304044865, 6.399869698436095, -2.8324174470306276, 8.637697178915886, 9.099765020968707, -0.8277967575987417, 10.589224106475768, 9.557627818984734, 1.8020032561400066, 13.866061933477102, 11.680036909176991, -0.9716322586108652, 10.919753952986142, 13.25259358384192, -1.1558520415608804, 11.891941873332737, 11.222841658636534, -3.628437138845623, 5.36357401362581, 3.80316164593963, -2.8145590931174898, 8.09336141532535, 5.38656367502484, -3.723469933161014, 8.365979248406818, -0.2800851851722741, -2.6749263412476383, 7.001478746000435, 0.8029273304816544, -5.480385203395173, 12.438744700131359, 1.900689396854726, -3.8402673023675007, 10.99637241906266, 3.109909243752, -6.5665310719259065, 10.3275015610029, -1.330492911580874, -8.187075611743523, 13.566126290723828, -0.7364114677029465, -7.590596139653714, 11.767722882722211, -2.5466387815864335, -5.427917081971748], "name": "C12H27N", "identifiers": {"molecule_hash": "055ce40e85fe6126f01e92a3c3bba0ab2213f8d9", "molecular_formula": "C12H27N"}, "molecular_charge": 0.0, "molecular_multiplicity": 1, "connectivity": [[0, 1, 1.0], [0, 13, 1.0], [0, 14, 1.0], [0, 15, 1.0], [1, 2, 1.0], [1, 16, 1.0], [1, 17, 1.0], [2, 3, 1.0], [2, 18, 1.0], [2, 19, 1.0], [3, 4, 1.0], [3, 20, 1.0], [3, 21, 1.0], [4, 5, 1.0], [4, 9, 1.0], [5, 6, 1.0], [5, 22, 1.0], [5, 23, 1.0], [6, 7, 1.0], [6, 24, 1.0], [6, 25, 1.0], [7, 8, 1.0], [7, 26, 1.0], [7, 27, 1.0], [8, 28, 1.0], [8, 29, 1.0], [8, 30, 1.0], [9, 10, 1.0], [9, 31, 1.0], [9, 32, 1.0], [10, 11, 1.0], [10, 33, 1.0], [10, 34, 1.0], [11, 12, 1.0], [11, 35, 1.0], [11, 36, 1.0], [12, 37, 1.0], [12, 38, 1.0], [12, 39, 1.0]], "fix_com": true, "fix_orientation": true, "provenance": {"creator": "QCElemental", "version": "v0.22.0", "routine": "qcelemental.molparse.from_schema"}, "id": "217993"}