{"schema_name": "qcschema_molecule", "schema_version": 2, "validated": true, "symbols": ["C", "C", "C", "C", "N", "C", "C", "C", "C", "C", "C", "C", "C", "H", "H", "H", "H", "H", "H", "H", "H", "H", "H", "H", "H", "H", "H", "H", "H", "H", "H", "H", "H", "H", "H", "H", "H", "H", "H", "H"], "geometry": [10.378373538593225, 2.3314986070930512, 0.0, 8.702995714726706, -1.0701085269053214e-15, 2.927066387388272e-15, 6.604175755310737, 0.1251597567186773, 1.9617083312595343, 4.949197144967398, -2.225516576159998, 2.0368253432123438, 3.8376191027653093, -2.88186748855451, -0.3897768251560024, 2.2963193341326673, -0.8943625592058485, -1.5051068406817545, 0.0, 0.0, -0.0, -1.5178950668216173, 1.9883154571632942, -1.418185983936818, -3.7926919784045428, 2.943160497959526, 0.051945332726501814, 2.617239340795872, -5.3403146953830785, -0.2934585894567636, 1.9611274346208118, -6.418461198766575, -2.8845475313737587, 4.127561734706134, -6.331123802433553, -4.785593336085052, 6.525921572247816, -7.625964194335137, -3.876154258429037, 9.279434600315671, 4.045300357253962, -0.4056179553494481, 11.290808096992063, 2.6069998634236633, 1.8440414756396772, 11.875640123368282, 2.197343455503389, -1.4264878941255943, 9.853774626878744, -1.69691855271082, 0.3522384384877962, 7.861339489419903, -0.2794783802899455, -1.8769200748624342, 5.439506950185901, 1.8185820664272678, 1.6358997324498974, 7.427402000695892, 0.37820635324485385, 3.8532509644411, 6.122335039167068, -3.84356774845519, 2.607042872794741, 3.505433472323931, -2.0056976931528636, 3.5404818847473054, 3.527163164698096, 0.7349378184223395, -1.890806143626802, 1.666697300822456, -1.5554886391518452, -3.3688000174457455, 0.6116738039989383, 0.7838915680708067, 1.8268748974176208, -1.2316303997679823, -1.6154183163892601, 0.44545288980608416, -0.27403958763609393, 3.5868602765174007, -1.8932847114584082, -2.144596674717863, 1.1999428489192878, -3.2383395748674784, -5.097832384214786, 1.3937568904471624, 0.5018022642874418, -3.2151661120753885, 3.8062955739142352, 1.8485343281614592, -4.852431917408774, 4.367123749246364, -1.0175206211118222, 3.955877710832477, -6.620965458876779, 0.6435992900459528, 0.9005320611640323, -5.344415071840268, 0.9091872351398715, 0.3089090474864975, -5.4399307822489105, -3.677398146788547, 1.355479220722684, -8.386527799519014, -2.5984475704627457, 4.561964650768653, -4.349209640684146, -5.227874959128554, 3.48651419852709, -7.203872426911575, -6.558217458969363, 7.968380743633373, -7.6641225987786274, -5.363884930563998, 7.33485625529206, -6.623294305835176, -2.2512770368659285, 6.162454576193073, -9.589687227969456, -3.304833893546746], "name": "C12H27N", "identifiers": {"molecule_hash": "09351e25617e24411d9b2ac2054bd9d954f34d16", "molecular_formula": "C12H27N"}, "molecular_charge": 0.0, "molecular_multiplicity": 1, "connectivity": [[0, 1, 1.0], [0, 13, 1.0], [0, 14, 1.0], [0, 15, 1.0], [1, 2, 1.0], [1, 16, 1.0], [1, 17, 1.0], [2, 3, 1.0], [2, 18, 1.0], [2, 19, 1.0], [3, 4, 1.0], [3, 20, 1.0], [3, 21, 1.0], [4, 5, 1.0], [4, 9, 1.0], [5, 6, 1.0], [5, 22, 1.0], [5, 23, 1.0], [6, 7, 1.0], [6, 24, 1.0], [6, 25, 1.0], [7, 8, 1.0], [7, 26, 1.0], [7, 27, 1.0], [8, 28, 1.0], [8, 29, 1.0], [8, 30, 1.0], [9, 10, 1.0], [9, 31, 1.0], [9, 32, 1.0], [10, 11, 1.0], [10, 33, 1.0], [10, 34, 1.0], [11, 12, 1.0], [11, 35, 1.0], [11, 36, 1.0], [12, 37, 1.0], [12, 38, 1.0], [12, 39, 1.0]], "fix_com": true, "fix_orientation": true, "provenance": {"creator": "QCElemental", "version": "v0.22.0", "routine": "qcelemental.molparse.from_schema"}, "id": "222227"}