{"schema_name": "qcschema_molecule", "schema_version": 2, "validated": true, "symbols": ["C", "C", "C", "C", "N", "C", "C", "C", "C", "C", "C", "C", "C", "H", "H", "H", "H", "H", "H", "H", "H", "H", "H", "H", "H", "H", "H", "H", "H", "H", "H", "H", "H", "H", "H", "H", "H", "H", "H", "H"], "geometry": [10.397178958110599, 2.2354840617656855, -2.220446049250313e-16, 8.556456695156546, 7.527634448161437e-15, -2.771203639469114e-15, 7.670844754957572, -0.7116591271769287, -2.6622733295637886, 5.9009229042792395, -3.004945775533891, -2.7707893953629616, 3.6356535532792043, -2.838313228712837, -1.1743564928177526, 1.9283231952809072, -0.8127032528805243, -2.0060209377151605, 0.0, 0.0, -0.0, 1.2042983392651028, 0.9808466223761038, 2.4437571688476747, -0.7566291318289223, 1.8264215853248496, 4.399465096747968, 2.313273252122527, -5.281624909384487, -1.1257382323638707, 3.5068093028928837, -7.34241998798013, 0.530803985381842, 3.531827192180461, -6.779725458270051, 3.3842061437248585, 5.729261278359888, -5.107754105548612, 4.260468778803751, 9.521135957759515, 3.9241701212694142, -0.8218127118775773, 12.095817637420321, 1.8133749493179274, -1.1092449266977522, 11.002519001894704, 2.7147391071319555, 1.9207892022562194, 9.455831961935784, -1.64674006153479, 0.882619338598291, 6.910738811535939, 0.44715285627817175, 1.1699350659731147, 6.793103353626705, 0.9374852949585982, -3.559714913605777, 9.320170403409291, -1.163816510494363, -3.8386206315353597, 6.97203701825399, -4.661646730146025, -2.150170855692336, 5.374339303174176, -3.3591255407345972, -4.76792005957472, 0.9280315355209254, -1.3504521696566454, -3.764971136359671, 3.073985672817526, 0.8408832411409919, -2.4735816746882784, -1.185063862721309, 1.4852470918753458, -0.8360257882838076, -1.2914379000458422, -1.5574145997093032, 0.45090221208741377, 2.403786339918854, -0.500086201259471, 3.244760689384527, 2.4654795743171367, 2.5664497671859126, 1.991328430428121, -2.0008487062763436, 0.25740946467177706, 4.932289244709935, -1.9539680740966983, 3.347203707850039, 3.6594601205176938, 0.1496849659762831, 2.5216602821296337, 6.125979381361832, 2.0883812763440845, -6.019677689051567, -3.073061265934682, 0.40105478854882753, -4.957917362465286, -0.4130056291443116, 2.3958022785387696, -9.061579941221408, 0.19332846745539678, 5.42834391077892, -7.786435222108526, -0.10784172644609935, 1.73117387382886, -5.892319330185088, 3.9126107603805442, 3.6078068322533463, -8.578004573917587, 4.414207079720189, 5.690007141221628, -3.2836943122835045, 3.3029061470428083, 7.548876041192307, -6.006094683316505, 3.8364092706292174, 5.652555305516675, -4.78562626333032, 6.305231863325439], "name": "C12H27N", "identifiers": {"molecule_hash": "c6d526df34408a050124aee48ae0fa4d046436aa", "molecular_formula": "C12H27N"}, "molecular_charge": 0.0, "molecular_multiplicity": 1, "connectivity": [[0, 1, 1.0], [0, 13, 1.0], [0, 14, 1.0], [0, 15, 1.0], [1, 2, 1.0], [1, 16, 1.0], [1, 17, 1.0], [2, 3, 1.0], [2, 18, 1.0], [2, 19, 1.0], [3, 4, 1.0], [3, 20, 1.0], [3, 21, 1.0], [4, 5, 1.0], [4, 9, 1.0], [5, 6, 1.0], [5, 22, 1.0], [5, 23, 1.0], [6, 7, 1.0], [6, 24, 1.0], [6, 25, 1.0], [7, 8, 1.0], [7, 26, 1.0], [7, 27, 1.0], [8, 28, 1.0], [8, 29, 1.0], [8, 30, 1.0], [9, 10, 1.0], [9, 31, 1.0], [9, 32, 1.0], [10, 11, 1.0], [10, 33, 1.0], [10, 34, 1.0], [11, 12, 1.0], [11, 35, 1.0], [11, 36, 1.0], [12, 37, 1.0], [12, 38, 1.0], [12, 39, 1.0]], "fix_com": true, "fix_orientation": true, "provenance": {"creator": "QCElemental", "version": "v0.22.0", "routine": "qcelemental.molparse.from_schema"}, "id": "219236"}