{"schema_name": "qcschema_molecule", "schema_version": 2, "validated": true, "symbols": ["C", "C", "C", "C", "N", "C", "C", "C", "C", "C", "C", "C", "C", "H", "H", "H", "H", "H", "H", "H", "H", "H", "H", "H", "H", "H", "H", "H", "H", "H", "H", "H", "H", "H", "H", "H", "H", "H", "H", "H"], "geometry": [10.139487744928662, 2.4305878003500627, 2.220446049250313e-16, 8.572097841733795, 1.2595839483044249e-15, 5.471004283655951e-16, 5.848919726156236, 0.3155346671014907, -0.9451894705935612, 4.174724334107344, 1.877156333078278, 0.8403340115623124, 1.5602067210304391, 2.2607799867828504, 0.07898602592077641, 0.0, 0.0, 0.0, -0.436766964708353, -1.245036900789161, 2.573083956075312, -1.6706635230924518, 0.4911191459731876, 4.526102633128709, -2.178915142672526, -0.8413638779303767, 7.038022058965635, 1.2590256399380866, 3.8596542186901344, -2.1405754190319, -1.0398214638385717, 5.603092270822793, -1.9377894320627287, -1.52673372728929, 7.2010447811013165, -4.305092105347724, 0.5352672471055796, 9.140983150764102, -4.895704435388303, 9.39994661734557, 3.829330558091538, 1.303650195167939, 10.181724575736911, 3.278420175212844, -1.8699617355504405, 12.077595844826286, 2.044869930350981, 0.5514834730785587, 8.54783352877342, -0.796949268581649, 1.896041002156105, 9.515765650025196, -1.3862624600418902, -1.1861293826115111, 5.030847272789482, -1.551524298428533, -1.1858371201953644, 5.876944204705096, 1.1787180783332945, -2.811306745764076, 4.1873169431718935, 0.9973534760904658, 2.6920520010543143, 4.99418393901582, 3.736840139569056, 1.100834619174087, 0.7489902080671748, -1.410100713942308, -1.3098137873408757, -1.8280009063884723, 0.5416924897421016, -0.7479728948244967, 1.3257876859349997, -1.985713162429849, 3.3250401092648594, -1.6399174715492135, -2.884766082335763, 2.261884246903273, -0.476663062144467, 2.127432227145225, 4.836266521284964, -3.4409968511995355, 1.2095152367946722, 3.7650867230570237, -3.057284253292461, 0.42934881782714385, 8.38855594352333, -0.43692091741902067, -1.5332269334654973, 7.877376010709152, -3.430217047212909, -2.450778829421721, 6.790668789260771, 1.131727357314101, 2.743714740306563, -3.8753748352394304, 2.9427217999590085, 5.009570285831137, -2.324518639324699, -0.7812826892463611, 6.825197420653817, -0.3071428306423569, -2.7163649759855106, 4.4837740151463885, -1.5543840047308335, -1.7809697056395497, 5.962068004716384, -5.927116228121948, -3.309610445275531, 8.192030018983797, -4.062043163361066, 2.3217178519638635, 8.249288993467012, -5.364006751277008, -0.0010699526233761691, 10.310913727847774, -6.49352138296824, 0.8578668081721232, 10.383913929609779, -3.2931734755171944], "name": "C12H27N", "identifiers": {"molecule_hash": "761f22c7a021488ad57315edca4ca3b88fb2d39f", "molecular_formula": "C12H27N"}, "molecular_charge": 0.0, "molecular_multiplicity": 1, "connectivity": [[0, 1, 1.0], [0, 13, 1.0], [0, 14, 1.0], [0, 15, 1.0], [1, 2, 1.0], [1, 16, 1.0], [1, 17, 1.0], [2, 3, 1.0], [2, 18, 1.0], [2, 19, 1.0], [3, 4, 1.0], [3, 20, 1.0], [3, 21, 1.0], [4, 5, 1.0], [4, 9, 1.0], [5, 6, 1.0], [5, 22, 1.0], [5, 23, 1.0], [6, 7, 1.0], [6, 24, 1.0], [6, 25, 1.0], [7, 8, 1.0], [7, 26, 1.0], [7, 27, 1.0], [8, 28, 1.0], [8, 29, 1.0], [8, 30, 1.0], [9, 10, 1.0], [9, 31, 1.0], [9, 32, 1.0], [10, 11, 1.0], [10, 33, 1.0], [10, 34, 1.0], [11, 12, 1.0], [11, 35, 1.0], [11, 36, 1.0], [12, 37, 1.0], [12, 38, 1.0], [12, 39, 1.0]], "fix_com": true, "fix_orientation": true, "provenance": {"creator": "QCElemental", "version": "v0.22.0", "routine": "qcelemental.molparse.from_schema"}, "id": "216593"}