{"schema_name": "qcschema_molecule", "schema_version": 2, "validated": true, "symbols": ["C", "C", "C", "C", "N", "C", "C", "C", "C", "C", "C", "C", "C", "H", "H", "H", "H", "H", "H", "H", "H", "H", "H", "H", "H", "H", "H", "H", "H", "H", "H", "H", "H", "H", "H", "H", "H", "H", "H", "H"], "geometry": [4.094217659238377, 2.632071759394774, 0.0, 2.8962731993359854, 3.1652198648711695e-17, -2.7574505634043905e-16, 0.0, 0.0, 0.0, -1.2352352143596663, 0.8484473352633393, -2.4828844819003866, -0.6817477447166366, -0.7835318111286131, -4.634094781814357, -2.7175230568803728, -2.4476120585907353, -5.418748344624014, -3.2994890936279098, -4.5960584004497855, -3.568590658250864, -1.1377762956283655, -6.472828873867551, -3.1290233846165765, -0.4676656412786225, -8.076946462849259, -5.439372994465442, 0.7336950968617577, 0.33628944398113436, -6.710442071920145, -0.7337693913821615, 1.8133486716284257, -8.745888274581933, -2.0386585839545774, 4.276478962409874, -7.948957650330436, -0.2255404779596364, 6.430591791849971, -7.291858564099609, 3.6115943107627793, 3.7055703861390255, -1.6797389366956579, 3.4810809458361405, 3.7220986600463135, 1.6288714400604403, 6.140764026290799, 2.5025453677662, 0.0732682377260403, 3.5687543348864086, -1.0731683100881417, -1.614208003087197, 3.544941339276331, -1.0053020134727595, 1.6706408005748545, -0.6565467801135261, -1.8857143620435557, 0.4609474087525992, -0.6772707821189772, 1.233143254019906, 1.5044310004346426, -3.2693197950094977, 0.9602231389547359, -2.1900508270444705, -0.6316822870943166, 2.759813950887515, -2.8958942680324338, -2.192899715246712, -3.2658080465117076, -7.221550424265036, -4.466970483986255, -1.3993877903858145, -5.7526646786113425, -3.887566324764945, -3.806629070658399, -1.7675044723630478, -4.936785262450902, -5.609971954923275, -4.294772651750402, 0.5286463967674202, -5.459651981062848, -2.500353414416313, -1.6762879977627128, -7.728506826256231, -1.5935289621506121, 0.9746810577704539, -9.458820849416584, -4.970191593051069, 0.2602655338554077, -6.936219440478461, -6.980013815290363, -2.106697709981267, -9.100457067977539, -6.136131214519507, 1.7192360364465458, -1.1878323197910836, -7.673414393147443, 2.1971145601558955, 1.52192466831848, -5.906027442323299, 0.5970241606153261, 2.2393539797048794, -10.257877616999723, -2.1395166835542536, 0.5706875942940153, -9.57896441325608, -3.2317309686758136, 4.891917347902069, -9.504735710659943, -3.3076614382382186, 3.9276706220031725, -6.374604889772972, -1.259802948685143, 8.137610344099365, -6.816706686299883, 0.9983023851462431, 6.866341753680544, -8.881926300244885, 0.9771852775101224, 5.9781996048165285, -5.69410593212446], "name": "C12H27N", "identifiers": {"molecule_hash": "886d377471e1fb243751f8d600be91a689d812a6", "molecular_formula": "C12H27N"}, "molecular_charge": 0.0, "molecular_multiplicity": 1, "connectivity": [[0, 1, 1.0], [0, 13, 1.0], [0, 14, 1.0], [0, 15, 1.0], [1, 2, 1.0], [1, 16, 1.0], [1, 17, 1.0], [2, 3, 1.0], [2, 18, 1.0], [2, 19, 1.0], [3, 4, 1.0], [3, 20, 1.0], [3, 21, 1.0], [4, 5, 1.0], [4, 9, 1.0], [5, 6, 1.0], [5, 22, 1.0], [5, 23, 1.0], [6, 7, 1.0], [6, 24, 1.0], [6, 25, 1.0], [7, 8, 1.0], [7, 26, 1.0], [7, 27, 1.0], [8, 28, 1.0], [8, 29, 1.0], [8, 30, 1.0], [9, 10, 1.0], [9, 31, 1.0], [9, 32, 1.0], [10, 11, 1.0], [10, 33, 1.0], [10, 34, 1.0], [11, 12, 1.0], [11, 35, 1.0], [11, 36, 1.0], [12, 37, 1.0], [12, 38, 1.0], [12, 39, 1.0]], "fix_com": true, "fix_orientation": true, "provenance": {"creator": "QCElemental", "version": "v0.22.0", "routine": "qcelemental.molparse.from_schema"}, "id": "216383"}