{"schema_name": "qcschema_molecule", "schema_version": 2, "validated": true, "symbols": ["C", "C", "C", "C", "N", "C", "C", "C", "C", "C", "C", "C", "C", "H", "H", "H", "H", "H", "H", "H", "H", "H", "H", "H", "H", "H", "H", "H", "H", "H", "H", "H", "H", "H", "H", "H", "H", "H", "H", "H"], "geometry": [5.234360162344218, 2.87590974854092, -4.440892098500626e-16, 4.877638715607699, -2.1267309968475954e-15, -2.278127556257845e-15, 2.4365613882905732, -0.8741398886483188, 1.304308461619342, 0.0, 0.0, -0.0, -0.1665505443436211, -0.7247357395587876, -2.6659652518297587, -2.2392390620504363, 0.5669623463663358, -3.9720114394070536, -1.6061936898605305, 3.309693482076046, -4.685500913877966, 0.7832034572465085, 3.598015299281788, -6.306011532553231, 0.6505491863668005, 2.2282536177694197, -8.856378371108232, -0.11744781407809694, -3.4547099858735493, -3.120709879380726, -2.286415323310174, -5.03175854527248, -1.9929103749431731, -2.0678385157064487, -7.8361926206820876, -2.6844698872661157, -4.1971616729267, -9.452098740221114, -1.5680945755174767, 5.215941826530796, 3.631905049809811, 1.9300464523077812, 7.0405833996972556, 3.4010573392915555, -0.8642233634674485, 3.741197705984944, 3.829459345232559, -1.0656410204466928, 6.491738668491389, -0.8841640106952936, 0.9552807855065244, 4.887869022703506, -0.689891475085419, -1.9517222314280473, 2.39468340040123, -0.15523100177138938, 3.250792737867255, 2.444779800851836, -2.9398814096131387, 1.4671952403657986, -1.640017816841636, -0.6877553156621921, 1.0982883604752014, -0.09288443490326923, 2.0627105557956753, 0.0874119029241105, -4.001453261860235, 0.5494462935929891, -2.85000434917714, -2.6528754954302847, -0.4904016849850428, -5.701233912636832, -3.2407850974241796, 4.090740939126383, -5.700263164161105, -1.4048495014203795, 4.456237862635155, -2.9707148658976914, 1.118850443290991, 5.618264755972484, -6.631958124217508, 2.405111589150331, 2.88548658653896, -5.238838980923246, 2.3249848824540633, 2.633795033456209, -10.003976948969004, -1.0146541776566993, 2.8144102068932595, -9.94330955198162, 0.5552283963429102, 0.176222334860884, -8.611279726741554, 1.685720149992339, -4.201248718247843, -2.4276217118041306, -0.08468686672817936, -3.730594565479828, -5.175173053096038, -4.107416624052635, -4.296667209050739, -2.660918025126633, -2.3010312585540436, -4.8414725923255055, 0.07163280884633982, -0.23588237985121085, -8.561009903148026, -2.0313735692828696, -2.060528905091287, -8.034550014251153, -4.750395535954061, -6.049258727052168, -8.809481327655012, -2.2373355147685214, -3.992920217982586, -11.444113228632617, -2.093652597445537, -4.209196885901177, -9.343118457188465, 0.500514216777173], "name": "C12H27N", "identifiers": {"molecule_hash": "b0293819a620916fc7570b9bf027271581590f19", "molecular_formula": "C12H27N"}, "molecular_charge": 0.0, "molecular_multiplicity": 1, "connectivity": [[0, 1, 1.0], [0, 13, 1.0], [0, 14, 1.0], [0, 15, 1.0], [1, 2, 1.0], [1, 16, 1.0], [1, 17, 1.0], [2, 3, 1.0], [2, 18, 1.0], [2, 19, 1.0], [3, 4, 1.0], [3, 20, 1.0], [3, 21, 1.0], [4, 5, 1.0], [4, 9, 1.0], [5, 6, 1.0], [5, 22, 1.0], [5, 23, 1.0], [6, 7, 1.0], [6, 24, 1.0], [6, 25, 1.0], [7, 8, 1.0], [7, 26, 1.0], [7, 27, 1.0], [8, 28, 1.0], [8, 29, 1.0], [8, 30, 1.0], [9, 10, 1.0], [9, 31, 1.0], [9, 32, 1.0], [10, 11, 1.0], [10, 33, 1.0], [10, 34, 1.0], [11, 12, 1.0], [11, 35, 1.0], [11, 36, 1.0], [12, 37, 1.0], [12, 38, 1.0], [12, 39, 1.0]], "fix_com": true, "fix_orientation": true, "provenance": {"creator": "QCElemental", "version": "v0.22.0", "routine": "qcelemental.molparse.from_schema"}, "id": "223485"}