{"schema_name": "qcschema_molecule", "schema_version": 2, "validated": true, "symbols": ["C", "C", "C", "C", "N", "C", "C", "C", "C", "C", "C", "C", "C", "H", "H", "H", "H", "H", "H", "H", "H", "H", "H", "H", "H", "H", "H", "H", "H", "H", "H", "H", "H", "H", "H", "H", "H", "H", "H", "H"], "geometry": [0.0, -0.0, 0.0, 2.8731435063148663, -5.660894126571525e-16, -4.185644934317156e-18, 3.9642219572843027, 2.6514900442396265, -0.29281841519063456, 6.829012892948815, 2.949886315676669, 3.3306690738754696e-16, 8.242451076365944, 2.836075038291725, -2.347383653489415, 10.687296542969246, 4.082498327184519, -2.167808071803142, 11.964820347778627, 4.556073672914204, -4.70280745811581, 10.314952402601072, 5.958961207223715, -6.593975237876322, 11.674872994334455, 6.5345353866848095, -9.056361509967566, 8.156004575200479, 0.42530069062552117, -3.662045416139835, 8.986157150462356, -1.974772088939049, -2.2695978632572387, 11.732163493427798, -2.0735935359573476, -1.4082181424743387, 12.535354489839266, -4.706792248119767, -0.5857110024623112, -0.7465526590621593, 0.771310061122071, -1.77611866642854, -0.7660631668510296, -1.9120893221380328, 0.22565754620046508, -0.7499081752892132, 1.1676714369577694, 1.5433572405347418, 3.5695106059025785, -0.8233047743756822, 1.7792708029960222, 3.5499528227059027, -1.2495692602342032, -1.5109573628309407, 3.420357433726443, 3.459477489434102, -2.1299462290819617, 3.059781315226932, 3.8488172523887063, 1.1463886730935946, 7.5292707568429575, 1.593076057966906, 1.4422495818513026, 7.199302117692713, 4.8319550692160105, 0.7864762662105138, 12.03508718755673, 3.110016673156628, -0.899115869667869, 10.322704062051596, 5.92996438974726, -1.2863194826251505, 13.688368644160846, 5.656709412978467, -4.328374749460505, 12.629351895606016, 2.7706076959282258, -5.538495565659308, 8.602956288006238, 4.844328483580567, -6.9616239974080365, 9.650544668110024, 7.727668088519621, -5.724329615395662, 13.355898920485433, 7.709148714296278, -8.734066186055957, 10.450542043926848, 7.545488072173837, -10.388293935491108, 12.311024918755907, 4.792765706141626, -9.989582282955395, 6.201264446002699, 0.14361624656792582, -4.30789671460332, 9.274918570125905, 0.6153484943319493, -5.398307802175333, 7.750722095157893, -2.3107718374025383, -0.6317567158077728, 8.631883065062464, -3.566793218105746, -3.5642216440028003, 12.016173119175436, -0.7517291426346868, 0.16694611599927886, 12.969253948787548, -1.4126854374883164, -2.945340604259294, 12.361761227104184, -6.063985348268007, -2.1462300053892296, 14.50300810020011, -4.7407430846555805, 0.06392764860128786, 11.348030473316669, -5.398560910978234, 0.9696487168667902], "name": "C12H27N", "identifiers": {"molecule_hash": "7ef41cdbd7e93a3f436951afb8d6bcedb2addbbe", "molecular_formula": "C12H27N"}, "molecular_charge": 0.0, "molecular_multiplicity": 1, "connectivity": [[0, 1, 1.0], [0, 13, 1.0], [0, 14, 1.0], [0, 15, 1.0], [1, 2, 1.0], [1, 16, 1.0], [1, 17, 1.0], [2, 3, 1.0], [2, 18, 1.0], [2, 19, 1.0], [3, 4, 1.0], [3, 20, 1.0], [3, 21, 1.0], [4, 5, 1.0], [4, 9, 1.0], [5, 6, 1.0], [5, 22, 1.0], [5, 23, 1.0], [6, 7, 1.0], [6, 24, 1.0], [6, 25, 1.0], [7, 8, 1.0], [7, 26, 1.0], [7, 27, 1.0], [8, 28, 1.0], [8, 29, 1.0], [8, 30, 1.0], [9, 10, 1.0], [9, 31, 1.0], [9, 32, 1.0], [10, 11, 1.0], [10, 33, 1.0], [10, 34, 1.0], [11, 12, 1.0], [11, 35, 1.0], [11, 36, 1.0], [12, 37, 1.0], [12, 38, 1.0], [12, 39, 1.0]], "fix_com": true, "fix_orientation": true, "provenance": {"creator": "QCElemental", "version": "v0.22.0", "routine": "qcelemental.molparse.from_schema"}, "id": "226963"}