{"schema_name": "qcschema_molecule", "schema_version": 2, "validated": true, "symbols": ["C", "C", "C", "C", "N", "C", "C", "C", "C", "C", "C", "C", "C", "H", "H", "H", "H", "H", "H", "H", "H", "H", "H", "H", "H", "H", "H", "H", "H", "H", "H", "H", "H", "H", "H", "H", "H", "H", "H", "H"], "geometry": [0.0, 0.0, -0.0, 2.888508061050321, -2.0791806890622595e-16, -3.420635145631932e-16, 4.003641419118472, 2.665633001806507, 0.0, 6.893642055565715, 2.7294952792254454, 0.015152449931844725, 8.063361080752895, 1.792712553639613, -2.304278859622108, 8.023716180985888, 3.716356578586643, -4.289540351854378, 7.970272824830488, 2.6392829538269553, -6.972222148077874, 5.411695619918047, 1.5203977013609242, -7.719177707158119, 5.428726823823685, 0.34522702756187273, -10.357383898530161, 10.650028189376776, 0.9376940425902096, -1.8399515825932957, 10.918458583338776, -1.6548086441337206, -0.5606148765357616, 10.886576176910875, -3.9534934096980106, -2.3281720685838048, 8.323897287198015, -4.58707104345802, -3.4967921829022615, -0.7406719594857373, 0.9433134833575341, -1.6667012756070108, -0.7467951716777756, 0.9717639190058148, 1.6477570833556445, -0.7430309438700081, -1.912501206503466, 0.014029271261990495, 3.5659970435440718, -1.0159058545619906, 1.6557083825155894, 3.5801864696032903, -1.024518036389162, -1.6328619408712797, 3.273083324021473, 3.7083975680058234, -1.6113449304069265, 3.3472923449100183, 3.67265201143147, 1.6701455087149257, 7.539702612371585, 1.579474819083393, 1.5800077033410753, 7.537477338719162, 4.652579675931783, 0.41925076953212637, 9.640484320613982, 4.986192305456884, -4.081852581852177, 6.360016811803777, 4.88264008888995, -4.042205650991463, 8.445995019851642, 4.1529106460508975, -8.282067918004765, 9.434471903465989, 1.2159733189781334, -7.191577501068663, 4.853623450740901, 0.11111600690888057, -6.340045692020238, 3.985777233557527, 3.001270305851752, -7.646754623475724, 6.777209834667891, -1.1988278478914989, -10.471671980700739, 5.94397592421722, 1.7280061766956734, -11.78549538521686, 3.5827085470994353, -0.40230727647445086, -10.850254005166738, 11.651590366511456, 2.3482155216754395, -0.7069739011420678, 11.633861855367996, 0.8636419874772153, -3.634426806457455, 12.723554547165204, -1.6558689932512358, 0.4229124270227731, 9.486862647229398, -1.8929319346880211, 0.8902077993002744, 12.27123872773414, -3.668467271212619, -3.8225907063856144, 11.539486615835857, -5.583252272149483, -1.2591237784079619, 7.621376396270318, -3.0544281612545467, -4.652052753981735, 6.926719933658812, -4.956890580478787, -2.0394904915536345, 8.461189912970907, -6.265741365719256, -4.67058223397092], "name": "C12H27N", "identifiers": {"molecule_hash": "7af7cea451dde11e64feb853c3f6af5f653df67f", "molecular_formula": "C12H27N"}, "molecular_charge": 0.0, "molecular_multiplicity": 1, "connectivity": [[0, 1, 1.0], [0, 13, 1.0], [0, 14, 1.0], [0, 15, 1.0], [1, 2, 1.0], [1, 16, 1.0], [1, 17, 1.0], [2, 3, 1.0], [2, 18, 1.0], [2, 19, 1.0], [3, 4, 1.0], [3, 20, 1.0], [3, 21, 1.0], [4, 5, 1.0], [4, 9, 1.0], [5, 6, 1.0], [5, 22, 1.0], [5, 23, 1.0], [6, 7, 1.0], [6, 24, 1.0], [6, 25, 1.0], [7, 8, 1.0], [7, 26, 1.0], [7, 27, 1.0], [8, 28, 1.0], [8, 29, 1.0], [8, 30, 1.0], [9, 10, 1.0], [9, 31, 1.0], [9, 32, 1.0], [10, 11, 1.0], [10, 33, 1.0], [10, 34, 1.0], [11, 12, 1.0], [11, 35, 1.0], [11, 36, 1.0], [12, 37, 1.0], [12, 38, 1.0], [12, 39, 1.0]], "fix_com": true, "fix_orientation": true, "provenance": {"creator": "QCElemental", "version": "v0.22.0", "routine": "qcelemental.molparse.from_schema"}, "id": "215939"}