{"schema_name": "qcschema_molecule", "schema_version": 2, "validated": true, "symbols": ["C", "C", "C", "C", "N", "C", "C", "C", "C", "C", "C", "C", "C", "H", "H", "H", "H", "H", "H", "H", "H", "H", "H", "H", "H", "H", "H", "H", "H", "H", "H", "H", "H", "H", "H", "H", "H", "H", "H", "H"], "geometry": [9.261146397577466, 1.9340910088434722, 4.440892098500626e-16, 7.13477428972771, 1.4647490446441525e-15, 1.0292024405695913e-15, 5.2141830576509935, 0.39870179220519264, 2.116163130916487, 3.37481317884776, 2.5769114448074633, 1.7091063545315337, 1.5899941481633446, 2.2454956696325707, -0.36921203259202995, 0.0, 0.0, 0.0, 0.7672475970617949, -2.3392446116969543, -1.507452222504842, 0.001846538901836503, -2.322802544023368, -4.287763743255878, 1.2969817021241985, -0.33380450621310764, -5.90828080651594, -0.01273338211904207, 4.487182935560998, -0.616140585694559, 1.2476290484516894, 6.956440400749946, -1.4062667279308454, 2.385924763866137, 7.0165350964783, -4.057105459797275, 4.975201255711675, 5.79263609971447, -4.279522544272293, 8.541924311568403, 3.8694139377583423, -0.18231018633535623, 10.572980869785109, 1.6166859435178864, -1.5727980147970988, 10.35426887821346, 1.8374486060037758, 1.762026401951287, 7.951021003324213, -1.901250724784189, 0.1811029920325259, 6.148204238746885, 0.0354045478791305, -1.8270120888668364, 4.148435661905705, -1.3493322496317084, 2.453042817868941, 6.230205749296296, 0.7719188904057268, 3.891284456095348, 4.459596094031324, 4.305704895572958, 1.3424231508731834, 2.3291942760852526, 2.9036241863435888, 3.5021043976649597, -1.948964751919038, 0.4852277718216273, -0.5302810792772995, -0.08426968506472143, -0.479329815542312, 2.0321606154817164, 2.813590698919266, -2.64048932550895, -1.3560364553039825, -0.1275372412839615, -3.981469316764426, -0.5998025510165967, -2.06239729666426, -2.085417829745066, -4.415897282894177, 0.39941476088894623, -4.202769542664127, -5.0787062767284485, 0.7946868087498595, -0.5635464334056697, -7.907315007299307, 0.7792066320280814, 1.5856443830762634, -5.332825030768667, 3.362877268116691, -0.4740168184139115, -5.7538863101644875, -1.4534935546678256, 4.041202525521811, -2.0436972368159028, -1.0506145362060308, 4.833686787743259, 1.1770912537685603, 2.6733713823472964, 7.548084655336371, -0.01482364902836153, -0.24767661838364674, 8.394074573303886, -1.2926204050762284, 1.0599027311059004, 6.113011205290462, -5.381464945885175, 2.524804043910505, 8.99773827523336, -4.667496642361524, 5.694287295688184, 5.896812488068992, -6.2217816505145676, 6.348620931415041, 6.760251719260924, -3.0583919361170793, 4.909188774679871, 3.802526070278794, -3.7161707590527464], "name": "C12H27N", "identifiers": {"molecule_hash": "00e258cf317af3553e7607876d52678203fbc0ce", "molecular_formula": "C12H27N"}, "molecular_charge": 0.0, "molecular_multiplicity": 1, "connectivity": [[0, 1, 1.0], [0, 13, 1.0], [0, 14, 1.0], [0, 15, 1.0], [1, 2, 1.0], [1, 16, 1.0], [1, 17, 1.0], [2, 3, 1.0], [2, 18, 1.0], [2, 19, 1.0], [3, 4, 1.0], [3, 20, 1.0], [3, 21, 1.0], [4, 5, 1.0], [4, 9, 1.0], [5, 6, 1.0], [5, 22, 1.0], [5, 23, 1.0], [6, 7, 1.0], [6, 24, 1.0], [6, 25, 1.0], [7, 8, 1.0], [7, 26, 1.0], [7, 27, 1.0], [8, 28, 1.0], [8, 29, 1.0], [8, 30, 1.0], [9, 10, 1.0], [9, 31, 1.0], [9, 32, 1.0], [10, 11, 1.0], [10, 33, 1.0], [10, 34, 1.0], [11, 12, 1.0], [11, 35, 1.0], [11, 36, 1.0], [12, 37, 1.0], [12, 38, 1.0], [12, 39, 1.0]], "fix_com": true, "fix_orientation": true, "provenance": {"creator": "QCElemental", "version": "v0.22.0", "routine": "qcelemental.molparse.from_schema"}, "id": "242378"}