{"schema_name": "qcschema_molecule", "schema_version": 2, "validated": true, "symbols": ["C", "C", "C", "C", "N", "C", "C", "C", "C", "C", "C", "C", "C", "H", "H", "H", "H", "H", "H", "H", "H", "H", "H", "H", "H", "H", "H", "H", "H", "H", "H", "H", "H", "H", "H", "H", "H", "H", "H", "H"], "geometry": [4.107224669194855, 2.628024416221333, 0.0, 2.8997662510320246, -3.049511415952065e-16, -1.7396642687761164e-16, 0.0, 0.0, 0.0, -1.1601693858296975, 0.9788333366119433, 2.4749906745393133, -3.9053774884620753, 1.0356011110548264, 2.6270765221312886, -5.150313385176998, -1.4138693536389746, 2.5841928546047956, -4.586298983749956, -3.085002826538566, 4.875664866551887, -5.297378656041524, -1.888483564217331, 7.408198744502773, -4.810917138152994, -3.647495948287685, 9.6471271810533, -5.085671273606071, 2.8770191944400434, 0.9568526198002698, -7.368135967935294, 4.167102615709579, 2.1780962850790715, -8.770906895577937, 5.999113782411779, 0.4257759564902983, -7.238080736585378, 8.318851055586585, -0.37002224069470024, 3.6854466702326487, 3.674398705932094, 1.7117565184646562, 3.4451125989534557, 3.7415625493346405, -1.5934243034133069, 6.149036588629082, 2.489078571468433, -0.14447643782436792, 3.5817202073080825, -1.0648751346775147, 1.6222416973122005, 3.5501884648506388, -1.018139325378762, -1.6611678755351111, -0.6435321456273916, -1.919027429849974, -0.34097377026689835, -0.6758762166820245, 1.1255834469172548, -1.582566871024097, -0.4490346298955591, -0.15409609575111682, 4.028641025732682, -0.5080608985968466, 2.887926558859757, 2.8326442225620205, -4.720434872704741, -2.4688345641658533, 0.8616263444688349, -7.1697419944135445, -1.0752815300201268, 2.5423850026364443, -2.605380581762679, -3.628964638177231, 4.902237588074411, -5.639192269825603, -4.835362073925687, 4.629115838691519, -4.2530441128460135, -0.14280863225207518, 7.655875210222981, -7.286130704881549, -1.3661681759190794, 7.371182873879755, -5.3338555091246445, -2.7558534564825585, 11.419609606907548, -2.826131003814874, -4.1603513312326434, 9.770968942434259, -5.891517154242094, -5.385806560445458, 9.480584684038655, -5.649252026635615, 2.027934769412008, -0.8410592692080501, -3.6895915184318944, 4.303289075928373, 0.5011220290100682, -6.726808209657315, 5.1569291623024975, 3.8598613543015947, -8.695812677964552, 2.7419696424689053, 2.823806583547431, -9.40354749169317, 4.992258019082529, -1.2525175184323798, -10.47382131351368, 6.634728886346192, 1.3827763986407868, -5.616036480058537, 7.814355251152309, -1.5190599711454973, -8.389875345424558, 9.610206475210175, -1.4723763145928603, -6.548023838338396, 9.343756553080336, 1.2702347737809294], "name": "C12H27N", "identifiers": {"molecule_hash": "761f22c7a021488ad57315edca4ca3b88fb2d39f", "molecular_formula": "C12H27N"}, "molecular_charge": 0.0, "molecular_multiplicity": 1, "connectivity": [[0, 1, 1.0], [0, 13, 1.0], [0, 14, 1.0], [0, 15, 1.0], [1, 2, 1.0], [1, 16, 1.0], [1, 17, 1.0], [2, 3, 1.0], [2, 18, 1.0], [2, 19, 1.0], [3, 4, 1.0], [3, 20, 1.0], [3, 21, 1.0], [4, 5, 1.0], [4, 9, 1.0], [5, 6, 1.0], [5, 22, 1.0], [5, 23, 1.0], [6, 7, 1.0], [6, 24, 1.0], [6, 25, 1.0], [7, 8, 1.0], [7, 26, 1.0], [7, 27, 1.0], [8, 28, 1.0], [8, 29, 1.0], [8, 30, 1.0], [9, 10, 1.0], [9, 31, 1.0], [9, 32, 1.0], [10, 11, 1.0], [10, 33, 1.0], [10, 34, 1.0], [11, 12, 1.0], [11, 35, 1.0], [11, 36, 1.0], [12, 37, 1.0], [12, 38, 1.0], [12, 39, 1.0]], "fix_com": true, "fix_orientation": true, "provenance": {"creator": "QCElemental", "version": "v0.22.0", "routine": "qcelemental.molparse.from_schema"}, "id": "216593"}