{"schema_name": "qcschema_molecule", "schema_version": 2, "validated": true, "symbols": ["C", "C", "C", "C", "N", "C", "C", "C", "C", "C", "C", "C", "C", "H", "H", "H", "H", "H", "H", "H", "H", "H", "H", "H", "H", "H", "H", "H", "H", "H", "H", "H", "H", "H", "H", "H", "H", "H", "H", "H"], "geometry": [0.0, 0.0, 0.0, 2.8979487697877797, 1.9644530940851547e-16, -6.461187593951208e-16, 4.065923890133442, 2.657072401003249, 1.6653345369377348e-16, 3.498359086708961, 4.217208745655736, 2.3761349471135906, 4.238084630512532, 2.9748117037768256, 4.736136517060895, 3.21134644182086, 4.264270617523796, 6.961756134682494, 0.4115495108261542, 3.660839338956164, 7.440708735116157, -0.168701164925543, 0.8304068075177651, 7.705970304862479, 1.206972428074228, -0.4537264061818057, 9.90977140430861, 6.941253034637536, 2.4163606487633937, 4.943443386321206, 8.773295964128096, 4.67613962050335, 4.922191553417073, 11.52949660675171, 3.8469277785572737, 5.248759466725623, 13.39522158280722, 6.06265509062264, 5.2158000369637705, -0.74797873032491, 1.044424457186064, -1.6268536538096348, -0.7434899003331963, -1.9295745148777137, -0.09523317082426863, -0.7624977819602476, 0.8701468269005939, 1.7134244573458288, 3.5767019098723276, -1.0214421469448607, -1.6719976525509612, 3.5813342972795876, -1.0408961484621646, 1.6537212595116049, 3.3576372837397477, 3.725871850207658, -1.6319873197314676, 6.114943719605648, 2.5083883472974473, -0.2707368963343802, 4.382761106489607, 6.100541660719558, 2.1766522787435543, 1.4627690903181545, 4.561637097641813, 2.4698668677855182, 3.4456480943626113, 6.336776224948248, 6.841635980450729, 4.311585530136991, 3.659662030669974, 8.605911407453796, -0.16234889670047803, 4.659741498458762, 9.16827978084043, -0.7510597065976063, 4.45147330194082, 5.917937434725126, -2.2149028256505714, 0.5968628705510757, 7.948506776902425, 0.3387608272040299, -0.12445395933129721, 5.943056905898295, 0.5984014094376944, -2.4212880227418596, 10.118395076004367, 0.8302508976285035, 0.5153157468354308, 11.703354236702376, 3.255131388932478, -0.47106377964041735, 9.618676795883749, 7.460154317132114, 1.1175039917166198, 3.4160865723807357, 7.21100680929931, 1.3499502310355525, 6.700715771327426, 8.267950204856655, 6.001498903741932, 6.435693342156454, 8.58625628448438, 5.722630081850032, 3.1421255996578004, 12.023297967332493, 2.505879059787566, 3.7435329962578296, 11.725445711479434, 2.8052101356326165, 7.033101410601142, 12.985474194200389, 7.404377185812293, 6.73993683148478, 15.346945725805217, 5.414451121058814, 5.453816867991289, 13.288551567446337, 7.100190517810846, 3.4260219420167335], "name": "C12H27N", "identifiers": {"molecule_hash": "b0293819a620916fc7570b9bf027271581590f19", "molecular_formula": "C12H27N"}, "molecular_charge": 0.0, "molecular_multiplicity": 1, "connectivity": [[0, 1, 1.0], [0, 13, 1.0], [0, 14, 1.0], [0, 15, 1.0], [1, 2, 1.0], [1, 16, 1.0], [1, 17, 1.0], [2, 3, 1.0], [2, 18, 1.0], [2, 19, 1.0], [3, 4, 1.0], [3, 20, 1.0], [3, 21, 1.0], [4, 5, 1.0], [4, 9, 1.0], [5, 6, 1.0], [5, 22, 1.0], [5, 23, 1.0], [6, 7, 1.0], [6, 24, 1.0], [6, 25, 1.0], [7, 8, 1.0], [7, 26, 1.0], [7, 27, 1.0], [8, 28, 1.0], [8, 29, 1.0], [8, 30, 1.0], [9, 10, 1.0], [9, 31, 1.0], [9, 32, 1.0], [10, 11, 1.0], [10, 33, 1.0], [10, 34, 1.0], [11, 12, 1.0], [11, 35, 1.0], [11, 36, 1.0], [12, 37, 1.0], [12, 38, 1.0], [12, 39, 1.0]], "fix_com": true, "fix_orientation": true, "provenance": {"creator": "QCElemental", "version": "v0.22.0", "routine": "qcelemental.molparse.from_schema"}, "id": "223485"}