{"schema_name": "qcschema_molecule", "schema_version": 2, "validated": true, "symbols": ["C", "C", "C", "C", "N", "C", "C", "C", "C", "C", "C", "C", "C", "H", "H", "H", "H", "H", "H", "H", "H", "H", "H", "H", "H", "H", "H", "H", "H", "H", "H", "H", "H", "H", "H", "H", "H", "H", "H", "H"], "geometry": [9.54240481344471, 2.4515260655028452, 2.220446049250313e-16, 8.037951003763508, 4.476867264931322e-16, 1.8435711201341623e-15, 6.139705466748956, -0.22359296490579605, 2.1561101759659467, 3.8978340988683082, 1.585806023155463, 1.9312984839620766, 2.418231300253867, 1.2330642477236802, -0.3657203364576755, 0.0, 0.0, -0.0, 0.2217314275287398, -2.792305605994537, 0.6793519535786073, 1.6235914395654025, -4.391095730709692, -1.266936580290853, 0.3594834875567956, -4.471850220152949, -3.8476373127015853, 2.349196805754233, 3.353089972583171, -2.1143516856963194, 0.42734813591720555, 5.459466350557627, -1.6007153465125155, 0.794492867417544, 6.989978794262282, 0.8156706792662414, 3.1707254227623882, 8.609636793587088, 0.8297728707540006, 8.323968955170754, 4.11931306331244, -0.20655266867782984, 10.604151327688964, 2.6817920743622756, 1.7691055109042293, 10.906748092875404, 2.4978751601820495, -1.559595307033246, 7.008048519734442, -0.20080297846208472, -1.794914352741972, 9.358008285723363, -1.60002412005334, 0.09493991043131833, 5.432013131851585, -2.171813335119636, 2.2396767007305125, 7.092357674580285, 0.1311858068358942, 3.97249575290908, 2.677096438472584, 1.372744185649046, 3.6093454281854225, 4.608082307579963, 3.5329148562933272, 2.0026806339655274, -1.0665238832477109, 0.18000033931710802, -1.771768569563125, -1.1524273440368253, 0.9550054555706706, 1.4692646038943007, 1.1539977182181989, -2.9743819345346796, 2.5281378016218743, -1.7022372443786047, -3.5372927506507894, 0.9443274781033221, 3.5523507155924814, -3.654137532768637, -1.4793600251603924, 1.803595106226969, -6.32415715524506, -0.5288793235090088, 1.3501440831624476, -5.767580889251384, -5.126378906409768, 0.35096358704968517, -2.6069176290166443, -4.755204268005971, -1.6112950005653128, -5.112388812887708, -3.708853986484886, 1.9506853559593909, 2.593714409998832, -4.0105197309955, 4.2672928450198535, 4.1387963611102565, -2.2224435211703972, 0.4633404002453001, 6.75122547065085, -3.232481439600066, -1.4754942248082858, 4.626323284627561, -1.5875623841923334, -0.8556432254098716, 8.227491478771679, 1.0622316419048428, 0.7853330617443133, 5.717186985385048, 2.45847622013035, 3.3318759443868116, 9.702716910131489, 2.583131794794305, 3.159472401459095, 9.955259212633566, -0.7507674768854029, 4.899208437845373, 7.473918190243914, 0.6516434497291046], "name": "C12H27N", "identifiers": {"molecule_hash": "43e341a25f6ce5697ab845ae3b8952492cda446a", "molecular_formula": "C12H27N"}, "molecular_charge": 0.0, "molecular_multiplicity": 1, "connectivity": [[0, 1, 1.0], [0, 13, 1.0], [0, 14, 1.0], [0, 15, 1.0], [1, 2, 1.0], [1, 16, 1.0], [1, 17, 1.0], [2, 3, 1.0], [2, 18, 1.0], [2, 19, 1.0], [3, 4, 1.0], [3, 20, 1.0], [3, 21, 1.0], [4, 5, 1.0], [4, 9, 1.0], [5, 6, 1.0], [5, 22, 1.0], [5, 23, 1.0], [6, 7, 1.0], [6, 24, 1.0], [6, 25, 1.0], [7, 8, 1.0], [7, 26, 1.0], [7, 27, 1.0], [8, 28, 1.0], [8, 29, 1.0], [8, 30, 1.0], [9, 10, 1.0], [9, 31, 1.0], [9, 32, 1.0], [10, 11, 1.0], [10, 33, 1.0], [10, 34, 1.0], [11, 12, 1.0], [11, 35, 1.0], [11, 36, 1.0], [12, 37, 1.0], [12, 38, 1.0], [12, 39, 1.0]], "fix_com": true, "fix_orientation": true, "provenance": {"creator": "QCElemental", "version": "v0.22.0", "routine": "qcelemental.molparse.from_schema"}, "id": "240950"}