{"schema_name": "qcschema_molecule", "schema_version": 2, "validated": true, "symbols": ["C", "C", "C", "C", "N", "C", "C", "C", "C", "C", "C", "C", "C", "H", "H", "H", "H", "H", "H", "H", "H", "H", "H", "H", "H", "H", "H", "H", "H", "H", "H", "H", "H", "H", "H", "H", "H", "H", "H", "H"], "geometry": [8.775775984763312, 2.07576660898501, -1.1102230246251565e-16, 6.791782832097349, 1.6123632576196363e-15, -1.4134584142164933e-15, 5.171129588421282, 0.01017095256935463, -2.3735302364054416, 3.2020902158718085, -2.0882020779206685, -2.485561933198573, 1.532731082197482, -2.2698209030098093, -0.30035714400889013, 0.0, 0.0, 0.0, -1.2704218808587577, 0.2459822997729233, 2.5729856064776455, 0.5664124055932218, 0.20687821917164784, 4.784079962288212, -0.7352405996438307, 0.5073435813007121, 7.325882755850319, -0.06770221619560052, -4.5031759475930535, -0.5197630142337988, 1.2040676986536594, -7.04252278024248, -0.030029828553134852, 2.203425783076198, -7.437847279854854, 2.6507241288651824, 4.802660070342117, -6.313679409189679, 3.1420016453783055, 7.898442456285079, 3.952666755607032, -0.12856629044756196, 10.065511145485473, 1.8872724435792372, -1.6154271668420028, 9.922120289682832, 2.0379403619145937, 1.7258331224806973, 7.710455520270169, -1.8552138362831123, 0.1879539690954377, 5.560939321464041, 0.18934586219138583, 1.6627791400060288, 4.276405492566338, 1.873521592959715, -2.592723162529549, 6.387281296118486, -0.20429504756398997, -4.046060144094078, 4.200996684483358, -3.899169931092064, -2.641596309421326, 2.0833283888632557, -1.8819222545107595, -4.251344981319395, -1.4449134529017558, 0.13622612266834078, -1.5164857737986936, 1.2485187419861776, 1.6358418732977047, -0.2387627964267095, -2.3309076173210928, 2.034566823213748, 2.5760971770668393, -2.70164909545037, -1.2375871233193696, 2.839514357516283, 1.6395962987288089, -1.569217278370683, 4.735374472150896, 1.9668576087686014, 1.724849889857155, 4.529042563779772, -2.1031936604338703, -1.0195076460130168, 7.651758671882992, -1.7751369948181157, 2.3003813815662655, 7.436777945553619, 0.6241493048914404, 0.4724804138054841, 8.889564087631719, -0.9798108623865242, -4.550404249527503, -2.4111978856304157, -1.607238810022969, -4.311691466952396, 0.8530389782888042, -0.2347613980031713, -8.484942284708996, -0.4352001868282702, 2.7279455827606003, -7.390314224193416, -1.4003394367520847, 0.8315088964213933, -6.650701955365883, 4.004516936206285, 2.2712821174053377, -9.477928307842333, 3.036868278721274, 4.7904584000393005, -4.264055476047009, 2.8669131539334307, 6.210202822508885, -7.117520222294756, 1.8426723082437082, 5.442432580288125, -6.713122734965678, 5.073933345265877], "name": "C12H27N", "identifiers": {"molecule_hash": "2b98fdc08db623f357b639f94aed22819b8f8616", "molecular_formula": "C12H27N"}, "molecular_charge": 0.0, "molecular_multiplicity": 1, "connectivity": [[0, 1, 1.0], [0, 13, 1.0], [0, 14, 1.0], [0, 15, 1.0], [1, 2, 1.0], [1, 16, 1.0], [1, 17, 1.0], [2, 3, 1.0], [2, 18, 1.0], [2, 19, 1.0], [3, 4, 1.0], [3, 20, 1.0], [3, 21, 1.0], [4, 5, 1.0], [4, 9, 1.0], [5, 6, 1.0], [5, 22, 1.0], [5, 23, 1.0], [6, 7, 1.0], [6, 24, 1.0], [6, 25, 1.0], [7, 8, 1.0], [7, 26, 1.0], [7, 27, 1.0], [8, 28, 1.0], [8, 29, 1.0], [8, 30, 1.0], [9, 10, 1.0], [9, 31, 1.0], [9, 32, 1.0], [10, 11, 1.0], [10, 33, 1.0], [10, 34, 1.0], [11, 12, 1.0], [11, 35, 1.0], [11, 36, 1.0], [12, 37, 1.0], [12, 38, 1.0], [12, 39, 1.0]], "fix_com": true, "fix_orientation": true, "provenance": {"creator": "QCElemental", "version": "v0.22.0", "routine": "qcelemental.molparse.from_schema"}, "id": "223262"}