{"schema_name": "qcschema_molecule", "schema_version": 2, "validated": true, "symbols": ["C", "C", "C", "C", "N", "C", "C", "C", "C", "C", "C", "C", "C", "H", "H", "H", "H", "H", "H", "H", "H", "H", "H", "H", "H", "H", "H", "H", "H", "H", "H", "H", "H", "H", "H", "H", "H", "H", "H", "H"], "geometry": [0.0, 0.0, 0.0, 2.900500941761231, 6.121667965814497e-16, 2.180102680402871e-15, 4.089981467045887, 1.4103092867843565, 2.2407623148515254, 3.4935005306972364, 4.249105327281996, 2.280431054387788, 4.772184288769893, 5.566321653020887, 4.351208741632307, 7.4614526411427695, 6.096248942432827, 3.950942287799813, 8.195852893340568, 8.618109459089434, 2.686012837671905, 7.194749003274151, 9.040635350111229, 6.106226635438361e-15, 8.194204850525615, 11.491180405704425, -1.179469413932503, 3.3386854524353162, 7.618796914399851, 5.508939983676361, 4.2699032015908, 8.28503854847934, 8.176025229634032, 4.406189514508123, 6.024309879255071, 9.991417478540058, 1.876078183073386, 4.6634606975740756, 10.366364356677522, -0.7724588656108744, 1.9052560510646943, -0.2334442703207719, -0.7399662281012989, -0.7627181903604668, 1.7790991499068483, -0.7458127589843402, -1.162349449077248, -1.5419983438357399, 3.589032021933397, 0.826036300632421, -1.7756651872306848, 3.573395014499533, -1.9605525735976619, 0.01956450322196998, 3.4478246617384576, 0.5827500421925684, 4.030195962150345, 6.143422620016285, 1.1405839567584322, 2.182157784749512, 3.9225974113153113, 5.060583244016989, 0.41030387658821854, 1.4594455170389842, 4.497441880803087, 2.553836446193602, 8.245863387722498, 4.539595389010837, 2.836945888865332, 8.428995760549686, 6.013515064333924, 5.7848485515663315, 7.60495861985669, 10.204593028809246, 3.882988395049119, 10.271479451528776, 8.69072098522337, 2.6504161772856105, 5.124990477275855, 9.09276462347384, 0.024500878624204248, 7.721167291872883, 7.429039767024726, -1.1966340722537954, 10.262233493902752, 11.472935059569101, -1.3009252561706202, 7.45133175438077, 11.771187373269575, -3.091386592248268, 7.650833332977683, 13.137559033591511, -0.045115744304330074, 3.317797804529417, 9.359219261035065, 4.352137794691093, 1.3693389646886265, 7.000039968854513, 5.635600732881797, 2.985299145685171, 9.722799553788214, 8.944740535430663, 6.133603420003567, 9.185385769580218, 8.071738176234511, 5.7986072720500115, 4.667181399796285, 9.28250397870861, 5.105448461860545, 6.695360700609834, 11.824829100892524, 2.0368166209799794, 3.1804996347173775, 11.801809419546343, 1.2428875876628345, 3.764311588892408, 8.6147095125226, 0.3954117413890095, 5.977266494556899, 10.982492832271243], "name": "C12H27N", "identifiers": {"molecule_hash": "65700a7cb961290b83ac6f3e2aadf4259a1786fc", "molecular_formula": "C12H27N"}, "molecular_charge": 0.0, "molecular_multiplicity": 1, "connectivity": [[0, 1, 1.0], [0, 13, 1.0], [0, 14, 1.0], [0, 15, 1.0], [1, 2, 1.0], [1, 16, 1.0], [1, 17, 1.0], [2, 3, 1.0], [2, 18, 1.0], [2, 19, 1.0], [3, 4, 1.0], [3, 20, 1.0], [3, 21, 1.0], [4, 5, 1.0], [4, 9, 1.0], [5, 6, 1.0], [5, 22, 1.0], [5, 23, 1.0], [6, 7, 1.0], [6, 24, 1.0], [6, 25, 1.0], [7, 8, 1.0], [7, 26, 1.0], [7, 27, 1.0], [8, 28, 1.0], [8, 29, 1.0], [8, 30, 1.0], [9, 10, 1.0], [9, 31, 1.0], [9, 32, 1.0], [10, 11, 1.0], [10, 33, 1.0], [10, 34, 1.0], [11, 12, 1.0], [11, 35, 1.0], [11, 36, 1.0], [12, 37, 1.0], [12, 38, 1.0], [12, 39, 1.0]], "fix_com": true, "fix_orientation": true, "provenance": {"creator": "QCElemental", "version": "v0.22.0", "routine": "qcelemental.molparse.from_schema"}, "id": "219415"}