{"schema_name": "qcschema_molecule", "schema_version": 2, "validated": true, "symbols": ["C", "C", "C", "C", "N", "C", "C", "C", "C", "C", "C", "C", "C", "H", "H", "H", "H", "H", "H", "H", "H", "H", "H", "H", "H", "H", "H", "H", "H", "H", "H", "H", "H", "H", "H", "H", "H", "H", "H", "H"], "geometry": [0.0, 0.0, 0.0, 2.899689122173791, -3.37741988231589e-17, -3.9886924532592355e-16, 4.085895223568801, 1.378847028287052, -2.259207737084295, 3.6481602860086584, 4.25482168416184, -2.2505917900001986, 4.649020935970712, 5.529268117796451, -8.881784197001252e-16, 7.004425036551526, 6.908993292003314, -0.3966065066645146, 9.29933749069711, 5.201103044166264, -0.8798609152148924, 9.86450852987549, 3.3062546192223294, 1.2440338248025842, 10.45130495686669, 4.541816475008659, 3.7992224225841746, 2.813668769880363, 6.861736533778352, 1.5855762648220435, 2.038740584656869, 9.562329140563762, 0.7966516012566802, 0.643069991999015, 9.829086012429846, -1.7353743299654552, -2.000479190585514, 8.639114744149925, -1.761339240765345, -0.7756474044846802, 1.9145449038485567, 0.12592345440265074, -0.7487352480519511, -0.8606587918269025, -1.7301388960881736, -0.744917664186908, -1.0696874912665373, 1.608163174721656, 3.600096807108894, 0.8724667877108092, 1.7433043422967374, 3.569481129868754, -1.9620375101810876, 0.012543795262137003, 6.119221292278743, 0.9995627303523282, -2.2903452831005944, 3.3164245682463798, 0.611139960024415, -4.0305878565425175, 4.486594475402084, 5.067896960666122, -3.9722808797916414, 1.61842645406465, 4.608685488428392, -2.39861664204422, 7.363522786835978, 8.03697003088374, 1.3006890714583852, 6.853562814882539, 8.270343855163542, -1.9766264941554703, 9.038131732826418, 4.179467968095718, -2.66381758293888, 10.946610977726909, 6.432827935529677, -1.1661527466299129, 8.250563905315417, 2.0326856882227538, 1.4663802197374682, 11.47496926617671, 2.133852367418744, 0.6673562731172764, 11.013310297203695, 3.1224578247680856, 5.197257796230134, 8.803152375091909, 5.535013609697565, 4.558681188981772, 11.997647570928748, 5.913026860220972, 3.6376214954954933, 3.612109515315007, 6.979879233950503, 3.498467137376944, 1.1363788415168337, 5.663275372467757, 1.7541681694273739, 0.8418479522171278, 10.332807146311108, 2.3104405983368124, 3.7339163109120848, 10.753117320260635, 0.7549154486393763, 0.46240325825173745, 11.848691968721923, -2.1701946263464444, 1.7935562873404995, 9.02407538635979, -3.257047821743148, -2.932844998598266, 8.92874068994189, -3.586493073745947, -3.202611702282668, 9.480763488545787, -0.2986477047791416, -1.9441686261977424, 6.600063298099768, -1.4146863065932571], "name": "C12H27N", "identifiers": {"molecule_hash": "eb267fe28a72a5b4353aab93e114066f24e89ce8", "molecular_formula": "C12H27N"}, "molecular_charge": 0.0, "molecular_multiplicity": 1, "connectivity": [[0, 1, 1.0], [0, 13, 1.0], [0, 14, 1.0], [0, 15, 1.0], [1, 2, 1.0], [1, 16, 1.0], [1, 17, 1.0], [2, 3, 1.0], [2, 18, 1.0], [2, 19, 1.0], [3, 4, 1.0], [3, 20, 1.0], [3, 21, 1.0], [4, 5, 1.0], [4, 9, 1.0], [5, 6, 1.0], [5, 22, 1.0], [5, 23, 1.0], [6, 7, 1.0], [6, 24, 1.0], [6, 25, 1.0], [7, 8, 1.0], [7, 26, 1.0], [7, 27, 1.0], [8, 28, 1.0], [8, 29, 1.0], [8, 30, 1.0], [9, 10, 1.0], [9, 31, 1.0], [9, 32, 1.0], [10, 11, 1.0], [10, 33, 1.0], [10, 34, 1.0], [11, 12, 1.0], [11, 35, 1.0], [11, 36, 1.0], [12, 37, 1.0], [12, 38, 1.0], [12, 39, 1.0]], "fix_com": true, "fix_orientation": true, "provenance": {"creator": "QCElemental", "version": "v0.22.0", "routine": "qcelemental.molparse.from_schema"}, "id": "222553"}