{"schema_name": "qcschema_molecule", "schema_version": 2, "validated": true, "symbols": ["C", "C", "C", "C", "N", "C", "C", "C", "C", "C", "C", "C", "C", "H", "H", "H", "H", "H", "H", "H", "H", "H", "H", "H", "H", "H", "H", "H", "H", "H", "H", "H", "H", "H", "H", "H", "H", "H", "H", "H"], "geometry": [0.0, -0.0, 0.0, 2.9007777530171053, -7.969158627377983e-16, 7.664589492557814e-17, 4.093077432882117, 2.6483676547978288, 1.5543122344752192e-15, 3.633540093983866, 4.112950993236035, -2.4735052900992622, 4.675286881893558, 6.675325913684853, -2.630309784409384, 7.4334103471246475, 6.810407504466816, -2.4205849551726804, 8.844546885506924, 5.340658613479296, -4.477763292658568, 8.146223674413815, 6.139189829506531, -7.172809428472206, 9.60719510046691, 4.662494623940475, -9.190147994095451, 3.411229535148875, 8.473573382127528, -0.9453246878098494, 3.3586203999161555, 11.1674330772645, -2.0161310433979276, 2.196204826901382, 13.116279714336564, -0.20545054518820383, -0.5969973686493661, 12.645526282628438, 0.418908407120572, -0.7773283403842502, 0.8448777273852434, -1.7207288446480222, -0.7385190806042965, 1.0709559894338603, 1.6130486834659328, -0.7434458929305681, -1.927351965893596, 0.13176433217985561, 3.591926272385949, -1.060896774100673, -1.6452948608982632, 3.569266817207813, -1.0327652237711933, 1.668443013282179, 6.132066375346799, 2.4593116720375967, 0.3139415012322415, 3.3518793142492247, 3.7358395096984958, 1.604115418481536, 4.385287349894875, 3.002158846163834, -4.052884753431613, 1.599980927909228, 4.274623753582569, -2.820245360434433, 8.103611807411085, 6.179409841513525, -0.543491735087978, 7.96822944805785, 8.803338190289484, -2.5752728754051297, 8.531933517811016, 3.302864594101223, -4.251774527945303, 10.876531595913399, 5.6314778323893, -4.172499211597479, 6.109835035229451, 5.898141059654522, -7.448778826851113, 8.511272688222622, 8.170471418660528, -7.389544872499352, 9.082493771934088, 5.266948004567132, -11.09946220378955, 9.226415407929043, 2.6302546398928737, -9.048883275938826, 11.652346284310227, 4.927315976014412, -8.985613103669074, 4.2796283112744975, 8.504624412371369, 0.9574809077611235, 1.4660117498945882, 7.82397812543402, -0.6780619170922284, 2.3080088021139167, 11.138279444946503, -3.8030105787509436, 5.285229798782112, 11.764789562888431, -2.4852875363400804, 3.2968291399213285, 13.162048404812474, 1.553854344059781, 2.3877028224535652, 14.9990654306014, -1.0512927249334751, -0.8684090080318456, 10.881845928559176, 1.4662883787110372, -1.3696384998991369, 14.176978236372399, 1.5776837099585546, -1.7330228942129549, 12.528799050465636, -1.310341639380674], "name": "C12H27N", "identifiers": {"molecule_hash": "cd13730dd21ab73316966d0ddf97520846611e95", "molecular_formula": "C12H27N"}, "molecular_charge": 0.0, "molecular_multiplicity": 1, "connectivity": [[0, 1, 1.0], [0, 13, 1.0], [0, 14, 1.0], [0, 15, 1.0], [1, 2, 1.0], [1, 16, 1.0], [1, 17, 1.0], [2, 3, 1.0], [2, 18, 1.0], [2, 19, 1.0], [3, 4, 1.0], [3, 20, 1.0], [3, 21, 1.0], [4, 5, 1.0], [4, 9, 1.0], [5, 6, 1.0], [5, 22, 1.0], [5, 23, 1.0], [6, 7, 1.0], [6, 24, 1.0], [6, 25, 1.0], [7, 8, 1.0], [7, 26, 1.0], [7, 27, 1.0], [8, 28, 1.0], [8, 29, 1.0], [8, 30, 1.0], [9, 10, 1.0], [9, 31, 1.0], [9, 32, 1.0], [10, 11, 1.0], [10, 33, 1.0], [10, 34, 1.0], [11, 12, 1.0], [11, 35, 1.0], [11, 36, 1.0], [12, 37, 1.0], [12, 38, 1.0], [12, 39, 1.0]], "fix_com": true, "fix_orientation": true, "provenance": {"creator": "QCElemental", "version": "v0.22.0", "routine": "qcelemental.molparse.from_schema"}, "id": "222391"}