{"schema_name": "qcschema_molecule", "schema_version": 2, "validated": true, "symbols": ["C", "C", "C", "C", "N", "C", "C", "C", "C", "C", "C", "C", "C", "H", "H", "H", "H", "H", "H", "H", "H", "H", "H", "H", "H", "H", "H", "H", "H", "H", "H", "H", "H", "H", "H", "H", "H", "H", "H", "H"], "geometry": [5.5222125673767195, 2.825247760088966, 4.440892098500626e-16, 4.908795123414681, 6.610145092595151e-17, 8.919949455889497e-17, 2.4520417318217147, -0.6666018857791218, 1.3873517756456617, 0.0, 0.0, 0.0, -0.5529027671287334, -1.4839641428140216, -2.2649604356733533, -0.8680153688777931, -4.180245405191522, -1.6680954693773418, 1.4089312444649145, -5.893183457367103, -2.2390180845057612, 1.5774300592979342, -6.9072419149732385, -4.9495761277663455, 2.2200189890981807, -4.9472187437784525, -6.969607103947622, -2.811904386701468, -0.5083695929234113, -3.5324211051735928, -2.657301750012434, 2.108994988295986, -4.77183107473946, -1.0127763856951613, 2.327904405413976, -7.152307965149987, 1.8185262517438017, 2.629691857054463, -6.674084540600552, 4.055726720126664, 3.9308402367594173, -0.909927779605253, 7.275559882113517, 3.192608657456627, -1.0002150257606242, 5.738344656148041, 3.5300592616806368, 1.9167801228683419, 6.45951953174114, -1.000383257970349, 0.9043760821774401, 4.822494578521265, -0.6859764841657732, -1.9287582223949316, 2.455030428522102, -2.657494718577878, 1.8729895687066827, 2.4158198957083865, 0.33657601809437154, 3.182858730091382, 0.07824048138834461, 1.9711554092910817, -0.529723660995888, -1.5614746335019185, -0.1770159741168129, 1.3480042551109506, -2.474272135254596, -4.908325415991503, -2.712084638215285, -1.3728032494488782, -4.390310036529239, 0.31718220224405225, 3.154520766988412, -4.934438435028306, -1.7631783440233706, 1.2783744423406553, -7.516118198006839, -0.9816718010260015, -0.19595458582331182, -7.832436766365058, -5.431931487050041, 3.0102304566340616, -8.380592545836949, -4.988498437155302, 0.7940285032140917, -3.4868359915237828, -7.093730108941125, 4.009096569127745, -4.029196493279006, -6.560134941870637, 2.38045073961515, -5.836089594580844, -8.813032604700037, -3.309054323012576, -1.835985560294078, -5.011011782850095, -4.4084842558158766, -0.4854576989390309, -2.2143500962993885, -2.1135500101942015, 3.552239936630932, -3.418430251355575, -4.592174562651146, 2.5613513415125717, -5.300645577806508, -1.3406762071102978, 0.691592078219283, -8.35226813318941, -1.6653326090181584, 3.953631242684403, -8.22730738650086, 2.8414579625203786, 2.7816649087898244, -8.447412160143433, 2.1958071394678136, 4.337711935853152, -5.597850541950043, 2.5724259065153623, 1.0423052450455024, -5.632473971789598], "name": "C12H27N", "identifiers": {"molecule_hash": "c17cb3deee1cffd3d54ac67867562c643408a517", "molecular_formula": "C12H27N"}, "molecular_charge": 0.0, "molecular_multiplicity": 1, "connectivity": [[0, 1, 1.0], [0, 13, 1.0], [0, 14, 1.0], [0, 15, 1.0], [1, 2, 1.0], [1, 16, 1.0], [1, 17, 1.0], [2, 3, 1.0], [2, 18, 1.0], [2, 19, 1.0], [3, 4, 1.0], [3, 20, 1.0], [3, 21, 1.0], [4, 5, 1.0], [4, 9, 1.0], [5, 6, 1.0], [5, 22, 1.0], [5, 23, 1.0], [6, 7, 1.0], [6, 24, 1.0], [6, 25, 1.0], [7, 8, 1.0], [7, 26, 1.0], [7, 27, 1.0], [8, 28, 1.0], [8, 29, 1.0], [8, 30, 1.0], [9, 10, 1.0], [9, 31, 1.0], [9, 32, 1.0], [10, 11, 1.0], [10, 33, 1.0], [10, 34, 1.0], [11, 12, 1.0], [11, 35, 1.0], [11, 36, 1.0], [12, 37, 1.0], [12, 38, 1.0], [12, 39, 1.0]], "fix_com": true, "fix_orientation": true, "provenance": {"creator": "QCElemental", "version": "v0.22.0", "routine": "qcelemental.molparse.from_schema"}, "id": "215138"}