{"schema_name": "qcschema_molecule", "schema_version": 2, "validated": true, "symbols": ["C", "C", "C", "C", "N", "C", "C", "C", "C", "C", "C", "C", "C", "H", "H", "H", "H", "H", "H", "H", "H", "H", "H", "H", "H", "H", "H", "H", "H", "H", "H", "H", "H", "H", "H", "H", "H", "H", "H", "H"], "geometry": [0.0, 0.0, 0.0, 2.900500941761231, 1.8249464466845084e-15, 1.3405843318009365e-15, 4.089981467045887, 2.491122226543414, 0.8968266769395019, 3.4935005306972364, 4.752102003601208, -0.8202368094165393, 4.772184288769893, 7.065193150802503, 0.0, 7.4614526411427695, 7.236186756624163, -0.6417143857630374, 8.195852893340568, 8.444011445443909, -3.191417603855275, 7.194749003274151, 7.122676370238267, -5.567815447599733, 8.194204850525615, 8.326946968175733, -8.006268132159738, 3.3386854524353162, 9.395245201633763, -0.3519286402021722, 4.2699032015908, 11.562710342918804, 1.3390227149527352, 4.406189514508123, 10.899629770288655, 4.161586671259321, 1.876078183073386, 10.05839981297148, 5.295089126315774, -0.7724588656108744, 1.3572881954115483, -1.3573008517129477, -0.7399662281012989, 0.49477727226068124, 1.8713974120854968, -0.7458127589843402, -1.8654221192182396, -0.49901448004409465, 3.589032021933397, -0.44277715721664, -1.907687400008877, 3.573395014499533, -1.532574803510852, 1.22285061854276, 3.4478246617384576, 2.9411790499732953, 2.8162995048479074, 6.143422620016285, 2.2425262644682458, 1.0167695476988463, 3.9225974113153113, 4.239679123170238, -2.7933802056510793, 1.4594455170389842, 5.116135231149099, -0.7577759310662526, 8.245863387722498, 5.323703267291593, -0.5606886784189373, 8.428995760549686, 8.300444368361322, 0.854084001295484, 7.60495861985669, 10.4311005533303, -3.225439350851396, 10.271479451528776, 8.479295775965593, -3.264181413388537, 5.124990477275855, 7.178835732318376, -5.58061701959018, 7.721167291872883, 5.1160130387251455, -5.518059038331122, 10.262233493902752, 8.237771884879225, -8.09072059682732, 7.45133175438077, 7.370066986452652, -9.68502121084689, 7.650833332977683, 10.322657815410805, -8.126513915414424, 3.317797804529417, 10.054004657614987, -2.3351828418272818, 1.3693389646886265, 8.98576271997605, 0.12893225471996672, 2.985299145685171, 13.168877468419083, 1.0591886664258237, 6.133603420003567, 12.207823278457195, 0.7023672284831148, 5.7986072720500115, 9.393818954987438, 4.438876859551782, 5.105448461860545, 12.557453009564767, 5.192765360495125, 2.0368166209799794, 9.77408809973117, 7.339310956787677, 1.2428875876628345, 8.271220219484434, 4.468800488297604, 0.3954117413890095, 11.472935700563834, 4.971379081157418], "name": "C12H27N", "identifiers": {"molecule_hash": "65700a7cb961290b83ac6f3e2aadf4259a1786fc", "molecular_formula": "C12H27N"}, "molecular_charge": 0.0, "molecular_multiplicity": 1, "connectivity": [[0, 1, 1.0], [0, 13, 1.0], [0, 14, 1.0], [0, 15, 1.0], [1, 2, 1.0], [1, 16, 1.0], [1, 17, 1.0], [2, 3, 1.0], [2, 18, 1.0], [2, 19, 1.0], [3, 4, 1.0], [3, 20, 1.0], [3, 21, 1.0], [4, 5, 1.0], [4, 9, 1.0], [5, 6, 1.0], [5, 22, 1.0], [5, 23, 1.0], [6, 7, 1.0], [6, 24, 1.0], [6, 25, 1.0], [7, 8, 1.0], [7, 26, 1.0], [7, 27, 1.0], [8, 28, 1.0], [8, 29, 1.0], [8, 30, 1.0], [9, 10, 1.0], [9, 31, 1.0], [9, 32, 1.0], [10, 11, 1.0], [10, 33, 1.0], [10, 34, 1.0], [11, 12, 1.0], [11, 35, 1.0], [11, 36, 1.0], [12, 37, 1.0], [12, 38, 1.0], [12, 39, 1.0]], "fix_com": true, "fix_orientation": true, "provenance": {"creator": "QCElemental", "version": "v0.22.0", "routine": "qcelemental.molparse.from_schema"}, "id": "219415"}