{"schema_name": "qcschema_molecule", "schema_version": 2, "validated": true, "symbols": ["C", "C", "C", "C", "N", "C", "C", "C", "C", "C", "C", "C", "C", "H", "H", "H", "H", "H", "H", "H", "H", "H", "H", "H", "H", "H", "H", "H", "H", "H", "H", "H", "H", "H", "H", "H", "H", "H", "H", "H"], "geometry": [0.0, -0.0, 0.0, 2.8882809426938394, 4.120268994251437e-16, -5.234196149715079e-16, 3.997713690663757, 2.6753890476079203, 8.881784197001252e-16, 6.905283892118298, 2.8330009802199188, 0.004338932961551523, 8.02412339896675, 3.4256267258841433, -2.441161816490866, 10.644034108571752, 4.2266856897823954, -2.2207045866797266, 11.623894993931875, 5.736479391433896, -4.485486180010166, 10.114433912063827, 8.141198163016893, -5.0256949751884035, 11.19984398154703, 9.66734640325671, -7.224852605092218, 7.522620471026238, 1.597460968072232, -4.437162179291807, 8.741032455920466, -1.0555374283893013, -4.214164868556918, 11.106440909717259, -1.457216118268223, -5.836609478243842, 12.165635782691202, -4.135000439003107, -5.614397628120496, -0.7407180194490595, 0.9273890557350232, -1.6752195503798755, -0.7445854988012224, -1.9114089159765717, 0.03715089343852562, -0.741430907447057, 0.9916461731920543, 1.6378092350335538, 3.5662432897992655, -1.003178178483835, 1.6614835766037421, 3.563632747973661, -1.0634507551301828, -1.6196576498466602, 3.279575149263083, 3.750480981064285, -1.5937487173185632, 3.3044409088592515, 3.6316901603059777, 1.6818081620085572, 7.686520896487421, 1.107251645700414, 0.83230668122754, 7.452843808300897, 4.351397841756496, 1.2628896367820925, 11.918184871469148, 2.642535953123092, -1.8543718074377464, 10.770892443561475, 5.440528258757007, -0.5733541221628267, 13.57934984926761, 6.235353895809876, -4.084161718937786, 11.683614771760151, 4.570237406698498, -6.173624739105836, 8.164153402046896, 7.648567040525603, -5.417073257535598, 10.08217235987981, 9.310846783821273, -3.3344870628786434, 13.134628583547002, 10.245128300649661, -6.85072411563363, 10.097806255054493, 11.364026002190668, -7.566990745395644, 11.205055969418446, 8.568924985591803, -8.960108873084154, 5.492783651047507, 1.3896913815932888, -4.55604174478922, 8.079028996496998, 2.440909601231523, -6.219455937083446, 9.187526180834581, -1.463972979645943, -2.2521889677060587, 7.349825778134042, -2.4629385757510853, -4.772244260503745, 12.564041400368726, -0.11055078966726972, -5.314845845192113, 10.645840091109507, -1.0721347906437182, -7.803471926470618, 10.776675688105415, -5.532030490503421, -6.192714623174836, 13.826337970037313, -4.379075758710053, -6.794275236664402, 12.706164486943567, -4.559473159649814, -3.679706617561622], "name": "C12H27N", "identifiers": {"molecule_hash": "c63a65806d202afeae4a2f7954882bf843d7bee4", "molecular_formula": "C12H27N"}, "molecular_charge": 0.0, "molecular_multiplicity": 1, "connectivity": [[0, 1, 1.0], [0, 13, 1.0], [0, 14, 1.0], [0, 15, 1.0], [1, 2, 1.0], [1, 16, 1.0], [1, 17, 1.0], [2, 3, 1.0], [2, 18, 1.0], [2, 19, 1.0], [3, 4, 1.0], [3, 20, 1.0], [3, 21, 1.0], [4, 5, 1.0], [4, 9, 1.0], [5, 6, 1.0], [5, 22, 1.0], [5, 23, 1.0], [6, 7, 1.0], [6, 24, 1.0], [6, 25, 1.0], [7, 8, 1.0], [7, 26, 1.0], [7, 27, 1.0], [8, 28, 1.0], [8, 29, 1.0], [8, 30, 1.0], [9, 10, 1.0], [9, 31, 1.0], [9, 32, 1.0], [10, 11, 1.0], [10, 33, 1.0], [10, 34, 1.0], [11, 12, 1.0], [11, 35, 1.0], [11, 36, 1.0], [12, 37, 1.0], [12, 38, 1.0], [12, 39, 1.0]], "fix_com": true, "fix_orientation": true, "provenance": {"creator": "QCElemental", "version": "v0.22.0", "routine": "qcelemental.molparse.from_schema"}, "id": "215800"}