{"schema_name": "qcschema_molecule", "schema_version": 2, "validated": true, "symbols": ["C", "C", "C", "C", "N", "C", "C", "C", "C", "C", "C", "C", "C", "H", "H", "H", "H", "H", "H", "H", "H", "H", "H", "H", "H", "H", "H", "H", "H", "H", "H", "H", "H", "H", "H", "H", "H", "H", "H", "H"], "geometry": [0.0, -0.0, 0.0, 2.8962907258433317, -9.847573632856293e-16, 5.587055632789776e-16, 4.006830985145836, 1.9235433870832712, 1.8693014041623481, 6.914369296944789, 2.043843501098966, 1.9819348791503144, 8.048786756575716, 4.077160704832005, 0.47778086356074967, 10.738908936305357, 4.356821119818635, 1.0666272572995095, 11.946249234662153, 6.763335490171932, -8.881784197001252e-16, 10.61930281939968, 9.200743984411657, 0.8289011281020096, 11.893192984293979, 11.578155029975369, -0.22519507713809173, 7.423415897533946, 4.018356909248356, -2.2218126376341054, 8.376794414747813, 1.7641348261840142, -3.829373584648022, 10.988268887297334, 2.1001842455801114, -5.049074090085492, 11.706189489385014, -0.12544850910414396, -6.758958607668165, -0.744362006637977, 1.8507349066761505, -0.5595089478018137, -0.7581817856552021, -1.408112028224184, -1.3143840309470383, -0.7482236313862439, -0.42762236584076785, 1.884209277978146, 3.587631684968046, -1.89204658253978, 0.4962908726231406, 3.579434196920325, 0.3694355596964808, -1.9174795095259862, 3.27835134504917, 3.8227443332197715, 1.4714707883267786, 3.3063739396229956, 1.4358139338635505, 3.7593460009580815, 7.700561396793967, 0.1642268242217942, 1.5015841142343709, 7.480704467471547, 2.4027661292798013, 3.939829324698331, 11.859200944585938, 2.695713621761149, 0.47034949463556364, 10.892815973973423, 4.429520425759455, 3.1332486015822534, 13.921538055287318, 6.799542993312972, 0.6358118206139509, 12.028611304044865, 6.686035055797596, -2.0682978469866566, 8.637697178915886, 9.134266944398465, 0.2369352173193544, 10.589224106475768, 9.282940082569333, 2.902152422736919, 13.866061933477102, 11.71374352767577, 0.3943906864316684, 10.919753952986142, 13.297053800469905, 0.3944500828715398, 11.891941873332737, 11.568876450428945, -2.297570159993468, 5.36357401362581, 4.104896276649731, -2.3527872729475057, 8.09336141532535, 5.783323749699418, -3.071231507785413, 8.365979248406818, 0.033148436558072425, -2.6893456124505866, 7.001478746000435, 1.4353231308752792, -5.349688008248849, 12.438744700131359, 2.334734055832713, -3.5929500449468925, 10.99637241906266, 3.8530409682722655, -6.159946519228722, 10.3275015610029, -0.36857086732270883, -8.286288311176092, 13.566126290723828, 0.15204984755274475, -7.6247185160469675, 11.767722882722211, -1.8975852970561713, -5.687426744410602], "name": "C12H27N", "identifiers": {"molecule_hash": "055ce40e85fe6126f01e92a3c3bba0ab2213f8d9", "molecular_formula": "C12H27N"}, "molecular_charge": 0.0, "molecular_multiplicity": 1, "connectivity": [[0, 1, 1.0], [0, 13, 1.0], [0, 14, 1.0], [0, 15, 1.0], [1, 2, 1.0], [1, 16, 1.0], [1, 17, 1.0], [2, 3, 1.0], [2, 18, 1.0], [2, 19, 1.0], [3, 4, 1.0], [3, 20, 1.0], [3, 21, 1.0], [4, 5, 1.0], [4, 9, 1.0], [5, 6, 1.0], [5, 22, 1.0], [5, 23, 1.0], [6, 7, 1.0], [6, 24, 1.0], [6, 25, 1.0], [7, 8, 1.0], [7, 26, 1.0], [7, 27, 1.0], [8, 28, 1.0], [8, 29, 1.0], [8, 30, 1.0], [9, 10, 1.0], [9, 31, 1.0], [9, 32, 1.0], [10, 11, 1.0], [10, 33, 1.0], [10, 34, 1.0], [11, 12, 1.0], [11, 35, 1.0], [11, 36, 1.0], [12, 37, 1.0], [12, 38, 1.0], [12, 39, 1.0]], "fix_com": true, "fix_orientation": true, "provenance": {"creator": "QCElemental", "version": "v0.22.0", "routine": "qcelemental.molparse.from_schema"}, "id": "217993"}