{"schema_name": "qcschema_molecule", "schema_version": 2, "validated": true, "symbols": ["C", "C", "C", "C", "N", "C", "C", "C", "C", "C", "C", "C", "C", "H", "H", "H", "H", "H", "H", "H", "H", "H", "H", "H", "H", "H", "H", "H", "H", "H", "H", "H", "H", "H", "H", "H", "H", "H", "H", "H"], "geometry": [0.0, 0.0, -0.0, 2.8910867352758762, -1.210205908983711e-16, -2.7594494626772677e-17, 4.089367868269466, 2.6362055202257575, 2.1094237467877974e-15, 3.6457232885238726, 4.187849614392224, -2.4042039523401675, 4.682238863624826, 3.010152088485141, -4.660305572604191, 3.2412538012188294, 3.46987991038542, -6.954690866937618, 2.994522203953835, 6.234650408502496, -7.81102170162838, 1.3555955498342533, 6.569978972805329, -10.179353499990226, 2.504374228646456, 5.488858240525761, -12.60336587116337, 7.407868040556355, 3.257998193887953, -4.942240013345414, 8.637925485412033, 0.859812858094319, -5.991039881285369, 11.481654598134277, 1.1068672120063543, -6.487132312721506, 13.087793519607338, 1.5051635953899452, -4.115251918482873, -0.7265640472202962, -1.913395332575763, 0.14613458486664033, -0.7677213391562306, 0.8126804512586239, -1.71905227202704, -0.7448016749738872, 1.0710417456652577, 1.5869359596219734, 3.575954808462882, -1.048782235038899, -1.6220822561589734, 3.5457177705432636, -1.0034469531791517, 1.6700156247644065, 6.10811743891063, 2.440987019030106, 0.3239693455954413, 3.3645118259915003, 3.718244663429769, 1.5940022109477407, 1.6288707555202655, 4.414253299984599, -2.6800723567350433, 4.396646940091712, 6.088929700983182, -2.1110961335101055, 4.084593120924166, 2.359041577329594, -8.452850583925251, 1.3560589092449513, 2.703019457784774, -6.67414831148116, 2.167204536823062, 7.337190057121541, -6.288972297812476, 4.852024654949489, 7.0394149300164, -8.161954007476911, -0.4888648165763104, 5.718029443258184, -9.859237973872158, 1.01435549264, 8.57663541706753, -10.455179576668108, 1.3190464484981719, 5.91572385618108, -14.22258506176833, 4.359732625598755, 6.2933285915157935, -12.960756995016112, 2.7128622426897175, 3.451000715239808, -12.518906896252396, 7.910291415887611, 4.86419814846078, -6.135849900789443, 8.203469275926174, 3.6615119289000617, -3.1022927572733794, 8.288225814272039, -0.6809996987130671, -4.678240131010463, 7.715024104523477, 0.3363751457803468, -7.74808082828457, 12.124673991034442, -0.5972737876996914, -7.436949361417571, 11.815685073140669, 2.6520206387532794, -7.803133773232503, 12.766589772582444, 0.0067792108936062245, -2.7482066919894987, 15.086146229470877, 1.5065298333748065, -4.579945349296426, 12.673613870075558, 3.2901470175771967, -3.1943154180359854], "name": "C12H27N", "identifiers": {"molecule_hash": "fd43192d919c38620a95888a843867d4b440760e", "molecular_formula": "C12H27N"}, "molecular_charge": 0.0, "molecular_multiplicity": 1, "connectivity": [[0, 1, 1.0], [0, 13, 1.0], [0, 14, 1.0], [0, 15, 1.0], [1, 2, 1.0], [1, 16, 1.0], [1, 17, 1.0], [2, 3, 1.0], [2, 18, 1.0], [2, 19, 1.0], [3, 4, 1.0], [3, 20, 1.0], [3, 21, 1.0], [4, 5, 1.0], [4, 9, 1.0], [5, 6, 1.0], [5, 22, 1.0], [5, 23, 1.0], [6, 7, 1.0], [6, 24, 1.0], [6, 25, 1.0], [7, 8, 1.0], [7, 26, 1.0], [7, 27, 1.0], [8, 28, 1.0], [8, 29, 1.0], [8, 30, 1.0], [9, 10, 1.0], [9, 31, 1.0], [9, 32, 1.0], [10, 11, 1.0], [10, 33, 1.0], [10, 34, 1.0], [11, 12, 1.0], [11, 35, 1.0], [11, 36, 1.0], [12, 37, 1.0], [12, 38, 1.0], [12, 39, 1.0]], "fix_com": true, "fix_orientation": true, "provenance": {"creator": "QCElemental", "version": "v0.22.0", "routine": "qcelemental.molparse.from_schema"}, "id": "215603"}