{"schema_name": "qcschema_molecule", "schema_version": 2, "validated": true, "symbols": ["C", "C", "C", "C", "N", "C", "C", "C", "C", "C", "C", "C", "C", "H", "H", "H", "H", "H", "H", "H", "H", "H", "H", "H", "H", "H", "H", "H", "H", "H", "H", "H", "H", "H", "H", "H", "H", "H", "H", "H"], "geometry": [11.31505928131487, 2.645425421142933, -4.440892098500626e-16, 10.185200957570384, -4.490339332416428e-15, 1.45333081354484e-15, 8.371006742426957, -0.5103504974657592, -2.179649476868997, 5.976922551468885, 1.09272729319165, -2.1150163187065463, 4.252691678412039, 0.46130777283200186, -4.156996987009206, 2.6514938573777416, -1.7317900106781603, -3.7290756783531687, 0.036527512654454176, -1.2763331453301565, -2.577636152391685, 0.0, -0.0, 0.0, -2.652321614832925, 0.2326922393290109, 1.0792152307239222, 3.0486887362433093, 2.5673617640657937, -5.424484409548338, 2.1362303881428057, 1.8862557117507124, -8.075221123639395, 4.155147308912935, 0.6976211735230473, -9.754970968655346, 6.466113806417925, 2.357391386095254, -10.15496755049724, 9.869464882965351, 4.109055904342543, 0.2620586128350859, 12.284337094201092, 3.0415929367942227, -1.7927692780665923, 12.700602774073822, 2.872393911399596, 1.5245834316986655, 9.202837466802118, -0.3334299637952854, 1.8038026247839223, 11.722911038898816, -1.3930765802562277, -0.07362662158177297, 9.326809902845254, -0.19210628789533157, -3.99840994006965, 7.831752774139948, -2.5167262447652505, -2.1584960331777996, 5.097955632153586, 0.9201200012819933, -0.22725917891378408, 6.483870531145686, 3.0925409005914237, -2.3237047568740206, 3.712707502362975, -3.0421393488142745, -2.519002301281332, 2.3827993129331544, -2.732283948324789, -5.53516360292261, -1.1230917633856383, -0.1618649624938212, -3.8979328095459005, -0.9085311124638304, -3.124871219342971, -2.4394869237446537, 0.8533713843535717, 1.8885531474247177, -0.15045498257181494, 1.2027655357831697, -1.0686950545023794, 1.318828650296831, -3.5311019660501253, -1.632257885172693, 1.3170417820085645, -2.649211302322325, 1.1679050870962429, 2.928377802864722, -3.8772739580581397, 1.3363481315453678, -0.1813052459262893, 1.443536772687382, 3.3800623226360336, -4.348751773629811, 4.459578361924524, 4.080865291809396, -5.565989039544695, 1.410503085661455, 3.621904707819976, -8.960703967653279, 0.5112690169783449, 0.596574691067278, -7.948414865555511, 4.755639479075082, -1.1028875674160517, -8.91396263223943, 3.301074346947373, 0.2402628221291483, -11.59226454969374, 7.787416035904903, 1.4934691554773054, -11.49802751443641, 7.496898673232363, 2.6511521334986483, -8.37949483565874, 5.942826541282436, 4.223312877682535, -10.90256557556642], "name": "C12H27N", "identifiers": {"molecule_hash": "9c7e61a8fef056f342a29a6e607fe3b18e4e413d", "molecular_formula": "C12H27N"}, "molecular_charge": 0.0, "molecular_multiplicity": 1, "connectivity": [[0, 1, 1.0], [0, 13, 1.0], [0, 14, 1.0], [0, 15, 1.0], [1, 2, 1.0], [1, 16, 1.0], [1, 17, 1.0], [2, 3, 1.0], [2, 18, 1.0], [2, 19, 1.0], [3, 4, 1.0], [3, 20, 1.0], [3, 21, 1.0], [4, 5, 1.0], [4, 9, 1.0], [5, 6, 1.0], [5, 22, 1.0], [5, 23, 1.0], [6, 7, 1.0], [6, 24, 1.0], [6, 25, 1.0], [7, 8, 1.0], [7, 26, 1.0], [7, 27, 1.0], [8, 28, 1.0], [8, 29, 1.0], [8, 30, 1.0], [9, 10, 1.0], [9, 31, 1.0], [9, 32, 1.0], [10, 11, 1.0], [10, 33, 1.0], [10, 34, 1.0], [11, 12, 1.0], [11, 35, 1.0], [11, 36, 1.0], [12, 37, 1.0], [12, 38, 1.0], [12, 39, 1.0]], "fix_com": true, "fix_orientation": true, "provenance": {"creator": "QCElemental", "version": "v0.22.0", "routine": "qcelemental.molparse.from_schema"}, "id": "223902"}