{"schema_name": "qcschema_molecule", "schema_version": 2, "validated": true, "symbols": ["C", "C", "C", "C", "N", "C", "C", "C", "C", "C", "C", "C", "C", "H", "H", "H", "H", "H", "H", "H", "H", "H", "H", "H", "H", "H", "H", "H", "H", "H", "H", "H", "H", "H", "H", "H", "H", "H", "H", "H"], "geometry": [0.0, -0.0, 0.0, 2.874398436461197, -3.7618215520716743e-16, -6.80043099122054e-16, 4.026906047421837, 1.4389785319847839, -2.219650239937043, 3.921955079476234, 4.309141540371159, -2.00817054692376, 5.465296329279798, 5.404664953040478, -8.881784197001252e-16, 8.152436739375982, 4.7895469384139915, -0.32795725796682973, 9.158858828974388, 2.651033199232776, 1.3294563888294917, 9.71401046901644, 3.3669118830053395, 4.067259457079906, 7.417584745714767, 4.0761446933149195, 5.643007392469275, 5.142574170434717, 8.151880573968427, 0.05939516148556967, 2.5487207625306856, 9.182177146515954, 0.7808233819844443, 1.6662165006815293, 8.643483788900966, 3.4747554867020725, 0.574289498987892, 6.017226941900979, 3.877522493205641, -0.7701635461885119, 1.9236000584370136, 0.05102136348578867, -0.7568741762498918, -1.0074418705431194, 1.645463950416103, -0.7436234043858448, -0.9255047262577956, -1.7027797235684667, 3.5498607046069215, -1.963503399521521, -0.04707901922828783, 3.580403350525498, 0.8132202508035011, 1.7756060952160946, 5.991502321954911, 0.8412881505428985, -2.5163927755842264, 3.0241647051388183, 0.9111084766226818, -3.9627830049783666, 1.9562234218471566, 4.881889218312151, -1.679846792167866, 4.475630128212481, 5.129700639507236, -3.8615536139685958, 9.267713444330063, 6.492219737517562, 0.08697746989877153, 8.537302031653226, 4.35353083094128, -2.335020754677499, 7.847748944335418, 1.0446581407202429, 1.2876802656585333, 10.92578769135218, 1.9776758793679203, 0.4657885533158348, 11.081332001192298, 4.936582272668076, 4.088212134478344, 10.684874234941814, 1.7665778018467206, 4.969634586980846, 7.943749673909643, 4.380337115673951, 7.62589334164505, 6.509079390858032, 5.801032838894441, 4.94809493964949, 5.983657115982758, 2.575288090600683, 5.591020342505093, 6.5084804749967695, 8.887430080752985, 1.439928856593712, 5.677208316064895, 8.981835899108281, -1.7948656422442224, 1.0959115374648165, 8.566681021456269, -0.571732659025638, 2.6875536155073756, 11.239229940080785, 0.5260572510239472, 3.2551102466369626, 8.957277458558934, 4.780729490520721, 0.23039040579679515, 10.054148598582557, 3.989982723618982, -0.027760339562321268, 5.744075638734308, 5.843033176473666, -1.0927925240835061, 5.725969243753806, 2.673475967279374, 1.9622046058052693, 4.554286794580454, 3.4130242774411466], "name": "C12H27N", "identifiers": {"molecule_hash": "00e258cf317af3553e7607876d52678203fbc0ce", "molecular_formula": "C12H27N"}, "molecular_charge": 0.0, "molecular_multiplicity": 1, "connectivity": [[0, 1, 1.0], [0, 13, 1.0], [0, 14, 1.0], [0, 15, 1.0], [1, 2, 1.0], [1, 16, 1.0], [1, 17, 1.0], [2, 3, 1.0], [2, 18, 1.0], [2, 19, 1.0], [3, 4, 1.0], [3, 20, 1.0], [3, 21, 1.0], [4, 5, 1.0], [4, 9, 1.0], [5, 6, 1.0], [5, 22, 1.0], [5, 23, 1.0], [6, 7, 1.0], [6, 24, 1.0], [6, 25, 1.0], [7, 8, 1.0], [7, 26, 1.0], [7, 27, 1.0], [8, 28, 1.0], [8, 29, 1.0], [8, 30, 1.0], [9, 10, 1.0], [9, 31, 1.0], [9, 32, 1.0], [10, 11, 1.0], [10, 33, 1.0], [10, 34, 1.0], [11, 12, 1.0], [11, 35, 1.0], [11, 36, 1.0], [12, 37, 1.0], [12, 38, 1.0], [12, 39, 1.0]], "fix_com": true, "fix_orientation": true, "provenance": {"creator": "QCElemental", "version": "v0.22.0", "routine": "qcelemental.molparse.from_schema"}, "id": "242378"}