{"schema_name": "qcschema_molecule", "schema_version": 2, "validated": true, "symbols": ["C", "C", "C", "C", "N", "C", "C", "C", "C", "C", "C", "C", "C", "H", "H", "H", "H", "H", "H", "H", "H", "H", "H", "H", "H", "H", "H", "H", "H", "H", "H", "H", "H", "H", "H", "H", "H", "H", "H", "H"], "geometry": [7.47277346844455, 2.615589215913596, -6.1201044232461754e-15, 8.662683366030535, -1.7746688079880916e-15, -7.742249568551228e-17, 8.797670500270744, -1.216370612572614, 2.6100650249371684, 6.23998269208834, -1.6012938811018131, 3.875042859729854, 4.421080863826035, -2.9422992079511148, 2.310209531474917, 1.8940667945736758, -2.8733234542541335, 3.3987084812657518, 0.4967433035240504, -0.41979139326308185, 2.8080924813293695, -0.0, 0.0, -0.0, -1.9359140410250484, -1.8025922820565827, -1.126712866321966, 5.218648465480235, -5.462801368612636, 1.5502344974913012, 5.738264254142919, -7.3696783888663955, 3.655265773355225, 6.386524841504526, -9.975984508710479, 2.6278937442445667, 6.9455246736048935, -11.903175722867367, 4.682574101656723, 8.466320056315503, 3.8989627796070865, 1.295939079661043, 7.528882859648123, 3.4662879388667376, -1.8890515038475146, 5.483991481642758, 2.541862718282331, 0.5836361325509938, 10.584720735924037, 0.11281948918370129, -0.7789568209538866, 7.581277620696662, -1.2394442154872973, -1.2676893550941433, 9.951655176852892, -0.0367410814575104, 3.874193906746267, 9.79649239544326, -3.0337424397089254, 2.4740617178760433, 6.522550955231651, -2.5423084026619063, 5.726390917562145, 5.421764745482514, 0.25221108899029987, 4.3147829272741705, 1.9345859548392912, -3.163392842963864, 5.471402690042741, 0.822451293932204, -4.470142522823515, 2.6197634176612383, -1.301966191443146, -0.42090926876298795, 3.8528066059225825, 1.584978958243258, 1.1821979358957253, 3.5602447003508115, -0.6448019334852235, 1.953346429410111, -0.2841647035282475, 1.802443027962187, -0.1848010440869188, -1.0137287153138306, -2.2738681121008946, -1.387351787919569, -3.12894836508561, -3.758314149546603, -1.6638908587253889, -0.14110440256355455, -1.3156198349417187, -3.7787720555997972, -1.0109045787728002, 6.915465640950326, -5.285987390798634, 0.36342755897814844, 3.7390905656889597, -6.2186152673840445, 0.3023589992273523, 4.0767170984393495, -7.507818189682377, 4.900420430012098, 7.3043162749185235, -6.698808779382126, 4.848230925336838, 8.025388966400339, -9.819371589255677, 1.3560112837748375, 4.815918453535488, -10.653898028522763, 1.4443287882686013, 5.317423770329335, -12.144885131050144, 5.946337735778537, 7.403104726234254, -13.760384862641581, 3.885049613991834, 8.553025594400967, -11.307324832478004, 5.851864953607341], "name": "C12H27N", "identifiers": {"molecule_hash": "9fa633d8c23834d7063b48093ee70c669100fca6", "molecular_formula": "C12H27N"}, "molecular_charge": 0.0, "molecular_multiplicity": 1, "connectivity": [[0, 1, 1.0], [0, 13, 1.0], [0, 14, 1.0], [0, 15, 1.0], [1, 2, 1.0], [1, 16, 1.0], [1, 17, 1.0], [2, 3, 1.0], [2, 18, 1.0], [2, 19, 1.0], [3, 4, 1.0], [3, 20, 1.0], [3, 21, 1.0], [4, 5, 1.0], [4, 9, 1.0], [5, 6, 1.0], [5, 22, 1.0], [5, 23, 1.0], [6, 7, 1.0], [6, 24, 1.0], [6, 25, 1.0], [7, 8, 1.0], [7, 26, 1.0], [7, 27, 1.0], [8, 28, 1.0], [8, 29, 1.0], [8, 30, 1.0], [9, 10, 1.0], [9, 31, 1.0], [9, 32, 1.0], [10, 11, 1.0], [10, 33, 1.0], [10, 34, 1.0], [11, 12, 1.0], [11, 35, 1.0], [11, 36, 1.0], [12, 37, 1.0], [12, 38, 1.0], [12, 39, 1.0]], "fix_com": true, "fix_orientation": true, "provenance": {"creator": "QCElemental", "version": "v0.22.0", "routine": "qcelemental.molparse.from_schema"}, "id": "252599"}