{"schema_name": "qcschema_molecule", "schema_version": 2, "validated": true, "symbols": ["C", "C", "C", "C", "N", "C", "C", "C", "C", "C", "C", "C", "C", "H", "H", "H", "H", "H", "H", "H", "H", "H", "H", "H", "H", "H", "H", "H", "H", "H", "H", "H", "H", "H", "H", "H", "H", "H", "H", "H"], "geometry": [0.0, 0.0, 0.0, 2.8918631841106066, -4.88574660638328e-16, 7.74247707635914e-16, 4.091634477777595, 0.7954070152757258, -2.513220039736811, 3.831099645804348, 3.6078513938240935, -3.1709908849950574, 5.087189143818531, 5.302803345596161, -1.3970723068386233, 7.445089205961834, 6.401972461308985, -2.269631735901502, 9.641606650997481, 4.5293322784607035, -2.484386189771131, 10.454294714733802, 3.2819941566537034, 2.55351295663786e-15, 11.636714850511764, 5.100122237960121, 1.912132252370174, 3.4816250088922494, 7.033620025555509, 0.015419668116861907, 2.745150013134934, 9.56183088157336, -1.2271388529609335, 1.043841691883841, 9.468284052849295, -3.572697217403126, -1.6678337353049306, 8.613123921160467, -3.0483918825828242, -0.7771354692797853, 1.8681720517134897, -0.33591835488842803, -0.7381142043409068, -1.2483180181335718, -1.4540312887498446, -0.7298845036789297, -0.6480887881275098, 1.8049229588201383, 3.590050070140582, 1.2201474212907368, 1.494444351313461, 3.5381450155045164, -1.8965748923222174, 0.4558142723023808, 6.07991737031426, 0.30054937549262734, -2.47727704424617, 3.2498281411996497, -0.29876872994313386, -4.041877019764575, 4.571977855345751, 3.9012608558016764, -5.068556648596751, 1.8414215006125092, 4.074765881526301, -3.2775145842069104, 7.97245887413665, 7.8744001123665655, -0.9472824215805509, 7.215735118843627, 7.331799771245751, -4.10093138674584, 9.166704936596743, 3.072371306360641, -3.849918332545178, 11.24267932044403, 5.544587198430579, -3.285587464544669, 8.841826965687135, 2.351615182331992, 0.856189616674403, 11.820245085154323, 1.8090077623756087, -0.43469042167317634, 12.296960923362445, 4.0839696550497795, 3.5679042956997034, 10.296922387129953, 6.511626496373665, 2.5581415074406855, 13.247241507199462, 6.086601959299448, 1.104336643479368, 4.460569849462871, 7.490542841820234, 1.7631159589375995, 1.7962851711476442, 6.012994954618675, 0.5743153676290134, 1.8061383342457509, 10.691118395806727, 0.21562604446301137, 4.4585022685443425, 10.586815112188443, -1.7048199508423818, 0.9779175701585556, 11.356129671217484, -4.381600441470798, 1.8869948308402216, 8.272219319465238, -5.011149182195533, -2.7930620466327953, 8.65752611731424, -4.763405059037867, -2.57141069589479, 9.847440685517874, -1.678721999049508, -1.754307382211662, 6.702988792635251, -2.308170627884386], "name": "C12H27N", "identifiers": {"molecule_hash": "886d377471e1fb243751f8d600be91a689d812a6", "molecular_formula": "C12H27N"}, "molecular_charge": 0.0, "molecular_multiplicity": 1, "connectivity": [[0, 1, 1.0], [0, 13, 1.0], [0, 14, 1.0], [0, 15, 1.0], [1, 2, 1.0], [1, 16, 1.0], [1, 17, 1.0], [2, 3, 1.0], [2, 18, 1.0], [2, 19, 1.0], [3, 4, 1.0], [3, 20, 1.0], [3, 21, 1.0], [4, 5, 1.0], [4, 9, 1.0], [5, 6, 1.0], [5, 22, 1.0], [5, 23, 1.0], [6, 7, 1.0], [6, 24, 1.0], [6, 25, 1.0], [7, 8, 1.0], [7, 26, 1.0], [7, 27, 1.0], [8, 28, 1.0], [8, 29, 1.0], [8, 30, 1.0], [9, 10, 1.0], [9, 31, 1.0], [9, 32, 1.0], [10, 11, 1.0], [10, 33, 1.0], [10, 34, 1.0], [11, 12, 1.0], [11, 35, 1.0], [11, 36, 1.0], [12, 37, 1.0], [12, 38, 1.0], [12, 39, 1.0]], "fix_com": true, "fix_orientation": true, "provenance": {"creator": "QCElemental", "version": "v0.22.0", "routine": "qcelemental.molparse.from_schema"}, "id": "216383"}