{"schema_name": "qcschema_molecule", "schema_version": 2, "validated": true, "symbols": ["C", "C", "C", "C", "N", "C", "C", "C", "C", "C", "C", "C", "C", "H", "H", "H", "H", "H", "H", "H", "H", "H", "H", "H", "H", "H", "H", "H", "H", "H", "H", "H", "H", "H", "H", "H", "H", "H", "H", "H"], "geometry": [5.319919535296465, 2.835316510674031, 4.440892098500626e-16, 4.835831114030902, 2.372641938275249e-16, 7.304423692370429e-17, 2.422910686103676, -0.788589161876413, 1.3631152430801547, 0.0, 0.0, 0.0, -0.23369706981445576, -1.0501895175591873, -2.536224422233557, -2.045727825206274, -3.090111094799352, -2.77561098255963, -1.2115345734593996, -5.5292209978056155, -1.4862239189320032, 1.2902276165759838, -6.594892546587046, -2.442733463020829, 1.265125347485062, -7.331181435094056, -5.2215380658868735, -0.2896608454821309, 0.7557924644573304, -4.6080071249998715, -2.8308926021877463, 1.9911695016889293, -5.248421661815715, -3.983504486088104, 3.706113666910824, -3.2367961064388817, -2.4858960192600024, 6.111697304245128, -2.746583593811435, 3.812352680075038, 3.888228408044972, -0.96300681676765, 5.446873240441247, 3.5761138376687627, 1.9352427447545344, 7.095639954666322, 3.2961510449597946, -0.964555269887613, 4.736785731298757, -0.7031905330363427, -1.9540858688540603, 6.452753183016364, -0.9590706611941097, 0.8816963698830118, 2.422534059170492, -2.848542999663435, 1.6079916612762424, 2.3967514776769656, 0.028121780614885017, 3.2775263019494223, -1.6454113493197562, -0.55103036423208, 1.1577669706600493, -0.05895295578603427, 2.0704785872825306, -0.10209655238717663, -2.31024600176688, -3.455223845086053, -4.801878485539171, -3.9323168352877644, -2.5537607618985225, -2.032662190820185, -1.0920366320926724, -5.212381895654147, 0.5645355899945228, -2.7202301376027314, -6.936660108362789, -1.7504703372415111, 2.784669635262408, -5.189420043000759, -2.1270856454287994, 1.783480535484912, -8.254996903712673, -1.2961684248450696, 3.0488642077203707, -8.230411457988932, -5.773957734633645, 1.0087243264797137, -5.67943151277007, -6.44942431757211, -0.2674995992533082, -8.669062498955343, -5.639453585172601, 0.37545849931566566, -0.22580786733121583, -6.318268193518344, 1.1379989195511317, 2.209158608110517, -4.210986675271248, -2.572000151000074, 3.082971070515576, -7.001573589918753, -4.192021366585432, 0.4935223464050664, -5.716920224776042, -5.900526399564237, 4.227836436547225, -3.8434355482541, -4.230053542904601, 2.642842160913562, -1.4683051669664802, -3.406625126759101, 7.299526670372337, -1.3195655645328785, -2.3055732999737675, 7.2384168896328775, -4.48063111578363, -0.5625095291594314, 5.71847488006763, -2.071897811489486], "name": "C12H27N", "identifiers": {"molecule_hash": "43e341a25f6ce5697ab845ae3b8952492cda446a", "molecular_formula": "C12H27N"}, "molecular_charge": 0.0, "molecular_multiplicity": 1, "connectivity": [[0, 1, 1.0], [0, 13, 1.0], [0, 14, 1.0], [0, 15, 1.0], [1, 2, 1.0], [1, 16, 1.0], [1, 17, 1.0], [2, 3, 1.0], [2, 18, 1.0], [2, 19, 1.0], [3, 4, 1.0], [3, 20, 1.0], [3, 21, 1.0], [4, 5, 1.0], [4, 9, 1.0], [5, 6, 1.0], [5, 22, 1.0], [5, 23, 1.0], [6, 7, 1.0], [6, 24, 1.0], [6, 25, 1.0], [7, 8, 1.0], [7, 26, 1.0], [7, 27, 1.0], [8, 28, 1.0], [8, 29, 1.0], [8, 30, 1.0], [9, 10, 1.0], [9, 31, 1.0], [9, 32, 1.0], [10, 11, 1.0], [10, 33, 1.0], [10, 34, 1.0], [11, 12, 1.0], [11, 35, 1.0], [11, 36, 1.0], [12, 37, 1.0], [12, 38, 1.0], [12, 39, 1.0]], "fix_com": true, "fix_orientation": true, "provenance": {"creator": "QCElemental", "version": "v0.22.0", "routine": "qcelemental.molparse.from_schema"}, "id": "240950"}