{"schema_name": "qcschema_molecule", "schema_version": 2, "validated": true, "symbols": ["C", "C", "C", "C", "N", "C", "C", "C", "C", "C", "C", "C", "C", "H", "H", "H", "H", "H", "H", "H", "H", "H", "H", "H", "H", "H", "H", "H", "H", "H", "H", "H", "H", "H", "H", "H", "H", "H", "H", "H"], "geometry": [7.234147186721793, 1.636065433318175, -1.1102230246251565e-16, 4.853502740489745, 7.156593839773895e-16, 1.6409080027793952e-15, 2.427682072999675, 1.5638286381369446, -0.14472358384692602, -0.0, 0.0, 0.0, -0.2411893888826101, -1.9314418307939416, -1.9408618038250545, -0.36466613916697566, -0.9994638257395305, -4.525813097537513, -2.6805121617055843, 0.6030127545551708, -5.233666976672989, -2.818997798328522, 1.2544974496663488, -8.055145159968179, -0.7258822102989515, 3.0197947085459784, -8.986366178553492, -2.1572969887478837, -3.8117246125187583, -1.3300157004820137, -1.2032951986478355, -5.892677295493911, 0.43889044028657, 0.8663802350728127, -7.540539045443673, -0.7226659664042668, 1.8042632636692018, -9.595502786184188, 1.0775485839155874, 8.928001661620538, 0.4828293468414044, 0.10378853635343813, 7.256078006779453, 2.922647776486682, 1.6002840535447758, 7.35665234120998, 2.768816945597094, -1.7086200658682147, 4.814433234032571, -1.1477652262786489, 1.7058742028923082, 4.9169274136675245, -1.3139405067413117, -1.5716956877738626, 2.3844071550330352, 2.8968648281549916, 1.4216385147351545, 2.4477342702498834, 2.7118350430841103, -1.8483039545126938, -1.62110769006532, 1.2806025722578616, 0.0120031428770484, -0.021784798597207916, -0.949602854970792, 1.8148465890546857, -0.29280652413641994, -2.636311535388229, -5.762485464642268, 1.3459409540431668, 0.05882124350922058, -4.900678403716164, -2.695417416330635, 2.345716360137641, -4.145074859586829, -4.387367161364628, -0.41612094841302466, -4.715392414350117, -4.635951988402825, 2.1357822383296856, -8.43107249371661, -2.7881756301536824, -0.4809958462662045, -9.158351768525858, -1.0199292811353955, 3.5218906878371508, -10.953693131314251, 1.1296960227063986, 2.1590465869452817, -8.84565985884697, -0.6926553430372813, 4.7609293376951545, -7.897814733815231, -2.7711580611462505, -4.695519699924519, -3.0757257068922543, -3.8368637577474587, -2.9388233511713766, -0.5054112279697848, -2.8088681751572024, -7.073042396177465, 0.9538199468691685, -0.5179031155409326, -5.0720760243864, 2.1929726487799677, 0.1465660257078052, -8.41950350573991, -2.4381324748404625, 2.433444847684048, -6.349028891684193, -1.2918523511170843, 0.2781816714941714, -10.848890036080258, 1.6409793071787164, 2.599105494110857, -8.777857845144073, 2.7852451825381976, 3.261935968121788, -10.74322181153772, 0.2009432437029497], "name": "C12H27N", "identifiers": {"molecule_hash": "bcc474d01897f65c8a486edc772a744fb08003eb", "molecular_formula": "C12H27N"}, "molecular_charge": 0.0, "molecular_multiplicity": 1, "connectivity": [[0, 1, 1.0], [0, 13, 1.0], [0, 14, 1.0], [0, 15, 1.0], [1, 2, 1.0], [1, 16, 1.0], [1, 17, 1.0], [2, 3, 1.0], [2, 18, 1.0], [2, 19, 1.0], [3, 4, 1.0], [3, 20, 1.0], [3, 21, 1.0], [4, 5, 1.0], [4, 9, 1.0], [5, 6, 1.0], [5, 22, 1.0], [5, 23, 1.0], [6, 7, 1.0], [6, 24, 1.0], [6, 25, 1.0], [7, 8, 1.0], [7, 26, 1.0], [7, 27, 1.0], [8, 28, 1.0], [8, 29, 1.0], [8, 30, 1.0], [9, 10, 1.0], [9, 31, 1.0], [9, 32, 1.0], [10, 11, 1.0], [10, 33, 1.0], [10, 34, 1.0], [11, 12, 1.0], [11, 35, 1.0], [11, 36, 1.0], [12, 37, 1.0], [12, 38, 1.0], [12, 39, 1.0]], "fix_com": true, "fix_orientation": true, "provenance": {"creator": "QCElemental", "version": "v0.22.0", "routine": "qcelemental.molparse.from_schema"}, "id": "217390"}