{"schema_name": "qcschema_molecule", "schema_version": 2, "validated": true, "symbols": ["C", "C", "C", "C", "N", "C", "C", "C", "C", "C", "C", "C", "C", "H", "H", "H", "H", "H", "H", "H", "H", "H", "H", "H", "H", "H", "H", "H", "H", "H", "H", "H", "H", "H", "H", "H", "H", "H", "H", "H"], "geometry": [0.0, -0.0, 0.0, 2.895551507925488, 2.14890144342635e-16, 5.591093310538406e-17, 4.015815357893957, 1.1550311030118134, -2.4084273439484916, 6.9108685112077275, 1.149985857493077, -2.465441458230545, 8.083269115586285, 2.4102835376103275, -0.2973107385376478, 7.369333902250738, 5.06975408114378, -1.5543122344752192e-15, 8.127717001238668, 6.905181333296429, -2.1259843107177834, 7.305711942763466, 9.622577156339673, -1.550058764279584, 8.038389407892069, 11.498363342265588, -3.632182100934299, 10.809891198399548, 1.9502489759187578, -0.21668884982216413, 12.059318524627724, 2.7234465192698223, 2.2833292266016527, 10.759092199763861, 1.6625725072481286, 4.652423504128517, 10.549411904458141, -1.2266519813092305, 4.6781778260867055, -0.7459986119304052, 1.9285074024548516, -0.1380827816394951, -0.7538747793601074, -1.0746425862000883, -1.6034650324128201, -0.7569400440539718, -0.8420654923399699, 1.7331818282769051, 3.595931169908848, -1.942936551790252, 0.20281195097306792, 3.606894964224529, 1.0306416546504613, 1.6472271544646901, 3.2879907139812934, 3.079976191739142, -2.6650999388993664, 3.358010428705564, 0.08612008183063347, -4.060923671865761, 7.555034373240636, -0.8202862965092576, -2.433631523519409, 7.559740736452019, 1.941779423643594, -4.288495563063391, 5.317049205462607, 5.15742352475607, 0.2572826225699181, 8.173161793927836, 5.7474143461607055, 1.7816760924180737, 7.280571065472346, 6.303046888393533, -3.920085333525453, 10.181909221939007, 6.857894807533855, -2.4044821096558877, 5.2499013870529625, 9.670887499661093, -1.268809058608551, 8.14591528468462, 10.22506544346167, 0.24956398339180597, 10.090959270075114, 11.540813240832582, -3.9082139161948413, 7.176190443939713, 10.976928622379834, -5.442106041209151, 7.4238939477996375, 13.420894954754951, -3.1714817013901797, 11.08256199615433, -0.08359714190145197, -0.4883365463335968, 11.824014737808113, 2.8746363827404164, -1.7940214642250236, 12.166154976109338, 4.788569545788303, 2.423978098007609, 14.025501207438868, 2.0624498914398393, 2.2172181068921315, 8.860253210189768, 2.4705864036260525, 4.8118505366483975, 11.816667632133678, 2.294884770703412, 6.320572357759084, 9.76821900268046, -1.8970114707172063, 6.474225824814536, 9.302859113902903, -1.8935543492431548, 3.1692249049270664, 12.402515070258497, -2.121314249801292, 4.425842600135993], "name": "C12H27N", "identifiers": {"molecule_hash": "67ef0fe78aea6ab86da728066bc4457d11cca62a", "molecular_formula": "C12H27N"}, "molecular_charge": 0.0, "molecular_multiplicity": 1, "connectivity": [[0, 1, 1.0], [0, 13, 1.0], [0, 14, 1.0], [0, 15, 1.0], [1, 2, 1.0], [1, 16, 1.0], [1, 17, 1.0], [2, 3, 1.0], [2, 18, 1.0], [2, 19, 1.0], [3, 4, 1.0], [3, 20, 1.0], [3, 21, 1.0], [4, 5, 1.0], [4, 9, 1.0], [5, 6, 1.0], [5, 22, 1.0], [5, 23, 1.0], [6, 7, 1.0], [6, 24, 1.0], [6, 25, 1.0], [7, 8, 1.0], [7, 26, 1.0], [7, 27, 1.0], [8, 28, 1.0], [8, 29, 1.0], [8, 30, 1.0], [9, 10, 1.0], [9, 31, 1.0], [9, 32, 1.0], [10, 11, 1.0], [10, 33, 1.0], [10, 34, 1.0], [11, 12, 1.0], [11, 35, 1.0], [11, 36, 1.0], [12, 37, 1.0], [12, 38, 1.0], [12, 39, 1.0]], "fix_com": true, "fix_orientation": true, "provenance": {"creator": "QCElemental", "version": "v0.22.0", "routine": "qcelemental.molparse.from_schema"}, "id": "218330"}