{"schema_name": "qcschema_molecule", "schema_version": 2, "validated": true, "symbols": ["C", "C", "C", "C", "N", "C", "C", "C", "C", "C", "C", "C", "C", "H", "H", "H", "H", "H", "H", "H", "H", "H", "H", "H", "H", "H", "H", "H", "H", "H", "H", "H", "H", "H", "H", "H", "H", "H", "H", "H"], "geometry": [0.0, -0.0, 0.0, 2.8710236166880545, -1.6840749884248274e-16, -1.669612790731026e-16, 3.9941445130462534, 1.46697974749233, -2.203537981585223, 6.868838058095084, 1.4283934560152365, -2.273709972431021, 8.0505052584952, 2.302073242000378, 0.049035516574695404, 7.335914995237131, 4.852234804804097, 0.7945411327575584, 7.9496324922495, 6.989424859911908, -1.047762581535197, 7.220726267736245, 9.56615623215684, 3.1086244689504383e-15, 7.772767848880845, 11.726151017838134, -1.8103559726284733, 10.759108344527096, 1.8491206230470612, 0.019541753881096247, 12.017520984346874, 2.1379804256352415, 2.5962804413497724, 10.682379406672835, 0.730337860568971, 4.729583027851403, 10.334336182808386, -2.0778740991618583, 4.230952412718911, -0.7504600289027399, 1.931730216604586, 0.12057060128888075, -0.75617748584126, -0.847169638810214, -1.737649545352729, -0.7647811291833797, -1.0684066938265036, 1.602588376252803, 3.5775220796797154, -1.9557063843188354, -0.06300045127853426, 3.5891283433691843, 0.792906230745495, 1.7790299729998913, 3.2985906846335675, 3.427905272037937, -2.1680450713920982, 3.308259251975077, 0.6714531837770684, -3.9969610937694573, 7.498242439037264, -0.5320707473853087, -2.5564118975252588, 7.532831976301223, 2.4918278292651546, -3.9535838632478724, 5.294538537975705, 4.861184762881172, 1.1832084275764583, 8.240215925205671, 5.252645808815255, 2.6190341339652687, 6.956109900115807, 6.6797343350847065, -2.8486255306676065, 9.980194616371074, 6.9802594327427085, -1.496818825922058, 5.1967328488574545, 9.560160957780667, 0.4813060258264379, 8.226657252509424, 9.884333231373274, 1.7927943608763033, 9.792617358985638, 11.813466007888705, -2.2783285420875936, 6.734820184794283, 11.494106133523852, -3.592234229530831, 7.23480517414837, 13.557550504704238, -1.0034795348409702, 11.017939525017102, -0.10392873698871097, -0.6352109861508851, 11.764217919937959, 3.047158920994692, -1.376136093802922, 12.187024202659511, 4.147135555477825, 3.096803963681591, 13.969171292056192, 1.4461963581332051, 2.410686874659011, 8.819413498415738, 1.5907953893053193, 5.047818063668057, 11.76520192697581, 1.0042965862978743, 6.480945466732227, 9.523580803704773, -3.0377857670425437, 5.8792037233133225, 9.048037228012337, -2.3897829852573063, 2.634676729274365, 12.141134995740643, -3.0039326222859626, 3.7920708447395186], "name": "C12H27N", "identifiers": {"molecule_hash": "09351e25617e24411d9b2ac2054bd9d954f34d16", "molecular_formula": "C12H27N"}, "molecular_charge": 0.0, "molecular_multiplicity": 1, "connectivity": [[0, 1, 1.0], [0, 13, 1.0], [0, 14, 1.0], [0, 15, 1.0], [1, 2, 1.0], [1, 16, 1.0], [1, 17, 1.0], [2, 3, 1.0], [2, 18, 1.0], [2, 19, 1.0], [3, 4, 1.0], [3, 20, 1.0], [3, 21, 1.0], [4, 5, 1.0], [4, 9, 1.0], [5, 6, 1.0], [5, 22, 1.0], [5, 23, 1.0], [6, 7, 1.0], [6, 24, 1.0], [6, 25, 1.0], [7, 8, 1.0], [7, 26, 1.0], [7, 27, 1.0], [8, 28, 1.0], [8, 29, 1.0], [8, 30, 1.0], [9, 10, 1.0], [9, 31, 1.0], [9, 32, 1.0], [10, 11, 1.0], [10, 33, 1.0], [10, 34, 1.0], [11, 12, 1.0], [11, 35, 1.0], [11, 36, 1.0], [12, 37, 1.0], [12, 38, 1.0], [12, 39, 1.0]], "fix_com": true, "fix_orientation": true, "provenance": {"creator": "QCElemental", "version": "v0.22.0", "routine": "qcelemental.molparse.from_schema"}, "id": "222227"}