{"schema_name": "qcschema_molecule", "schema_version": 2, "validated": true, "symbols": ["C", "C", "C", "C", "N", "C", "C", "C", "C", "C", "C", "C", "C", "H", "H", "H", "H", "H", "H", "H", "H", "H", "H", "H", "H", "H", "H", "H", "H", "H", "H", "H", "H", "H", "H", "H", "H", "H", "H", "H"], "geometry": [0.0, 0.0, 0.0, 2.8956433280405802, -1.8065588134217856e-16, 1.2910173938717456e-16, 4.016045455044645, 2.670935331037635, -2.220446049250313e-16, 6.9114179558817455, 2.718930379349998, -0.03536957536550589, 8.082648899971637, 1.324943995324195, 2.0485436276313735, 7.392375102777153, 2.237033107146681, 4.569300587060082, 8.168295627836066, 4.959886994069633, 5.247039918672744, 7.5030810182367516, 5.690523174224938, 7.9776604218010005, 4.653782519436579, 5.81878308773743, 8.50816657755623, 10.810284531770675, 1.0037132034767864, 1.7003196699375105, 11.48773305653808, -1.0175782360770433, -0.26803724115373306, 10.411999278640192, -3.6337859090713973, 0.34842794069015826, 11.08951569360957, -5.625849917100082, -1.6412679653518625, -0.7570152678455718, -1.9268772985886715, -0.005237482689750772, -0.7539212917582645, 0.977523398011661, -1.6643657572874968, -0.7452247098073568, 0.9623742072543386, 1.6772080684274357, 3.5962627515363255, -1.02454705200348, -1.663399755986415, 3.605472118301776, -1.0370464354349425, 1.643977797291081, 3.3519773457981197, 3.70155095798049, -1.6741933351542881, 3.2948349661220444, 3.7297781158980268, 1.6307522656564657, 7.566447739054777, 4.703276664649966, -0.11306874809477785, 7.541499054865537, 1.8405368734445873, -1.7995061623314028, 8.242265884796215, 0.9387113177253021, 5.94501302735932, 5.347355420189912, 2.0248809339308194, 4.786264540050223, 7.2576092756069235, 6.297161748932555, 3.94974991204868, 10.21116875116791, 5.171912248748184, 4.968265998761613, 8.346838518363313, 7.536534593958869, 8.399130317166396, 8.388784393909273, 4.34205389551077, 9.284061009966944, 4.284122163603115, 6.48774751537229, 10.431812977751777, 3.744046014456865, 3.9714215819956804, 8.311454928051038, 3.7161524289806054, 7.12197865861169, 7.197711095937803, 11.607775642818039, 0.4235916637330388, 3.522679956533053, 11.753272875329388, 2.7977231384189407, 1.1882358191724687, 13.55784610810787, -1.1179415375268291, -0.38847117291300093, 10.845018035279242, -0.4344044505240662, -2.1512485399065913, 11.118019559202523, -4.236119512369063, 2.205708072366603, 8.35738084047089, -3.4814411505815004, 0.5357538254129457, 13.142307488255549, -5.841575337936774, -1.8264181560436623, 10.349116859897952, -5.10011273550685, -3.504028100955008, 10.303921768711307, -7.478731866192111, -1.1550998481747974], "name": "C12H27N", "identifiers": {"molecule_hash": "936c123209ae0592f681ff222f96ab48c6235478", "molecular_formula": "C12H27N"}, "molecular_charge": 0.0, "molecular_multiplicity": 1, "connectivity": [[0, 1, 1.0], [0, 13, 1.0], [0, 14, 1.0], [0, 15, 1.0], [1, 2, 1.0], [1, 16, 1.0], [1, 17, 1.0], [2, 3, 1.0], [2, 18, 1.0], [2, 19, 1.0], [3, 4, 1.0], [3, 20, 1.0], [3, 21, 1.0], [4, 5, 1.0], [4, 9, 1.0], [5, 6, 1.0], [5, 22, 1.0], [5, 23, 1.0], [6, 7, 1.0], [6, 24, 1.0], [6, 25, 1.0], [7, 8, 1.0], [7, 26, 1.0], [7, 27, 1.0], [8, 28, 1.0], [8, 29, 1.0], [8, 30, 1.0], [9, 10, 1.0], [9, 31, 1.0], [9, 32, 1.0], [10, 11, 1.0], [10, 33, 1.0], [10, 34, 1.0], [11, 12, 1.0], [11, 35, 1.0], [11, 36, 1.0], [12, 37, 1.0], [12, 38, 1.0], [12, 39, 1.0]], "fix_com": true, "fix_orientation": true, "provenance": {"creator": "QCElemental", "version": "v0.22.0", "routine": "qcelemental.molparse.from_schema"}, "id": "225887"}