{"schema_name": "qcschema_molecule", "schema_version": 2, "validated": true, "symbols": ["C", "C", "C", "C", "N", "C", "C", "C", "C", "C", "C", "C", "C", "H", "H", "H", "H", "H", "H", "H", "H", "H", "H", "H", "H", "H", "H", "H", "H", "H", "H", "H", "H", "H", "H", "H", "H", "H", "H", "H"], "geometry": [0.0, -0.0, 0.0, 2.892139029135315, -5.256402254854156e-16, 4.0919019115621604e-16, 4.102781787052771, 2.634955108408175, 2.220446049250313e-16, 3.6977038828404765, 4.097835690068313, -2.4749906745393133, 4.792235474839448, 6.616047496308974, -2.6270765221312877, 7.537773098237819, 6.724648153952799, -2.584192854604795, 8.820821940355952, 5.514447758149743, -4.875664866551885, 8.030444065524033, 6.6601333434776775, -7.408198744502772, 9.425724651358209, 5.4837144289351105, -9.647127181053296, 3.6117472678630334, 8.457340946646871, -0.9568526198002703, 3.3923976742437105, 11.069972966368162, -2.1780962850790697, 2.313340796234506, 13.109499245772765, -0.4257759564902983, -0.4345042977663396, 12.685135734589437, 0.37002224069469936, -0.7747268592040126, 0.8201183623137263, -1.7117565184646557, -0.7354185216576543, 1.0665454352533195, 1.5934243034133069, -0.7261925850469486, -1.9133599221109998, 0.1444764378243677, 3.575054611324675, -1.064258689669946, -1.6222416973122002, 3.545751185996349, -1.0160944299202188, 1.661167875535111, 6.1152331903245285, 2.4185313378978126, 0.3409737702668987, 3.3621644336177385, 3.719036605363743, 1.5825668710240972, 4.430276052179962, 2.978648593769739, -4.028641025732682, 1.6906988858815042, 4.302318825156203, -2.83264422256202, 8.316924404643203, 5.8935823487158325, -0.8616263444688332, 8.073210361452286, 8.701018706067813, -2.5423850026364434, 8.48808147801984, 3.4873276451378388, -4.90223758807441, 10.850915114246941, 5.740420039852593, -4.629115838691518, 6.008180674784314, 6.439982520910119, -7.6558752102229795, 8.386124687801063, 8.685334412891573, -7.371182873879754, 8.833833361365134, 6.331155030899206, -11.419609606907546, 9.063103682163973, 3.466066621319244, -9.770968942434259, 11.456436957597816, 5.739893484283339, -9.480584684038654, 4.618585077398629, 8.614964711670122, 0.8410592692080501, 1.7328679087649894, 7.784216283896171, -0.5011220290100691, 2.2252114156309197, 10.900461540253582, -3.8598613543015943, 5.241685905647028, 11.681415911347585, -2.8238065835474297, 3.49237427586388, 13.264007193514676, 1.2525175184323798, 2.446732148794766, 14.922268073347073, -1.3827763986407877, -0.6532779092239727, 11.000593751214346, 1.5190599711454968, -1.1270607261313863, 14.270883266283079, 1.47237631459286, -1.6539102969264499, 12.485990534236802, -1.2702347737809303], "name": "C12H27N", "identifiers": {"molecule_hash": "761f22c7a021488ad57315edca4ca3b88fb2d39f", "molecular_formula": "C12H27N"}, "molecular_charge": 0.0, "molecular_multiplicity": 1, "connectivity": [[0, 1, 1.0], [0, 13, 1.0], [0, 14, 1.0], [0, 15, 1.0], [1, 2, 1.0], [1, 16, 1.0], [1, 17, 1.0], [2, 3, 1.0], [2, 18, 1.0], [2, 19, 1.0], [3, 4, 1.0], [3, 20, 1.0], [3, 21, 1.0], [4, 5, 1.0], [4, 9, 1.0], [5, 6, 1.0], [5, 22, 1.0], [5, 23, 1.0], [6, 7, 1.0], [6, 24, 1.0], [6, 25, 1.0], [7, 8, 1.0], [7, 26, 1.0], [7, 27, 1.0], [8, 28, 1.0], [8, 29, 1.0], [8, 30, 1.0], [9, 10, 1.0], [9, 31, 1.0], [9, 32, 1.0], [10, 11, 1.0], [10, 33, 1.0], [10, 34, 1.0], [11, 12, 1.0], [11, 35, 1.0], [11, 36, 1.0], [12, 37, 1.0], [12, 38, 1.0], [12, 39, 1.0]], "fix_com": true, "fix_orientation": true, "provenance": {"creator": "QCElemental", "version": "v0.22.0", "routine": "qcelemental.molparse.from_schema"}, "id": "216593"}