{"schema_name": "qcschema_molecule", "schema_version": 2, "validated": true, "symbols": ["C", "C", "C", "C", "N", "C", "C", "C", "C", "C", "C", "C", "C", "H", "H", "H", "H", "H", "H", "H", "H", "H", "H", "H", "H", "H", "H", "H", "H", "H", "H", "H", "H", "H", "H", "H", "H", "H", "H", "H"], "geometry": [8.878546934594201, 2.092983203980064, -5.551115123125783e-16, 6.88778916276476, -3.201588809230953e-16, -1.9600517383658857e-15, 5.230507193542606, 0.03915252406706338, 2.367474014097009, 3.2993404530139525, -2.109355176391843, 2.491387675357592, 1.5709937592407224, -2.2313674494230393, 0.35523730895929084, 0.0, 0.0, -0.0, -1.9363147439559794, 0.6247728307462534, 2.070032057704997, -3.4623048078603023, 2.998316062246469, 1.4334726971406093, -5.402776904192363, 3.672859610128861, 3.463303440963346, 0.22302430305649223, -4.626187898473186, 0.2663055875699216, -1.099992522989783, -5.176311786726075, -2.2488469160790876, 0.5836416704364806, -5.002939301648366, -4.598827394990711, 2.81566637450405, -6.837729761244722, -4.5990644484358, 8.004372628648493, 3.9496725034912923, 0.07891675411725818, 10.134254337843585, 1.929285887618224, 1.6165450844357072, 10.031997537592057, 2.0208764022774, -1.6953321292024415, 7.819251371135956, -1.8280738917046375, -0.13719554653678423, 5.70904577319561, 0.16480928570037412, -1.6684925926410665, 4.303283598626751, 1.8643760211390823, 2.5350617827140387, 6.425179219436269, -0.12881772380625178, 4.033762598800919, 4.339067391247646, -3.876848751848137, 2.521719922053894, 2.3001162518912497, -2.0048758172708556, 4.296660080507042, 1.2386773936273825, 1.612451416160524, -0.24792271819647305, -0.9884462857579397, -0.20351616398485972, -1.7816109104196887, -0.9858227895863346, 0.902827615879725, 3.869950340825576, -3.2271890406612656, -0.9517163966360472, 2.3328128673189337, -2.180241027528902, 4.583794448116116, 1.166667182198518, -4.425159942554265, 2.7301932256048103, -0.3635881909668044, -6.755422326104577, 2.1517455501395784, 3.729230822351437, -4.493472598190201, 4.020603055185143, 5.270615386922692, -6.4526195978884315, 5.361221214356894, 2.956867650912177, 1.6020395125684441, -6.102583493632864, 0.6013291781779264, -1.1647862204470294, -4.79983950312245, 1.7870434703601963, -2.7163875214597173, -3.933361051699615, -2.4891087394577127, -1.8795213563108233, -7.075541522416172, -2.113549871130519, 1.290379928034009, -3.0891864027448968, -4.79955244808854, -0.5842663665952306, -5.37315374719379, -6.249351262539858, 3.8261738543013424, -6.751468154456343, -6.38275899379655, 4.154103938719091, -6.392451404556733, -3.1124279597451894, 2.1897885823087346, -8.776413624425263, -4.332257067783612], "name": "C12H27N", "identifiers": {"molecule_hash": "510b5b32e6cbcfcbb5b3590a058a084b6818aa70", "molecular_formula": "C12H27N"}, "molecular_charge": 0.0, "molecular_multiplicity": 1, "connectivity": [[0, 1, 1.0], [0, 13, 1.0], [0, 14, 1.0], [0, 15, 1.0], [1, 2, 1.0], [1, 16, 1.0], [1, 17, 1.0], [2, 3, 1.0], [2, 18, 1.0], [2, 19, 1.0], [3, 4, 1.0], [3, 20, 1.0], [3, 21, 1.0], [4, 5, 1.0], [4, 9, 1.0], [5, 6, 1.0], [5, 22, 1.0], [5, 23, 1.0], [6, 7, 1.0], [6, 24, 1.0], [6, 25, 1.0], [7, 8, 1.0], [7, 26, 1.0], [7, 27, 1.0], [8, 28, 1.0], [8, 29, 1.0], [8, 30, 1.0], [9, 10, 1.0], [9, 31, 1.0], [9, 32, 1.0], [10, 11, 1.0], [10, 33, 1.0], [10, 34, 1.0], [11, 12, 1.0], [11, 35, 1.0], [11, 36, 1.0], [12, 37, 1.0], [12, 38, 1.0], [12, 39, 1.0]], "fix_com": true, "fix_orientation": true, "provenance": {"creator": "QCElemental", "version": "v0.22.0", "routine": "qcelemental.molparse.from_schema"}, "id": "214750"}