{"schema_name": "qcschema_molecule", "schema_version": 2, "validated": true, "symbols": ["C", "C", "C", "C", "N", "C", "C", "C", "C", "C", "C", "C", "C", "H", "H", "H", "H", "H", "H", "H", "H", "H", "H", "H", "H", "H", "H", "H", "H", "H", "H", "H", "H", "H", "H", "H", "H", "H", "H", "H"], "geometry": [0.0, -0.0, 0.0, 2.872797118812779, -1.0921553766745054e-16, 1.994788149373266e-17, 4.036292002309647, 2.636638169384995, 2.3869795029440866e-15, 3.1830011982906505, 4.308168524365338, -2.195132492722342, 3.281253258213898, 3.0475965246732373, -4.633878692239303, 1.7062008480493343, 4.2660231861720215, -6.533924116200447, 2.5782761166599135, 6.851337345039035, -7.487012326939496, 0.7315934057489233, 8.0737586730756, -9.333645781132756, 0.47868995898605804, 6.689107354618558, -11.842557994385231, 5.858049496669758, 2.5334881160728395, -5.4340781494342325, 6.035620404036768, 1.0139138235041765, -7.868178120255116, 8.700231418083476, 0.06022504730176492, -8.426128670631975, 9.618753124828373, -2.0086642071421554, -6.652289810765481, -0.7524807114030689, -1.925238652379623, 0.1522612590283148, -0.7371545436105029, 0.8179625907316582, -1.7570449632143486, -0.7620187275712436, 1.0989659846056643, 1.5894173885046528, 3.5445530655838358, -1.0302037992255417, -1.6731530380813107, 3.5763307936973803, -1.0354605008151896, 1.6576228240135809, 6.106507911333413, 2.4722256544860457, 0.016458398509521854, 3.545064202160652, 3.6275765169609597, 1.760604959162366, 1.2073009613083867, 4.865062374665973, -1.885996188208928, 4.3032083736228435, 6.079478088795059, -2.1596655168399757, 1.5018909334325172, 2.960898111848208, -8.131889216237608, -0.1941947338068145, 4.457633784902912, -5.711896405650158, 2.8529180640633287, 8.117562835366058, -5.863843230021513, 4.437366521243901, 6.6710885757997325, -8.405006493391774, -1.1378007217367079, 8.222687327900381, -8.431808138596985, 1.3420686627093827, 10.024560803456643, -9.697988686036622, -0.7776529711396736, 7.70734046283003, -13.138873717755274, 2.3230041393654433, 6.500104087576828, -12.777772793935133, -0.29785618084131005, 4.7813109919348395, -11.606931862453845, 6.986540777379296, 4.293009655941894, -5.640118066994025, 6.760371863149107, 1.4583928452156492, -3.908526841322204, 4.720637153851457, -0.5929391438731078, -7.7448792235885415, 5.399339035813948, 2.1773005455767658, -9.466068283708825, 8.750830922434607, -0.6553175561351394, -10.374091001658284, 10.025610988266985, 1.6631060929648367, -8.377500399197707, 8.336855156117645, -3.640794360767747, -6.687767817722432, 11.502966402164388, -2.679003706777408, -7.19628304561334, 9.743363578062269, -1.3596879991586863, -4.687092743502154], "name": "C12H27N", "identifiers": {"molecule_hash": "4d054d8b65b9cc0c3fcaed74bd938f1567b625d7", "molecular_formula": "C12H27N"}, "molecular_charge": 0.0, "molecular_multiplicity": 1, "connectivity": [[0, 1, 1.0], [0, 13, 1.0], [0, 14, 1.0], [0, 15, 1.0], [1, 2, 1.0], [1, 16, 1.0], [1, 17, 1.0], [2, 3, 1.0], [2, 18, 1.0], [2, 19, 1.0], [3, 4, 1.0], [3, 20, 1.0], [3, 21, 1.0], [4, 5, 1.0], [4, 9, 1.0], [5, 6, 1.0], [5, 22, 1.0], [5, 23, 1.0], [6, 7, 1.0], [6, 24, 1.0], [6, 25, 1.0], [7, 8, 1.0], [7, 26, 1.0], [7, 27, 1.0], [8, 28, 1.0], [8, 29, 1.0], [8, 30, 1.0], [9, 10, 1.0], [9, 31, 1.0], [9, 32, 1.0], [10, 11, 1.0], [10, 33, 1.0], [10, 34, 1.0], [11, 12, 1.0], [11, 35, 1.0], [11, 36, 1.0], [12, 37, 1.0], [12, 38, 1.0], [12, 39, 1.0]], "fix_com": true, "fix_orientation": true, "provenance": {"creator": "QCElemental", "version": "v0.22.0", "routine": "qcelemental.molparse.from_schema"}, "id": "224464"}