{"schema_name": "qcschema_molecule", "schema_version": 2, "validated": true, "symbols": ["C", "C", "C", "C", "N", "C", "C", "C", "C", "C", "C", "C", "C", "H", "H", "H", "H", "H", "H", "H", "H", "H", "H", "H", "H", "H", "H", "H", "H", "H", "H", "H", "H", "H", "H", "H", "H", "H", "H", "H"], "geometry": [10.108207732439634, 2.438754322219518, -6.106226635438361e-16, 8.582647885557396, -5.1780967675774884e-14, 3.463179676433243e-15, 5.940164366816985, 0.2588986237473643, -1.1193223299593837, 4.190225044380826, 1.983337988159075, 0.3872287669794068, 1.6620965316204108, 2.081052419706538, -0.68065038201196, 0.0, 0.0, 0.0, -1.7031841375600538, 0.3479829859468559, 2.3128714960476793, -0.3577539337994904, 0.8739231870403162, 4.800394996006681, -2.170057668594718, 1.0312166528562758, 7.024012561920218, 0.47948728265064955, 4.547556384727699, -0.7776267699819647, -1.6106048011394392, 4.693449159212926, -2.7608365921086624, -0.8081078188411319, 3.8374338195727558, -5.394023534194922, 1.3815311958931833, 5.338789513047105, -6.492573780402695, 9.248479146148018, 3.894487604493965, 1.200974371601309, 10.260021227854718, 3.2225879505636135, -1.9165143800861513, 12.032628706967829, 2.123050809940202, 0.7018086001443725, 8.4368009387885, -0.7255742849860648, 1.9447848474866163, 9.619342169974797, -1.447224431652204, -1.0683828607612587, 6.053133907683255, 0.9762614459813422, -3.067489967768186, 5.071164469163077, -1.6237373590226571, -1.2508779611650613, 4.2040657999894915, 1.3802256961241324, 2.387745484727624, 4.948061079371146, 3.91342700152085, 0.37165548104527757, 1.192881056492275, -1.6759465208436848, 0.27514616204566666, -1.22246072501244, -0.44505584575566554, -1.6256240459338278, -3.069859482509477, 1.874574642425053, 1.9500273494924463, -2.8457109949248776, -1.380341524225229, 2.504811051897222, 0.7070188074815797, 2.6518147473245874, 4.649156702718316, 1.0553926664583384, -0.6120969875240022, 5.150857247036591, -3.2144093277745056, -0.745617842663148, 7.267002538176347, -1.1751791954225874, 1.4247796264607755, 8.798656180313913, -3.5702908283346653, 2.5368034204936865, 6.741113238606925, -0.2981083633202065, 5.171896889735245, 1.0662115291001795, 1.9618524194484357, 5.915684913799724, -1.2594399638686737, -2.2821539491571587, 6.660047153374336, -2.829767668721556, -3.2421024207424525, 3.562222530778373, -2.145695752684646, -0.27889901668026207, 1.831499817901678, -5.3173135661299895, -2.4483697935425557, 3.971694556489836, -6.661217164918471, 1.7834817242970344, 4.762365277790053, -8.442492276818284, 3.1170370112165315, 5.049356924950051, -5.3946828379904135, 0.9738763038278866, 7.375410243944931, -6.512293546123097], "name": "C12H27N", "identifiers": {"molecule_hash": "9c7e61a8fef056f342a29a6e607fe3b18e4e413d", "molecular_formula": "C12H27N"}, "molecular_charge": 0.0, "molecular_multiplicity": 1, "connectivity": [[0, 1, 1.0], [0, 13, 1.0], [0, 14, 1.0], [0, 15, 1.0], [1, 2, 1.0], [1, 16, 1.0], [1, 17, 1.0], [2, 3, 1.0], [2, 18, 1.0], [2, 19, 1.0], [3, 4, 1.0], [3, 20, 1.0], [3, 21, 1.0], [4, 5, 1.0], [4, 9, 1.0], [5, 6, 1.0], [5, 22, 1.0], [5, 23, 1.0], [6, 7, 1.0], [6, 24, 1.0], [6, 25, 1.0], [7, 8, 1.0], [7, 26, 1.0], [7, 27, 1.0], [8, 28, 1.0], [8, 29, 1.0], [8, 30, 1.0], [9, 10, 1.0], [9, 31, 1.0], [9, 32, 1.0], [10, 11, 1.0], [10, 33, 1.0], [10, 34, 1.0], [11, 12, 1.0], [11, 35, 1.0], [11, 36, 1.0], [12, 37, 1.0], [12, 38, 1.0], [12, 39, 1.0]], "fix_com": true, "fix_orientation": true, "provenance": {"creator": "QCElemental", "version": "v0.22.0", "routine": "qcelemental.molparse.from_schema"}, "id": "223902"}