{"schema_name": "qcschema_molecule", "schema_version": 2, "validated": true, "symbols": ["C", "C", "C", "C", "N", "C", "C", "C", "C", "C", "C", "C", "C", "H", "H", "H", "H", "H", "H", "H", "H", "H", "H", "H", "H", "H", "H", "H", "H", "H", "H", "H", "H", "H", "H", "H", "H", "H", "H", "H"], "geometry": [13.157895752809555, 2.6745589412797752, -3.3306690738754696e-16, 12.098616670833083, 3.410273950380965e-15, 1.0904225296619867e-15, 9.848363926028092, -0.3893145644784201, -1.7606415107420021, 7.4968347323146265, 1.101970426104866, -0.9793671620373573, 5.209675588149681, 0.6378979923788869, -2.4329000728423713, 4.0364028425696565, -1.7923718330467526, -1.8935515584724163, 2.2863057230596158, -1.6967560257298153, 0.3923126047691722, -0.0, 0.0, 0.0, -1.6706874731325234, 0.2065487564949564, 2.325562990643997, 5.463379726534748, 1.210855609064348, -5.106096013823027, 2.9766132679475126, 2.050988833665037, -6.287989801647179, 3.1217970280636607, 2.493541714552007, -9.131662854537138, 4.875222601989702, 4.6387070116199585, -9.9039005331883, 11.785461805591504, 4.057687194319757, 0.7083004815116083, 13.70133172164071, 3.2609477978544823, -1.9161354749467716, 14.843596431015762, 2.8127670497228965, 1.1978608325222022, 11.547111212879638, -0.5266409875406339, 1.9360525755625104, 13.60554534139207, -1.3228140635733292, -0.539428699702509, 9.386924658657302, -2.4132213142256957, -1.8204735359693405, 10.392263866128925, 0.13790215716444076, -3.69819201318895, 7.075034811019201, 0.6993235389382909, 1.0157668098536976, 7.8978444063449285, 3.137685310413921, -1.0760343708830968, 5.459990158527518, -3.2973463880015945, -1.6218298264174602, 2.9274471419230648, -2.361617877122229, -3.5520878947828702, 3.3557974025525734, -1.0436529688117109, 2.053617473092629, 1.6670901511802143, -3.631373248279745, 0.8393890373778075, 0.6743407677420746, 1.8780718032579313, -0.5723577971743526, -1.1155206596129776, -0.7257336765970088, -1.6007011862904477, -3.304592852601748, 1.4359370129091704, 1.9870882880522767, -0.6197241300356845, 0.9902792653361298, 3.9347869491394243, -2.393552094832412, -1.6506629525373353, 2.9068086923797236, 6.243550100739734, -0.3988034732821073, -6.202172417529592, 6.851081426180164, 2.744358701337738, -5.279452998665231, 2.346900945288098, 3.782447939742492, -5.32522683655381, 1.5221010964592576, 0.6204798034710217, -5.897888622123329, 3.722243714752422, 0.7363823881260159, -10.070095324859649, 1.210928520156632, 2.8907976938874147, -9.839523213626569, 6.849987381698793, 4.244127453687633, -9.408449227266042, 4.809433547452743, 4.965299997774277, -11.949482474444617, 4.340680854343304, 6.412735975858826, -8.967160797147802], "name": "C12H27N", "identifiers": {"molecule_hash": "9c9ca277ef5abe7270fae6e4ad055dfc531495f7", "molecular_formula": "C12H27N"}, "molecular_charge": 0.0, "molecular_multiplicity": 1, "connectivity": [[0, 1, 1.0], [0, 13, 1.0], [0, 14, 1.0], [0, 15, 1.0], [1, 2, 1.0], [1, 16, 1.0], [1, 17, 1.0], [2, 3, 1.0], [2, 18, 1.0], [2, 19, 1.0], [3, 4, 1.0], [3, 20, 1.0], [3, 21, 1.0], [4, 5, 1.0], [4, 9, 1.0], [5, 6, 1.0], [5, 22, 1.0], [5, 23, 1.0], [6, 7, 1.0], [6, 24, 1.0], [6, 25, 1.0], [7, 8, 1.0], [7, 26, 1.0], [7, 27, 1.0], [8, 28, 1.0], [8, 29, 1.0], [8, 30, 1.0], [9, 10, 1.0], [9, 31, 1.0], [9, 32, 1.0], [10, 11, 1.0], [10, 33, 1.0], [10, 34, 1.0], [11, 12, 1.0], [11, 35, 1.0], [11, 36, 1.0], [12, 37, 1.0], [12, 38, 1.0], [12, 39, 1.0]], "fix_com": true, "fix_orientation": true, "provenance": {"creator": "QCElemental", "version": "v0.22.0", "routine": "qcelemental.molparse.from_schema"}, "id": "257347"}