{"schema_name": "qcschema_molecule", "schema_version": 2, "validated": true, "symbols": ["C", "C", "C", "C", "N", "C", "C", "C", "C", "C", "C", "C", "C", "H", "H", "H", "H", "H", "H", "H", "H", "H", "H", "H", "H", "H", "H", "H", "H", "H", "H", "H", "H", "H", "H", "H", "H", "H", "H", "H"], "geometry": [8.013967089041795, 2.775673162667633, -3.3306690738754696e-16, 7.258656567063819, -1.1955640696442155e-15, -2.0903255460450133e-17, 4.560072952962859, -0.49055055714172335, -0.8829704135091158, 2.5385199363799114, 0.6128744043885401, 0.8494994179294534, 0.0, 0.0, -0.0, -0.9242151387379509, -2.4904711360552896, 0.7071130703976063, -2.4309522540346555, -2.710817656769375, 3.1672946893784215, -1.0657211786821317, -1.8807488038767635, 5.5593019012227005, -2.63019399298536, -2.3129015971826616, 7.929814486619456, -1.8437625441605383, 2.0188505425238943, 0.12803527927594938, -4.06429364186571, 1.60252867940745, -1.6660685553346102, -3.3006737320397197, 1.0836909041073448, -4.397026104713532, -1.746476946403602, 3.1833480033886463, -5.593401043256484, 6.889542843153009, 3.888159290105493, 1.3411475697951458, 7.75427137190833, 3.6184702041105683, -1.8795534429294076, 10.005070524947755, 3.0141719511938083, 0.5236654862612034, 7.5099889409040035, -0.7860542390950364, 1.9102011017138696, 8.561797258359238, -1.0563785316312222, -1.223325087081017, 4.279431603410239, 0.27819443477854866, -2.7942527713022667, 4.258965217481486, -2.540348143766044, -1.0393351644834445, 2.9122180715315307, -0.01111330597858462, 2.8083236015673205, 2.7062406175060443, 2.679564399108651, 0.8710359336838522, 0.7193955491590011, -3.7546137856376576, 0.7963018269334805, -2.1145730553783078, -3.2294734912913805, -0.8330369281430027, -4.205665530168392, -1.637745862316091, 2.9974442543647464, -3.0067527640995815, -4.700621015980489, 3.363382398433264, -0.574447281404566, 0.13287117077314003, 5.412683458976657, 0.740505860942549, -2.901207818546979, 5.715091320428038, -3.093697440401015, -4.321925861019583, 8.166122342199028, -1.6280809744705946, -1.6930002448946726, 9.634375067659022, -4.423383392092729, -1.2717013535100112, 7.841212708103072, -2.5912378691657647, 2.3434278020272443, 2.0593886827497085, -0.8678670091293279, 3.7700876817377367, -0.4031166873041243, -5.274848482466531, 3.2907338378776645, -1.5779905048424676, -5.237792514818841, 0.03124316184581538, -0.9777237017504605, -2.2138220403474365, -0.6836465122761459, -4.467662154020907, -5.02185127704003, 0.7685005724979945, -5.516163228716646, -1.3808341405866718, 2.7983129850397415, -7.596914118367008, 0.09412003924047152, 3.382053221321094, -4.65860954120428, -2.7208905057177697, 5.013859087303148, -5.474477669614128], "name": "C12H27N", "identifiers": {"molecule_hash": "9c7e61a8fef056f342a29a6e607fe3b18e4e413d", "molecular_formula": "C12H27N"}, "molecular_charge": 0.0, "molecular_multiplicity": 1, "connectivity": [[0, 1, 1.0], [0, 13, 1.0], [0, 14, 1.0], [0, 15, 1.0], [1, 2, 1.0], [1, 16, 1.0], [1, 17, 1.0], [2, 3, 1.0], [2, 18, 1.0], [2, 19, 1.0], [3, 4, 1.0], [3, 20, 1.0], [3, 21, 1.0], [4, 5, 1.0], [4, 9, 1.0], [5, 6, 1.0], [5, 22, 1.0], [5, 23, 1.0], [6, 7, 1.0], [6, 24, 1.0], [6, 25, 1.0], [7, 8, 1.0], [7, 26, 1.0], [7, 27, 1.0], [8, 28, 1.0], [8, 29, 1.0], [8, 30, 1.0], [9, 10, 1.0], [9, 31, 1.0], [9, 32, 1.0], [10, 11, 1.0], [10, 33, 1.0], [10, 34, 1.0], [11, 12, 1.0], [11, 35, 1.0], [11, 36, 1.0], [12, 37, 1.0], [12, 38, 1.0], [12, 39, 1.0]], "fix_com": true, "fix_orientation": true, "provenance": {"creator": "QCElemental", "version": "v0.22.0", "routine": "qcelemental.molparse.from_schema"}, "id": "223902"}