{"schema_name": "qcschema_molecule", "schema_version": 2, "validated": true, "symbols": ["C", "C", "C", "C", "N", "C", "C", "C", "C", "C", "C", "C", "C", "H", "H", "H", "H", "H", "H", "H", "H", "H", "H", "H", "H", "H", "H", "H", "H", "H", "H", "H", "H", "H", "H", "H", "H", "H", "H", "H"], "geometry": [0.0, -0.0, 0.0, 2.8710236166880545, -1.9317430227765774e-16, -1.3755305636607066e-16, 3.9941445130462534, 1.0916179033448956, -2.4116342112638547, 6.868838058095084, 1.042199280343901, -2.4746485738322685, 8.0505052584952, 2.2797412446178953, -0.3236132738438394, 7.335914995237131, 4.91685653772773, 1.7763568394002505e-15, 7.9496324922495, 6.728250020839943, -2.163450474747968, 7.220726267736245, 9.440429238009914, -1.5458463248850904, 7.772767848880845, 11.279490337862613, -3.6814540821313853, 10.759108344527096, 1.8279756799348061, -0.2795243679709954, 12.017520984346874, 2.529428007641459, 2.2166701118330114, 10.682379406672835, 1.4850177113593914, 4.549403411972764, 10.334336182808386, -1.3668625980319962, 4.51112022991639, -0.7504600289027399, 1.9258253357544275, -0.19317265801533512, -0.75617748584126, -1.1168314558240477, -1.5779131277317875, -0.7647811291833797, -0.7953939130926913, 1.7541752734914984, 3.5775220796797154, -1.9401833188936475, 0.25386060665960464, 3.5891283433691843, 1.0699681105923737, 1.6275184109257899, 3.2985906846335675, 3.032506677233925, -2.6934842190339094, 3.308259251975077, 0.016738034241320254, -4.052933160233565, 7.498242439037264, -0.9381820617584139, -2.436833086000473, 7.532831976301223, 1.8201972440950742, -4.304290102563136, 5.294538537975705, 4.988495693369463, 0.3821128095083497, 8.240215925205671, 5.60683455920263, 1.7358093252056028, 6.956109900115807, 6.131618655185926, -3.890600322399716, 9.980194616371074, 6.646639654802353, -2.6051237293528144, 5.1967328488574545, 9.512289572607767, -1.0698972455465898, 8.226657252509424, 10.04413169489508, 0.17196960436083675, 9.792617358985638, 11.29003556688631, -4.157385832909309, 6.734820184794283, 10.762551962069288, -5.40241592551722, 7.23480517414837, 13.21720740921531, -3.1811279707416182, 11.017939525017102, -0.20520995143344492, -0.610068074178228, 11.764217919937959, 2.7847332409150742, -1.850456380303878, 12.187024202659511, 4.593059292756672, 2.385945187594211, 13.969171292056192, 1.8167449294256506, 2.1453048676906423, 8.819413498415738, 2.3855916371704304, 4.72440998593381, 11.76520192697581, 2.038387845151494, 6.233477421852527, 9.523580803704773, -2.047808506327033, 6.29282600332173, 9.048037228012337, -1.9326228193060015, 2.986227255702907, 12.141134995740643, -2.3516712492916825, 4.227653583965012], "name": "C12H27N", "identifiers": {"molecule_hash": "09351e25617e24411d9b2ac2054bd9d954f34d16", "molecular_formula": "C12H27N"}, "molecular_charge": 0.0, "molecular_multiplicity": 1, "connectivity": [[0, 1, 1.0], [0, 13, 1.0], [0, 14, 1.0], [0, 15, 1.0], [1, 2, 1.0], [1, 16, 1.0], [1, 17, 1.0], [2, 3, 1.0], [2, 18, 1.0], [2, 19, 1.0], [3, 4, 1.0], [3, 20, 1.0], [3, 21, 1.0], [4, 5, 1.0], [4, 9, 1.0], [5, 6, 1.0], [5, 22, 1.0], [5, 23, 1.0], [6, 7, 1.0], [6, 24, 1.0], [6, 25, 1.0], [7, 8, 1.0], [7, 26, 1.0], [7, 27, 1.0], [8, 28, 1.0], [8, 29, 1.0], [8, 30, 1.0], [9, 10, 1.0], [9, 31, 1.0], [9, 32, 1.0], [10, 11, 1.0], [10, 33, 1.0], [10, 34, 1.0], [11, 12, 1.0], [11, 35, 1.0], [11, 36, 1.0], [12, 37, 1.0], [12, 38, 1.0], [12, 39, 1.0]], "fix_com": true, "fix_orientation": true, "provenance": {"creator": "QCElemental", "version": "v0.22.0", "routine": "qcelemental.molparse.from_schema"}, "id": "222227"}