{"schema_name": "qcschema_molecule", "schema_version": 2, "validated": true, "symbols": ["C", "C", "C", "C", "N", "C", "C", "C", "C", "C", "C", "C", "C", "H", "H", "H", "H", "H", "H", "H", "H", "H", "H", "H", "H", "H", "H", "H", "H", "H", "H", "H", "H", "H", "H", "H", "H", "H", "H", "H"], "geometry": [0.0, 0.0, 0.0, 2.8712397880581735, -4.2933216454887305e-16, 1.135302549500896e-16, 3.989794220048948, 2.647447322039969, 0.09272260694958578, 6.86359179526204, 2.7052698252379073, 9.992007221626409e-16, 8.07820344861427, 1.1957287011484774, 1.9499474631996252, 7.373593033647609, 1.8829276944031343, 4.519572460569748, 7.972845621849341, 4.584745143334596, 5.352496468680919, 7.437810289306185, 5.072371672468519, 8.143343036183813, 4.6557864841277095, 4.917945696068019, 8.859199519338926, 10.797827632826, 1.033917647660827, 1.5681656088142892, 11.548494088340334, -0.8917371491496769, -0.4397414887808061, 10.738066688821773, -3.5745092436929853, 0.19820217560209297, 11.410438876285772, -5.474560885203919, -1.8460542056533602, -0.7652569518005004, -1.9247128089022414, -0.06628284135644741, -0.7555932671458551, 1.0331070880187814, -1.6341853473226635, -0.7499936632032744, 0.9134875589424007, 1.7065649802006693, 3.5780473468657923, -0.9731335378113013, -1.6971888762451843, 3.5866829445695445, -1.0969265546847944, 1.610934325517954, 3.285059161179871, 3.7592565762427035, -1.515736336565599, 3.30472504606203, 3.6360665304727853, 1.790974395811284, 7.517849445468812, 4.697098560911269, 0.03946869939593367, 7.47300935694814, 1.9459643902325918, -1.8324078100089323, 8.341746739365352, 0.5541662390764966, 5.79111711702512, 5.3450841513920455, 1.5085572676829466, 4.750438774824012, 6.880605895549916, 5.9337687544278435, 4.2054173140590425, 9.975881830989184, 4.980558595300636, 4.965822895994535, 8.160926890285708, 6.95320630845743, 8.6442158477859, 8.525019246482328, 3.720822094114574, 9.292826569369247, 4.365986420879622, 5.404321811178516, 10.852919683782222, 3.880806625971894, 3.016497606993625, 8.571758331782275, 3.5195738966578376, 6.232694573525652, 7.722570415433278, 11.649827879316689, 0.4617915110702298, 3.3737884378083205, 11.629552494834527, 2.895413463305566, 1.0881099557936968, 13.612757861065607, -0.8090073030470817, -0.6771241096738796, 10.752604450469407, -0.3482329304643366, -2.2825075789651916, 11.620489754375505, -4.139159778391855, 1.99637955280008, 8.691465803330285, -3.575339196563138, 0.5405485366301993, 13.457484513834059, -5.529019696106712, -2.187198045098458, 10.498231000731467, -4.992428627382671, -3.6472903568111694, 10.809873560880963, -7.3913003096146594, -1.3351718984954477], "name": "C12H27N", "identifiers": {"molecule_hash": "15cdb5b3f34f177add84b4475cba186a530bf9be", "molecular_formula": "C12H27N"}, "molecular_charge": 0.0, "molecular_multiplicity": 1, "connectivity": [[0, 1, 1.0], [0, 13, 1.0], [0, 14, 1.0], [0, 15, 1.0], [1, 2, 1.0], [1, 16, 1.0], [1, 17, 1.0], [2, 3, 1.0], [2, 18, 1.0], [2, 19, 1.0], [3, 4, 1.0], [3, 20, 1.0], [3, 21, 1.0], [4, 5, 1.0], [4, 9, 1.0], [5, 6, 1.0], [5, 22, 1.0], [5, 23, 1.0], [6, 7, 1.0], [6, 24, 1.0], [6, 25, 1.0], [7, 8, 1.0], [7, 26, 1.0], [7, 27, 1.0], [8, 28, 1.0], [8, 29, 1.0], [8, 30, 1.0], [9, 10, 1.0], [9, 31, 1.0], [9, 32, 1.0], [10, 11, 1.0], [10, 33, 1.0], [10, 34, 1.0], [11, 12, 1.0], [11, 35, 1.0], [11, 36, 1.0], [12, 37, 1.0], [12, 38, 1.0], [12, 39, 1.0]], "fix_com": true, "fix_orientation": true, "provenance": {"creator": "QCElemental", "version": "v0.22.0", "routine": "qcelemental.molparse.from_schema"}, "id": "251899"}