{"schema_name": "qcschema_molecule", "schema_version": 2, "validated": true, "symbols": ["C", "C", "C", "C", "N", "C", "C", "C", "C", "C", "C", "C", "C", "H", "H", "H", "H", "H", "H", "H", "H", "H", "H", "H", "H", "H", "H", "H", "H", "H", "H", "H", "H", "H", "H", "H", "H", "H", "H", "H"], "geometry": [7.233781065142475, 1.6329779171084247, 1.6653345369377348e-16, 4.851119041170502, -3.0783751903908167e-16, 1.3701782091846275e-15, 2.4263629703626974, 1.5677326652196608, -0.12578529547705658, 0.0, -0.0, 0.0, -0.234476205956908, -1.921282380398315, -1.9542012690922421, -0.2438864460984893, -0.9628077046111876, -4.533823988570782, -2.467651850456642, 0.7220814578065872, -5.334264201437011, -2.2374730480170744, 1.5680642676345307, -8.090872946043406, -4.422026317942123, 3.254462164398687, -8.942015089195936, -2.2272293604147366, -3.7264154151671343, -1.3792881615287411, -2.1533834596136487, -6.15214075345779, -2.9570730952727162, 0.3742913709483533, -7.5655225565845114, -2.9396892908720966, 1.2276763266248611, -8.441280274405916, -0.32183274333376544, 7.353933815687959, 2.7716747789028617, -1.7048860664723064, 7.261260359761123, 2.913901342240244, 1.6047728721811219, 8.926324368102929, 0.4771532089879465, 0.09573465629493913, 4.815715772095997, -1.1558382241235756, 1.7003185658396816, 4.90773340249278, -1.308371878943598, -1.5765225819143225, 2.4480536806149957, 2.745092685428884, -1.8088250945680406, 2.3812887382932417, 2.874633604552886, 1.4622799265813233, -0.015013921034951139, -0.9759573399771995, 1.8036816635087016, -1.6208454322402872, 1.2807197426456391, 0.03147098614915811, 1.5008315393896352, 0.06823323918117602, -4.831650536241647, -0.14856683266271276, -2.5677451835461413, -5.8017641231838555, -2.5680382345994284, 2.383677758091458, -4.130322527796984, -4.242974351114558, -0.2818451678944714, -5.0871006185321335, -0.4626922073047508, 2.573561732930042, -8.351146353109401, -2.143380780753434, -0.08669050882669793, -9.307976465272827, -6.22057973661008, 2.280100772439953, -8.768866392558868, -4.5263751091928555, 4.960948012672547, -7.80572565691796, -4.204390859690537, 3.8210211037949753, -10.901825685423283, -2.0211719528002448, -4.238211128028632, 0.5928358712845754, -4.1103262984006985, -2.893251004322069, -1.5484023943624048, -2.6852072743374444, -5.753616985191869, -4.899681470827197, -3.625317386605868, -7.389014767366129, -2.2245450961029274, 1.83229774754742, -6.378451434315125, -3.756573141994831, 0.1970545278843332, -9.205213512984141, -4.166595002394022, 2.9287240984392455, -9.580794896321084, -0.45627814908838504, 1.6478632802008406, -6.851974270773603, 0.9018197108401378, -0.2152946164700496, -9.583666680946163, 0.5915086309761035], "name": "C12H27N", "identifiers": {"molecule_hash": "510b5b32e6cbcfcbb5b3590a058a084b6818aa70", "molecular_formula": "C12H27N"}, "molecular_charge": 0.0, "molecular_multiplicity": 1, "connectivity": [[0, 1, 1.0], [0, 13, 1.0], [0, 14, 1.0], [0, 15, 1.0], [1, 2, 1.0], [1, 16, 1.0], [1, 17, 1.0], [2, 3, 1.0], [2, 18, 1.0], [2, 19, 1.0], [3, 4, 1.0], [3, 20, 1.0], [3, 21, 1.0], [4, 5, 1.0], [4, 9, 1.0], [5, 6, 1.0], [5, 22, 1.0], [5, 23, 1.0], [6, 7, 1.0], [6, 24, 1.0], [6, 25, 1.0], [7, 8, 1.0], [7, 26, 1.0], [7, 27, 1.0], [8, 28, 1.0], [8, 29, 1.0], [8, 30, 1.0], [9, 10, 1.0], [9, 31, 1.0], [9, 32, 1.0], [10, 11, 1.0], [10, 33, 1.0], [10, 34, 1.0], [11, 12, 1.0], [11, 35, 1.0], [11, 36, 1.0], [12, 37, 1.0], [12, 38, 1.0], [12, 39, 1.0]], "fix_com": true, "fix_orientation": true, "provenance": {"creator": "QCElemental", "version": "v0.22.0", "routine": "qcelemental.molparse.from_schema"}, "id": "214750"}