{"schema_name": "qcschema_molecule", "schema_version": 2, "validated": true, "symbols": ["C", "C", "C", "C", "C", "C", "C", "C", "C", "C", "C", "C", "C", "C", "C", "C", "H", "H", "H", "H", "H", "H", "H", "H", "H", "H", "H", "H", "H", "H", "H", "H", "H", "H", "H", "H", "H", "H", "H", "H", "H", "H", "H", "H", "H", "H", "H", "H", "H", "H"], "geometry": [-3.72055965, 5.26741007, 0.04713321, -3.68825989, 5.68097693, -2.76927643, -2.08604279, 3.79544371, -4.16730001, -3.04736222, 1.12185253, -3.73633175, -1.45115139, -0.77502107, -5.16013963, 1.21156355, -0.90076425, -4.48567445, 2.08995571, -1.70149155, -1.96053609, 1.66972536, -4.27505778, -1.07327093, -0.70429282, -5.48384679, -0.45890373, -2.34319949, -4.97668287, 1.69334615, -3.54356838, -2.73317952, 2.55222232, -2.41731837, -0.45472527, 3.67381007, -1.12765855, -0.65325151, 6.13969996, 1.16217295, -2.10531905, 6.56773198, 3.52218157, -1.24605133, 5.21540505, 5.6174682, -3.06860751, 5.91188482, -4.53147928, 6.9274957, 1.01766644, -1.72688775, 5.1011572, 0.78929709, -4.67930091, 3.49227628, 0.56266596, -5.69112547, 5.65287376, -3.43573178, -3.02579691, 7.63970255, -3.08299957, -2.02703221, 4.31387782, -6.16149382, -0.15432059, 3.90536426, -3.37832082, -3.06534208, 0.77563614, -1.71393276, -4.97885545, 1.03463357, -4.53148214, -1.56522046, -0.34998063, -7.26303186, -2.40574472, -2.6143469, -4.99784152, 2.14521629, 0.95108947, -5.06229157, 2.11055607, -2.33529648, -5.86468716, 4.22159455, -1.38287762, -1.95392941, 1.22600919, -0.36004698, -0.57356397, 2.84033846, -5.64152085, -2.42177185, 2.97973715, -4.55645824, 0.67934441, -1.93286617, -5.79966129, -2.27524556, -0.13317804, -7.68456037, -0.28910135, -1.39080253, -6.08289975, 3.35847593, -4.03439101, -6.46172866, 1.43829471, -4.90684655, -2.06787401, 0.9609766, -5.15262182, -3.29244693, 4.00159423, -1.44760713, 0.86419361, 2.35550804, -4.18469904, 0.79313885, 4.15557248, -0.76349701, 1.38343461, 6.77657343, -2.57500979, -1.30651522, 7.57044417, 1.6789035, -1.78968076, 8.6576462, 0.99718008, -4.19848249, 6.50472662, 3.43327409, -1.05269864, 3.20958299, 4.0833067, 0.64326891, 6.07975418, 6.80320492, -3.58235999, 4.22299282, 6.91159633, -2.31640368, 7.35316487, 4.8516216, -4.92638147, 6.59049311], "name": "C16H34", "molecular_charge": 0.0, "molecular_multiplicity": 1, "connectivity": [[0, 1, 1.0], [0, 16, 1.0], [0, 17, 1.0], [0, 18, 1.0], [1, 2, 1.0], [1, 19, 1.0], [1, 20, 1.0], [2, 3, 1.0], [2, 21, 1.0], [2, 22, 1.0], [3, 4, 1.0], [3, 23, 1.0], [3, 24, 1.0], [4, 5, 1.0], [4, 25, 1.0], [4, 26, 1.0], [5, 6, 1.0], [5, 27, 1.0], [5, 28, 1.0], [6, 7, 1.0], [6, 29, 1.0], [6, 30, 1.0], [7, 8, 1.0], [7, 31, 1.0], [7, 32, 1.0], [8, 9, 1.0], [8, 33, 1.0], [8, 34, 1.0], [9, 10, 1.0], [9, 35, 1.0], [9, 36, 1.0], [10, 11, 1.0], [10, 37, 1.0], [10, 38, 1.0], [11, 12, 1.0], [11, 39, 1.0], [11, 40, 1.0], [12, 13, 1.0], [12, 41, 1.0], [12, 42, 1.0], [13, 14, 1.0], [13, 43, 1.0], [13, 44, 1.0], [14, 15, 1.0], [14, 45, 1.0], [14, 46, 1.0], [15, 47, 1.0], [15, 48, 1.0], [15, 49, 1.0]], "fix_com": false, "fix_orientation": false, "provenance": {"creator": "QCElemental", "version": "v0.22.0", "routine": "qcelemental.molparse.from_schema"}}