{"schema_name": "qcschema_molecule", "schema_version": 2, "validated": true, "symbols": ["C", "C", "C", "C", "C", "C", "C", "C", "C", "C", "C", "C", "C", "C", "C", "C", "H", "H", "H", "H", "H", "H", "H", "H", "H", "H", "H", "H", "H", "H", "H", "H", "H", "H", "H", "H", "H", "H", "H", "H", "H", "H", "H", "H", "H", "H", "H", "H", "H", "H"], "geometry": [-4.87595728, 6.8886246, -8.00872145, -4.71849116, 8.43777927, -5.60353704, -2.2299237, 7.85309899, -4.2354208, -2.28404412, 5.04990422, -3.65528176, 0.0765711, 4.23230658, -2.30049018, 0.13379413, 1.48026913, -1.67583277, -1.94019755, 0.57955517, -0.01886995, -1.99112245, 1.88443504, 2.53759942, -4.09468973, 0.89435888, 4.12551797, -4.2425299, -1.77142257, 4.80339431, -2.38600809, -3.06413706, 6.39022075, 0.2298443, -3.14583563, 5.39353184, 1.97466168, -4.65257694, 7.09031622, 1.42072543, -7.3402543, 7.44335596, 1.5973139, -9.08701611, 5.28002205, -0.07264188, -8.66029346, 3.06655015, -5.9114932, 5.08607081, -7.73396002, -2.97112321, 6.5548391, -8.8387901, -5.94460228, 8.0196642, -9.41293332, -6.2331265, 7.707803, -4.33434096, -4.9809189, 10.46314437, -5.91180362, -2.22536447, 9.01499839, -2.49342597, -0.5838931, 8.21026908, -5.44815443, -3.93022184, 4.72812364, -2.3935781, -2.48848769, 4.07289342, -5.49012398, 1.71513104, 4.72553962, -3.50947954, 0.26965301, 5.33937252, -0.53178472, 0.03660092, 0.41447575, -3.47474233, 1.95657399, 0.95722681, -0.78871522, -3.85760408, 0.70532879, -0.95070493, -1.67526942, -1.45256905, 0.33545643, -0.14474352, 2.12402163, 3.3640287, -2.61256481, 3.97591699, 2.17739774, -4.3810498, 2.1317201, 5.86007518, -5.90001758, 1.32490088, 2.98924277, -4.58751642, -2.89711938, 2.95081804, -6.19365801, -2.03674902, 5.71940256, -2.3861428, -2.26685209, 8.40411566, -3.02993568, -5.07543698, 6.78829511, 0.42897814, -3.77072208, 3.45149676, 1.00006837, -1.16470122, 5.48304774, 3.90409958, -4.45067362, 6.21419123, 2.15107744, -3.69447165, 8.95606729, 2.79605511, -8.06109344, 8.92778382, -0.50765668, -7.50347253, 8.39021338, 3.64878411, -9.12347267, 4.61672436, 1.32244998, -11.12385803, 5.93560626, -1.81060955, -7.61684353, 3.47939823, 0.9826526, -7.6650046, 1.50179145, -0.58670431, -10.54830815, 2.16641177], "name": "C16H34", "molecular_charge": 0.0, "molecular_multiplicity": 1, "connectivity": [[0, 1, 1.0], [0, 16, 1.0], [0, 17, 1.0], [0, 18, 1.0], [1, 2, 1.0], [1, 19, 1.0], [1, 20, 1.0], [2, 3, 1.0], [2, 21, 1.0], [2, 22, 1.0], [3, 4, 1.0], [3, 23, 1.0], [3, 24, 1.0], [4, 5, 1.0], [4, 25, 1.0], [4, 26, 1.0], [5, 6, 1.0], [5, 27, 1.0], [5, 28, 1.0], [6, 7, 1.0], [6, 29, 1.0], [6, 30, 1.0], [7, 8, 1.0], [7, 31, 1.0], [7, 32, 1.0], [8, 9, 1.0], [8, 33, 1.0], [8, 34, 1.0], [9, 10, 1.0], [9, 35, 1.0], [9, 36, 1.0], [10, 11, 1.0], [10, 37, 1.0], [10, 38, 1.0], [11, 12, 1.0], [11, 39, 1.0], [11, 40, 1.0], [12, 13, 1.0], [12, 41, 1.0], [12, 42, 1.0], [13, 14, 1.0], [13, 43, 1.0], [13, 44, 1.0], [14, 15, 1.0], [14, 45, 1.0], [14, 46, 1.0], [15, 47, 1.0], [15, 48, 1.0], [15, 49, 1.0]], "fix_com": false, "fix_orientation": false, "provenance": {"creator": "QCElemental", "version": "v0.22.0", "routine": "qcelemental.molparse.from_schema"}}