{"schema_name": "qcschema_molecule", "schema_version": 2, "validated": true, "symbols": ["C", "C", "C", "C", "C", "C", "C", "C", "C", "C", "C", "C", "C", "C", "C", "C", "H", "H", "H", "H", "H", "H", "H", "H", "H", "H", "H", "H", "H", "H", "H", "H", "H", "H", "H", "H", "H", "H", "H", "H", "H", "H", "H", "H", "H", "H", "H", "H", "H", "H"], "geometry": [1.7967916, 10.95496387, -0.73872685, 0.88925238, 8.33257295, -0.00390912, 3.02620933, 6.43793753, -0.32909012, 2.21549918, 3.79761491, 0.3741349, 1.36744007, 3.59485404, 3.05450548, 0.57764194, 0.94868593, 3.75808017, -1.58730047, 0.05894288, 2.1411026, -2.44487449, -2.57330778, 2.79875234, -0.54398218, -4.5551894, 2.46996748, 0.49315818, -5.13966294, -0.06561836, -1.10677115, -6.22048302, -2.03222119, -3.31593426, -5.06618808, -3.14920549, -3.13623999, -2.65794371, -4.54031107, -1.37790368, -2.74128314, -6.79799842, -1.44664422, -0.12832738, -7.96699774, -0.5901517, 1.89835583, -6.1686783, 0.57675117, 12.34565598, 0.30447107, 3.81474603, 11.2438693, -0.40625263, 1.40314868, 11.34732748, -2.79606551, 0.31200303, 8.46008842, 2.03640008, -0.6988091, 7.79678608, -1.22228542, 3.50330903, 6.40435185, -2.3683524, 4.74620493, 7.06840559, 0.67112371, 0.69560459, 3.26291476, -1.02287927, 3.8374686, 2.54006564, 0.03046548, -0.2506415, 4.91914325, 3.40939921, 2.95912718, 4.27503218, 4.25915186, 0.07084438, 0.98200954, 5.80142579, 2.27124663, -0.26059514, 3.60153429, -0.88390937, 0.02553574, 0.17649975, -3.11098681, 1.46517982, 2.25020073, -2.89288536, -2.44470108, 4.91711684, -4.2802728, -2.99700792, 1.97030746, 1.0163754, -4.38378361, 3.94088391, -1.46885843, -6.40449296, 3.11980741, 2.03222577, -6.62942615, 0.28928819, 1.70780711, -3.52765586, -0.80792658, -1.68394804, -8.21002439, -1.37921379, 0.19286578, -6.78418904, -3.70276435, -4.94384195, -4.94145047, -1.79747652, -4.06799384, -6.49413376, -4.61824579, -2.79086076, -0.93035155, -3.53326612, -5.08312434, -2.37125508, -5.43686137, 0.58573244, -3.23414687, -6.27414696, -2.22052329, -4.04705499, -8.18472342, -0.32783541, -0.01786424, -9.72879996, -3.44899651, 0.25558217, -8.50392095, 0.30008764, 3.49104846, -7.2158596, -2.08166619, 2.65240299, -4.954768, 0.98205114, 1.05397176, -5.01507679], "name": "C16H34", "molecular_charge": 0.0, "molecular_multiplicity": 1, "connectivity": [[0, 1, 1.0], [0, 16, 1.0], [0, 17, 1.0], [0, 18, 1.0], [1, 2, 1.0], [1, 19, 1.0], [1, 20, 1.0], [2, 3, 1.0], [2, 21, 1.0], [2, 22, 1.0], [3, 4, 1.0], [3, 23, 1.0], [3, 24, 1.0], [4, 5, 1.0], [4, 25, 1.0], [4, 26, 1.0], [5, 6, 1.0], [5, 27, 1.0], [5, 28, 1.0], [6, 7, 1.0], [6, 29, 1.0], [6, 30, 1.0], [7, 8, 1.0], [7, 31, 1.0], [7, 32, 1.0], [8, 9, 1.0], [8, 33, 1.0], [8, 34, 1.0], [9, 10, 1.0], [9, 35, 1.0], [9, 36, 1.0], [10, 11, 1.0], [10, 37, 1.0], [10, 38, 1.0], [11, 12, 1.0], [11, 39, 1.0], [11, 40, 1.0], [12, 13, 1.0], [12, 41, 1.0], [12, 42, 1.0], [13, 14, 1.0], [13, 43, 1.0], [13, 44, 1.0], [14, 15, 1.0], [14, 45, 1.0], [14, 46, 1.0], [15, 47, 1.0], [15, 48, 1.0], [15, 49, 1.0]], "fix_com": false, "fix_orientation": false, "provenance": {"creator": "QCElemental", "version": "v0.22.0", "routine": "qcelemental.molparse.from_schema"}}