{"schema_name": "qcschema_molecule", "schema_version": 2, "validated": true, "symbols": ["C", "C", "C", "C", "C", "C", "C", "C", "C", "C", "C", "C", "C", "C", "C", "C", "H", "H", "H", "H", "H", "H", "H", "H", "H", "H", "H", "H", "H", "H", "H", "H", "H", "H", "H", "H", "H", "H", "H", "H", "H", "H", "H", "H", "H", "H", "H", "H", "H", "H"], "geometry": [3.2656363148496412, -7.130843308329668, 0.47691855530234123, 1.0953529139671883, -5.215272422682732, 0.6099979671710513, 0.9915381990122384, -3.392889141407111, -1.6487829423024067, 3.343775601560599, -1.7308494150976335, -2.0380224416173904, 4.029967297096231, -0.09094856479239453, 0.25503897761862737, 6.069494155333178, 1.9122769298566316, -0.2714573871403944, 5.353111570471004, 4.077978329981991, -2.084272371573226, 3.0452131404681033, 5.653256325471264, -1.2477541473079132, 0.5205594363448128, 4.704734136781481, -2.319914397676004, -1.8014617090684992, 5.904404645851949, -1.0706304295470204, -4.335901675225806, 4.861580937086148, -2.037096384535946, -4.58957179378237, 1.9911342375353074, -1.7134546939686788, -7.249032634055738, 0.9644955387797435, -2.228832025400215, -7.368110084372002, -1.936102634615706, -2.3241306688204046, -6.640442938026703, -3.2609230402214355, 0.15117466926326786, -6.7799067437693745, -6.147176348180646, -0.042483394165305347, 5.1131367339292195, -6.200675111201245, 0.545822089696264, 3.182554168008198, -8.465888791154097, 2.0566975785477815, 3.184002679295421, -8.226584544773594, -1.2801455804448552, 1.234291993008512, -4.136096439198779, 2.3740852615924575, -0.7077433783428081, -6.234144800970088, 0.7084617330155094, 0.6570568993309459, -4.490135404910311, -3.379180461793142, -0.6589149876913617, -2.1600893015008737, -1.422841033123602, 4.976492311637767, -2.909295116221405, -2.536087056323683, 3.0040989497554658, -0.5226298138050751, -3.6858668278478843, 2.3236217993113173, 0.8236295268932722, 0.9978867972891245, 4.710501623413795, -1.3147971219091645, 1.7833564729563105, 6.6331352111943165, 2.7572258286997826, 1.5384308115217065, 7.761498005608499, 0.9628119496803069, -1.0106205054867208, 7.008398315212456, 5.315177177442209, -2.2418919310672463, 5.0255357487391885, 3.339190898035566, -3.9942033856507684, 2.948531186907077, 5.665869134494857, 0.8266331343453053, 3.3034463745832108, 7.632212016614673, -1.8103338909522073, 0.4717487114446511, 5.0567445528562525, -4.36661115507032, 0.41945595226739624, 2.656878493338175, -2.100018124739007, -1.6907599977321093, 5.587523981665229, 0.979420580415714, -1.7506668022640945, 7.961589715808357, -1.3390327786478906, -5.880490005528516, 5.804129858150524, -1.0209405513189327, -4.5785414967065865, 5.349898386701448, -4.040503556827101, -3.2655278444000904, 1.0335760853513691, -2.9873603352388365, -4.003236565969071, 1.4834866967544662, 0.21044283326270102, -7.925269780418458, 1.7194934382302618, -4.039932766538499, -8.560341140630792, 1.6716639998158405, -0.7823762728956971, -6.119378352600503, -2.611129226700314, -3.8409366959695386, -9.286913123264462, -2.521965694865073, -2.855839717655622, -4.720114746633446, -2.7192698817994474, 0.7040230719809073, -7.8899669639823635, -2.600380208606738, 1.671701888751519, -8.689903917549394, -6.776039182064389, -0.5415395372503253, -5.48881628669387, -6.8531639826461275, -1.5011105779433322, -6.263215045113605, -7.052695105718089, 1.746039156160891], "name": "C16H34", "identifiers": {"molecule_hash": "10d88c48d3dcc396b0389777544e0b319d13c7c9", "molecular_formula": "C16H34"}, "molecular_charge": 0.0, "molecular_multiplicity": 1, "connectivity": [[0, 1, 1.0], [0, 16, 1.0], [0, 17, 1.0], [0, 18, 1.0], [1, 2, 1.0], [1, 19, 1.0], [1, 20, 1.0], [2, 3, 1.0], [2, 21, 1.0], [2, 22, 1.0], [3, 4, 1.0], [3, 23, 1.0], [3, 24, 1.0], [4, 5, 1.0], [4, 25, 1.0], [4, 26, 1.0], [5, 6, 1.0], [5, 27, 1.0], [5, 28, 1.0], [6, 7, 1.0], [6, 29, 1.0], [6, 30, 1.0], [7, 8, 1.0], [7, 31, 1.0], [7, 32, 1.0], [8, 9, 1.0], [8, 33, 1.0], [8, 34, 1.0], [9, 10, 1.0], [9, 35, 1.0], [9, 36, 1.0], [10, 11, 1.0], [10, 37, 1.0], [10, 38, 1.0], [11, 12, 1.0], [11, 39, 1.0], [11, 40, 1.0], [12, 13, 1.0], [12, 41, 1.0], [12, 42, 1.0], [13, 14, 1.0], [13, 43, 1.0], [13, 44, 1.0], [14, 15, 1.0], [14, 45, 1.0], [14, 46, 1.0], [15, 47, 1.0], [15, 48, 1.0], [15, 49, 1.0]], "fix_com": true, "fix_orientation": true, "provenance": {"creator": "QCElemental", "version": "v0.22.0", "routine": "qcelemental.molparse.from_schema"}, "id": "250162"}