{"schema_name": "qcschema_molecule", "schema_version": 2, "validated": true, "symbols": ["C", "C", "C", "C", "C", "C", "C", "C", "C", "C", "C", "C", "C", "C", "C", "C", "H", "H", "H", "H", "H", "H", "H", "H", "H", "H", "H", "H", "H", "H", "H", "H", "H", "H", "H", "H", "H", "H", "H", "H", "H", "H", "H", "H", "H", "H", "H", "H", "H", "H"], "geometry": [-8.805240826802576, -2.3706966603086337, -1.7315522767050768, -6.520768778357227, -2.312340722638673, 0.03559004783393362, -7.270776737347092, -2.0384160219099683, 2.8168920254226073, -5.06269287869023, -2.1528376527019057, 4.689729858506949, -3.2064805119401156, 0.06113968628051068, 4.4890009297328515, -1.2350697377531705, 0.1627184856093776, 6.613505509922176, 0.5668377155436345, -2.105390141582316, 6.796796701214188, 2.1907015962859844, -2.6429148144731576, 4.454641531136082, 4.007229983113537, -0.5017391674765457, 3.7460837505285722, 5.960619299060506, -1.214866470211278, 1.7236448205627601, 4.91971622809803, -1.9851059927044872, -0.8726868371574106, 3.474293214470551, 0.11019752361121893, -2.2518486246620117, 2.4547869791836834, -0.6482204794068885, -4.85800231052099, 4.495647276365339, -1.1678167493949918, -6.846474588225198, 3.474196556483886, -1.5356845841248845, -9.533033325474939, 1.8275378016336004, -3.8867388294007017, -9.877456214091927, -10.045370364132879, -3.9458067714464193, -1.2890192284018613, -8.226536835729673, -2.5618776164823163, -3.690655363861736, -9.908365450650491, -0.646449669904631, -1.5719035415680502, -5.42992012243069, -4.03952411257787, -0.20480143714988333, -5.2871140996355654, -0.7674722618925077, -0.5175938784530992, -8.600192669536145, -3.5359629943065665, 3.2856647717107856, -8.290036956782197, -0.26914484147892964, 3.0733397992752827, -5.830424065028066, -2.1940916597877616, 6.5976469501227175, -4.06735289439281, -3.9328879875705707, 4.435864970124396, -2.259654963560778, 0.02197941242560855, 2.6687267776751913, -4.2748918288618105, 1.8185961369766872, 4.531119638618933, -2.217857066496826, 0.3400601289056559, 8.411487828254364, -0.13863397263300745, 1.886716397530715, 6.404109273357155, 1.8150994781643608, -1.796260903088239, 8.401829366945574, -0.5109948014187833, -3.7951017805275127, 7.24534343792782, 0.978305764805224, -3.09322368572417, 2.8604064657516135, 3.289321852145602, -4.3427254535351585, 4.822975725858839, 5.031601320019247, 0.0761607000603106, 5.433889436394894, 2.9494422899288404, 1.1490569104820842, 3.1407661914970624, 7.108024649850616, -2.7619008254681385, 2.4446737440898616, 7.243750382816011, 0.37238643822813233, 1.4690770669780209, 6.510736647630096, -2.584976347628213, -2.023017860426427, 3.7071214608762615, -3.633963807876507, -0.6836512933750696, 1.8846852698728886, 0.7130655231426423, -1.100206701366407, 4.692585865849622, 1.7571340795953847, -2.45215352770232, 1.2458208380366345, 0.8677369391462647, -5.545229479554309, 1.243363196768406, -2.294398628933039, -4.645030666164872, 5.5893311938940755, -2.8259784539971595, -6.321529471458048, 5.814553030437174, 0.41073471360829894, -6.862141671826262, 2.406930739139076, 0.13178354512713958, -10.088955407569177, 5.0676473018826345, -1.6524712721771813, -10.825180368914685, 0.10534914348124198, -3.7857841497082725, -8.769639167226316, 1.282216670130207, -4.113144040799421, -11.842453470362576, 2.8372202010986607, -5.583348722374618, -9.311625507160695], "name": "C16H34", "identifiers": {"molecule_hash": "0ea835bdab250fc2ba6f595e1ca9cec689337910", "molecular_formula": "C16H34"}, "molecular_charge": 0.0, "molecular_multiplicity": 1, "connectivity": [[0, 1, 1.0], [0, 16, 1.0], [0, 17, 1.0], [0, 18, 1.0], [1, 2, 1.0], [1, 19, 1.0], [1, 20, 1.0], [2, 3, 1.0], [2, 21, 1.0], [2, 22, 1.0], [3, 4, 1.0], [3, 23, 1.0], [3, 24, 1.0], [4, 5, 1.0], [4, 25, 1.0], [4, 26, 1.0], [5, 6, 1.0], [5, 27, 1.0], [5, 28, 1.0], [6, 7, 1.0], [6, 29, 1.0], [6, 30, 1.0], [7, 8, 1.0], [7, 31, 1.0], [7, 32, 1.0], [8, 9, 1.0], [8, 33, 1.0], [8, 34, 1.0], [9, 10, 1.0], [9, 35, 1.0], [9, 36, 1.0], [10, 11, 1.0], [10, 37, 1.0], [10, 38, 1.0], [11, 12, 1.0], [11, 39, 1.0], [11, 40, 1.0], [12, 13, 1.0], [12, 41, 1.0], [12, 42, 1.0], [13, 14, 1.0], [13, 43, 1.0], [13, 44, 1.0], [14, 15, 1.0], [14, 45, 1.0], [14, 46, 1.0], [15, 47, 1.0], [15, 48, 1.0], [15, 49, 1.0]], "fix_com": true, "fix_orientation": true, "provenance": {"creator": "QCElemental", "version": "v0.22.0", "routine": "qcelemental.molparse.from_schema"}, "id": "233634"}