{"schema_name": "qcschema_molecule", "schema_version": 2, "validated": true, "symbols": ["C", "C", "C", "C", "C", "C", "C", "C", "C", "C", "C", "C", "C", "C", "C", "C", "H", "H", "H", "H", "H", "H", "H", "H", "H", "H", "H", "H", "H", "H", "H", "H", "H", "H", "H", "H", "H", "H", "H", "H", "H", "H", "H", "H", "H", "H", "H", "H", "H", "H"], "geometry": [-2.1928142705669234, 1.4777608071151656, -11.925132857579287, -3.309458021099924, -1.0659071481275297, -11.124342827512821, -1.5598608240372842, -2.694993604815504, -9.484824326051784, -1.0348838245086076, -1.6092567697866895, -6.85318330722357, 0.7930196785274373, -3.185271989850398, -5.242311188292636, -0.04099344786936228, -5.892003032805713, -4.605334240356872, -2.5242673306368895, -6.15085835191965, -3.128529752770417, -2.5310016550390912, -5.153343051667443, -0.4008621720183461, -0.7853202452696411, -6.6167289145085855, 1.4281076692276158, 1.7962309534297844, -5.398711097900799, 2.0340681673369017, 1.8671067298500814, -3.8576426752431687, 4.4953274451852065, 0.21764838477026377, -1.4730984037999664, 4.60051085102952, 1.0039582694609956, 0.7160765994191487, 2.865078139622368, 3.5351274153546433, 1.9397990236041978, 3.5584442594275556, 4.304471839604477, 4.1491633307868225, 1.8468727582103772, 2.6100966679791484, 6.482797151528638, 2.0510418877518997, -1.8473161772953506, 2.707729022176467, -10.322037441482713, -3.4696119227255657, 2.4655128880020327, -13.191683597933974, -0.4107445133109867, 1.2212204263277742, -12.913134464073156, -3.7916635638326017, -2.130118196606116, -12.814594538448025, -5.078532125159779, -0.7508793503660401, -10.12412040143936, 0.2240050343429221, -2.976409991633991, -10.473098356995617, -2.4103442649909055, -4.554325857231736, -9.298154090317405, -0.2268369843219277, 0.2688823858867702, -7.039461405383475, -2.816048958060542, -1.358309514607452, -5.858460422450258, 2.5981778252954197, -3.2926490812824576, -6.222437061203777, 1.1637057035666376, -2.1562517811303636, -3.50513806208177, 1.4738029849005165, -6.799317471930533, -3.5545750036377917, -0.21779827397795515, -6.967188257681152, -6.345724352293784, -3.02938235920698, -8.143646059847187, -3.0754238005462176, -4.033915844665822, -5.224511990465041, -4.1687357828033, -4.463713633365558, -5.284735641679954, 0.28209111423320143, -2.073197341970499, -3.154173835947025, -0.3823287429199804, -0.46826837014756484, -8.490982545577292, 0.6502687640840171, -1.778184705078023, -6.928268104034137, 3.199168077020677, 2.429623550941078, -4.248453376647237, 0.4575890438543512, 3.194863498381276, -6.891023988223885, 2.226646496769729, 3.817918714382741, -3.357143677610484, 4.895750266096374, 1.2874400183432702, -5.096995311474442, 6.0307391816044, -1.7292268790763858, -1.9791569141596248, 4.185280561334154, 0.2119023483048084, -0.7860835367711546, 6.539168093580237, -0.4780366237492853, 2.134764142715432, 2.9424046913775888, 1.0791859568907132, 0.08340049204194576, 0.9118754830316301, 3.4622495668929734, 2.590742029384257, 5.509864390963858, 5.022513113786876, 0.527018356308867, 3.480890869160167, 4.3533920240256245, 3.5095798705183747, -0.10708509948677918, 6.229103401208324, 4.694131464321114, 2.3168027194447594, 2.5070965491467696, 7.150689956005154, 3.9903927281074116, 0.6974279967644232, 6.104870434029761, 1.4177197067926641, 3.3442956316976185, 8.016752917298641, 0.9030256975687875], "name": "C16H34", "identifiers": {"molecule_hash": "f7526d77576b3e6a9215b645dbdca4062cda9881", "molecular_formula": "C16H34"}, "molecular_charge": 0.0, "molecular_multiplicity": 1, "connectivity": [[0, 1, 1.0], [0, 16, 1.0], [0, 17, 1.0], [0, 18, 1.0], [1, 2, 1.0], [1, 19, 1.0], [1, 20, 1.0], [2, 3, 1.0], [2, 21, 1.0], [2, 22, 1.0], [3, 4, 1.0], [3, 23, 1.0], [3, 24, 1.0], [4, 5, 1.0], [4, 25, 1.0], [4, 26, 1.0], [5, 6, 1.0], [5, 27, 1.0], [5, 28, 1.0], [6, 7, 1.0], [6, 29, 1.0], [6, 30, 1.0], [7, 8, 1.0], [7, 31, 1.0], [7, 32, 1.0], [8, 9, 1.0], [8, 33, 1.0], [8, 34, 1.0], [9, 10, 1.0], [9, 35, 1.0], [9, 36, 1.0], [10, 11, 1.0], [10, 37, 1.0], [10, 38, 1.0], [11, 12, 1.0], [11, 39, 1.0], [11, 40, 1.0], [12, 13, 1.0], [12, 41, 1.0], [12, 42, 1.0], [13, 14, 1.0], [13, 43, 1.0], [13, 44, 1.0], [14, 15, 1.0], [14, 45, 1.0], [14, 46, 1.0], [15, 47, 1.0], [15, 48, 1.0], [15, 49, 1.0]], "fix_com": true, "fix_orientation": true, "provenance": {"creator": "QCElemental", "version": "v0.22.0", "routine": "qcelemental.molparse.from_schema"}, "id": "233454"}