{"schema_name": "qcschema_molecule", "schema_version": 2, "validated": true, "symbols": ["C", "C", "C", "C", "C", "C", "C", "C", "C", "C", "C", "C", "C", "C", "C", "C", "H", "H", "H", "H", "H", "H", "H", "H", "H", "H", "H", "H", "H", "H", "H", "H", "H", "H", "H", "H", "H", "H", "H", "H", "H", "H", "H", "H", "H", "H", "H", "H", "H", "H"], "geometry": [1.6259657178325455, 11.716316533438713, 0.2515969034262399, 0.4815017105289624, 9.059759656784763, 0.4065391014976534, 2.4764541970996823, 6.965048652700233, 0.20286334031939696, 1.3896777017220598, 4.274937768264562, 0.16090685635487104, 0.0657726075786027, 3.481082795851973, 2.6192553857707312, -0.7219095186340324, 0.6870790921400315, 2.676010166581901, -2.7518535343101815, 0.010776597733954358, 0.7201768812681201, -3.7020929598713357, -2.7314185338638657, 0.85405770426613, -1.6574014580504983, -4.776525407044129, 0.5123196617151824, -0.1367543408596754, -4.718463797300222, -1.9756763513636106, -1.2753521300825794, -6.207416194464522, -4.200892715966055, -3.8208019194126264, -5.2819606534944885, -5.258533031624483, -3.887328603101511, -2.506305511270613, -6.1097402105201235, -1.9096992528011842, -1.8151843295673102, -8.113350104946958, -2.0862529140942607, 0.9303563843553371, -9.043564868739042, -1.5115982051828547, 2.9049197822721435, -6.997921739333896, 0.17032512882867562, 13.18056855137604, 0.40348764933098263, 2.994405561869058, 12.027982176973937, 1.775700035811363, 2.619352132076534, 11.997355328630873, -1.5447113320943384, -0.5612434652912813, 8.869153189158903, 2.186705367468351, -0.9133432659848532, 8.814882919446196, -1.111434236616755, 3.5787586287906925, 7.267333390323019, -1.529805900728767, 3.8189506768960655, 7.143822393913595, 1.7779718927551345, 0.07730361570187144, 4.112774381355717, -1.434405904852708, 2.929058445930833, 2.9346490484302206, -0.22102982211711703, -1.6092279203047901, 4.662332290113708, 2.9345546470038406, 1.3452598983806257, 3.8530171647025115, 4.211324910911516, -1.4277066125346305, 0.21592077115463465, 4.570671424035312, 0.9618414210683579, -0.48627858078546893, 2.377309634843514, -2.029646655823086, 0.4044305634306082, -1.1773333069371155, -4.3741742454549, 1.280748891727501, 0.97631335469361, -4.602378285756456, -3.0318307032636875, 2.700391193548455, -5.198496652600611, -2.981646932006722, -0.5538766240503522, -0.3316845504748589, -4.62807786118154, 2.0968234985396825, -2.547801100714194, -6.640862246089809, 0.7097783482005006, 1.7326222885418887, -5.533922761595689, -1.6039990859577384, 0.226218793028268, -2.760162514928443, -2.5445572471038997, -1.4994892303289549, -8.186131274360681, -3.6156844462110875, 0.11713763591635722, -6.2334343318705425, -5.736399094706866, -5.30897269028923, -5.583239592727691, -3.848267033513581, -4.318575191088078, -6.49078567628075, -6.871189277217055, -3.660741923477443, -1.2793372841471229, -4.463262415696495, -5.776137542110784, -2.0930618486840333, -6.866230873016935, -0.003922212924215739, -2.1379252067541237, -7.3614102520941564, -2.1149118598682892, -3.096706052515018, -9.733612476203358, -0.7594550285235161, 1.187543591398852, -10.616180003852872, -3.9794758800766092, 1.2730769986918677, -9.821925969907083, -1.5081193746770576, 4.819081406511468, -7.786158018111274, -2.9093201160021094, 2.86617948197718, -5.473655454977689, 0.3488099113259655, 2.571782588479801, -6.147903464796228], "name": "C16H34", "identifiers": {"molecule_hash": "ef740f62de9b7a225d8d2e17f6e87020c5b34dd7", "molecular_formula": "C16H34"}, "molecular_charge": 0.0, "molecular_multiplicity": 1, "connectivity": [[0, 1, 1.0], [0, 16, 1.0], [0, 17, 1.0], [0, 18, 1.0], [1, 2, 1.0], [1, 19, 1.0], [1, 20, 1.0], [2, 3, 1.0], [2, 21, 1.0], [2, 22, 1.0], [3, 4, 1.0], [3, 23, 1.0], [3, 24, 1.0], [4, 5, 1.0], [4, 25, 1.0], [4, 26, 1.0], [5, 6, 1.0], [5, 27, 1.0], [5, 28, 1.0], [6, 7, 1.0], [6, 29, 1.0], [6, 30, 1.0], [7, 8, 1.0], [7, 31, 1.0], [7, 32, 1.0], [8, 9, 1.0], [8, 33, 1.0], [8, 34, 1.0], [9, 10, 1.0], [9, 35, 1.0], [9, 36, 1.0], [10, 11, 1.0], [10, 37, 1.0], [10, 38, 1.0], [11, 12, 1.0], [11, 39, 1.0], [11, 40, 1.0], [12, 13, 1.0], [12, 41, 1.0], [12, 42, 1.0], [13, 14, 1.0], [13, 43, 1.0], [13, 44, 1.0], [14, 15, 1.0], [14, 45, 1.0], [14, 46, 1.0], [15, 47, 1.0], [15, 48, 1.0], [15, 49, 1.0]], "fix_com": true, "fix_orientation": true, "provenance": {"creator": "QCElemental", "version": "v0.22.0", "routine": "qcelemental.molparse.from_schema"}, "id": "244955"}