{"schema_name": "qcschema_molecule", "schema_version": 2, "validated": true, "symbols": ["C", "C", "C", "C", "C", "C", "C", "C", "C", "C", "C", "C", "C", "C", "C", "C", "H", "H", "H", "H", "H", "H", "H", "H", "H", "H", "H", "H", "H", "H", "H", "H", "H", "H", "H", "H", "H", "H", "H", "H", "H", "H", "H", "H", "H", "H", "H", "H", "H", "H"], "geometry": [-5.101057844623139, 8.55805578001043, -8.443128663409347, -4.368846850307707, 9.611254394608167, -5.852380770122433, -2.0702475762883505, 8.331562601179757, -4.6395816512181876, -2.461792762525179, 5.551677310344088, -3.9359934391996068, -0.17953581938920235, 4.425913335366292, -2.558040502957725, -0.3662545212155055, 1.5812792551431103, -2.02721663729298, -2.553711462272176, 0.719224269919044, -0.3277982773015367, -2.4846025132574203, 1.802461824475634, 2.3556390331444312, -4.61981700754492, 0.8643554906017731, 4.078826852568513, -4.643902123315866, -1.95253723667635, 4.785571320549442, -2.3788674954984903, -2.8822304321606125, 6.367881980489957, -0.23477034436840527, -4.093245138690303, 4.8383340429172526, 1.9797242100752754, -5.020487201299087, 6.4726262880236485, 1.484208404815299, -7.443392078553887, 8.02110241722693, 2.515755975380811, -9.883921759911706, 6.842363183681977, 1.3350360782179402, -10.626979272209503, 4.31164372809969, -5.702993213423334, 6.601278955985226, -8.334031262671992, -3.52092690175399, 8.654889009288233, -9.75147244842104, -6.648612183749703, 9.632634566472312, -9.255682048105493, -5.976829549257862, 9.468160505349557, -4.578493560001307, -3.9701911212196306, 11.617694085931051, -6.046199538560151, -1.564944186700621, 9.375149496046957, -2.941047312577294, -0.4589211129053163, 8.491919513333611, -5.90947380744711, -4.140595059431186, 5.39399865581071, -2.760382950242783, -2.8331694789403237, 4.443772876893358, -5.6265397658830025, 1.5004746359346497, 4.744747550983235, -3.700634361034369, 0.13275846227439714, 5.452810612607769, -0.8062442866642874, -0.5127811397700303, 0.5905912187191686, -3.823645227730628, 1.4034886347467697, 0.961368112563192, -1.1815061815414456, -4.35249018890425, 1.1965999768012348, -1.1999729801433798, -2.500593015332693, -1.3309422652588665, -0.2421180806161902, -0.6595842639548769, 1.408711345218986, 3.2140158515599238, -2.6258455662614755, 3.8491588379646755, 2.2606121794115865, -4.568063485139444, 1.9546452305623803, 5.821800336267334, -6.417485886578137, 1.3155161949226752, 3.185794154623855, -4.830068900601701, -3.110312085952604, 3.0989327796725186, -6.364339734477443, -2.271198338837015, 5.861469342405605, -1.62460174045818, -1.318873512089941, 7.47245012200549, -3.0590031753855493, -4.252887272197823, 7.7360255089021255, -0.997746160369411, -5.652087861903988, 3.7399748647394255, 0.48662490007197245, -2.7376559627270245, 3.47780293158908, 3.6174940720791082, -5.325399210678588, 5.268489431870026, 2.5082181827739376, -3.4975429635869717, 7.7469720202714685, 2.346958652506583, -7.241270446837794, 9.873642589685184, -0.5291985625412365, -7.666152505361951, 8.365429048735509, 4.551096287276688, -9.70452228981909, 6.610194218299448, 2.2270721986999753, -11.418154597371812, 8.179093032740239, -0.7034628535177028, -10.81673993075902, 4.470046515850716, 1.7242620415279917, -9.242352219223466, 2.850377156057221, 2.079406544070133, -12.426789819638756, 3.665854345627689], "name": "C16H34", "identifiers": {"molecule_hash": "b691c0f71971a6777a36f20f32db7c30695e48f9", "molecular_formula": "C16H34"}, "molecular_charge": 0.0, "molecular_multiplicity": 1, "connectivity": [[0, 1, 1.0], [0, 16, 1.0], [0, 17, 1.0], [0, 18, 1.0], [1, 2, 1.0], [1, 19, 1.0], [1, 20, 1.0], [2, 3, 1.0], [2, 21, 1.0], [2, 22, 1.0], [3, 4, 1.0], [3, 23, 1.0], [3, 24, 1.0], [4, 5, 1.0], [4, 25, 1.0], [4, 26, 1.0], [5, 6, 1.0], [5, 27, 1.0], [5, 28, 1.0], [6, 7, 1.0], [6, 29, 1.0], [6, 30, 1.0], [7, 8, 1.0], [7, 31, 1.0], [7, 32, 1.0], [8, 9, 1.0], [8, 33, 1.0], [8, 34, 1.0], [9, 10, 1.0], [9, 35, 1.0], [9, 36, 1.0], [10, 11, 1.0], [10, 37, 1.0], [10, 38, 1.0], [11, 12, 1.0], [11, 39, 1.0], [11, 40, 1.0], [12, 13, 1.0], [12, 41, 1.0], [12, 42, 1.0], [13, 14, 1.0], [13, 43, 1.0], [13, 44, 1.0], [14, 15, 1.0], [14, 45, 1.0], [14, 46, 1.0], [15, 47, 1.0], [15, 48, 1.0], [15, 49, 1.0]], "fix_com": true, "fix_orientation": true, "provenance": {"creator": "QCElemental", "version": "v0.22.0", "routine": "qcelemental.molparse.from_schema"}, "id": "234626"}