{"schema_name": "qcschema_molecule", "schema_version": 2, "validated": true, "symbols": ["C", "C", "C", "C", "C", "C", "C", "C", "C", "C", "C", "C", "C", "C", "C", "C", "H", "H", "H", "H", "H", "H", "H", "H", "H", "H", "H", "H", "H", "H", "H", "H", "H", "H", "H", "H", "H", "H", "H", "H", "H", "H", "H", "H", "H", "H", "H", "H", "H", "H"], "geometry": [6.655458866659621, -0.7495054179761824, -2.9825570969913135, 6.032629938853195, 1.8617724522491708, -4.047529657513264, 4.151517399740049, 3.3304698183716774, -2.4142561194779, 3.5218430158481677, 5.936120397544718, -3.499179120945305, 1.8369844189614837, 7.6277795345209665, -1.852369453120681, -0.8716351956250248, 6.66420958897143, -1.3770245365923972, -1.2264761196004819, 5.209474009338309, 1.105711893868456, -3.9510574657698556, 4.309795850980449, 1.5436621237566908, -4.814538459945359, 2.051836893441807, -0.09375709858811676, -4.852939336837519, -0.5109874844913713, 1.2655925899857554, -2.2648734764115233, -1.4817733621427112, 2.121318271320775, -2.342087922725001, -4.030877206550662, 3.501596890852635, -3.197099373867102, -6.3609690714380145, 1.9934933165693292, -1.475403286620289, -7.1471948286070495, -0.22074489736673808, -2.2391800374085906, -6.110565476931788, -2.8145769761614625, -0.4872035529206219, -7.007980327657457, -4.92861419448288, 7.992373885087917, -1.7432057302500932, -4.1802758978181025, 7.481010707146089, -0.607577412685757, -1.1081730610393388, 4.968500098073959, -1.9104439206738124, -2.832704479809276, 7.7659258386502374, 2.9511943307063953, -4.2358374460902395, 5.271323690228874, 1.659175461947876, -5.946788079969879, 2.435778012211041, 2.218287954845287, -2.2179993388160173, 4.924433762682718, 3.544621583467618, -0.5191384781161105, 2.6312446737020982, 5.699780918491235, -5.339179396614201, 5.2825228680862555, 6.9412211322498365, -3.8465455197735894, 1.7253246616674536, 9.455679419519743, -2.7824172832630136, 2.7697053710662822, 7.972986051787733, -0.051534908137698496, -1.4756739310569873, 5.516868842227206, -2.9718397522466344, -2.146631221307774, 8.27562029531177, -1.335532704519149, 0.05918836021185404, 3.615168739199884, 1.1911899052640167, -0.693159326653269, 6.455436678104993, 2.6524340836934983, -4.182404377815069, 3.823557793170635, 3.526965662202984, -5.2057540030546825, 5.9040734679296465, 1.2169144147878583, -6.714897728390019, 2.4121896262801914, -0.7828849012057014, -3.6359584867155483, 1.9021290652363072, -1.7708970172486056, -5.718989617318746, -1.8832158833953134, 0.008001480788745914, -6.091892280989994, -0.3781588999774816, 2.903891583298059, -0.997631889512094, -1.5916170706479487, 0.5075629392031136, -1.4235891131616107, -0.11533787842005432, 3.402762544736462, -0.46634312455420684, -4.414317134250243, 4.252546912806134, -3.575509611095368, -3.8417309953004355, 5.137145497252885, -3.2865510556733963, -7.920112862087859, 3.3276739563786886, -5.119884974886028, -6.108181760361819, 1.315502689386516, 0.46643821393406804, -6.604244139063118, 0.18975994149216707, -1.4656987982332808, -9.198510127272167, -0.35032036303107394, -4.162808505891871, -6.705921141762331, -3.230241800258754, -2.267751721972619, -4.059755890849592, -2.7884738123363815, -1.0811450448882636, -6.273429140944141, -6.749996021571642, -0.46929485045761105, -9.05704005524147, -5.056759146868324, 1.4437122396856796, -6.38922857973166, -4.605343962517653], "name": "C16H34", "identifiers": {"molecule_hash": "f9595d6016e83a53ca0fd4ac3e13e68411ba1a99", "molecular_formula": "C16H34"}, "molecular_charge": 0.0, "molecular_multiplicity": 1, "connectivity": [[0, 1, 1.0], [0, 16, 1.0], [0, 17, 1.0], [0, 18, 1.0], [1, 2, 1.0], [1, 19, 1.0], [1, 20, 1.0], [2, 3, 1.0], [2, 21, 1.0], [2, 22, 1.0], [3, 4, 1.0], [3, 23, 1.0], [3, 24, 1.0], [4, 5, 1.0], [4, 25, 1.0], [4, 26, 1.0], [5, 6, 1.0], [5, 27, 1.0], [5, 28, 1.0], [6, 7, 1.0], [6, 29, 1.0], [6, 30, 1.0], [7, 8, 1.0], [7, 31, 1.0], [7, 32, 1.0], [8, 9, 1.0], [8, 33, 1.0], [8, 34, 1.0], [9, 10, 1.0], [9, 35, 1.0], [9, 36, 1.0], [10, 11, 1.0], [10, 37, 1.0], [10, 38, 1.0], [11, 12, 1.0], [11, 39, 1.0], [11, 40, 1.0], [12, 13, 1.0], [12, 41, 1.0], [12, 42, 1.0], [13, 14, 1.0], [13, 43, 1.0], [13, 44, 1.0], [14, 15, 1.0], [14, 45, 1.0], [14, 46, 1.0], [15, 47, 1.0], [15, 48, 1.0], [15, 49, 1.0]], "fix_com": true, "fix_orientation": true, "provenance": {"creator": "QCElemental", "version": "v0.22.0", "routine": "qcelemental.molparse.from_schema"}, "id": "233952"}