{"schema_name": "qcschema_molecule", "schema_version": 2, "validated": true, "symbols": ["C", "C", "C", "C", "C", "C", "C", "C", "C", "C", "C", "C", "C", "C", "C", "C", "H", "H", "H", "H", "H", "H", "H", "H", "H", "H", "H", "H", "H", "H", "H", "H", "H", "H", "H", "H", "H", "H", "H", "H", "H", "H", "H", "H", "H", "H", "H", "H", "H", "H"], "geometry": [-6.784055570988433, 2.7714734187426098, 0.9399640508791319, -6.156574623819207, 0.731433483574898, 2.8984841456794586, -5.182879584237234, -1.72110803906576, 1.7020310336649749, -4.496623841780516, -3.7467422016089005, 3.6562975612399913, -3.6936868267175984, -6.3201659020103085, 2.5706908856195887, -1.3114706728655596, -6.271047716204878, 0.8867211459895951, -1.8491887059558978, -6.014939319376662, -1.9542234679133936, 0.5298081536619097, -6.065570083560191, -3.6220071990571783, 2.4755756426172377, -3.967584252203001, -3.1094682097220767, 1.4398982656031742, -1.2791810638521264, -3.4371345032307294, 3.3766490917556164, 0.8250105710583597, -2.9292633870688145, 5.543021074967699, 0.9535948373277988, -4.854013739409458, 7.4934762228990754, 3.037591635618046, -4.319641816125018, 6.471799316527751, 5.741798164062537, -4.539425461203297, 8.516431278322534, 7.763233533625952, -4.178114707589773, 7.492856251162454, 10.4646185763432, -4.392022859034419, -7.475764871592945, 4.502669298751989, 1.8400411714754674, -5.113187196235041, 3.267219099845649, -0.18045669218355473, -8.244533715470357, 2.117706893543884, -0.37598358391326325, -7.842123975953946, 0.3177178459035652, 4.035877354211355, -4.73223615390734, 1.4567268367841262, 4.222117197704873, -6.619138482964757, -2.469294584907198, 0.4018468888114956, -3.526317284065446, -1.2776760989806022, 0.5382627920857127, -6.125290291503378, -4.0408421506514935, 4.909630149403966, -2.969825808964855, -3.023624815162737, 4.864572915643504, -3.365689874986513, -7.597254098714135, 4.170000016677683, -5.274554874884313, -7.141012088639004, 1.5042211885904522, -0.0720798480101244, -4.733499548946868, 1.5194941119394838, -0.22963701102548667, -8.018108615531347, 1.1736088430502696, -2.930652251157277, -4.291168723458781, -2.3234188638213586, -3.081549091364774, -7.582226246583101, -2.529696580476669, 1.4670748400355056, -7.903614463094675, -3.393614862498465, -0.05466906190370532, -5.960630728338164, -5.610872145203545, 4.07783302611677, -4.256152435871617, -4.390400938332325, 3.2411223684738433, -4.167057804294315, -1.1919083220985696, -0.16397634647769907, -1.0061950449406902, -2.1549046763675594, 0.6787790927498211, -1.0655373537627324, -5.35847433055741, 4.171580082500838, 0.5756934099618745, -1.0256703107119902, 2.3775673638747583, 2.639735622574676, -2.9019650996345456, 4.7471983291545765, 1.2301072872155863, -6.753092367268463, 6.530611066455992, -0.8667642445245709, -4.902647577829779, 8.288188482221507, 2.7587331621020548, -2.4210807011360673, 9.078627069862256, 2.8196871190978614, -5.641366498843227, 5.587338261512313, 5.988077778829583, -6.403216653653546, 4.969827513868927, 6.051532770672709, -3.1440660886396103, 9.409442317275383, 7.505747499861043, -2.322610530156569, 10.016535669927073, 7.477222487833884, -5.583192929225361, 6.034490083470031, 10.82524565958598, -2.9653806204058606, 6.640566225165172, 10.794056833124948, -6.25140288279814, 8.992208629253525, 11.867678123378868, -4.128715172833785], "name": "C16H34", "identifiers": {"molecule_hash": "e217c0b8441483391881fcb5b037c28d5288056d", "molecular_formula": "C16H34"}, "molecular_charge": 0.0, "molecular_multiplicity": 1, "connectivity": [[0, 1, 1.0], [0, 16, 1.0], [0, 17, 1.0], [0, 18, 1.0], [1, 2, 1.0], [1, 19, 1.0], [1, 20, 1.0], [2, 3, 1.0], [2, 21, 1.0], [2, 22, 1.0], [3, 4, 1.0], [3, 23, 1.0], [3, 24, 1.0], [4, 5, 1.0], [4, 25, 1.0], [4, 26, 1.0], [5, 6, 1.0], [5, 27, 1.0], [5, 28, 1.0], [6, 7, 1.0], [6, 29, 1.0], [6, 30, 1.0], [7, 8, 1.0], [7, 31, 1.0], [7, 32, 1.0], [8, 9, 1.0], [8, 33, 1.0], [8, 34, 1.0], [9, 10, 1.0], [9, 35, 1.0], [9, 36, 1.0], [10, 11, 1.0], [10, 37, 1.0], [10, 38, 1.0], [11, 12, 1.0], [11, 39, 1.0], [11, 40, 1.0], [12, 13, 1.0], [12, 41, 1.0], [12, 42, 1.0], [13, 14, 1.0], [13, 43, 1.0], [13, 44, 1.0], [14, 15, 1.0], [14, 45, 1.0], [14, 46, 1.0], [15, 47, 1.0], [15, 48, 1.0], [15, 49, 1.0]], "fix_com": true, "fix_orientation": true, "provenance": {"creator": "QCElemental", "version": "v0.22.0", "routine": "qcelemental.molparse.from_schema"}, "id": "247214"}