{"schema_name": "qcschema_molecule", "schema_version": 2, "validated": true, "symbols": ["C", "C", "C", "C", "C", "C", "C", "C", "C", "C", "C", "C", "C", "C", "C", "C", "H", "H", "H", "H", "H", "H", "H", "H", "H", "H", "H", "H", "H", "H", "H", "H", "H", "H", "H", "H", "H", "H", "H", "H", "H", "H", "H", "H", "H", "H", "H", "H", "H", "H"], "geometry": [7.229164462297772, 1.5876054508863995, 6.106226635438361e-16, 4.816561668799967, 1.5535749863971563e-15, 2.0242501618192948e-15, 2.4082234232314947, 1.600810447684731, 0.033342127039568875, 0.0, 0.0, -0.0, -2.4982331395606923, 1.4420440926061366, 0.3041883294673078, -3.1857619379972193, 3.2981380881281153, -1.8345549160265278, -2.3722662348439827, 6.04286674149023, -1.3798399539387811, -3.3556084901305447, 7.9198192231115145, -3.361314813423002, -2.4479097083533565, 7.533994244933804, -6.089938710202762, 0.4092568411588191, 7.8289673430265525, -6.452474625595232, 1.3195643554141077, 7.51988031659625, -9.18943773865669, 0.5248935812137017, 9.658228063612135, -10.97316529283599, 1.4120251598150055, 9.330362982323368, -13.713528072803168, 4.274863639003351, 9.492654800230776, -14.101481199294584, 5.042721220026416, 9.3577596742904, -16.886142510159136, 7.899790273294383, 9.511113450875262, -17.279537164818475, 8.902099601059119, 0.4000130822866404, -0.019138584504806697, 7.312400361147579, 2.8101218134704373, -1.6473504652081308, 7.329921419430635, 2.781993604447089, 1.666838154322215, 4.824376921579079, -1.2511699409122727, 1.631284868371087, 4.801652633041784, -1.2164159028487147, -1.65776460164193, 2.4144274831180104, 2.798354750914981, 1.706785302034703, 2.4332077108573285, 2.8654020522109462, -1.5846757536136789, 0.1173536299186041, -1.3846634077221602, 1.5165496674579564, -0.06352480561433005, -1.0806652269123422, -1.750070587968765, -3.9891218206354027, 0.03603048136363997, 0.44435493655618497, -2.4967027186627897, 2.4367473916111293, 2.104698964065591, -2.4064332911374424, 2.605702696410441, -3.605352373179932, -5.227150330708044, 3.286966786352771, -2.0783575354483173, -0.33173296295715593, 6.174699333875944, -1.2384066423757178, -3.098054743574817, 6.632957059491354, 0.451432529549454, -5.411560500111927, 7.85927754613086, -3.349927205172066, -2.841700814677411, 9.8203816884487, -2.7658892562318576, -3.4322393404359124, 8.899243449987521, -7.2649223221067505, -3.0279036679085096, 5.683555931194817, -6.770777472360072, 1.3835062821282853, 6.437317477350974, -5.299198773739205, 0.9998720985019642, 9.669680473228578, -5.745294033186486, 0.6356375081730299, 5.726103532867791, -9.932684375026371, 3.3677131665650446, 7.384984737925349, -9.166025820536127, 1.2336111549868862, 11.44677916314948, -10.241471098186121, -1.5215283255313756, 9.815312176487272, -10.984174592960361, 0.7279920083780897, 7.52923232573055, -14.436585598141015, 0.5149084628085046, 10.781880065530734, -14.861189372135662, 4.969792719059679, 11.253394230601552, -13.292941540382376, 5.215447805885798, 7.978576622521095, -13.080438041782807, 4.336015796027577, 7.607741984617072, -17.70208390636713, 4.130151953772672, 10.883432065240685, -17.918801453634856, 8.863155622472584, 7.96867434088399, -16.326700130466428, 8.656285611341216, 11.269838916238294, -16.53809862146288, 8.3835972597523, 9.413777115715144, -19.271023952461434], "name": "C16H34", "identifiers": {"molecule_hash": "9f1ab44572b3bb84c8018e8c3c9adf283bcc2688", "molecular_formula": "C16H34"}, "molecular_charge": 0.0, "molecular_multiplicity": 1, "connectivity": [[0, 1, 1.0], [0, 16, 1.0], [0, 17, 1.0], [0, 18, 1.0], [1, 2, 1.0], [1, 19, 1.0], [1, 20, 1.0], [2, 3, 1.0], [2, 21, 1.0], [2, 22, 1.0], [3, 4, 1.0], [3, 23, 1.0], [3, 24, 1.0], [4, 5, 1.0], [4, 25, 1.0], [4, 26, 1.0], [5, 6, 1.0], [5, 27, 1.0], [5, 28, 1.0], [6, 7, 1.0], [6, 29, 1.0], [6, 30, 1.0], [7, 8, 1.0], [7, 31, 1.0], [7, 32, 1.0], [8, 9, 1.0], [8, 33, 1.0], [8, 34, 1.0], [9, 10, 1.0], [9, 35, 1.0], [9, 36, 1.0], [10, 11, 1.0], [10, 37, 1.0], [10, 38, 1.0], [11, 12, 1.0], [11, 39, 1.0], [11, 40, 1.0], [12, 13, 1.0], [12, 41, 1.0], [12, 42, 1.0], [13, 14, 1.0], [13, 43, 1.0], [13, 44, 1.0], [14, 15, 1.0], [14, 45, 1.0], [14, 46, 1.0], [15, 47, 1.0], [15, 48, 1.0], [15, 49, 1.0]], "fix_com": true, "fix_orientation": true, "provenance": {"creator": "QCElemental", "version": "v0.22.0", "routine": "qcelemental.molparse.from_schema"}, "id": "234856"}