{"schema_name": "qcschema_molecule", "schema_version": 2, "validated": true, "symbols": ["C", "C", "C", "C", "C", "C", "C", "C", "C", "C", "C", "C", "C", "C", "C", "C", "H", "H", "H", "H", "H", "H", "H", "H", "H", "H", "H", "H", "H", "H", "H", "H", "H", "H", "H", "H", "H", "H", "H", "H", "H", "H", "H", "H", "H", "H", "H", "H", "H", "H"], "geometry": [8.32366284083242, 2.759341141641107, -5.551115123125783e-17, 7.460961902253241, 3.781685831674014e-16, -2.646892607619467e-15, 4.757962155275887, -0.41372579715611335, 0.9586887592669673, 2.7072536560682705, 0.7535533968286676, -0.7209451788313574, 0.0, 0.0, 0.0, -0.9153075606107388, 0.8621865940285188, 2.614481153715057, -1.1959462753360128, 3.723464060330864, 3.026672740051313, -3.284491737722154, 4.986692356158109, 1.423486437859813, -2.4401887194915735, 6.335641591861735, -1.0158743385514852, -1.6684995286738094, 9.130826810639533, -0.7968849127064053, 0.7973478363553852, 9.729501512005475, 0.6337387767444823, 0.5762203636164576, 10.14058327747842, 3.515856683291855, 0.48210248317732174, 12.925055517349644, 4.3362623584378035, -1.8246237808438108, 14.465018204025096, 3.4932791518032156, -4.314744723149548, 13.692988024398028, 4.748274006901005, -6.536846225013043, 15.344628705464448, 3.9239352359533033, 10.291840887028814, 2.9078190726069195, -0.5603042547522041, 8.144759728398583, 3.5877950719676144, 1.870881389611469, 7.227744855213796, 3.906036986607209, -1.2992127355397352, 7.634031765725036, -0.7685308846963947, -1.8994031534503526, 8.743599882092774, -1.090641987329535, 1.1779669758165376, 4.419994038330228, -2.4376493676482585, 1.101980238954145, 4.612974588277104, 0.3289620865338482, 2.869357890558667, 2.8867626200580094, 2.7968754136225047, -0.720661955646095, 3.0349851284700327, 0.15737848102193577, -2.662525634266231, -0.14223014579063886, -2.0502857548779323, -0.07922374240373278, -1.2870515204502204, 0.7031572440311608, -1.4383102444852987, 0.34815510647266956, 0.11818721570148313, 4.052469442126613, -2.74047155084093, -0.015769963877460047, 2.9713098144303327, -1.632138516741587, 4.000887706558893, 5.0142744773716466, 0.60519733814437, 4.653698788274376, 2.723477775059583, -4.660295869177498, 3.545778061174989, 0.920711316780926, -4.315430933521379, 6.3329136621176065, 2.582244253354548, -0.9125604845966817, 5.2912878262014384, -1.9059303176097544, -4.007820339763055, 6.268511855961303, -2.3432332574148376, -3.2289782245833796, 10.188293640287418, 0.01866578318988088, -1.4657046028646612, 9.830041458947083, -2.7187701136225426, 2.1462663914301685, 8.227592327643308, 0.25697607346116297, 1.6291473983805258, 11.418123897762106, -0.18992061898835189, -1.0473084871444385, 9.136693261537522, 4.261518295598642, 2.212057041136995, 9.302724768230272, 4.432291785732865, 0.6028955439939048, 13.003471621477898, 6.388355274920557, 2.1772732680169202, 13.853849147984507, 3.6345638715105797, -1.4666285220337656, 16.441902059101785, 3.9334708453412026, -2.026430984262337, 14.375120679543219, 1.4499927508572819, -4.745965300707319, 11.730758918575082, 4.326659282078478, -4.102092811793821, 13.807361985506041, 6.7903980882517905, -8.27541912200578, 14.770697714995373, 4.849972566019188, -6.204989897304536, 17.317638917521453, 4.384294821668583, -6.839202137756134, 15.221789662941466, 1.896794535541809], "name": "C16H34", "identifiers": {"molecule_hash": "880eeccc46130ae1e40ebf741de9e98c9d7d780f", "molecular_formula": "C16H34"}, "molecular_charge": 0.0, "molecular_multiplicity": 1, "connectivity": [[0, 1, 1.0], [0, 16, 1.0], [0, 17, 1.0], [0, 18, 1.0], [1, 2, 1.0], [1, 19, 1.0], [1, 20, 1.0], [2, 3, 1.0], [2, 21, 1.0], [2, 22, 1.0], [3, 4, 1.0], [3, 23, 1.0], [3, 24, 1.0], [4, 5, 1.0], [4, 25, 1.0], [4, 26, 1.0], [5, 6, 1.0], [5, 27, 1.0], [5, 28, 1.0], [6, 7, 1.0], [6, 29, 1.0], [6, 30, 1.0], [7, 8, 1.0], [7, 31, 1.0], [7, 32, 1.0], [8, 9, 1.0], [8, 33, 1.0], [8, 34, 1.0], [9, 10, 1.0], [9, 35, 1.0], [9, 36, 1.0], [10, 11, 1.0], [10, 37, 1.0], [10, 38, 1.0], [11, 12, 1.0], [11, 39, 1.0], [11, 40, 1.0], [12, 13, 1.0], [12, 41, 1.0], [12, 42, 1.0], [13, 14, 1.0], [13, 43, 1.0], [13, 44, 1.0], [14, 15, 1.0], [14, 45, 1.0], [14, 46, 1.0], [15, 47, 1.0], [15, 48, 1.0], [15, 49, 1.0]], "fix_com": true, "fix_orientation": true, "provenance": {"creator": "QCElemental", "version": "v0.22.0", "routine": "qcelemental.molparse.from_schema"}, "id": "235294"}