{"schema_name": "qcschema_molecule", "schema_version": 2, "validated": true, "symbols": ["C", "C", "C", "C", "C", "C", "C", "C", "C", "C", "C", "C", "C", "C", "C", "C", "H", "H", "H", "H", "H", "H", "H", "H", "H", "H", "H", "H", "H", "H", "H", "H", "H", "H", "H", "H", "H", "H", "H", "H", "H", "H", "H", "H", "H", "H", "H", "H", "H", "H"], "geometry": [11.495004171976348, 0.9482907884025347, 1.6653345369377348e-16, 8.757880870353846, 1.0955549401628522e-15, -1.9440791746460345e-15, 7.0822059143853995, 1.4093982025980702, 1.901274198650087, 4.371954486899099, 0.39133918685929714, 2.0952667456530056, 2.7940559729464693, 0.7223750398270601, -0.31866354566037425, 0.0, 0.0, -0.0, -0.4186646494627392, -2.816494752202289, 0.543524454618004, -3.2055136250510188, -3.6233218183462794, 0.6952348794946142, -4.791154884894215, -2.2522461924480743, 2.7165967405241505, -3.8819703221585304, -2.4720994500775753, 5.479007090677727, -4.885256406946015, -4.757973476470308, 6.973386227133397, -4.076201686961075, -7.399842222434788, 6.067656899583085, -1.2111929777085881, -7.834778247218275, 5.878456794263625, 0.24047930722622848, -7.374617684547881, 8.345037175627343, 3.0820530367037655, -7.94615375943362, 8.16263715110169, 4.518634192529716, -6.201799153115508, 6.3440536226675786, 12.655475372653632, -0.0808730044844077, -1.3711756907449029, 11.586049574819098, 2.9611093209750576, -0.48262379531767885, 12.365667989123496, 0.7149238321341742, 1.865477695025981, 7.971072479786482, 0.18773509445340564, -1.907440261853731, 8.725470034569657, -2.027825531940251, 0.44347866911116307, 7.971656444938425, 1.3023763399809272, 3.773710551699406, 7.029422310276354, 3.4254316677124903, 1.403231269330422, 4.44999256615477, -1.6114006570162518, 2.6211837426423132, 3.401113808953073, 1.3590817837340818, 3.655037625865063, 3.611485188330693, -0.40088701841491725, -1.8583007063536732, 2.9128839553336427, 2.7053810852009432, -0.9217184432862725, -1.0383905994892677, 0.515898587400814, -1.7220553394410447, -0.8129834245319308, 1.1403866390620918, 1.529569785301614, 0.5486235985019656, -3.324017214197342, 2.299618281924876, 0.5061548573573723, -3.927931681086074, -0.946367099575645, -4.094869069417213, -3.2860894222504795, -1.1500373762369678, -3.285510743504957, -5.669335283542211, 0.9978017266192389, -4.877671146764409, -0.24558976843348423, 2.2105736835306082, -6.747009363363396, -2.9365584483073075, 2.5986844787365055, -4.501008132093309, -0.7743971307172304, 6.495021519380311, -1.8125089955547806, -2.428314079937079, 5.554714032597001, -6.959387341116571, -4.680578800263316, 6.9701523260037614, -4.3208865967735575, -4.528401773504717, 8.954867511830011, -4.93416627036388, -7.793895804716207, 4.222964519845389, -4.882361891269175, -8.796637016716913, 7.374854803426908, -0.43371536988851805, -6.637181234788861, 4.385482699458421, -0.8796313810412351, -9.790065826261895, 5.263993576448835, -0.0010492714123556818, -5.404441403973637, 8.946394566037812, -0.5930086925824003, -8.541862334284728, 9.84586960265951, 3.91776140705212, -7.779609422711133, 10.053010329986297, 3.351254283258158, -9.920764063933701, 7.58294632277904, 6.5533421296984695, -6.579378295890008, 6.396406831902333, 3.8945479882509115, -6.444900224765094, 4.387032075758106, 4.235516940176793, -4.211486290296503, 6.847173038338525], "name": "C16H34", "identifiers": {"molecule_hash": "ef740f62de9b7a225d8d2e17f6e87020c5b34dd7", "molecular_formula": "C16H34"}, "molecular_charge": 0.0, "molecular_multiplicity": 1, "connectivity": [[0, 1, 1.0], [0, 16, 1.0], [0, 17, 1.0], [0, 18, 1.0], [1, 2, 1.0], [1, 19, 1.0], [1, 20, 1.0], [2, 3, 1.0], [2, 21, 1.0], [2, 22, 1.0], [3, 4, 1.0], [3, 23, 1.0], [3, 24, 1.0], [4, 5, 1.0], [4, 25, 1.0], [4, 26, 1.0], [5, 6, 1.0], [5, 27, 1.0], [5, 28, 1.0], [6, 7, 1.0], [6, 29, 1.0], [6, 30, 1.0], [7, 8, 1.0], [7, 31, 1.0], [7, 32, 1.0], [8, 9, 1.0], [8, 33, 1.0], [8, 34, 1.0], [9, 10, 1.0], [9, 35, 1.0], [9, 36, 1.0], [10, 11, 1.0], [10, 37, 1.0], [10, 38, 1.0], [11, 12, 1.0], [11, 39, 1.0], [11, 40, 1.0], [12, 13, 1.0], [12, 41, 1.0], [12, 42, 1.0], [13, 14, 1.0], [13, 43, 1.0], [13, 44, 1.0], [14, 15, 1.0], [14, 45, 1.0], [14, 46, 1.0], [15, 47, 1.0], [15, 48, 1.0], [15, 49, 1.0]], "fix_com": true, "fix_orientation": true, "provenance": {"creator": "QCElemental", "version": "v0.22.0", "routine": "qcelemental.molparse.from_schema"}, "id": "244955"}