{"schema_name": "qcschema_molecule", "schema_version": 2, "validated": true, "symbols": ["C", "C", "C", "C", "C", "C", "C", "C", "C", "C", "C", "C", "C", "C", "C", "C", "H", "H", "H", "H", "H", "H", "H", "H", "H", "H", "H", "H", "H", "H", "H", "H", "H", "H", "H", "H", "H", "H", "H", "H", "H", "H", "H", "H", "H", "H", "H", "H", "H", "H"], "geometry": [0.0, 0.0, 0.0, 2.8931702292093866, -3.578154271708597e-17, -7.072792063827228e-16, 4.135343376603524, 1.0351716166561498, 2.4203195482294904, 4.707434707201261, 3.882027561097015, 2.531607621011153, 2.425205159387215, 5.696947182716169, 2.570233579892363, 1.663959393522585, 6.81529212387647, 1.7763568394002505e-15, 3.4742219852713667, 8.865905788842634, -0.9527223593147247, 2.6365288422157906, 10.158194817743533, -3.4108237327247295, 2.419904099396703, 8.464784987414209, -5.75526966781011, 4.891442880057046, 7.196480103067339, -6.5654729059041514, 4.62102581862259, 5.716510102223256, -9.038036596969427, 7.071273495605747, 4.517743296148556, -10.015542444717322, 8.124480252622732, 2.3848754940398966, -8.36638901768271, 10.466665006092008, 1.1396778998024297, -9.523406879943806, 11.503312809027076, -1.115763335514652, -8.02948391605616, 12.564688014448114, -0.4478567008724399, -5.4246171427923215, -0.7221609280392077, -1.1269895762609266, 1.556858536452804, -0.7876806849431652, 1.8807492533972963, 0.18055475427826395, -0.7254828828591954, -0.8110484190480513, -1.7402286943657517, 3.5123803956041058, -1.9413248735694646, -0.25940451888240057, 3.5933086477295184, 1.031034460821181, -1.6345247947569506, 2.987510508608806, 0.5131244477089707, 4.046326515837488, 5.930908697140692, 0.06865833846495395, 2.672937861379449, 5.9596824109544535, 4.36382326471947, 0.9750135098632478, 5.808697860257067, 4.191089127466599, 4.237695411149798, 2.8416296201268474, 7.261133546140103, 3.8362361680533934, 0.8128923112808766, 4.732903695108377, 3.399526790920271, -0.2142508138739614, 7.637322708567762, 0.16941873420411202, 1.5093483654341102, 5.318521286778531, -1.3926595701794766, 5.3611849638372675, 8.092488891795593, -1.1840956938964693, 3.6370837221632115, 10.314919597379761, 0.49743757918845244, 3.9567786384291512, 11.68008786416134, -3.824250173126181, 0.8151307817525677, 11.058253035622133, -3.0905455138778875, 1.7331444910038993, 9.623687154033735, -7.308944942744952, 0.9849262586983962, 7.0251911193531305, -5.454660184516635, 6.349642261476014, 8.632077738219238, -6.792353677239788, 5.542338670701918, 5.943132832884525, -5.077470650687001, 3.896515578767053, 6.984823604716793, -10.485211863708171, 3.1972791910257814, 4.249518724135308, -8.801085043913304, 8.502412346855477, 5.980426480476943, -10.23276553645067, 6.7227835327700545, 3.7768669361703373, -11.901750115207541, 8.579664461154529, 3.111107354598091, -6.50300045934448, 6.665405585668842, 0.9578946156877954, -8.09430926816216, 11.951303779611784, 2.549003785038747, -9.736277510293345, 10.004707450713438, 0.5047057376008635, -11.423805207218853, 12.989685953579668, -2.001808587649335, -9.137548275149573, 10.024757243365347, -2.529737537901656, -7.821602991829142, 11.114432207790527, 0.2675510022275105, -4.1643443865449274, 13.394351150696092, -2.0981993460664565, -4.53138062328774, 14.029696890433643, 0.9840778560420147, -5.570442951529802], "name": "C16H34", "identifiers": {"molecule_hash": "b0edea3af91169ff5998c14e64fba4f1a573f167", "molecular_formula": "C16H34"}, "molecular_charge": 0.0, "molecular_multiplicity": 1, "connectivity": [[0, 1, 1.0], [0, 16, 1.0], [0, 17, 1.0], [0, 18, 1.0], [1, 2, 1.0], [1, 19, 1.0], [1, 20, 1.0], [2, 3, 1.0], [2, 21, 1.0], [2, 22, 1.0], [3, 4, 1.0], [3, 23, 1.0], [3, 24, 1.0], [4, 5, 1.0], [4, 25, 1.0], [4, 26, 1.0], [5, 6, 1.0], [5, 27, 1.0], [5, 28, 1.0], [6, 7, 1.0], [6, 29, 1.0], [6, 30, 1.0], [7, 8, 1.0], [7, 31, 1.0], [7, 32, 1.0], [8, 9, 1.0], [8, 33, 1.0], [8, 34, 1.0], [9, 10, 1.0], [9, 35, 1.0], [9, 36, 1.0], [10, 11, 1.0], [10, 37, 1.0], [10, 38, 1.0], [11, 12, 1.0], [11, 39, 1.0], [11, 40, 1.0], [12, 13, 1.0], [12, 41, 1.0], [12, 42, 1.0], [13, 14, 1.0], [13, 43, 1.0], [13, 44, 1.0], [14, 15, 1.0], [14, 45, 1.0], [14, 46, 1.0], [15, 47, 1.0], [15, 48, 1.0], [15, 49, 1.0]], "fix_com": true, "fix_orientation": true, "provenance": {"creator": "QCElemental", "version": "v0.22.0", "routine": "qcelemental.molparse.from_schema"}, "id": "233103"}