{"schema_name": "qcschema_molecule", "schema_version": 2, "validated": true, "symbols": ["C", "C", "C", "C", "C", "C", "C", "C", "C", "C", "C", "C", "C", "C", "C", "C", "H", "H", "H", "H", "H", "H", "H", "H", "H", "H", "H", "H", "H", "H", "H", "H", "H", "H", "H", "H", "H", "H", "H", "H", "H", "H", "H", "H", "H", "H", "H", "H", "H", "H"], "geometry": [4.145426411619112, 2.6164922510379514, -4.440892098500626e-16, 2.910759543414634, -2.957468403698795e-16, 9.479503879093556e-16, -0.0, 0.0, -0.0, -1.349123346874264, 0.004036049190838442, 2.5737350678173048, -1.0527457844356023, 2.387743099980386, 4.2272458609639125, 1.011563065372334, 2.255382625551112, 6.266216399271286, 0.3019530605572833, 0.5885457092646815, 8.526272877224951, 2.2437863608060624, 0.598510051141699, 10.681078493524481, 4.887894691286741, -0.4096567774461537, 10.046034670144092, 4.957905574570315, -3.1755822395513995, 9.198517516757828, 7.655593882139555, -4.14955179037845, 8.810099048925018, 7.849073971180832, -6.95019722929642, 8.092308134450764, 6.786856645165528, -7.613536436454913, 5.482757979968711, 7.192230957873157, -10.394680324910924, 4.792868756998431, 6.309747115079398, -11.124521966309363, 2.131663559908514, 3.4533037647804825, -10.9502364055587, 1.7214155427499573, 3.559868384697718, 3.69132959933763, -1.6484164781150545, 3.6625755852456625, 3.715312331345376, 1.6582243953889853, 6.190479978460419, 2.4536733456793995, -0.06137404063156349, 3.552612629051921, -0.9875646133112442, -1.6829126389435625, 3.6044209503841262, -1.1014977722873895, 1.5907336921342203, -0.6765384916610482, 1.5884532204750599, -1.1194035169803187, -0.6325884797258615, -1.6869303133241211, -0.9879861753489636, -0.7605465780232796, -1.658365974076847, 3.6288338966712566, -3.3476288300477917, -0.2706268177302824, 2.1869906108364514, -2.839428381982056, 2.770381708699552, 5.167567005571559, -0.7114027102221829, 4.009475610828605, 3.0147573600002078, 1.3798765812341487, 4.158402731616837, 6.9553972193605516, 2.7678570704491423, 1.59758515084478, 5.437686353221556, -0.035868770185655485, -1.3385410953808972, 7.906152359014161, -1.4886898326545714, 1.2534285208577822, 9.288281857324382, 1.4828938166249137, -0.5022990912577816, 12.242936732603356, 2.434664857879794, 2.522438274466409, 11.382676254743254, 6.060716528165603, -0.20370616203319258, 11.722540898707003, 5.762287304551535, 0.7644539341999699, 8.604209589086754, 4.013718315876923, -4.342435423111268, 10.607675051940994, 3.8885844394261473, -3.390716431733641, 7.461000607265051, 8.717059650052168, -3.849312093119331, 10.545321521307951, 8.587869169620427, -3.01517352259475, 7.368116755203673, 6.898771814205714, -8.084242907865939, 9.522571253678086, 9.829671909345354, -7.499458503531503, 8.152857875589898, 4.784909085809749, -7.172177238073622, 5.417717024209828, 7.690769695498025, -6.426710871651675, 4.063748826652081, 6.2344542732650945, -11.584356143678676, 6.172361748122819, 9.195387716157393, -10.829120531811165, 4.956370868363178, 6.9119081289932325, -13.05221687254074, 1.7527408773167465, 7.2707298672644605, -9.94308549213703, 0.749858909489074, 2.7698520103230706, -9.024118657720786, 1.8835933073513242, 2.943431618908775, -11.627033533405932, -0.14722548446029737, 2.440115420927499, -12.09205900600303, 3.0953308521817684], "name": "C16H34", "identifiers": {"molecule_hash": "b0edea3af91169ff5998c14e64fba4f1a573f167", "molecular_formula": "C16H34"}, "molecular_charge": 0.0, "molecular_multiplicity": 1, "connectivity": [[0, 1, 1.0], [0, 16, 1.0], [0, 17, 1.0], [0, 18, 1.0], [1, 2, 1.0], [1, 19, 1.0], [1, 20, 1.0], [2, 3, 1.0], [2, 21, 1.0], [2, 22, 1.0], [3, 4, 1.0], [3, 23, 1.0], [3, 24, 1.0], [4, 5, 1.0], [4, 25, 1.0], [4, 26, 1.0], [5, 6, 1.0], [5, 27, 1.0], [5, 28, 1.0], [6, 7, 1.0], [6, 29, 1.0], [6, 30, 1.0], [7, 8, 1.0], [7, 31, 1.0], [7, 32, 1.0], [8, 9, 1.0], [8, 33, 1.0], [8, 34, 1.0], [9, 10, 1.0], [9, 35, 1.0], [9, 36, 1.0], [10, 11, 1.0], [10, 37, 1.0], [10, 38, 1.0], [11, 12, 1.0], [11, 39, 1.0], [11, 40, 1.0], [12, 13, 1.0], [12, 41, 1.0], [12, 42, 1.0], [13, 14, 1.0], [13, 43, 1.0], [13, 44, 1.0], [14, 15, 1.0], [14, 45, 1.0], [14, 46, 1.0], [15, 47, 1.0], [15, 48, 1.0], [15, 49, 1.0]], "fix_com": true, "fix_orientation": true, "provenance": {"creator": "QCElemental", "version": "v0.22.0", "routine": "qcelemental.molparse.from_schema"}, "id": "233103"}