{"schema_name": "qcschema_molecule", "schema_version": 2, "validated": true, "symbols": ["C", "C", "C", "C", "C", "C", "C", "C", "C", "C", "C", "C", "C", "C", "C", "C", "H", "H", "H", "H", "H", "H", "H", "H", "H", "H", "H", "H", "H", "H", "H", "H", "H", "H", "H", "H", "H", "H", "H", "H", "H", "H", "H", "H", "H", "H", "H", "H", "H", "H"], "geometry": [7.249726631582256, 1.6518037772191447, 9.26936478962137e-14, 4.879799579470496, 8.880294310524709e-16, -1.1220778248283398e-16, 2.442262675172901, 1.5493458297238112, 0.17643330428481152, -0.0, 0.0, 0.0, -0.4355535848932673, -1.8057333584491393, 2.2219658466594696, -3.0541877736609453, -3.051577763748361, 2.2523814265578044, -3.693273523320258, -4.742677311345868, -0.018419005116258692, -1.927066217853, -6.997887574384115, -0.47239691368744036, -1.864037681739048, -8.918218106713143, 1.6943565817848418, -0.49548359675219755, -11.394471068684181, 1.054223330189367, 2.3169806359447054, -11.18523646235892, 0.3730830940072863, 3.995766980519467, -10.193394036296343, 2.5130729914258234, 6.8108192935056024, -10.007374638255632, 1.844114753483361, 8.114515454128682, -12.554722035004797, 1.3963306574638812, 10.994069925625492, -12.386336112519167, 1.1204712866614241, 11.89143179908725, -10.944938537831332, -1.2193327532314537, 7.249691222631078, 2.949187497049843, -1.5910764006395997, 8.951566869670062, 0.512382855017805, -0.12244647593539104, 7.370712995166152, 2.772146551488741, 1.7162732026855996, 4.83958614472881, -1.1327695266710442, -1.7164257623861996, 4.9882921328309235, -1.3245923132745059, 1.56467870603579, 2.441344352656701, 2.940668772639895, -1.3381495320612071, 2.4443961199594066, 2.619078326592955, 1.9344563983015486, -1.5889428006783912, 1.3018406696437645, -0.10831594106916648, 0.0029027695291872213, -1.0462585528190989, -1.7689157343250315, 1.0189145653784477, -3.2532486250324957, 2.2471071993428353, -0.2139299883591499, -0.7532256183091623, 3.97554514120617, -4.4811662778448715, -1.5748009309363935, 2.3660649508177527, -3.2384392267638367, -4.140500638546269, 3.9839949359768942, -5.607166446587536, -5.451110837620397, 0.2365005690544904, -3.743792691104024, -3.5997063299090586, -1.7240296528622976, -0.029573600645018905, -6.322090742406098, -0.8687396756377366, -2.5510724895071144, -7.9560055092617405, -2.1825486467385296, -3.7987629595208916, -9.385166224007106, 2.2147319091048288, -1.0246056142942987, -8.07039211318013, 3.36378664350161, -1.475445314427493, -12.292071483082609, -0.5154026035579371, -0.6879669742414909, -12.676629240928902, 2.6509770636594117, 2.9583295260900595, -13.05397363841129, -0.18454119628913357, 2.5529032841721655, -9.990671256484422, -1.282877978581049, 3.3526477838196906, -8.325578724823789, 3.0736495008729734, 3.768952836034667, -11.39678381814109, 4.167511698309971, 7.7779524270048, -9.041292889777734, 3.3814327962155053, 7.023475257033043, -8.806749152853836, 0.19000384823597058, 7.3412541378431815, -13.460886920370683, -0.2776299940910165, 7.683774054485033, -13.799790938978182, 2.976155912982268, 11.788677841776675, -11.51452377879386, 2.8048397625770205, 11.754160302660727, -14.294147168412163, 1.0505571669214622, 11.346131488771672, -8.969490753242622, -1.159018137426056, 13.935901806817984, -11.013852285464427, -1.378209926672024, 11.105531836734787, -11.75917675818094, -2.9332421543752503], "name": "C16H34", "identifiers": {"molecule_hash": "0ea835bdab250fc2ba6f595e1ca9cec689337910", "molecular_formula": "C16H34"}, "molecular_charge": 0.0, "molecular_multiplicity": 1, "connectivity": [[0, 1, 1.0], [0, 16, 1.0], [0, 17, 1.0], [0, 18, 1.0], [1, 2, 1.0], [1, 19, 1.0], [1, 20, 1.0], [2, 3, 1.0], [2, 21, 1.0], [2, 22, 1.0], [3, 4, 1.0], [3, 23, 1.0], [3, 24, 1.0], [4, 5, 1.0], [4, 25, 1.0], [4, 26, 1.0], [5, 6, 1.0], [5, 27, 1.0], [5, 28, 1.0], [6, 7, 1.0], [6, 29, 1.0], [6, 30, 1.0], [7, 8, 1.0], [7, 31, 1.0], [7, 32, 1.0], [8, 9, 1.0], [8, 33, 1.0], [8, 34, 1.0], [9, 10, 1.0], [9, 35, 1.0], [9, 36, 1.0], [10, 11, 1.0], [10, 37, 1.0], [10, 38, 1.0], [11, 12, 1.0], [11, 39, 1.0], [11, 40, 1.0], [12, 13, 1.0], [12, 41, 1.0], [12, 42, 1.0], [13, 14, 1.0], [13, 43, 1.0], [13, 44, 1.0], [14, 15, 1.0], [14, 45, 1.0], [14, 46, 1.0], [15, 47, 1.0], [15, 48, 1.0], [15, 49, 1.0]], "fix_com": true, "fix_orientation": true, "provenance": {"creator": "QCElemental", "version": "v0.22.0", "routine": "qcelemental.molparse.from_schema"}, "id": "233634"}