{"schema_name": "qcschema_molecule", "schema_version": 2, "validated": true, "symbols": ["C", "C", "C", "C", "C", "C", "C", "C", "C", "C", "C", "C", "C", "C", "C", "C", "H", "H", "H", "H", "H", "H", "H", "H", "H", "H", "H", "H", "H", "H", "H", "H", "H", "H", "H", "H", "H", "H", "H", "H", "H", "H", "H", "H", "H", "H", "H", "H", "H", "H"], "geometry": [10.663602384519667, 2.818563267162677, 0.0, 11.348458400893096, -1.975126639530077e-15, -2.0779625579803548e-16, 9.085887868616114, -1.7618246266877908, 0.45679655341399394, 7.077059326690901, -1.6601070085882519, -1.6307995901840768, 4.89915284646887, -3.5539229922981197, -1.2957492236637638, 3.4257642064208103, -3.3206718370328963, 1.2000729655411722, 2.2148226905718094, -0.7348850984602755, 1.754850656400991, 0.0, 0.0, 0.0, 0.6779462650525889, 1.4365623746318965, -2.4485507227098227, 0.7456873698531241, 4.34555621113924, -2.321661651939169, 2.7162460439430482, 5.584631493482812, -0.5686134181326161, 2.0546291959505387, 5.8795251943082825, 2.252155739690867, -0.23578573837949923, 7.59965223728344, 2.8251256119681076, -2.7949765381404723, 6.256554679701708, 3.155088287191004, -2.953648896481627, 4.547556510037863, 5.491751438687151, -5.521299983306275, 3.2300052015588077, 5.738714554314212, 12.356295342336047, 3.9981054350037635, -0.16862125344858003, 9.699823959215, 3.3469224164047326, 1.7573305076824435, 9.40931300131575, 3.3080654821917896, -1.5703716425965784, 12.249792769240766, -0.49149501937898876, -1.8038085591177193, 12.769458044055003, -0.3467355044261478, 1.469750762382959, 9.76986760798197, -3.7133345391860177, 0.6399131694028473, 8.227492868808481, -1.2775253429184878, 2.2816596486329055, 6.312657066701238, 0.2581108664384416, -1.7537420131228962, 7.991764313784199, -2.022502157779437, -3.458870366331773, 5.665482905573463, -5.479413732758114, -1.4131358831423284, 3.5939441271379136, -3.366822379080297, -2.8949993017894244, 4.691954901243936, -3.795672349099951, 2.7707259709074705, 1.9372227381249307, -4.766691855901642, 1.2214821052622142, 1.5151093255856558, -0.7913093935162534, 3.7060655235351443, 3.6747675817559378, 0.7288948417955209, 1.7268261007079873, -1.0034068075903892, -1.7433943964636012, -0.5072586142893349, -1.371688712152119, 1.1292359544340176, 1.063355938174894, 2.493674369532463, 0.7652308552760122, -3.17663877358512, -0.718524806920954, 0.9387661973517332, -3.8988413103001314, -1.1437201497204625, 5.057846049340981, -1.863565423999403, 1.12531956063394, 5.0071422477594885, -4.250676920202607, 4.506984607944373, 4.548033142483512, -0.7307641496283939, 3.109951288465346, 7.4866317805137506, -1.2996860076233347, 1.776590724961192, 4.034407273712189, 3.132193451103484, 3.7287055222683074, 6.680872531477825, 3.1759454681936616, 0.14105514121702856, 8.662559746744005, 4.566329597911065, -0.40592845996419546, 9.02298686136721, 1.3250458161696983, -4.283728889418853, 7.6966252695513795, 3.292523196863855, -3.2453638663364446, 5.137549267343083, 1.4718266985721729, -1.4609223259169333, 3.1119650126223943, 5.424930569772508, -2.583402538530844, 5.682012437801534, 7.189859431241125, -5.60350836143777, 2.037912073936284, 7.429173955314408, -7.062172008003852, 4.609333268906406, 5.862338915645974, -5.8961045309121705, 2.0219468484477208, 4.097608444026875], "name": "C16H34", "identifiers": {"molecule_hash": "cb437d5b546ffb60510c937ff2ddafd4d8d8b5bc", "molecular_formula": "C16H34"}, "molecular_charge": 0.0, "molecular_multiplicity": 1, "connectivity": [[0, 1, 1.0], [0, 16, 1.0], [0, 17, 1.0], [0, 18, 1.0], [1, 2, 1.0], [1, 19, 1.0], [1, 20, 1.0], [2, 3, 1.0], [2, 21, 1.0], [2, 22, 1.0], [3, 4, 1.0], [3, 23, 1.0], [3, 24, 1.0], [4, 5, 1.0], [4, 25, 1.0], [4, 26, 1.0], [5, 6, 1.0], [5, 27, 1.0], [5, 28, 1.0], [6, 7, 1.0], [6, 29, 1.0], [6, 30, 1.0], [7, 8, 1.0], [7, 31, 1.0], [7, 32, 1.0], [8, 9, 1.0], [8, 33, 1.0], [8, 34, 1.0], [9, 10, 1.0], [9, 35, 1.0], [9, 36, 1.0], [10, 11, 1.0], [10, 37, 1.0], [10, 38, 1.0], [11, 12, 1.0], [11, 39, 1.0], [11, 40, 1.0], [12, 13, 1.0], [12, 41, 1.0], [12, 42, 1.0], [13, 14, 1.0], [13, 43, 1.0], [13, 44, 1.0], [14, 15, 1.0], [14, 45, 1.0], [14, 46, 1.0], [15, 47, 1.0], [15, 48, 1.0], [15, 49, 1.0]], "fix_com": true, "fix_orientation": true, "provenance": {"creator": "QCElemental", "version": "v0.22.0", "routine": "qcelemental.molparse.from_schema"}, "id": "251351"}