{"schema_name": "qcschema_molecule", "schema_version": 2, "validated": true, "symbols": ["C", "C", "C", "C", "C", "C", "C", "C", "C", "C", "C", "C", "C", "C", "C", "C", "H", "H", "H", "H", "H", "H", "H", "H", "H", "H", "H", "H", "H", "H", "H", "H", "H", "H", "H", "H", "H", "H", "H", "H", "H", "H", "H", "H", "H", "H", "H", "H", "H", "H"], "geometry": [11.215458949675217, 2.8298976764386694, 4.440892098500626e-16, 10.624684839338101, 2.8467057465354058e-15, 4.781314715005021e-16, 8.530360539017359, -0.7915742825841718, -1.8382783499085829, 5.904857028482324, 0.24829541810430894, -1.204631321256579, 3.8562741747327296, -0.7570835198819281, -2.984327098271472, 1.2314214973587039, 0.4119150554932639, -2.594235246022131, 0.0, -0.0, 0.0, -0.5005449100811483, -2.773198223463029, 0.6616961930542665, -1.8169001584354327, -3.1743564711650776, 3.2141149697662605, -4.537794546820925, -2.1987663826969595, 3.4967988556721177, -6.525600349865219, -3.4724362773603987, 1.7865908518566813, -7.110096944575351, -2.0541920453038065, -0.6731191178874594, -9.114246190735312, -3.3598742039854432, -2.320315225326865, -11.862544087552191, -3.1738130045738866, -1.3580147625682915, -13.468391232325152, -1.11806337103366, -2.6248415417492503, -12.572642772259446, 1.5938347992757893, -2.1843668941662395, 9.62389721178507, 3.9462730033530224, 0.651030977790927, 11.706856637973074, 3.480207408893362, -1.8850940280245618, 12.801691957510215, 3.2431306344926574, 1.234094960315937, 10.117245424981535, -0.5909929728200654, 1.9031829634092277, 12.33659216713498, -1.0298233034266944, -0.4807594044883674, 8.434237120450215, -2.845634416993514, -1.870235740961569, 9.04959916733474, -0.2139918937503511, -3.743928693045498, 5.448411770434424, -0.23961972040518936, 0.7393070203470034, 5.920117910558981, 2.3012082064024297, -1.2975612461359147, 4.430219768156497, -0.38421401226121654, -4.923699650834833, 3.751461881257656, -2.801939809846213, -2.815765963024514, 1.3614258925758977, 2.4360059162365264, -2.935180345239222, -0.02949017813971011, -0.32628988563483385, -4.042220760184261, 1.1603419177858563, 0.843987737271952, 1.4715544564664422, -1.7694555050904794, 1.040218302218086, 0.017848997400931432, -1.588207278357292, -3.6576387297557793, -0.8407342965391181, 1.2859222410273492, -3.784318408966424, 0.7258791849999615, -1.8195591767051726, -5.188641365983259, 3.6288630874848264, -0.667842095500645, -2.299448542440457, 4.679334565467034, -4.597944771214593, -0.1630494314590497, 3.2283054980241026, -5.070008385646854, -2.5088926527853896, 5.456282755000411, -5.920401734994233, -5.386993232838594, 1.3379498274298394, -8.267939594337225, -3.6751324187119896, 2.852550354833323, -7.713258004027412, -0.1451710981718459, -0.21447832644148812, -5.391375270743273, -1.8586024040445017, -1.7762140900969154, -9.023110067420074, -2.586802447332323, -4.222750845470621, -8.59257897054161, -5.338966209388902, -2.50383694388103, -12.80405416741104, -4.971699285337924, -1.6714791551797106, -11.884045625950602, -2.8806968419747307, 0.675605470461279, -13.545245853918134, -1.4828634331884043, -4.647144947615047, -15.398172595420446, -1.293276716198883, -1.9397871014680403, -12.46556338060284, 2.024530785761896, -0.17946953607156352, -10.720490386990084, 1.9289305872898133, -2.997528179238552, -13.870317599596298, 2.93318778771786, -3.0403008509828497], "name": "C16H34", "identifiers": {"molecule_hash": "b691c0f71971a6777a36f20f32db7c30695e48f9", "molecular_formula": "C16H34"}, "molecular_charge": 0.0, "molecular_multiplicity": 1, "connectivity": [[0, 1, 1.0], [0, 16, 1.0], [0, 17, 1.0], [0, 18, 1.0], [1, 2, 1.0], [1, 19, 1.0], [1, 20, 1.0], [2, 3, 1.0], [2, 21, 1.0], [2, 22, 1.0], [3, 4, 1.0], [3, 23, 1.0], [3, 24, 1.0], [4, 5, 1.0], [4, 25, 1.0], [4, 26, 1.0], [5, 6, 1.0], [5, 27, 1.0], [5, 28, 1.0], [6, 7, 1.0], [6, 29, 1.0], [6, 30, 1.0], [7, 8, 1.0], [7, 31, 1.0], [7, 32, 1.0], [8, 9, 1.0], [8, 33, 1.0], [8, 34, 1.0], [9, 10, 1.0], [9, 35, 1.0], [9, 36, 1.0], [10, 11, 1.0], [10, 37, 1.0], [10, 38, 1.0], [11, 12, 1.0], [11, 39, 1.0], [11, 40, 1.0], [12, 13, 1.0], [12, 41, 1.0], [12, 42, 1.0], [13, 14, 1.0], [13, 43, 1.0], [13, 44, 1.0], [14, 15, 1.0], [14, 45, 1.0], [14, 46, 1.0], [15, 47, 1.0], [15, 48, 1.0], [15, 49, 1.0]], "fix_com": true, "fix_orientation": true, "provenance": {"creator": "QCElemental", "version": "v0.22.0", "routine": "qcelemental.molparse.from_schema"}, "id": "234626"}