{"schema_name": "qcschema_molecule", "schema_version": 2, "validated": true, "symbols": ["C", "C", "C", "C", "C", "C", "C", "C", "C", "C", "C", "C", "C", "C", "C", "C", "H", "H", "H", "H", "H", "H", "H", "H", "H", "H", "H", "H", "H", "H", "H", "H", "H", "H", "H", "H", "H", "H", "H", "H", "H", "H", "H", "H", "H", "H", "H", "H", "H", "H"], "geometry": [0.0, 0.0, 0.0, 2.8931702292093866, 3.9991813247915725e-17, -7.07053639728792e-16, 4.135343376603524, 0.7706494775679076, 2.5170670182171593, 4.707434707201261, 3.589318979202065, 2.931887514455224, 2.425205159387215, 5.3897226812074415, 3.164205631361854, 1.663959393522585, 6.776280009912076, 0.7281730296012356, 3.4742219852713667, 8.916948208359827, 2.6645352591003757e-15, 2.6365288422157906, 10.464473280801453, -2.3059573817272323, 2.419904099396703, 9.031246838703481, -4.817913902383104, 4.891442880057046, 7.856767338440326, -5.758990132099804, 4.62102581862259, 6.649447565696062, -8.375526272899986, 7.071273495605747, 5.5619833726385375, -9.475517712205592, 8.124480252622732, 3.265122399707659, -8.063688488043248, 10.466665006092008, 2.1506729783031924, -9.34712522953745, 11.503312809027076, -0.2514743500058403, -8.102734133017847, 12.564688014448114, 0.13429468219862528, -5.441416332971209, -0.7221609280392077, -1.2868794432771915, 1.427534695199152, -0.7876806849431652, 1.8506922722847712, 0.38046798387302017, -0.7254828828591954, -0.6204728295763129, -1.8169229247526806, 3.5123803956041058, -1.9024965215624583, -0.4653385376248712, 3.5933086477295184, 1.1997717675964663, -1.5150086038549504, 2.987510508608806, 0.07786153405739205, 4.07798878776296, 5.930908697140692, -0.21732203214206902, 2.664973154195395, 5.9596824109544535, 4.234669518129617, 1.4356806407925895, 5.808697860257067, 3.7143261811863595, 4.661230684250925, 2.8416296201268474, 6.809690552025279, 4.590085282172845, 0.8128923112808766, 4.342592575270713, 3.8857495434676292, -0.2142508138739614, 7.575503750673045, 0.9844510073349313, 1.5093483654341102, 5.436874303083295, -0.8164356489040512, 5.3611849638372675, 8.172679357578472, -0.31268385687455735, 3.6370837221632115, 10.202726688544214, 1.5966773513974415, 3.9567786384291512, 12.021826834892765, -2.554412154104506, 0.8151307817525677, 11.325159578911066, -1.8913466856702268, 1.7331444910038993, 10.349516085827595, -6.238873889091426, 0.9849262586983962, 7.567775180053897, -4.672837127072732, 6.349642261476014, 9.308388169382997, -5.83118720703286, 5.542338670701918, 6.451610378388324, -4.4134181314906, 3.896515578767053, 8.065122969805639, -9.678905934958191, 3.1972791910257814, 5.165536693427247, -8.296670296319343, 8.502412346855477, 7.039502844522635, -9.535218461803593, 6.7227835327700545, 5.026877899861743, -11.430086536779193, 8.579664461154529, 3.788105286226248, -6.133372831202551, 6.665405585668842, 1.817239762155658, -7.945630514330499, 11.951303779611784, 3.5746755447365643, -9.408199339057829, 10.004707450713438, 1.7223816726480683, -11.30448825324587, 12.989685953579668, -1.0140576779245016, -9.29912432050018, 10.024757243365347, -1.679565505549907, -8.047117812299394, 11.114432207790527, 0.7109546719654822, -4.111920617296939, 13.394351150696092, -1.6020380242504861, -4.729622079806894, 14.029696890433643, 1.5736131671830473, -5.4334137982550565], "name": "C16H34", "identifiers": {"molecule_hash": "b0edea3af91169ff5998c14e64fba4f1a573f167", "molecular_formula": "C16H34"}, "molecular_charge": 0.0, "molecular_multiplicity": 1, "connectivity": [[0, 1, 1.0], [0, 16, 1.0], [0, 17, 1.0], [0, 18, 1.0], [1, 2, 1.0], [1, 19, 1.0], [1, 20, 1.0], [2, 3, 1.0], [2, 21, 1.0], [2, 22, 1.0], [3, 4, 1.0], [3, 23, 1.0], [3, 24, 1.0], [4, 5, 1.0], [4, 25, 1.0], [4, 26, 1.0], [5, 6, 1.0], [5, 27, 1.0], [5, 28, 1.0], [6, 7, 1.0], [6, 29, 1.0], [6, 30, 1.0], [7, 8, 1.0], [7, 31, 1.0], [7, 32, 1.0], [8, 9, 1.0], [8, 33, 1.0], [8, 34, 1.0], [9, 10, 1.0], [9, 35, 1.0], [9, 36, 1.0], [10, 11, 1.0], [10, 37, 1.0], [10, 38, 1.0], [11, 12, 1.0], [11, 39, 1.0], [11, 40, 1.0], [12, 13, 1.0], [12, 41, 1.0], [12, 42, 1.0], [13, 14, 1.0], [13, 43, 1.0], [13, 44, 1.0], [14, 15, 1.0], [14, 45, 1.0], [14, 46, 1.0], [15, 47, 1.0], [15, 48, 1.0], [15, 49, 1.0]], "fix_com": true, "fix_orientation": true, "provenance": {"creator": "QCElemental", "version": "v0.22.0", "routine": "qcelemental.molparse.from_schema"}, "id": "233103"}