{"schema_name": "qcschema_molecule", "schema_version": 2, "validated": true, "symbols": ["C", "C", "C", "C", "C", "C", "C", "C", "C", "C", "C", "C", "C", "C", "C", "C", "H", "H", "H", "H", "H", "H", "H", "H", "H", "H", "H", "H", "H", "H", "H", "H", "H", "H", "H", "H", "H", "H", "H", "H", "H", "H", "H", "H", "H", "H", "H", "H", "H", "H"], "geometry": [8.615439241352412, 1.2780025905895265, 0.0, 6.015860666640652, 1.6540411616250276e-15, -2.679047301822069e-15, 4.2861531643728386, 0.9753508618687109, 2.1132761492170067, 1.7318675819646967, -0.3889986795324166, 2.296894123259951, 0.0, 0.0, -0.0, -2.666266609473666, -1.0966548608681697, 0.34422582238386107, -2.714318872897365, -3.985441776817942, 0.5807480092455874, -5.3721435593377915, -5.146497196078601, 0.7493642302016479, -7.001633309712791, -4.210607552735105, 2.973972977595055, -5.927586906029264, -4.611234742306591, 5.655723365747039, -6.5685525550545485, -7.152348867679269, 6.919398195179104, -5.497241538859052, -9.559021950199334, 5.688706110996341, -2.6148100823744, -9.608842495338877, 5.338923690698049, -1.10029361235547, -9.238993875975913, 7.782808058832123, 1.7756684936040972, -9.427204917901118, 7.425200616681276, 2.8940328197772485, -7.330981295314773, 5.761201753158963, 9.816821049933834, 0.5560320744518532, -1.523625485123591, 8.438436199525935, 3.3265689246954384, -0.25436064201264275, 9.605409767760156, 0.9558657762896701, 1.7912869337778798, 5.112276858157847, 0.29215354705355623, -1.8414187105840445, 6.250719577679028, -2.051807201957462, 0.2114915556776661, 5.279945188485546, 0.7794259638231895, 3.925066608606711, 3.9653623981463877, 3.0107391727613333, 1.8496257956142983, 2.0775746062330427, -2.4111170170176424, 2.58873242499626, 0.735841391127076, 0.2758192951740084, 3.993329044555459, 0.8636827266944994, -0.839580161654037, -1.6880604432317967, -0.1522602423489588, 2.0356184632161307, -0.3783947221508096, -3.848841909601187, -0.532324091400492, -1.2660311210408737, -3.5281315675246114, -0.2385439640358652, 2.0240597266863443, -1.6014336597265713, -4.55408243087529, 2.2285421235828338, -1.7429596452402818, -4.8052718960363565, -1.0608060827071997, -6.392045739097374, -4.726439581699108, -1.009345421075813, -5.189739521617958, -7.2070183145518, 0.8207702737301412, -7.355161685811958, -2.187831591917079, 2.702662267438776, -8.864644855656119, -5.117723849278225, 2.856154005545844, -6.691308737067136, -3.123845295881427, 6.881320319921362, -3.877273367974386, -4.31707185106986, 5.654510480837073, -8.63420748009392, -7.335390097687812, 7.00649104725362, -5.931670831668618, -7.068760299547646, 8.890407873677471, -6.398182000434487, -9.856334895578765, 3.846375324967206, -6.059460724293061, -11.178419738006625, 6.859670126042145, -2.0669467110050728, -8.169480460063468, 3.9620561079870025, -2.083877037655008, -11.42954177444538, 4.49404979935081, -1.5444544381614922, -7.390924473236734, 8.612821302892959, -1.7069113025230014, -10.656280850191157, 9.173122017221077, 2.6842839414813815, -9.36198434332965, 9.287946035771672, 2.2489427459514606, -11.278516786483351, 6.615106505150183, 4.959253301214736, -7.4542292706520366, 5.690367038651181, 2.200871466309263, -7.438026458260847, 3.815287128201196, 2.4010213623189025, -5.457674805274259, 6.497606746416488], "name": "C16H34", "identifiers": {"molecule_hash": "ef740f62de9b7a225d8d2e17f6e87020c5b34dd7", "molecular_formula": "C16H34"}, "molecular_charge": 0.0, "molecular_multiplicity": 1, "connectivity": [[0, 1, 1.0], [0, 16, 1.0], [0, 17, 1.0], [0, 18, 1.0], [1, 2, 1.0], [1, 19, 1.0], [1, 20, 1.0], [2, 3, 1.0], [2, 21, 1.0], [2, 22, 1.0], [3, 4, 1.0], [3, 23, 1.0], [3, 24, 1.0], [4, 5, 1.0], [4, 25, 1.0], [4, 26, 1.0], [5, 6, 1.0], [5, 27, 1.0], [5, 28, 1.0], [6, 7, 1.0], [6, 29, 1.0], [6, 30, 1.0], [7, 8, 1.0], [7, 31, 1.0], [7, 32, 1.0], [8, 9, 1.0], [8, 33, 1.0], [8, 34, 1.0], [9, 10, 1.0], [9, 35, 1.0], [9, 36, 1.0], [10, 11, 1.0], [10, 37, 1.0], [10, 38, 1.0], [11, 12, 1.0], [11, 39, 1.0], [11, 40, 1.0], [12, 13, 1.0], [12, 41, 1.0], [12, 42, 1.0], [13, 14, 1.0], [13, 43, 1.0], [13, 44, 1.0], [14, 15, 1.0], [14, 45, 1.0], [14, 46, 1.0], [15, 47, 1.0], [15, 48, 1.0], [15, 49, 1.0]], "fix_com": true, "fix_orientation": true, "provenance": {"creator": "QCElemental", "version": "v0.22.0", "routine": "qcelemental.molparse.from_schema"}, "id": "244955"}