{"schema_name": "qcschema_molecule", "schema_version": 2, "validated": true, "symbols": ["C", "C", "C", "C", "C", "C", "C", "C", "C", "C", "C", "C", "C", "C", "C", "C", "H", "H", "H", "H", "H", "H", "H", "H", "H", "H", "H", "H", "H", "H", "H", "H", "H", "H", "H", "H", "H", "H", "H", "H", "H", "H", "H", "H", "H", "H", "H", "H", "H", "H"], "geometry": [4.129117283141182, 2.6351396921801213, 3.3306690738754696e-16, 2.91676005961518, -3.55882514513546e-16, -8.137619683202992e-16, -0.0, 0.0, -0.0, -1.327543194439422, -0.06916795794144026, 2.5894340076394937, -0.9025299268611919, 2.2156670489395465, 4.354922277626508, 1.3610449286074378, 1.9859332929079525, 6.168062374938254, 0.9294178824720265, 0.09062962781500294, 8.320288215467379, 3.2054585204670882, -0.23741042312007066, 10.098131598684846, 5.671711093645626, -1.0831475334219682, 8.81088101162401, 5.427039984645048, -3.5049836225637216, 7.240748995760701, 7.937086736697875, -4.356593196012005, 6.06821073366411, 7.729296831218172, -6.705036040860932, 4.372065436945376, 6.191838160668587, -6.273949847013177, 1.9528058328820723, 6.108534801806632, -8.585463033155863, 0.20900460834411083, 4.7123329744503, -8.125871550621213, -2.295924660145481, 1.896210036431731, -7.506073177416863, -1.9897010705579552, 3.5773810916064193, 3.689964230913694, -1.6954080826705427, 3.5646901406758356, 3.7592674364539276, 1.638684314257453, 6.195999093215527, 2.5035876241579222, 0.011768541816529643, 3.5837771699140575, -1.0101337174651095, -1.6828470999303475, 3.6119012891683697, -1.0971279344716163, 1.6128146773847565, -0.6768041211790699, 1.6489064436644993, -1.0657672303403236, -0.6575136780792357, -1.65832091341346, -1.0563168428408563, -0.7881552589412164, -1.8168153098869362, 3.5679396414745277, -3.3599893667347276, -0.24801304466433538, 2.2222406708570612, -2.606991729168131, 2.506014806287035, 5.501456089772113, -0.7031948211770411, 3.928354665468361, 3.2034466183615167, 1.7627651585597066, 3.847073109553446, 6.9950824887656, 3.053522112053159, 1.457667295016045, 5.107403756757553, 0.4030618648414359, -1.7528880170739476, 7.536748890401821, -0.7039006266115648, 0.7106824520234571, 9.440243487807358, 2.7022029053023062, -1.6213389106868097, 11.560462757539748, 3.555655295162749, 1.5507840979100114, 11.091650256097175, 7.11890450096254, -1.3597473714421406, 10.272083316995484, 6.3850195010136845, 0.4367257234884909, 7.593590122419057, 4.668952448822061, -5.032095729554815, 8.428302240997441, 4.0355561158369495, -3.2034505098801773, 5.739792238043409, 9.296025554499941, -4.732924591489779, 7.590424500147877, 8.734397216933937, -2.7910556802192295, 4.95976231846403, 6.889068496891647, -8.26609769608823, 5.454045380109275, 9.638356621901892, -7.328734326598925, 3.84973534192478, 4.260673644170586, -5.722386687331088, 2.448860560379397, 6.998996467301395, -4.6667373564241315, 0.9134372672404995, 5.213209978066374, -10.169134143704765, 1.2115097423242807, 8.050411626119136, -9.189102046190674, -0.2057131622900541, 4.906354825885347, -9.81161031414434, -3.4877659298023276, 5.647347903912092, -6.582248817908887, -3.321331879814161, 1.6065547765519228, -5.72826076897768, -0.9749458638616424, 0.9682435246567458, -7.32676451467335, -3.8316163720396963, 0.9183215581339665, -8.998025197304166, -0.934489990054248], "name": "C16H34", "identifiers": {"molecule_hash": "713aa091a067482444b7c57d166f43624f246632", "molecular_formula": "C16H34"}, "molecular_charge": 0.0, "molecular_multiplicity": 1, "connectivity": [[0, 1, 1.0], [0, 16, 1.0], [0, 17, 1.0], [0, 18, 1.0], [1, 2, 1.0], [1, 19, 1.0], [1, 20, 1.0], [2, 3, 1.0], [2, 21, 1.0], [2, 22, 1.0], [3, 4, 1.0], [3, 23, 1.0], [3, 24, 1.0], [4, 5, 1.0], [4, 25, 1.0], [4, 26, 1.0], [5, 6, 1.0], [5, 27, 1.0], [5, 28, 1.0], [6, 7, 1.0], [6, 29, 1.0], [6, 30, 1.0], [7, 8, 1.0], [7, 31, 1.0], [7, 32, 1.0], [8, 9, 1.0], [8, 33, 1.0], [8, 34, 1.0], [9, 10, 1.0], [9, 35, 1.0], [9, 36, 1.0], [10, 11, 1.0], [10, 37, 1.0], [10, 38, 1.0], [11, 12, 1.0], [11, 39, 1.0], [11, 40, 1.0], [12, 13, 1.0], [12, 41, 1.0], [12, 42, 1.0], [13, 14, 1.0], [13, 43, 1.0], [13, 44, 1.0], [14, 15, 1.0], [14, 45, 1.0], [14, 46, 1.0], [15, 47, 1.0], [15, 48, 1.0], [15, 49, 1.0]], "fix_com": true, "fix_orientation": true, "provenance": {"creator": "QCElemental", "version": "v0.22.0", "routine": "qcelemental.molparse.from_schema"}, "id": "250953"}