{"schema_name": "qcschema_molecule", "schema_version": 2, "validated": true, "symbols": ["C", "C", "C", "C", "C", "C", "C", "C", "C", "C", "C", "C", "C", "C", "C", "C", "H", "H", "H", "H", "H", "H", "H", "H", "H", "H", "H", "H", "H", "H", "H", "H", "H", "H", "H", "H", "H", "H", "H", "H", "H", "H", "H", "H", "H", "H", "H", "H", "H", "H"], "geometry": [10.308553778703875, 2.7702891346617204, 1.3322676295501878e-15, 9.492072659967599, 1.0538866175037663e-15, 6.834067660540783e-16, 6.653850960561314, -0.34348535902166993, 0.4362502551024831, 5.84424629320133, -3.11955480609555, 0.4012566747657469, 3.0783891279209756, -3.6536423922567374, 1.0926141192034884, 1.0651535626979527, -2.5953485720122296, -0.7291707714988254, 0.0, -0.0, 0.0, -2.2276873456947146, 0.8758329030199417, -1.639048822910311, -1.6912697296944699, 1.287127128106144, -4.460619230317954, 0.23211988241773218, 3.377557878643131, -5.019648556406887, 0.7204478674432826, 3.849274569872555, -7.839964280742141, -1.5020130449276907, 5.037679397438832, -9.26617540567245, -1.019777040868406, 5.480246610765016, -12.090298068232846, 0.9886812561462399, 7.474507477098673, -12.691720786957989, 1.251296432936031, 7.988516919862198, -15.52526417600863, 3.2602843871500227, 9.972474936951041, -16.132716475782757, 12.32881823901375, 2.951206021035914, -0.3086332589161433, 9.353839752503502, 3.8247620208150197, -1.4804884624367372, 9.866792079990773, 3.6727197560760994, 1.7903994061563053, 10.531650434208053, -1.0166103986686836, 1.4533956686390883, 10.014193703161915, -0.8639748258556337, -1.7913711282280198, 6.139430438928337, 0.4998238860216631, 2.241454939520125, 5.6324979990187956, 0.7040100301662263, -1.0050649569723795, 7.035089192560802, -4.16185475412414, 1.715216920888658, 6.229707917316182, -3.907794646867548, -1.460118377773009, 2.8647390801120727, -5.694828551917861, 1.1773651119870325, 2.7080336570375145, -2.9731080383306256, 2.998128579619391, 1.8387819896223347, -2.541475760391089, -2.632100177179184, -0.5092224753107142, -3.915552518912474, -0.8015082766252343, 1.4820315407744087, 1.4158246497690687, -0.013502628192931021, -0.6591334817688101, -0.0996425724065525, 1.945288889229848, -3.7445664647817862, -0.5022935354989334, -1.4641805949422264, -2.96186418472153, 2.628949532338678, -0.8527048582629739, -3.476705353777654, 1.7385078593857668, -5.3671906684422215, -1.0514698594010827, -0.4670022346087409, -5.319538709060628, 2.0235729151637845, 2.900495196113195, -4.137036670728514, -0.38961542115298453, 5.130039702380811, -4.1368075345082005, 1.2363900052139973, 2.073607700293746, -8.744739127567557, 2.360895700932133, 5.072184432449686, -8.004526917106995, -1.9975324714382352, 6.8259222443062715, -8.375546387453518, -3.15347578661481, 3.8322357394562303, -9.086688236599176, -0.4962989290504449, 3.6980517225981777, -12.976039128797607, -2.7901101775249413, 6.0525672917289395, -12.966206906110987, 0.511595479523054, 9.229370832290698, -11.727506124990931, 2.813356133023752, 6.8881732407407394, -11.952508916331691, 1.7115617132590826, 6.2344996392870335, -16.494456666537545, -0.5612310350105618, 8.602313175498319, -16.276823713414302, 5.110352853836982, 9.38224312430123, -15.466411219937228, 2.8213536656242804, 11.768555889500988, -15.24021179447041, 3.399164764133751, 10.297101407867135, -18.15382831902988], "name": "C16H34", "identifiers": {"molecule_hash": "9f1ab44572b3bb84c8018e8c3c9adf283bcc2688", "molecular_formula": "C16H34"}, "molecular_charge": 0.0, "molecular_multiplicity": 1, "connectivity": [[0, 1, 1.0], [0, 16, 1.0], [0, 17, 1.0], [0, 18, 1.0], [1, 2, 1.0], [1, 19, 1.0], [1, 20, 1.0], [2, 3, 1.0], [2, 21, 1.0], [2, 22, 1.0], [3, 4, 1.0], [3, 23, 1.0], [3, 24, 1.0], [4, 5, 1.0], [4, 25, 1.0], [4, 26, 1.0], [5, 6, 1.0], [5, 27, 1.0], [5, 28, 1.0], [6, 7, 1.0], [6, 29, 1.0], [6, 30, 1.0], [7, 8, 1.0], [7, 31, 1.0], [7, 32, 1.0], [8, 9, 1.0], [8, 33, 1.0], [8, 34, 1.0], [9, 10, 1.0], [9, 35, 1.0], [9, 36, 1.0], [10, 11, 1.0], [10, 37, 1.0], [10, 38, 1.0], [11, 12, 1.0], [11, 39, 1.0], [11, 40, 1.0], [12, 13, 1.0], [12, 41, 1.0], [12, 42, 1.0], [13, 14, 1.0], [13, 43, 1.0], [13, 44, 1.0], [14, 15, 1.0], [14, 45, 1.0], [14, 46, 1.0], [15, 47, 1.0], [15, 48, 1.0], [15, 49, 1.0]], "fix_com": true, "fix_orientation": true, "provenance": {"creator": "QCElemental", "version": "v0.22.0", "routine": "qcelemental.molparse.from_schema"}, "id": "234856"}