{"schema_name": "qcschema_molecule", "schema_version": 2, "validated": true, "symbols": ["C", "C", "C", "C", "C", "C", "C", "C", "C", "C", "C", "C", "C", "C", "C", "C", "H", "H", "H", "H", "H", "H", "H", "H", "H", "H", "H", "H", "H", "H", "H", "H", "H", "H", "H", "H", "H", "H", "H", "H", "H", "H", "H", "H", "H", "H", "H", "H", "H", "H"], "geometry": [6.16175215285601, 2.8568334527397954, 1.4432899320127035e-15, 6.6640208638520635, 2.8267837158473033e-17, 9.150768498763954e-16, 5.983103464136805, -1.3575025273164179, -2.4901862638085697, 3.2970814775943724, -2.4569115987817223, -2.7113405104749786, 1.0813062855757725, -0.5585815554239852, -2.642496754995985, 0.0, -0.0, 0.0, -1.5279972129916297, -2.200037691528556, 1.111581140293029, -2.5444274584942885, -1.7154375692797361, 3.791269673241667, -0.5251952085571479, -1.0939309598198355, 5.7890478750327174, 1.592691105438298, -3.059308800969543, 5.994756513637127, 3.5177220913667613, -2.4411957806808307, 8.07143933403245, 5.738981481394298, -4.305050130481419, 8.236736015385672, 7.490804927927519, -4.251876110384862, 5.927901106218276, 9.774229564620379, -6.017908645776687, 6.168683959617116, 11.629828442599129, -5.860250997566403, 3.939968772862162, 10.504266316641472, -6.681519149465584, 1.3969194545109147, 7.287833155160397, 3.7936412683835243, -1.4648579767835352, 4.178259319934113, 3.3054770112237613, -0.3633216282709303, 6.672576459552336, 3.7024242519995583, 1.8202965664663178, 8.67836819934807, -0.2945347762259667, 0.3910375837550544, 5.660471048311778, -0.8934288928639227, 1.5756759813919161, 6.320165154726329, -0.06450940918967318, -4.079958033870037, 7.301502534049469, -2.934373630093159, -2.7612198020950722, 3.038132895987302, -3.8855653453082653, -1.229929699190891, 3.2157699905301507, -3.498684894360978, -4.501801567741937, -0.4643311865504933, -1.2858325672492128, -3.819842247479638, 1.6832250150572265, 1.2116166384644242, -3.538611562095305, -1.2263240315181065, 1.6715876912616794, -0.10538875212632653, 1.5342571880006055, 0.5007087895554116, 1.2899171579851612, -0.37626575338930096, -3.9213768753223937, 1.118501944818258, -3.130680646976834, -2.603007429195466, -0.14361441017713483, -3.6029899482535175, -3.391647738864048, 4.405029898173555, -3.9151485064156675, -0.1583864744661596, 3.727453957302724, -1.4573737806916325, -0.8988086159521549, 7.6326744061864975, 0.3150878619766355, 0.7584384305889788, 5.38497769191382, 0.7716360582232185, -4.933977722514962, 6.353275486071828, 2.5672405373380283, -3.2003418593306305, 4.175310486691502, 2.538190534577172, -2.3838436652155726, 9.899745502246418, 4.263265055616827, -0.5277142418906404, 7.758351976295362, 5.0065841048859125, -6.23030506654456, 8.502377233353108, 6.853975139268482, -3.87416860855921, 9.933046075831124, 6.416467655042177, -4.75152766425094, 4.232072002098292, 8.162288681018547, -2.3087950724999473, 5.630463404064561, 9.109267752506838, -7.975543812467409, 6.369002737108858, 10.79130306825422, -5.571813523013148, 7.921914440127881, 13.280627409269796, -7.042605068978781, 4.360381535738902, 12.337188290929873, -3.915258946853046, 3.781438040691051, 8.967609763421713, -5.434752773765372, 0.7981661659489411, 11.939031014673914, -6.657676707406312, -0.09532959326220847, 9.743913583478744, -8.606361330522645, 1.5087381883911304], "name": "C16H34", "identifiers": {"molecule_hash": "713aa091a067482444b7c57d166f43624f246632", "molecular_formula": "C16H34"}, "molecular_charge": 0.0, "molecular_multiplicity": 1, "connectivity": [[0, 1, 1.0], [0, 16, 1.0], [0, 17, 1.0], [0, 18, 1.0], [1, 2, 1.0], [1, 19, 1.0], [1, 20, 1.0], [2, 3, 1.0], [2, 21, 1.0], [2, 22, 1.0], [3, 4, 1.0], [3, 23, 1.0], [3, 24, 1.0], [4, 5, 1.0], [4, 25, 1.0], [4, 26, 1.0], [5, 6, 1.0], [5, 27, 1.0], [5, 28, 1.0], [6, 7, 1.0], [6, 29, 1.0], [6, 30, 1.0], [7, 8, 1.0], [7, 31, 1.0], [7, 32, 1.0], [8, 9, 1.0], [8, 33, 1.0], [8, 34, 1.0], [9, 10, 1.0], [9, 35, 1.0], [9, 36, 1.0], [10, 11, 1.0], [10, 37, 1.0], [10, 38, 1.0], [11, 12, 1.0], [11, 39, 1.0], [11, 40, 1.0], [12, 13, 1.0], [12, 41, 1.0], [12, 42, 1.0], [13, 14, 1.0], [13, 43, 1.0], [13, 44, 1.0], [14, 15, 1.0], [14, 45, 1.0], [14, 46, 1.0], [15, 47, 1.0], [15, 48, 1.0], [15, 49, 1.0]], "fix_com": true, "fix_orientation": true, "provenance": {"creator": "QCElemental", "version": "v0.22.0", "routine": "qcelemental.molparse.from_schema"}, "id": "250953"}