{"schema_name": "qcschema_molecule", "schema_version": 2, "validated": true, "symbols": ["C", "C", "C", "C", "C", "C", "C", "C", "C", "C", "C", "C", "C", "C", "C", "C", "H", "H", "H", "H", "H", "H", "H", "H", "H", "H", "H", "H", "H", "H", "H", "H", "H", "H", "H", "H", "H", "H", "H", "H", "H", "H", "H", "H", "H", "H", "H", "H", "H", "H"], "geometry": [0.0, -0.0, 0.0, 2.896773418456499, 6.074052355419966e-16, -6.849989719944816e-16, 4.025953992721427, 2.535542392906703, -0.830974129626141, 6.922437784065772, 2.563891583654808, -0.7773426539779626, 8.174704283506308, 4.988285091659494, -1.7772946422359428, 7.5175951102522856, 7.423507489608458, -0.31065907373467416, 5.2999807633416145, 8.934949032965115, -1.4167465760112616, 4.723365430945986, 11.4055837700373, -8.881784197001252e-16, 4.013877788810148, 11.11660842229816, 2.8041705403372426, 1.6747032214756863, 9.469278570066173, 3.2754148864853407, 0.9557360686438792, 9.175505773662955, 6.074225892413274, 0.03311570773407535, 11.61700935279795, 7.340005235237069, -0.650743474060179, 11.322532558647703, 10.146870270993755, -2.925074889591984, 9.601932216404762, 10.668226746676897, -3.6614828168600804, 9.507301524315654, 13.469300588967203, -5.930265927793518, 7.783022325409936, 13.989327628899696, -0.7604750845655988, -1.829967278003665, 0.5987797272086178, -0.7447145996736626, 1.443894866806785, 1.2858753151882243, -0.7456649051050207, 0.405151398412959, -1.8899633465107795, 3.592013771202885, -1.5031658954271891, -1.250213462128678, 3.5894336606007125, -0.464868342241051, 1.9002405623576322, 3.362687951933837, 2.988952395947097, -2.746071795637296, 3.2856748054344767, 4.026297298133672, 0.40386334848914696, 7.624148011354854, 0.9554713698125223, -1.8866122035712858, 7.560830790391974, 2.2350256513115383, 1.1715652165144381, 10.226435976794814, 4.698736398819457, -1.7235864266538614, 7.689299418207262, 5.23812312748361, -3.780355533746306, 7.1310730031506315, 6.933953295945992, 1.6670878671049563, 9.176261025797535, 8.669211239411831, -0.2666141318600661, 3.602148549448134, 7.756668969492226, -1.4959650889873712, 5.747709811199225, 9.403787001554445, -3.388040413548965, 6.375241920538702, 12.655285991866894, -0.13633584197786686, 3.178177006266828, 12.384884274680044, -0.9805982417093881, 3.6981278982826433, 13.010747519562871, 3.581234283973866, 5.6166540157082885, 10.331336033223797, 3.861215029242025, 2.001953442350061, 7.580894065634588, 2.4893107438575375, 0.060351159649019825, 10.2527168655073, 2.2282355227038817, 2.5905364566760873, 8.440019264678549, 7.125048529022184, -0.5202344210112024, 7.729114411361154, 6.221194082200105, -1.6179777725008884, 12.335794859468745, 6.303892149028361, 1.4961396190148872, 13.07429211449541, 7.174795017969024, 1.0014117438310577, 10.60461994634969, 11.180721589034858, -1.0475430556085734, 13.200832594040019, 10.935337639996924, -4.550219328852947, 10.262442169850758, 9.554999560303026, -2.5251438121005276, 7.675072032309709, 10.015426957062058, -2.032197146258079, 8.862556621434226, 14.581233923087153, -4.08509656732104, 11.428278177901788, 14.130179095001651, -5.5355796021669015, 5.834352471670802, 13.40700438982295, -7.60402337886039, 8.418098366302837, 12.946525469571597, -6.415560722867891, 7.7530530816394325, 16.001678341407125], "name": "C16H34", "identifiers": {"molecule_hash": "e217c0b8441483391881fcb5b037c28d5288056d", "molecular_formula": "C16H34"}, "molecular_charge": 0.0, "molecular_multiplicity": 1, "connectivity": [[0, 1, 1.0], [0, 16, 1.0], [0, 17, 1.0], [0, 18, 1.0], [1, 2, 1.0], [1, 19, 1.0], [1, 20, 1.0], [2, 3, 1.0], [2, 21, 1.0], [2, 22, 1.0], [3, 4, 1.0], [3, 23, 1.0], [3, 24, 1.0], [4, 5, 1.0], [4, 25, 1.0], [4, 26, 1.0], [5, 6, 1.0], [5, 27, 1.0], [5, 28, 1.0], [6, 7, 1.0], [6, 29, 1.0], [6, 30, 1.0], [7, 8, 1.0], [7, 31, 1.0], [7, 32, 1.0], [8, 9, 1.0], [8, 33, 1.0], [8, 34, 1.0], [9, 10, 1.0], [9, 35, 1.0], [9, 36, 1.0], [10, 11, 1.0], [10, 37, 1.0], [10, 38, 1.0], [11, 12, 1.0], [11, 39, 1.0], [11, 40, 1.0], [12, 13, 1.0], [12, 41, 1.0], [12, 42, 1.0], [13, 14, 1.0], [13, 43, 1.0], [13, 44, 1.0], [14, 15, 1.0], [14, 45, 1.0], [14, 46, 1.0], [15, 47, 1.0], [15, 48, 1.0], [15, 49, 1.0]], "fix_com": true, "fix_orientation": true, "provenance": {"creator": "QCElemental", "version": "v0.22.0", "routine": "qcelemental.molparse.from_schema"}, "id": "247214"}