{"schema_name": "qcschema_molecule", "schema_version": 2, "validated": true, "symbols": ["C", "C", "C", "C", "C", "C", "C", "C", "C", "C", "C", "C", "C", "C", "C", "C", "H", "H", "H", "H", "H", "H", "H", "H", "H", "H", "H", "H", "H", "H", "H", "H", "H", "H", "H", "H", "H", "H", "H", "H", "H", "H", "H", "H", "H", "H", "H", "H", "H", "H"], "geometry": [10.437915628536246, 2.410834481690224, 8.604228440844963e-16, 8.847626218154902, 3.4006881653581534e-16, 1.7991698216703254e-15, 6.079558564966488, 0.47001173175701433, 0.693317626562819, 4.491239070295666, -1.9464354869976013, 0.6576824631054193, 1.757208519850868, -1.6933892296988209, 1.5926878456060938, 0.0, 0.0, -0.0, -0.19309571094498024, 2.7489511585495716, 0.8989204139999684, -2.1930215012574013, 4.320152563481615, -0.49670783393971224, -1.7940000039334318, 4.711228401984356, -3.3438130121015424, 0.6050635130747237, 6.182214327497526, -4.023913562389381, 0.9761096886466003, 6.6448887286529565, -6.863529518251226, -0.9096079703169222, 8.501699914706037, -8.039130574773344, -0.5532285077682859, 8.938490269727636, -10.882771547108502, 1.8951545125927485, 10.29524450647474, -11.615798795655333, 2.0625365274083824, 10.864420562531535, -14.44602183532745, 4.507904874645276, 12.211503785507976, -15.185386932526521, 12.389750026544059, 2.0154188237868524, -0.4933992684571, 9.715902523850882, 3.7754651200207885, -1.3534098878228324, 10.429431866612877, 3.3038013412598555, 1.8486759239994046, 9.659341464287746, -1.3515532909486527, 1.319469469868955, 8.943848693069576, -0.8794380942473993, -1.8561797532069253, 5.985748523722296, 1.326719617165051, 2.5619572878505563, 5.295256892606048, 1.8451440172325158, -0.6149942961664377, 5.427999540365402, -3.358764603678603, 1.8233555771886267, 4.473746976605777, -2.710118208036059, -1.2531033764655213, 0.9619439898609103, -3.5866823380208595, 1.6402855915484194, 1.7611320267496637, -1.039404405045731, 3.542960645949198, 0.5958165791504868, -0.06911487679017908, -1.9653929081982957, -1.8927421786185086, -0.8017087568226443, 0.04026412332481676, 1.632667748833919, 3.6734452020996815, 0.7846496824518538, -0.6897966140650751, 2.738867267637672, 2.8943454262641035, -4.027618363762919, 3.4330025279064027, -0.21750753651223045, -2.31322561290344, 6.1653052617431205, 0.40425435690753103, -3.4368447916463114, 5.708924157020271, -4.064271816341227, -1.7699635421135773, 2.8963854650759178, -4.308086691606633, 2.2441314679914854, 5.1595367360038775, -3.3285839316672643, 0.5997208331086372, 7.988950816140552, -3.0375919532978584, 0.8720809728235448, 4.847827217596281, -7.862306068065089, 2.8837178833158728, 7.3473672642001135, -7.148509114714188, -0.783604450102084, 10.305633549412905, -7.056013804505307, -2.821353807916161, 7.818290718977986, -7.73776872046946, -0.6504258499531845, 7.1319733689406934, -11.863503183782992, -2.1436855673071626, 10.045715682250686, -11.570772198636053, 2.0349881786365156, 12.057941776247675, -10.562133275207785, 3.5219928507318965, 9.166321479334124, -11.069364670567449, 1.9065201264127785, 9.107673716072696, -15.503024310538414, 0.45430602633755246, 12.016739645205796, -15.005127183977825, 6.151777475035889, 11.075465614777453, -14.714016837602205, 4.690260089826435, 14.006437185746506, -14.20554396715877, 4.5688383785536475, 12.591372454105933, -17.20071571224546], "name": "C16H34", "identifiers": {"molecule_hash": "9f1ab44572b3bb84c8018e8c3c9adf283bcc2688", "molecular_formula": "C16H34"}, "molecular_charge": 0.0, "molecular_multiplicity": 1, "connectivity": [[0, 1, 1.0], [0, 16, 1.0], [0, 17, 1.0], [0, 18, 1.0], [1, 2, 1.0], [1, 19, 1.0], [1, 20, 1.0], [2, 3, 1.0], [2, 21, 1.0], [2, 22, 1.0], [3, 4, 1.0], [3, 23, 1.0], [3, 24, 1.0], [4, 5, 1.0], [4, 25, 1.0], [4, 26, 1.0], [5, 6, 1.0], [5, 27, 1.0], [5, 28, 1.0], [6, 7, 1.0], [6, 29, 1.0], [6, 30, 1.0], [7, 8, 1.0], [7, 31, 1.0], [7, 32, 1.0], [8, 9, 1.0], [8, 33, 1.0], [8, 34, 1.0], [9, 10, 1.0], [9, 35, 1.0], [9, 36, 1.0], [10, 11, 1.0], [10, 37, 1.0], [10, 38, 1.0], [11, 12, 1.0], [11, 39, 1.0], [11, 40, 1.0], [12, 13, 1.0], [12, 41, 1.0], [12, 42, 1.0], [13, 14, 1.0], [13, 43, 1.0], [13, 44, 1.0], [14, 15, 1.0], [14, 45, 1.0], [14, 46, 1.0], [15, 47, 1.0], [15, 48, 1.0], [15, 49, 1.0]], "fix_com": true, "fix_orientation": true, "provenance": {"creator": "QCElemental", "version": "v0.22.0", "routine": "qcelemental.molparse.from_schema"}, "id": "234856"}