{"schema_name": "qcschema_molecule", "schema_version": 2, "validated": true, "symbols": ["C", "C", "C", "C", "C", "C", "C", "C", "C", "C", "C", "C", "C", "C", "C", "C", "H", "H", "H", "H", "H", "H", "H", "H", "H", "H", "H", "H", "H", "H", "H", "H", "H", "H", "H", "H", "H", "H", "H", "H", "H", "H", "H", "H", "H", "H", "H", "H", "H", "H"], "geometry": [4.009983558394882, 2.6734686715955416, 5.152128723651117e-16, 2.896625492279376, 8.564634417633111e-19, 2.2204295315701004e-16, 0.0, -0.0, 0.0, -1.1538988779200696, -2.6521592204648794, -0.15370696160338565, -4.055224152140371, -2.745875208176803, -0.3108032422110305, -5.456236980639602, -1.643320763374791, 1.9971099851534162, -6.173156555200901, 1.162235306917941, 1.7586974397586734, -7.370345394401083, 2.25643877305866, 4.172691910308033, -5.542102603874422, 2.6171220474645147, 6.4197856587222315, -4.331631401210167, 5.249344413990102, 6.6408375764514735, -2.6950853892481614, 6.066988285465529, 4.392369712190219, -1.266045904164286, 8.560515803395612, 4.817065802595266, 0.6729783779541019, 8.626898181293456, 6.987351700407898, 2.9337780122933803, 6.80636380171601, 6.7364462963250515, 2.5182650496040098, 4.121540597803894, 7.76273564294014, 4.8879494975577416, 2.468001864777465, 7.550313099868128, 6.07821831845756, 2.641120063618929, 0.08362539035490936, 3.4619988404217628, 3.7065795274398163, -1.7100873781356645, 3.3303426205544406, 3.760594247608546, 1.6242323999736263, 3.5894307486473256, -1.0394095643958943, -1.6569639702923407, 3.5788935849345016, -1.0389369963523354, 1.6617729501012624, -0.6563193126002838, 0.954044463954944, 1.7167140079372356, -0.6866458079470256, 1.1429265334567968, -1.592636245122601, -0.5367231150915995, -3.7544343616402265, 1.495005695634418, -0.37166038595468975, -3.6214724646951155, -1.81444633802534, -4.605186309734421, -4.72992501013094, -0.550293009023435, -4.685078365917617, -1.7701561557982854, -2.0320351359972184, -4.296544010409704, -1.9429731460785569, 3.6905623515622445, -7.202329846150062, -2.715628904681075, 2.3198406155996953, -4.520640153683255, 2.2779206424077465, 1.2223784402302014, -7.522076853868633, 1.3532128993436547, 0.19310407875010566, -8.261399632172878, 4.078223109353291, 3.7338921202852533, -8.916339991994903, 0.9972534929543537, 4.745705464022305, -6.561684195121335, 2.2490684869699593, 8.186287993378686, -4.038252743321959, 1.1911074336776521, 6.339254734130306, -3.1865608415781046, 5.274024857669376, 8.36655419512455, -5.825868827499598, 6.6639218238152225, 6.927244874903266, -1.3515353328187867, 4.565078384056433, 3.9188954495189994, -3.893585466449223, 6.291882157945897, 2.7168391641091305, -0.28507984637641615, 9.060926026581766, 3.057679875203279, -2.6553821828480233, 10.068406449343389, 5.144810546055074, 1.4046888383746023, 10.564493244596726, 7.079642405429463, -0.2705627366056649, 8.304940997555917, 8.805475745814537, 3.5152586118613067, 6.705934168982771, 4.7461113725775, 4.5529449127858985, 7.61704421811737, 7.750076273365209, 1.940593504778294, 4.2470510736108515, 9.751824363118628, 0.9564029731312842, 3.196531313635514, 6.772282046362427, 4.559267093108232, 0.5748005516656922, 8.321138940328026, 6.477223192513357, 3.3035772824777725, 8.58420519602059, 5.472870957545421, 2.251260433023396, 5.576177441835531], "name": "C16H34", "identifiers": {"molecule_hash": "add0a667099c697fe9b432ae3d0282058710180f", "molecular_formula": "C16H34"}, "molecular_charge": 0.0, "molecular_multiplicity": 1, "connectivity": [[0, 1, 1.0], [0, 16, 1.0], [0, 17, 1.0], [0, 18, 1.0], [1, 2, 1.0], [1, 19, 1.0], [1, 20, 1.0], [2, 3, 1.0], [2, 21, 1.0], [2, 22, 1.0], [3, 4, 1.0], [3, 23, 1.0], [3, 24, 1.0], [4, 5, 1.0], [4, 25, 1.0], [4, 26, 1.0], [5, 6, 1.0], [5, 27, 1.0], [5, 28, 1.0], [6, 7, 1.0], [6, 29, 1.0], [6, 30, 1.0], [7, 8, 1.0], [7, 31, 1.0], [7, 32, 1.0], [8, 9, 1.0], [8, 33, 1.0], [8, 34, 1.0], [9, 10, 1.0], [9, 35, 1.0], [9, 36, 1.0], [10, 11, 1.0], [10, 37, 1.0], [10, 38, 1.0], [11, 12, 1.0], [11, 39, 1.0], [11, 40, 1.0], [12, 13, 1.0], [12, 41, 1.0], [12, 42, 1.0], [13, 14, 1.0], [13, 43, 1.0], [13, 44, 1.0], [14, 15, 1.0], [14, 45, 1.0], [14, 46, 1.0], [15, 47, 1.0], [15, 48, 1.0], [15, 49, 1.0]], "fix_com": true, "fix_orientation": true, "provenance": {"creator": "QCElemental", "version": "v0.22.0", "routine": "qcelemental.molparse.from_schema"}, "id": "243051"}