{"schema_name": "qcschema_molecule", "schema_version": 2, "validated": true, "symbols": ["C", "C", "C", "C", "C", "C", "C", "C", "C", "C", "C", "C", "C", "C", "C", "C", "H", "H", "H", "H", "H", "H", "H", "H", "H", "H", "H", "H", "H", "H", "H", "H", "H", "H", "H", "H", "H", "H", "H", "H", "H", "H", "H", "H", "H", "H", "H", "H", "H", "H"], "geometry": [0.0, 0.0, 0.0, 2.8887768809654863, 4.3446876925507526e-16, 2.544441809934757e-15, 4.002302619751721, 2.5928652579032176, -0.6399228599469409, 6.891747853424775, 2.659185668697344, -0.8456625655459544, 8.281551242956231, 2.1511563811837755, 1.64453050996941, 11.14118378225252, 2.6107003338709545, 1.5326318857153198, 12.571231114308405, 0.8033103964054348, -0.22198096625017508, 15.46097187271318, 0.9475540895608124, -2.7755575615628914e-17, 16.67279384962411, 3.486988229993935, -0.7235329824537684, 16.468937555540553, 4.291436762470522, -3.5197790780226574, 18.741186713834548, 3.6005636852335083, -5.192166399368381, 19.25021202014857, 0.7817787097471285, -5.650005505270872, 17.161461908703803, -0.691285465688472, -7.021018518616281, 16.62550083548485, 0.22885661578201622, -9.714351657767496, 14.838233000655608, -1.4808045309367, -11.223971181504117, 12.140676886209015, -1.6035340127110111, -10.191289517632587, -0.7446158922109456, -1.8552011659980858, 0.4619482231065226, -0.7400946473563053, 1.3304208904389965, 1.3775961642582883, -0.7419025957276739, 0.5315739697660433, -1.8389798510228115, 3.5576737141229353, -0.6194711316468658, 1.839319842092925, 3.5698956691448673, -1.3842031441837181, -1.3602445413272861, 3.2077591562752477, 3.22223345328576, -2.429458532217805, 3.3888700540837897, 3.960938505163342, 0.769801231780398, 7.488162619781898, 1.3073815557192376, -2.2736490960247413, 7.450100169017709, 4.512888274660839, -1.5413571805151203, 7.940718071684304, 0.220936042107578, 2.2606318179273295, 7.485415549689239, 3.368173276136254, 3.0995461342726234, 11.903613404745753, 2.4236339629807198, 3.434076507262175, 11.479034731145846, 4.5572726265706605, 0.9680632635714804, 12.002679879564218, 1.123610600226059, -2.1673904006075153, 12.002340933755967, -1.12374125782234, 0.22019769570891995, 15.978855901907759, 0.5297618761918585, 1.9464259506509607, 16.27362953114741, -0.5573594222404423, -1.1328838022500145, 15.84557266582879, 4.954211011288125, 0.44817327835312637, 18.659335489319922, 3.425657435296537, -0.19679439167162527, 16.29060228551628, 6.336698279263005, -3.586562718519133, 14.737439346947678, 3.5681478885653513, -4.35061442761108, 20.428375376842574, 4.419463846263148, -4.3480912468936435, 18.514729430369208, 4.5438095351699825, -7.002637858660808, 19.643419232763815, -0.14085158166784773, -3.8583200409749705, 20.98267325462443, 0.6247026276316112, -6.747691788584904, 15.436529815438684, -0.6472347373682313, -5.911919525422572, 17.729469138433497, -2.6669028620142603, -7.10499132885613, 15.842334796843257, 2.1284552145401086, -9.667919931840885, 18.408298348726746, 0.3677649884640082, -10.730994612226272, 14.77072795496829, -0.8025649644660862, -13.16245850115187, 15.623166568230776, -3.3795131367233235, -11.308277748482967, 10.940707289131865, -2.72760430453922, -11.418618301009651, 12.071533019229555, -2.4477713078065144, -8.324158494369978, 11.31495190617308, 0.2726335454217361, -10.0615774668409], "name": "C16H34", "identifiers": {"molecule_hash": "6234196cddc3578b9c464c9d7329268374acd101", "molecular_formula": "C16H34"}, "molecular_charge": 0.0, "molecular_multiplicity": 1, "connectivity": [[0, 1, 1.0], [0, 16, 1.0], [0, 17, 1.0], [0, 18, 1.0], [1, 2, 1.0], [1, 19, 1.0], [1, 20, 1.0], [2, 3, 1.0], [2, 21, 1.0], [2, 22, 1.0], [3, 4, 1.0], [3, 23, 1.0], [3, 24, 1.0], [4, 5, 1.0], [4, 25, 1.0], [4, 26, 1.0], [5, 6, 1.0], [5, 27, 1.0], [5, 28, 1.0], [6, 7, 1.0], [6, 29, 1.0], [6, 30, 1.0], [7, 8, 1.0], [7, 31, 1.0], [7, 32, 1.0], [8, 9, 1.0], [8, 33, 1.0], [8, 34, 1.0], [9, 10, 1.0], [9, 35, 1.0], [9, 36, 1.0], [10, 11, 1.0], [10, 37, 1.0], [10, 38, 1.0], [11, 12, 1.0], [11, 39, 1.0], [11, 40, 1.0], [12, 13, 1.0], [12, 41, 1.0], [12, 42, 1.0], [13, 14, 1.0], [13, 43, 1.0], [13, 44, 1.0], [14, 15, 1.0], [14, 45, 1.0], [14, 46, 1.0], [15, 47, 1.0], [15, 48, 1.0], [15, 49, 1.0]], "fix_com": true, "fix_orientation": true, "provenance": {"creator": "QCElemental", "version": "v0.22.0", "routine": "qcelemental.molparse.from_schema"}, "id": "233080"}