{"schema_name": "qcschema_molecule", "schema_version": 2, "validated": true, "symbols": ["C", "C", "C", "C", "C", "C", "C", "C", "C", "C", "C", "C", "C", "C", "C", "C", "H", "H", "H", "H", "H", "H", "H", "H", "H", "H", "H", "H", "H", "H", "H", "H", "H", "H", "H", "H", "H", "H", "H", "H", "H", "H", "H", "H", "H", "H", "H", "H", "H", "H"], "geometry": [0.0, 0.0, 0.0, 2.8995128370584142, 1.5306201613820472e-15, 3.498460381174237e-16, 4.096354367212279, 2.1379522433207216, -1.5598396313493454, 3.5954053729640942, 4.796176791977227, -0.5171229872881835, 4.7358110521072945, 6.940727627893101, -2.110904965756478, 7.620502702448837, 6.84952743320531, -2.4625766901171877, 9.16397318263602, 6.784250727589291, -2.1094237467877974e-15, 8.916752341193797, 9.079451437207688, 1.7851123768019588, 10.77564632206704, 11.267805202818064, 1.2865237950692048, 10.34991154194646, 13.025366634101255, -1.0011544136203265, 8.362076234620167, 15.126023676182678, -0.6318377688902512, 5.571946155449444, 14.401816300214978, -1.013815550094931, 4.845691288735676, 13.60313943899109, -3.711281177487951, 5.119524449133552, 15.698303449116821, -5.696133372088658, 4.42120689909929, 14.869222852728399, -8.391030736673006, 1.6398891490752674, 14.123126687593768, -8.729396894364722, -0.772986072024497, 1.6980282358513374, 0.8934852706788383, -0.744483407517085, -1.6347659197605673, 1.0289983527188067, -0.740026411609386, -0.08327817542954627, -1.9340668187132395, 3.5693316769107684, -1.8171857350503522, -0.7409679121453995, 3.5901112861386983, 0.11455787095037501, 1.9541454051266651, 3.402677124569961, 2.0300273519890255, -3.5156004232086366, 6.140418470789047, 1.812076067173239, -1.6568175622237797, 1.5523934610445371, 5.115751262611888, -0.38930692141820095, 4.307594437068612, 4.907223260878163, 1.42864531115639, 3.8518979090196788, 6.925168285987078, -3.988543920258319, 4.197919110009172, 8.747373805370561, -1.256802242915888, 8.19376938111993, 8.468973373241706, -3.6160936199353326, 8.116012761119494, 5.174346888042156, -3.5783742723763523, 11.166968136076038, 6.532851090875708, -0.48024150433774526, 8.630778320940566, 5.077100498809765, 1.0466114028320679, 9.29082341874543, 8.414566307891038, 3.7130556995358237, 6.965399536946654, 9.763660858534337, 1.8127723890233591, 12.668597157776112, 10.432936855899106, 1.1180081022877426, 10.845438037616386, 12.461722648345617, 2.9834316981451217, 9.936780408549458, 11.926127950341964, -2.7045061912571353, 12.160827764221946, 13.960909176891274, -1.3811053278087526, 8.812888276380091, 16.68714208835472, -1.917159006225641, 8.585606810637636, 15.903947604061592, 1.279058886409592, 5.057807314301402, 12.885114814703217, 0.297427574265682, 4.401552098183563, 16.030242871627408, -0.476512005895271, 2.883274759366759, 12.941593853839255, -3.6772738793775863, 5.977133703863073, 11.971312750237255, -4.300056350106108, 3.939844450768351, 17.31899144819062, -5.149655938128134, 7.073849282585931, 16.386142051119506, -5.712565623413986, 5.633423347711915, 13.278895441803158, -8.947895504499314, 4.865435698227393, 16.41681276757433, -9.6977355230066, 0.38280159095272737, 15.659277547603308, -8.133191657365597, 1.1503002398927253, 12.446918903928887, -7.6204539379099305, 1.2190207431902325, 13.699507937160943, -10.711555296213547], "name": "C16H34", "identifiers": {"molecule_hash": "d8f568fbd683c1ae5c084f26601e15191a259fc1", "molecular_formula": "C16H34"}, "molecular_charge": 0.0, "molecular_multiplicity": 1, "connectivity": [[0, 1, 1.0], [0, 16, 1.0], [0, 17, 1.0], [0, 18, 1.0], [1, 2, 1.0], [1, 19, 1.0], [1, 20, 1.0], [2, 3, 1.0], [2, 21, 1.0], [2, 22, 1.0], [3, 4, 1.0], [3, 23, 1.0], [3, 24, 1.0], [4, 5, 1.0], [4, 25, 1.0], [4, 26, 1.0], [5, 6, 1.0], [5, 27, 1.0], [5, 28, 1.0], [6, 7, 1.0], [6, 29, 1.0], [6, 30, 1.0], [7, 8, 1.0], [7, 31, 1.0], [7, 32, 1.0], [8, 9, 1.0], [8, 33, 1.0], [8, 34, 1.0], [9, 10, 1.0], [9, 35, 1.0], [9, 36, 1.0], [10, 11, 1.0], [10, 37, 1.0], [10, 38, 1.0], [11, 12, 1.0], [11, 39, 1.0], [11, 40, 1.0], [12, 13, 1.0], [12, 41, 1.0], [12, 42, 1.0], [13, 14, 1.0], [13, 43, 1.0], [13, 44, 1.0], [14, 15, 1.0], [14, 45, 1.0], [14, 46, 1.0], [15, 47, 1.0], [15, 48, 1.0], [15, 49, 1.0]], "fix_com": true, "fix_orientation": true, "provenance": {"creator": "QCElemental", "version": "v0.22.0", "routine": "qcelemental.molparse.from_schema"}, "id": "244728"}