{"schema_name": "qcschema_molecule", "schema_version": 2, "validated": true, "symbols": ["C", "C", "C", "C", "C", "C", "C", "C", "C", "C", "C", "C", "C", "C", "C", "C", "H", "H", "H", "H", "H", "H", "H", "H", "H", "H", "H", "H", "H", "H", "H", "H", "H", "H", "H", "H", "H", "H", "H", "H", "H", "H", "H", "H", "H", "H", "H", "H", "H", "H"], "geometry": [4.022342071701377, 2.6577288856748496, 1.0547118733938987e-15, 2.892023321468887, -4.3689497156483944e-16, 7.96116205500874e-17, 0.0, -0.0, 0.0, -1.1189781089132012, -2.6664646087223374, -0.03317115097793755, -4.0011028448603865, -2.847117933638511, 0.23869629290187627, -5.57638278029698, -1.6925308313352248, -1.9240392866925426, -6.423464003916093, 1.0457695297214902, -1.4924829524662195, -8.258442054885375, 2.0547346768202575, -3.5002180227544577, -7.257531567485178, 2.222558749967246, -6.218338630635542, -5.037316008081442, 4.048161672461911, -6.564256177689312, -4.076613411336838, 4.281293821010819, -9.291500494687218, -5.901443841456807, 5.613358833190037, -11.102940093103566, -4.949607713212468, 5.8180063104224224, -13.833546895655122, -2.650933253807753, 7.536132139371194, -14.203451999722553, -1.9047259802897898, 7.835230756694875, -16.9811948420366, 0.39415415275212684, 9.542692633749368, -17.35648723812211, 6.073066222287802, 2.5947909055942504, 0.004813184043713725, 3.433954493370277, 3.7138013580931255, -1.6594423815036476, 3.4259056190173225, 3.716327067101738, 1.654901177312537, 3.57227965394203, -1.029606751764192, 1.6443049838295436, 3.5720381292125096, -1.0293719579902738, -1.6450065762361559, -0.676998728839286, 1.0089141022784465, 1.6608214726061814, -0.6605246455803524, 1.059006843651816, -1.6309536169552934, -0.27228856981233757, -3.7471619497966926, 1.4985591132587661, -0.5535255309480794, -3.6101544610134155, -1.7722320013263726, -4.465994118348052, -4.842672023195276, 0.38329916834682454, -4.571180722272145, -2.0090872363824137, 2.028665930824044, -4.523698686539628, -1.8464112001195139, -3.682083818731916, -7.267358668843974, -2.833148755828567, -2.1817646827868535, -4.798809179564468, 2.2858947439222623, -1.3383875192877255, -7.375608984646855, 1.1443569167921819, 0.3274716937723493, -9.937160120089523, 0.8661915675021478, -3.502356823695619, -8.889360029346232, 3.9248790945972214, -2.9211906107483783, -8.819388764121587, 2.8088025698761494, -7.414297235969444, -6.708407377805815, 0.35715163678173356, -6.8837522557706325, -3.468989386968635, 3.434245413075079, -5.389796749565976, -5.5725158423995005, 5.911479128700102, -5.872327861454023, -3.6446836798842606, 2.405228913547389, -10.020625871262954, -2.2966150534984147, 5.302934170660816, -9.252573258289194, -6.30970330470532, 7.49873955293859, -10.385140830228503, -7.692429039157431, 4.611213174524069, -11.129686009564956, -4.5139287062729405, 3.9358574886386646, -14.542408514662021, -6.486904685226918, 6.524506430253165, -15.002487556848223, -3.056166578744896, 9.391095679498314, -13.408617196028317, -1.0413496786886762, 6.800976162772453, -13.16016544393537, -1.5151488584109716, 5.982640202612204, -17.783624114656362, -3.4972638719985754, 8.595494188176009, -18.0360246775947, 2.0391936682734277, 8.796195944016654, -16.380947744994206, 0.042078643922093484, 11.429733286173814, -16.628303205918794, 0.8738834434516347, 9.719706693006875, -19.3434671117279], "name": "C16H34", "identifiers": {"molecule_hash": "9f1ab44572b3bb84c8018e8c3c9adf283bcc2688", "molecular_formula": "C16H34"}, "molecular_charge": 0.0, "molecular_multiplicity": 1, "connectivity": [[0, 1, 1.0], [0, 16, 1.0], [0, 17, 1.0], [0, 18, 1.0], [1, 2, 1.0], [1, 19, 1.0], [1, 20, 1.0], [2, 3, 1.0], [2, 21, 1.0], [2, 22, 1.0], [3, 4, 1.0], [3, 23, 1.0], [3, 24, 1.0], [4, 5, 1.0], [4, 25, 1.0], [4, 26, 1.0], [5, 6, 1.0], [5, 27, 1.0], [5, 28, 1.0], [6, 7, 1.0], [6, 29, 1.0], [6, 30, 1.0], [7, 8, 1.0], [7, 31, 1.0], [7, 32, 1.0], [8, 9, 1.0], [8, 33, 1.0], [8, 34, 1.0], [9, 10, 1.0], [9, 35, 1.0], [9, 36, 1.0], [10, 11, 1.0], [10, 37, 1.0], [10, 38, 1.0], [11, 12, 1.0], [11, 39, 1.0], [11, 40, 1.0], [12, 13, 1.0], [12, 41, 1.0], [12, 42, 1.0], [13, 14, 1.0], [13, 43, 1.0], [13, 44, 1.0], [14, 15, 1.0], [14, 45, 1.0], [14, 46, 1.0], [15, 47, 1.0], [15, 48, 1.0], [15, 49, 1.0]], "fix_com": true, "fix_orientation": true, "provenance": {"creator": "QCElemental", "version": "v0.22.0", "routine": "qcelemental.molparse.from_schema"}, "id": "234856"}