{"schema_name": "qcschema_molecule", "schema_version": 2, "validated": true, "symbols": ["C", "C", "C", "C", "C", "C", "C", "C", "C", "C", "C", "C", "C", "C", "C", "C", "H", "H", "H", "H", "H", "H", "H", "H", "H", "H", "H", "H", "H", "H", "H", "H", "H", "H", "H", "H", "H", "H", "H", "H", "H", "H", "H", "H", "H", "H", "H", "H", "H", "H"], "geometry": [0.0, 0.0, 0.0, 2.8931702292093866, -6.643679061112498e-16, -2.4523352117918603e-16, 4.135343376603524, 2.632399474143754, 8.881784197001252e-16, 4.707434707201261, 3.8542266322267618, -2.573735067817304, 2.425205159387215, 4.603444394019274, -4.227245860963912, 1.663959393522585, 2.6800632028510547, -6.266216399271285, 3.4742219852713667, 2.6104858118116074, -8.526272877224951, 2.6365288422157906, 0.8586050932289231, -10.681078493524481, 2.419904099396703, -1.96288085186823, -10.04603467014409, 4.891442880057046, -3.206561374105448, -9.198517516757828, 4.62102581862259, -6.061909602188879, -8.810099048925018, 7.071273495605747, -7.432068622458454, -8.09230813445076, 8.124480252622732, -6.754514138734432, -5.482757979968709, 10.466665006092008, -8.307981306818608, -4.792868756998428, 11.503312809027076, -7.821352200639064, -2.1316635599085103, 12.564688014448114, -5.163697831939002, -1.7214155427499536, -0.7221609280392077, 0.9882495242627289, 1.6484164781150545, -0.7876806849431652, 0.905599043718468, -1.6582243953889857, -0.7254828828591954, -1.9189655218035644, 0.06137404063156304, 3.5123803956041058, -1.0019171716464985, 1.6829126389435634, 3.5933086477295184, -1.0973922201223718, -1.5907336921342197, 2.987510508608806, 3.9221155946476483, 1.1194035169803187, 5.930908697140692, 2.484591333711811, 0.9879861753489648, 5.9596824109544535, 2.612502513011702, -3.6288338966712548, 5.808697860257067, 5.544399204617395, -2.1869906108364505, 2.8416296201268474, 6.382555879496107, -5.167567005571558, 0.8128923112808766, 4.986822420106794, -3.014757360000208, -0.2142508138739614, 3.15909011951474, -6.955397219360551, 1.5093483654341102, 0.8110095439123421, -5.437686353221556, 5.3611849638372675, 2.093612655720745, -7.906152359014159, 3.6370837221632115, 4.5136272092959455, -9.28828185732438, 3.9567786384291512, 1.076959638359832, -12.242936732603354, 0.8151307817525677, 1.507021251642107, -11.382676254743254, 1.7331444910038993, -2.9356541848338535, -11.722540898707004, 0.9849262586983962, -2.25259968459926, -8.604209589086754, 6.349642261476014, -2.8506252906689924, -10.607675051940994, 5.542338670701918, -2.3313099356989158, -7.461000607265049, 3.896515578767053, -6.893737928591048, -10.545321521307951, 3.1972791910257814, -6.420931616101973, -7.3681167552036735, 8.502412346855477, -7.056601740993051, -9.522571253678084, 6.7227835327700545, -9.457657644407055, -8.152857875589895, 8.579664461154529, -4.75566464247174, -5.417717024209827, 6.665405585668842, -7.065504235176945, -4.0637488266520805, 11.951303779611784, -7.9494949842047244, -6.172361748122816, 10.004707450713438, -10.304971669504418, -4.956370868363176, 12.989685953579668, -9.188575815612477, -1.7527408773167426, 10.024757243365347, -8.18625414877398, -0.7498589094890713, 11.114432207790527, -3.7236304812699257, -1.8835933073513216, 13.394351150696092, -4.991410172052255, 0.1472254844602996, 14.029696890433643, -4.734677477773117, -3.0953308521817657], "name": "C16H34", "identifiers": {"molecule_hash": "b0edea3af91169ff5998c14e64fba4f1a573f167", "molecular_formula": "C16H34"}, "molecular_charge": 0.0, "molecular_multiplicity": 1, "connectivity": [[0, 1, 1.0], [0, 16, 1.0], [0, 17, 1.0], [0, 18, 1.0], [1, 2, 1.0], [1, 19, 1.0], [1, 20, 1.0], [2, 3, 1.0], [2, 21, 1.0], [2, 22, 1.0], [3, 4, 1.0], [3, 23, 1.0], [3, 24, 1.0], [4, 5, 1.0], [4, 25, 1.0], [4, 26, 1.0], [5, 6, 1.0], [5, 27, 1.0], [5, 28, 1.0], [6, 7, 1.0], [6, 29, 1.0], [6, 30, 1.0], [7, 8, 1.0], [7, 31, 1.0], [7, 32, 1.0], [8, 9, 1.0], [8, 33, 1.0], [8, 34, 1.0], [9, 10, 1.0], [9, 35, 1.0], [9, 36, 1.0], [10, 11, 1.0], [10, 37, 1.0], [10, 38, 1.0], [11, 12, 1.0], [11, 39, 1.0], [11, 40, 1.0], [12, 13, 1.0], [12, 41, 1.0], [12, 42, 1.0], [13, 14, 1.0], [13, 43, 1.0], [13, 44, 1.0], [14, 15, 1.0], [14, 45, 1.0], [14, 46, 1.0], [15, 47, 1.0], [15, 48, 1.0], [15, 49, 1.0]], "fix_com": true, "fix_orientation": true, "provenance": {"creator": "QCElemental", "version": "v0.22.0", "routine": "qcelemental.molparse.from_schema"}, "id": "233103"}