{"schema_name": "qcschema_molecule", "schema_version": 2, "validated": true, "symbols": ["C", "C", "C", "C", "C", "C", "C", "C", "C", "C", "C", "C", "C", "C", "C", "C", "H", "H", "H", "H", "H", "H", "H", "H", "H", "H", "H", "H", "H", "H", "H", "H", "H", "H", "H", "H", "H", "H", "H", "H", "H", "H", "H", "H", "H", "H", "H", "H", "H", "H"], "geometry": [0.0, 0.0, 0.0, 2.8910905562411586, -4.775359782446382e-16, 4.775139791805408e-16, 4.10277460490031, 2.27190295726768, -1.3316578655758378, 3.6736720340669637, 4.8061717057838935, 8.881784197001252e-16, 4.800483062011962, 7.097496368492749, -1.3784383813564638, 7.6805053892939625, 7.105913582858713, -1.7432821985730582, 9.276437603310784, 7.01248762382336, 0.677229876601547, 9.156919085251795, 9.340019750741241, 2.4103086625932195, 10.276802478733243, 11.77464645782737, 1.2473441617108065, 8.375907757755106, 13.706720412465998, 0.16620975197546084, 7.674387889805376, 15.867546399347695, 1.9762963303132324, 6.242609259881381, 15.1439521773123, 4.393784514404523, 3.5321166677145723, 14.167687455311171, 4.043592815918318, 1.6698723193778928, 16.146655068278655, 3.0431911133083682, -1.0452215437177084, 15.182033054585727, 2.7262870678383013, -2.387441527410929, 14.51632115863573, 5.1988792808716955, -0.7715725783892731, 1.574736277430797, 1.0615964715683393, -0.7267245219323177, -1.7231562504506592, 0.8441689413276423, -0.7362499743198788, 0.11424979467036533, -1.9137961544707405, 3.5454853571550036, -1.7165482335338051, -0.9204606422625009, 3.5742471494293095, -0.09520606637519002, 1.9374063783178885, 3.3876421079920984, 2.3861344460530165, -3.258726837496201, 6.118863149410471, 1.9172182901427595, -1.4893602838263282, 1.6575357801372097, 5.139002866906114, 0.19865532371344985, 4.416355305527529, 4.697907908016492, 1.913556344542911, 3.9262586561072195, 7.235274907900884, -3.235188570142265, 4.233119635785765, 8.79277220761119, -0.36937953201963936, 8.184763622148818, 8.777065487605837, -2.827209153485316, 8.21271118728164, 5.510479030149064, -2.9212408280087327, 11.239555112389183, 6.726268850269146, 0.13555401196382366, 8.7563692881847, 5.353573201566071, 1.7711753457339927, 10.208173619296053, 8.87595090049076, 4.112827033112956, 7.226303110945282, 9.661499229546438, 3.0234797109983083, 11.58791992470089, 11.23184494809012, -0.23748562360260994, 11.424942116701411, 12.726942756642742, 2.6595759419798304, 6.682575687753905, 12.751174621930858, -0.48886595170913694, 9.202028194819594, 14.573973521474969, -1.502818180615158, 6.591471042615236, 17.26638553437822, 0.9336817047142771, 9.413982381765372, 16.81456226712033, 2.5298932987168072, 7.324795575283232, 13.734564472380889, 5.423995064880023, 6.177352212028285, 16.797040066605355, 5.615855010131407, 2.877731293735007, 13.481202041406528, 5.864438818036437, 3.518699654309086, 12.54122352230342, 2.7884538045369727, 1.6658162428138055, 17.773426988298016, 4.304410830810026, 2.3169156922105882, 16.83601785300978, 1.2209963424819383, -1.0426095318770283, 13.540618581522546, 1.4872700373814576, -2.137899373762676, 16.626813795411156, 1.756392819157858, -2.3981192515871577, 16.11727359021618, 6.485195261788387, -1.4916095012016506, 12.945165872675542, 6.163857561848986, -4.338619679858928, 13.987857170971505, 4.847255598878439], "name": "C16H34", "identifiers": {"molecule_hash": "f7526d77576b3e6a9215b645dbdca4062cda9881", "molecular_formula": "C16H34"}, "molecular_charge": 0.0, "molecular_multiplicity": 1, "connectivity": [[0, 1, 1.0], [0, 16, 1.0], [0, 17, 1.0], [0, 18, 1.0], [1, 2, 1.0], [1, 19, 1.0], [1, 20, 1.0], [2, 3, 1.0], [2, 21, 1.0], [2, 22, 1.0], [3, 4, 1.0], [3, 23, 1.0], [3, 24, 1.0], [4, 5, 1.0], [4, 25, 1.0], [4, 26, 1.0], [5, 6, 1.0], [5, 27, 1.0], [5, 28, 1.0], [6, 7, 1.0], [6, 29, 1.0], [6, 30, 1.0], [7, 8, 1.0], [7, 31, 1.0], [7, 32, 1.0], [8, 9, 1.0], [8, 33, 1.0], [8, 34, 1.0], [9, 10, 1.0], [9, 35, 1.0], [9, 36, 1.0], [10, 11, 1.0], [10, 37, 1.0], [10, 38, 1.0], [11, 12, 1.0], [11, 39, 1.0], [11, 40, 1.0], [12, 13, 1.0], [12, 41, 1.0], [12, 42, 1.0], [13, 14, 1.0], [13, 43, 1.0], [13, 44, 1.0], [14, 15, 1.0], [14, 45, 1.0], [14, 46, 1.0], [15, 47, 1.0], [15, 48, 1.0], [15, 49, 1.0]], "fix_com": true, "fix_orientation": true, "provenance": {"creator": "QCElemental", "version": "v0.22.0", "routine": "qcelemental.molparse.from_schema"}, "id": "233454"}