{"schema_name": "qcschema_molecule", "schema_version": 2, "validated": true, "symbols": ["C", "C", "C", "C", "C", "C", "C", "C", "C", "C", "C", "C", "C", "C", "C", "C", "H", "H", "H", "H", "H", "H", "H", "H", "H", "H", "H", "H", "H", "H", "H", "H", "H", "H", "H", "H", "H", "H", "H", "H", "H", "H", "H", "H", "H", "H", "H", "H", "H", "H"], "geometry": [8.19491107542354, 2.8108643806160685, 1.1102230246251565e-16, 7.483422406469224, 2.9716424232043633e-16, -1.3175485783870403e-15, 4.766834422089919, -0.5469619317476586, 0.8702594365441049, 2.718434071608808, 0.48827893524347454, -0.900813119050619, -0.0, 0.0, 0.0, -0.7224640963932737, -2.792797655748101, 0.36299211871154946, -0.34602388533852635, -4.480230691769602, -1.9740377575754777, -1.9105739762433211, -3.829192641816004, -4.34975304149528, -4.537009206690374, -5.081906247762135, -4.509490986787386, -6.707947792722652, -4.093234690264068, -2.8322020786615347, -8.064310837788296, -1.6993835405944628, -3.7967745045475967, -6.815721926970249, 0.8626970667277776, -3.22059927009301, -6.657649133561089, 1.5718448724270566, -0.40745617869108014, -9.227948574489908, 1.9399722610660453, 0.8818762350664047, -9.047807782023357, 2.6147157958627814, 3.701408873426323, -7.768777979365396, 5.160000925100855, 4.242228571376208, 7.061732218225434, 3.8950600381915157, -1.3489064978366878, 10.184064628538284, 3.0753307093183078, -0.5088010116839718, 7.908182514151898, 3.646806597835042, 1.87461359891899, 8.79545461816804, -1.0230462901066697, 1.2376600843868433, 7.758932119571912, -0.782115680351142, -1.902924971873925, 4.485472567110302, 0.23981094024196858, 2.7727998772618605, 4.5401460715606685, -2.5981117328782224, 1.0578625970842856, 2.9594076850009463, 2.5347274615746436, -1.1160864521572338, 2.9895395967721585, -0.3149934882141905, -2.79470172729971, -0.29831218800062415, 0.9872988771490863, 1.8009229152789346, -1.3027167004956732, 0.8846007582119768, -1.3428329419373732, -2.6905190279425266, -2.885987961190839, 0.9953816334318543, 0.39490233622301063, -3.586763863180134, 1.9179436415670592, -0.7398201552503936, -6.446717596745181, -1.4414251275172387, 1.6633865049014962, -4.438843913023908, -2.478627799925734, -0.841867008538796, -4.485573220690877, -6.0008123423009305, -2.058535409556068, -1.778846339613537, -4.575303103450771, -4.274715988292216, -7.100948482609801, -4.105342148738612, -5.18281036834509, -4.9904332348582345, -6.48037396893817, -6.06752763751822, -3.8291780726650004, -0.8827030601587559, -8.127187265654484, -5.602023964854362, -2.740909395402539, -9.985398976744206, -1.6781455395162457, -3.0213119415332335, -8.3016495260498, -1.8698883826424197, -5.851344052922608, -4.912978370724778, 0.911426450716975, -4.0337862606529855, -7.887300627303195, 2.341241789589186, -4.20848339177242, -5.552943904394396, 3.3165276466273785, -0.24749972724435643, -5.587877841120929, 0.1339377333027544, 0.6306617943237622, -10.287483548777063, 3.4250472636999887, -0.11253311199693794, -10.35009697886268, 0.20805161012597911, 0.6974546166257494, -8.027345555101185, 1.10596834620205, 4.696921976524775, -10.960764912360691, 2.640686531865134, 4.501266177886192, -8.716884887511377, 6.69671997279791, 3.2248411637036716, -5.781183894755818, 5.161928679927176, 3.6690005597871758, -7.831728554713319, 5.610076700853114, 6.26188300022158], "name": "C16H34", "identifiers": {"molecule_hash": "d8f568fbd683c1ae5c084f26601e15191a259fc1", "molecular_formula": "C16H34"}, "molecular_charge": 0.0, "molecular_multiplicity": 1, "connectivity": [[0, 1, 1.0], [0, 16, 1.0], [0, 17, 1.0], [0, 18, 1.0], [1, 2, 1.0], [1, 19, 1.0], [1, 20, 1.0], [2, 3, 1.0], [2, 21, 1.0], [2, 22, 1.0], [3, 4, 1.0], [3, 23, 1.0], [3, 24, 1.0], [4, 5, 1.0], [4, 25, 1.0], [4, 26, 1.0], [5, 6, 1.0], [5, 27, 1.0], [5, 28, 1.0], [6, 7, 1.0], [6, 29, 1.0], [6, 30, 1.0], [7, 8, 1.0], [7, 31, 1.0], [7, 32, 1.0], [8, 9, 1.0], [8, 33, 1.0], [8, 34, 1.0], [9, 10, 1.0], [9, 35, 1.0], [9, 36, 1.0], [10, 11, 1.0], [10, 37, 1.0], [10, 38, 1.0], [11, 12, 1.0], [11, 39, 1.0], [11, 40, 1.0], [12, 13, 1.0], [12, 41, 1.0], [12, 42, 1.0], [13, 14, 1.0], [13, 43, 1.0], [13, 44, 1.0], [14, 15, 1.0], [14, 45, 1.0], [14, 46, 1.0], [15, 47, 1.0], [15, 48, 1.0], [15, 49, 1.0]], "fix_com": true, "fix_orientation": true, "provenance": {"creator": "QCElemental", "version": "v0.22.0", "routine": "qcelemental.molparse.from_schema"}, "id": "244728"}