{"schema_name": "qcschema_molecule", "schema_version": 2, "validated": true, "symbols": ["C", "C", "C", "C", "C", "C", "C", "C", "C", "C", "C", "C", "C", "C", "C", "C", "H", "H", "H", "H", "H", "H", "H", "H", "H", "H", "H", "H", "H", "H", "H", "H", "H", "H", "H", "H", "H", "H", "H", "H", "H", "H", "H", "H", "H", "H", "H", "H", "H", "H"], "geometry": [12.29817215456126, 0.14383790432699023, 2.7755575615628914e-17, 9.40670578259194, -3.2113833475155397e-15, 2.9693255036976692e-15, 8.225595864293732, 0.764031433810091, 2.536855725652474, 5.322886786980763, 0.8434575913245698, 2.51196658768048, 4.0784347061696735, -1.742953217513763, 2.102388477337443, 1.1751747764444531, -1.6941977489122129, 2.05582591921491, 0.0, -0.0, 0.0, 1.0051066213607003, -0.4384152538696028, -2.6894962700978864, 0.6193801320439059, -3.1298057302553515, -3.693471038712513, 1.4324386961921665, -3.4796193882606277, -6.46308323838498, 4.197836331245846, -2.8027292362650416, -7.054308176890707, 6.152211722967423, -4.345169530948118, -5.567796434932777, 8.900836657342667, -3.538376536823445, -6.032536358670498, 9.845060958642346, -3.9727896125716726, -8.739607120061915, 12.683906846755324, -3.46985187439581, -9.086850099692242, 13.461969147944703, -0.7157698140041562, -8.619806987698569, 12.95442953185501, 2.069438317681901, 0.39153555603149937, 13.080013411472535, -0.4314500881009765, -1.8285714456176685, 13.106408164570166, -1.0981217749101304, 1.448015839165759, 8.652735506367973, 1.2280007421546597, -1.4945431234319346, 8.829768992984464, -1.9243863879708605, -0.49599940935267817, 8.944449266094537, 2.636726003486296, 3.0696224203127795, 8.872453835759792, -0.5438445052205838, 4.015175753485196, 4.644828515650828, 1.6367888051908608, 4.30621657422738, 4.710425051364664, 2.1621407000065367, 1.0335248785015034, 4.76764902005291, -2.573416528338472, 0.33735425388924856, 4.6993932488237915, -3.028116168454421, 3.609573752831934, 0.47159102304797895, -1.0649848995075377, 3.9040359393956594, 0.49107549325857786, -3.636359712665603, 1.8185478215963615, -2.0554617618557702, -0.285154389529108, 0.013249217394983415, 0.2992162082979985, 1.9899188014983709, 0.49685630782323975, 3.0180278564648373, 0.04400365448368804, -2.750922924070297, 0.06720817712142879, 0.8966203973199955, -3.9731341340449005, -1.3881711688538385, -3.6305512471844823, -3.527439750419937, 1.63485877752644, -4.479050389978905, -2.495339567204313, 0.202260560167411, -2.323307937888633, -7.670293285046137, 1.090701371774641, -5.4515800941033135, -7.013081586518918, 4.5066579603589965, -3.071348544406125, -9.085355223516473, 4.518345966842353, -0.7849600175354481, -6.6959981459058415, 5.763379831919632, -4.172605829191907, -3.541077059997138, 5.930910632073837, -6.359457616025468, -6.025617295705438, 10.134083619635561, -4.578616052115764, -4.725516285792546, 9.097722093387544, -1.537552893981763, -5.531527794670195, 8.78491912126578, -2.774119000563915, -10.058927385512272, 9.437993327302777, -5.9346743014038115, -9.283313942809777, 13.756962941343422, -4.712998313383908, -7.817347165086053, 13.226389731986673, -4.005839929645424, -11.01517398202542, 13.13541389465017, -0.14619162308414446, -6.658013524000248, 15.472198569523158, -0.4296265324249475, -9.02273682344919, 12.385720831826593, 0.5745335329820258, -9.83321319523138], "name": "C16H34", "identifiers": {"molecule_hash": "f71bfe010afe5a3de708620ca0fd085cdc1c5fb3", "molecular_formula": "C16H34"}, "molecular_charge": 0.0, "molecular_multiplicity": 1, "connectivity": [[0, 1, 1.0], [0, 16, 1.0], [0, 17, 1.0], [0, 18, 1.0], [1, 2, 1.0], [1, 19, 1.0], [1, 20, 1.0], [2, 3, 1.0], [2, 21, 1.0], [2, 22, 1.0], [3, 4, 1.0], [3, 23, 1.0], [3, 24, 1.0], [4, 5, 1.0], [4, 25, 1.0], [4, 26, 1.0], [5, 6, 1.0], [5, 27, 1.0], [5, 28, 1.0], [6, 7, 1.0], [6, 29, 1.0], [6, 30, 1.0], [7, 8, 1.0], [7, 31, 1.0], [7, 32, 1.0], [8, 9, 1.0], [8, 33, 1.0], [8, 34, 1.0], [9, 10, 1.0], [9, 35, 1.0], [9, 36, 1.0], [10, 11, 1.0], [10, 37, 1.0], [10, 38, 1.0], [11, 12, 1.0], [11, 39, 1.0], [11, 40, 1.0], [12, 13, 1.0], [12, 41, 1.0], [12, 42, 1.0], [13, 14, 1.0], [13, 43, 1.0], [13, 44, 1.0], [14, 15, 1.0], [14, 45, 1.0], [14, 46, 1.0], [15, 47, 1.0], [15, 48, 1.0], [15, 49, 1.0]], "fix_com": true, "fix_orientation": true, "provenance": {"creator": "QCElemental", "version": "v0.22.0", "routine": "qcelemental.molparse.from_schema"}, "id": "249671"}