{"schema_name": "qcschema_molecule", "schema_version": 2, "validated": true, "symbols": ["C", "C", "C", "C", "C", "C", "C", "C", "C", "C", "C", "C", "C", "C", "C", "C", "H", "H", "H", "H", "H", "H", "H", "H", "H", "H", "H", "H", "H", "H", "H", "H", "H", "H", "H", "H", "H", "H", "H", "H", "H", "H", "H", "H", "H", "H", "H", "H", "H", "H"], "geometry": [0.0, 0.0, 0.0, 2.900650140009792, -1.9311236532497836e-16, 5.2601874508867146e-17, 4.1197406738149684, 2.6497749934198103, 8.881784197001252e-16, 4.737437992083726, 3.8268923038488936, -2.5894340076394915, 2.484106150507161, 4.395753357203339, -4.354922277626505, 1.746726361623168, 2.243354748228783, -6.168062374938253, 3.648946835497249, 1.843310802337073, -8.320288215467377, 2.9956646890120298, -0.3615006857285419, -10.098131598684848, 2.7331912237964784, -2.9554900254347243, -8.810881011624016, 5.035607878848211, -3.745446695632147, -7.240748995760707, 4.760165104490604, -6.381675980260839, -6.068210733664117, 6.980491664845855, -7.174462462059321, -4.372065436945385, 7.231461878355282, -5.597557765476399, -1.9528058328820794, 9.366208668135899, -6.488000802863154, -0.20900460834411794, 9.532243036237617, -5.027508946624094, 2.295924660145475, 10.146205977614143, -2.210108028742973, 1.9897010705579503, -0.7276674369999693, 0.9421081326969171, 1.6954080826705438, -0.7853226706917227, 0.9826034233073571, -1.6386843142574516, -0.7443645087708398, -1.9326737545430333, -0.011768541816530531, 3.5395346493319773, -1.028157836297278, 1.682847099930346, 3.606811096221929, -1.0900677674090873, -1.6128146773847587, 2.9046439599602003, 3.953805765442702, 1.0657672303403263, 5.901082259007753, 2.553990623146815, 1.0563168428408567, 6.099671923938635, 2.6064295528293333, -3.5679396414745277, 5.749394775391272, 5.598548725687114, -2.222240670857058, 2.9327330498286788, 6.065551477014623, -5.501456089772108, 0.8448748594549793, 4.930500148315409, -3.2034466183615122, -0.11195757677842527, 2.6562888560281595, -6.995082488765597, 1.519249000314427, 0.48500380740237636, -5.107403756757554, 5.543714482099249, 1.5509693415362626, -7.536748890401822, 3.7683130698839182, 3.5862814156901126, -9.440243487807354, 4.463256526556627, -0.482737937702173, -11.56046275753975, 1.2247837825867407, 0.06775243459511149, -11.091650256097175, 2.379602848888618, -4.385822675451614, -10.272083316995488, 1.0543045219945586, -2.9682588784070605, -7.5935901224190605, 6.739786731539622, -3.695023116541352, -8.428302240997448, 5.343260854200614, -2.3553030980298724, -5.739792238043412, 4.534066311875444, -7.773516260511948, -7.590424500147885, 3.0046844633290366, -6.45167193554286, -4.959762318464035, 8.749844110826986, -7.06360639715214, -5.454045380109283, 6.749188237579269, -9.169458091270727, -3.849735341924791, 7.53753645947243, -3.612630396605335, -2.448860560379402, 5.434004970547515, -5.659081634388615, -0.9134372672405049, 11.179129174368436, -6.336541354579868, -1.21150974232429, 9.102965865557177, -8.504425580966757, 0.20571316229004477, 10.98258455632286, -5.908343285643416, 3.487765929802319, 7.73911619035682, -5.231764115088165, 3.321331879814153, 8.652189744389196, -1.2039109188103758, 0.9749458638616384, 10.371163658788083, -1.292138810745146, 3.8316163720396923, 11.910311229853631, -1.9453074157256145, 0.9344899900542428], "name": "C16H34", "identifiers": {"molecule_hash": "713aa091a067482444b7c57d166f43624f246632", "molecular_formula": "C16H34"}, "molecular_charge": 0.0, "molecular_multiplicity": 1, "connectivity": [[0, 1, 1.0], [0, 16, 1.0], [0, 17, 1.0], [0, 18, 1.0], [1, 2, 1.0], [1, 19, 1.0], [1, 20, 1.0], [2, 3, 1.0], [2, 21, 1.0], [2, 22, 1.0], [3, 4, 1.0], [3, 23, 1.0], [3, 24, 1.0], [4, 5, 1.0], [4, 25, 1.0], [4, 26, 1.0], [5, 6, 1.0], [5, 27, 1.0], [5, 28, 1.0], [6, 7, 1.0], [6, 29, 1.0], [6, 30, 1.0], [7, 8, 1.0], [7, 31, 1.0], [7, 32, 1.0], [8, 9, 1.0], [8, 33, 1.0], [8, 34, 1.0], [9, 10, 1.0], [9, 35, 1.0], [9, 36, 1.0], [10, 11, 1.0], [10, 37, 1.0], [10, 38, 1.0], [11, 12, 1.0], [11, 39, 1.0], [11, 40, 1.0], [12, 13, 1.0], [12, 41, 1.0], [12, 42, 1.0], [13, 14, 1.0], [13, 43, 1.0], [13, 44, 1.0], [14, 15, 1.0], [14, 45, 1.0], [14, 46, 1.0], [15, 47, 1.0], [15, 48, 1.0], [15, 49, 1.0]], "fix_com": true, "fix_orientation": true, "provenance": {"creator": "QCElemental", "version": "v0.22.0", "routine": "qcelemental.molparse.from_schema"}, "id": "250953"}