{"schema_name": "qcschema_molecule", "schema_version": 2, "validated": true, "symbols": ["C", "C", "C", "C", "C", "C", "C", "C", "C", "C", "C", "C", "C", "C", "C", "C", "H", "H", "H", "H", "H", "H", "H", "H", "H", "H", "H", "H", "H", "H", "H", "H", "H", "H", "H", "H", "H", "H", "H", "H", "H", "H", "H", "H", "H", "H", "H", "H", "H", "H"], "geometry": [9.496859762674521, 2.079210620587963, 1.6653345369377348e-16, 7.480951997765247, -5.174373159714442e-16, -3.5593409031838155e-16, 4.789194998851879, 1.0587443413456585, 0.1547382337762034, 2.7370494454009564, -0.9796403289316603, 0.0039286033229347095, 0.0, -0.0, 0.0, -0.8013481046218616, 1.4444230278214651, 2.403416328132496, -0.44769119333929963, 4.325053925126303, 2.2661155475740684, -1.0582890596213512, 5.682938397343993, 4.764361262403702, 0.8663943605224023, 5.259595061752482, 6.918048470924243, 2.9665911798434688, 7.2560492900331575, 7.132624574306432, 4.694090400367477, 7.508802849564818, 4.818689793963939, 6.954949707516843, 9.28818800140053, 5.221807365537499, 8.871365544664743, 8.553765995647451, 7.28635024995013, 10.293617245473907, 6.044549124466986, 6.874592155216359, 8.964668862637168, 3.6583704373408183, 7.861630123211461, 10.550998699074611, 1.2631001884271458, 7.486188854841826, 11.41041607039927, 1.289800379826379, -0.02771984900977073, 9.295787147522622, 3.30911495177771, -1.6549650364919977, 9.331796044973485, 3.273156849503617, 1.6820021055549046, 7.674403211909614, -1.1530666340053157, -1.7143205446897625, 7.802664832924588, -1.2824579690793265, 1.5994285165557722, 4.600798407126798, 2.1166841745794818, 1.9248605170737942, 4.5044556645912674, 2.4367210786858537, -1.3731221520585446, 2.9744829116890834, -2.296680740749085, 1.5923868929668172, 3.0391805102637512, -2.1000585267643253, -1.7173791500323676, -1.2492583285498844, -1.6343751778081534, -0.2538478807099433, -0.2986803671330792, 1.2069066480850459, -1.6629941710876612, 0.23669272257780416, 0.6736726849360253, 4.025413677996225, -2.804127120599242, 1.0724592543019036, 2.795027447837085, 1.4751775246421057, 4.780162353276288, 1.667237841859081, -1.6961528807903512, 5.0587578174001635, 0.7794538515484645, -1.235868469321313, 7.720444648741324, 4.414425686745849, -2.9333168863688024, 5.053971430176308, 5.390989223234938, -0.1427783248364447, 5.2188392101130665, 8.72786890252285, 1.737119192513251, 3.387065682534266, 6.725592495303473, 4.111430246317746, 6.790952576267743, 8.79482856826134, 2.109154243219957, 9.106136451878642, 7.529843995289681, 5.371670404145968, 5.640115026930297, 4.240823768391311, 3.593291711131166, 8.223495052864275, 3.214994184815599, 7.977115030531337, 9.465854714101143, 3.4240987598032735, 6.230962540331399, 11.185042972554164, 5.656767033127097, 10.26635104990081, 10.084439848356261, 7.382503244049147, 7.9519195483974805, 8.526003906005023, 9.144669284410437, 10.71441875766227, 5.8187921029071035, 4.854295453726604, 12.137937538664405, 6.165778605721705, 7.818062339452237, 8.556561124846787, 3.9061089797763877, 9.88103719434086, 7.132599017133406, 3.408943442972072, 6.935692811958099, 9.58269011508294, -0.4083681939015693, 8.231163850614859, 12.377519523543272, 1.4175904904319823, 8.452037935701892, 10.932978607161617, 0.9272704952023256, 5.479292911880389], "name": "C16H34", "identifiers": {"molecule_hash": "add0a667099c697fe9b432ae3d0282058710180f", "molecular_formula": "C16H34"}, "molecular_charge": 0.0, "molecular_multiplicity": 1, "connectivity": [[0, 1, 1.0], [0, 16, 1.0], [0, 17, 1.0], [0, 18, 1.0], [1, 2, 1.0], [1, 19, 1.0], [1, 20, 1.0], [2, 3, 1.0], [2, 21, 1.0], [2, 22, 1.0], [3, 4, 1.0], [3, 23, 1.0], [3, 24, 1.0], [4, 5, 1.0], [4, 25, 1.0], [4, 26, 1.0], [5, 6, 1.0], [5, 27, 1.0], [5, 28, 1.0], [6, 7, 1.0], [6, 29, 1.0], [6, 30, 1.0], [7, 8, 1.0], [7, 31, 1.0], [7, 32, 1.0], [8, 9, 1.0], [8, 33, 1.0], [8, 34, 1.0], [9, 10, 1.0], [9, 35, 1.0], [9, 36, 1.0], [10, 11, 1.0], [10, 37, 1.0], [10, 38, 1.0], [11, 12, 1.0], [11, 39, 1.0], [11, 40, 1.0], [12, 13, 1.0], [12, 41, 1.0], [12, 42, 1.0], [13, 14, 1.0], [13, 43, 1.0], [13, 44, 1.0], [14, 15, 1.0], [14, 45, 1.0], [14, 46, 1.0], [15, 47, 1.0], [15, 48, 1.0], [15, 49, 1.0]], "fix_com": true, "fix_orientation": true, "provenance": {"creator": "QCElemental", "version": "v0.22.0", "routine": "qcelemental.molparse.from_schema"}, "id": "243051"}