{"schema_name": "qcschema_molecule", "schema_version": 2, "validated": true, "symbols": ["C", "C", "C", "C", "C", "C", "C", "C", "C", "C", "C", "C", "C", "C", "C", "C", "H", "H", "H", "H", "H", "H", "H", "H", "H", "H", "H", "H", "H", "H", "H", "H", "H", "H", "H", "H", "H", "H", "H", "H", "H", "H", "H", "H", "H", "H", "H", "H", "H", "H"], "geometry": [0.0, 0.0, 0.0, 2.8910905562411586, -5.775572020215272e-16, 3.4998269846374153e-16, 4.10277460490031, 2.5237585307522075, -0.7519964073365555, 3.6736720340669637, 4.667757097834054, 1.1451332416349966, 4.800483062011962, 7.22152407105051, 0.35233104206479915, 7.6805053892939625, 7.316627684317256, -8.881784197001252e-16, 9.276437603310784, 6.6491736858240085, 2.3285429512429276, 9.156919085251795, 8.496745728861939, 4.566275157310913, 10.276802478733243, 11.13834827212954, 4.0168849166150515, 8.375907757755106, 13.272374165175595, 3.4272283505397283, 7.674387889805376, 14.939692982918995, 5.7000306575300534, 6.242609259881381, 13.660939637647537, 7.875490976713346, 3.5321166677145723, 12.796228452734358, 7.302776737499198, 1.6698723193778928, 14.95656187443971, 6.802700856435199, -1.0452215437177084, 14.095226876923107, 6.265089635022031, -2.387441527410929, 12.859559629238515, 8.507858243987812, -0.7715725783892731, 1.276445662566784, 1.406224691298441, -0.7267245219323177, -1.8746647615908985, 0.4092929227567311, -0.7362499743198788, 0.5669464286756943, -1.831458567224793, 3.5454853571550036, -1.4478009833494945, -1.302942034249628, 3.5742471494293095, -0.5540765918209732, 1.8589262492679826, 3.3876421079920984, 3.0938496030178824, -2.5963499051485375, 6.118863149410471, 2.216863213369904, -0.9896653577368624, 1.6575357801372097, 4.943670710803958, 1.417368797048969, 4.416355305527529, 4.1066814111082355, 2.9777851473204695, 3.9262586561072195, 7.797729684867737, -1.4181184150175152, 4.233119635785765, 8.627555609948253, 1.7362512867857625, 8.184763622148818, 9.197911272590925, -0.6545367772840924, 8.21271118728164, 6.047804648643386, -1.5241673296541833, 11.239555112389183, 6.500259182386335, 1.7342716332981571, 8.7563692881847, 4.777388106543915, 2.9957254562651534, 10.208173619296053, 7.64039449919952, 6.109191639556677, 7.226303110945282, 8.662870790041765, 5.238383968399605, 11.58791992470089, 10.964959199605131, 2.4454877039867338, 11.424942116701411, 11.726736374900392, 5.615342386320453, 6.682575687753905, 12.500427820117984, 2.563347122754627, 9.202028194819594, 14.512318675449837, 2.0129017240866265, 6.591471042615236, 16.546663028945527, 5.0207343640179545, 9.413982381765372, 15.72753369676888, 6.463323305758301, 7.324795575283232, 12.046680246708691, 8.540227089684958, 6.177352212028285, 14.975245402610359, 9.456236440865945, 2.877731293735007, 11.695673006104954, 8.907619438771732, 3.518699654309086, 11.515658897665055, 5.696258615006959, 1.6658162428138055, 16.235981738967403, 8.415197946612539, 2.3169156922105882, 16.06023318727164, 5.197233801329027, -1.0426095318770283, 12.796296074869714, 4.6706670293053705, -2.137899373762676, 15.729488859986262, 5.6673656072316465, -2.3981192515871577, 14.10792407689025, 10.138577010907543, -1.4916095012016506, 11.10373389902427, 9.0706974932199, -4.338619679858928, 12.430093998601803, 8.040447640665336], "name": "C16H34", "identifiers": {"molecule_hash": "f7526d77576b3e6a9215b645dbdca4062cda9881", "molecular_formula": "C16H34"}, "molecular_charge": 0.0, "molecular_multiplicity": 1, "connectivity": [[0, 1, 1.0], [0, 16, 1.0], [0, 17, 1.0], [0, 18, 1.0], [1, 2, 1.0], [1, 19, 1.0], [1, 20, 1.0], [2, 3, 1.0], [2, 21, 1.0], [2, 22, 1.0], [3, 4, 1.0], [3, 23, 1.0], [3, 24, 1.0], [4, 5, 1.0], [4, 25, 1.0], [4, 26, 1.0], [5, 6, 1.0], [5, 27, 1.0], [5, 28, 1.0], [6, 7, 1.0], [6, 29, 1.0], [6, 30, 1.0], [7, 8, 1.0], [7, 31, 1.0], [7, 32, 1.0], [8, 9, 1.0], [8, 33, 1.0], [8, 34, 1.0], [9, 10, 1.0], [9, 35, 1.0], [9, 36, 1.0], [10, 11, 1.0], [10, 37, 1.0], [10, 38, 1.0], [11, 12, 1.0], [11, 39, 1.0], [11, 40, 1.0], [12, 13, 1.0], [12, 41, 1.0], [12, 42, 1.0], [13, 14, 1.0], [13, 43, 1.0], [13, 44, 1.0], [14, 15, 1.0], [14, 45, 1.0], [14, 46, 1.0], [15, 47, 1.0], [15, 48, 1.0], [15, 49, 1.0]], "fix_com": true, "fix_orientation": true, "provenance": {"creator": "QCElemental", "version": "v0.22.0", "routine": "qcelemental.molparse.from_schema"}, "id": "233454"}