{"schema_name": "qcschema_molecule", "schema_version": 2, "validated": true, "symbols": ["C", "C", "C", "C", "C", "C", "C", "C", "C", "C", "C", "C", "C", "C", "C", "C", "H", "H", "H", "H", "H", "H", "H", "H", "H", "H", "H", "H", "H", "H", "H", "H", "H", "H", "H", "H", "H", "H", "H", "H", "H", "H", "H", "H", "H", "H", "H", "H", "H", "H"], "geometry": [0.0, 0.0, -0.0, 2.8909055516494426, -1.6152813906516613e-16, 1.8851636138684594e-16, 4.093762835004447, 2.313584175314161, 1.2619485057326858, 3.6123754896586355, 4.8228139009300826, -0.09751412449574515, 5.015177885298841, 7.035423390374844, 1.1318354036502978, 4.407253719125375, 9.635030616008018, 8.881784197001252e-16, 5.062124438406539, 10.016381129186366, -2.8003295441660896, 7.87908820194852, 9.764314948091942, -3.4169276635023564, 8.540785846376542, 10.239112568995981, -6.199962722179029, 8.141815301581419, 12.9201178034276, -7.24302835297695, 9.79482664868262, 15.003918211549326, -6.049819371712846, 8.525957591687101, 16.49635147191764, -3.913036653279839, 10.21364551774881, 18.572293314676624, -2.783058756834709, 10.593142208125723, 20.94075952064877, -4.4444233686405665, 8.908940456800265, 23.200349876953872, -3.7607439268321503, 6.071220862053392, 22.771015129452827, -4.098077709870646, -0.767570726291517, 1.54486144179038, -1.1078999394855578, -0.7370061023782727, 0.17228587704529663, 1.9092127991168402, -0.7286686971195058, -1.7463675371145704, -0.7931767514211827, 3.573124902612429, -0.1503589659166985, -1.934125586386899, 3.54915744226035, -1.687128227627744, 0.9708733863373558, 6.124118764608547, 2.008550664743394, 1.3804110684266422, 3.422259818345192, 2.4508444930928706, 3.202298139975584, 4.1832713312977585, 4.633693660517254, -2.063121207460954, 1.5996674438188028, 5.237480403162589, -0.116951098428548, 4.532887915717508, 7.08989925292661, 3.130344817488641, 7.038299827042675, 6.686403004327308, 1.0543880102555834, 2.3993108268608863, 10.002628856109212, 0.25124766920185815, 5.3875550019961524, 11.06833531868452, 1.102793662397847, 3.998824774721029, 8.692361269345971, -3.958149228373066, 4.405457238209748, 11.88444729687509, -3.3411275367614577, 8.96713443710723, 11.020168342894284, -2.2079903394380977, 8.503794920811497, 7.863850753684962, -2.95224957152715, 10.513105910389331, 9.733518377396367, -6.4892632364116745, 7.449524436036938, 8.933521563402003, -7.356356876341836, 6.161350920230197, 13.4497640525443, -7.11231521993811, 8.554157990392953, 12.833232950957425, -9.253359558216156, 11.545303970071505, 14.177363752539067, -5.352890866338067, 10.349302825041189, 16.319599460515136, -7.524485588693103, 6.780483063335724, 17.317203055025733, -4.618753994140619, 7.9832643382823685, 15.21153571030975, -2.4084401927580212, 9.438263966883133, 19.150754187735984, -0.9693957529621722, 12.044366129367528, 17.74040320215559, -2.3599240755077027, 12.545490317532774, 21.558924301562506, -4.291762313347513, 10.310605756949812, 20.47116505197847, -6.424737697697644, 9.28174771379915, 23.745514126434646, -1.8133077985337795, 9.474818752394702, 24.80070915392619, -4.919487794564241, 5.627731692018642, 22.21501210492657, -6.024410089852705, 5.364698136557856, 21.309799430326414, -2.845215690361293, 5.025320480917992, 24.488450690460493, -3.6894742222310004], "name": "C16H34", "identifiers": {"molecule_hash": "b691c0f71971a6777a36f20f32db7c30695e48f9", "molecular_formula": "C16H34"}, "molecular_charge": 0.0, "molecular_multiplicity": 1, "connectivity": [[0, 1, 1.0], [0, 16, 1.0], [0, 17, 1.0], [0, 18, 1.0], [1, 2, 1.0], [1, 19, 1.0], [1, 20, 1.0], [2, 3, 1.0], [2, 21, 1.0], [2, 22, 1.0], [3, 4, 1.0], [3, 23, 1.0], [3, 24, 1.0], [4, 5, 1.0], [4, 25, 1.0], [4, 26, 1.0], [5, 6, 1.0], [5, 27, 1.0], [5, 28, 1.0], [6, 7, 1.0], [6, 29, 1.0], [6, 30, 1.0], [7, 8, 1.0], [7, 31, 1.0], [7, 32, 1.0], [8, 9, 1.0], [8, 33, 1.0], [8, 34, 1.0], [9, 10, 1.0], [9, 35, 1.0], [9, 36, 1.0], [10, 11, 1.0], [10, 37, 1.0], [10, 38, 1.0], [11, 12, 1.0], [11, 39, 1.0], [11, 40, 1.0], [12, 13, 1.0], [12, 41, 1.0], [12, 42, 1.0], [13, 14, 1.0], [13, 43, 1.0], [13, 44, 1.0], [14, 15, 1.0], [14, 45, 1.0], [14, 46, 1.0], [15, 47, 1.0], [15, 48, 1.0], [15, 49, 1.0]], "fix_com": true, "fix_orientation": true, "provenance": {"creator": "QCElemental", "version": "v0.22.0", "routine": "qcelemental.molparse.from_schema"}, "id": "234626"}