{"schema_name": "qcschema_molecule", "schema_version": 2, "validated": true, "symbols": ["C", "C", "C", "C", "C", "C", "C", "C", "C", "C", "C", "C", "C", "C", "C", "C", "H", "H", "H", "H", "H", "H", "H", "H", "H", "H", "H", "H", "H", "H", "H", "H", "H", "H", "H", "H", "H", "H", "H", "H", "H", "H", "H", "H", "H", "H", "H", "H", "H", "H"], "geometry": [0.0, 0.0, -0.0, 2.8905445165792774, -4.684146569330519e-16, 7.627414804738113e-16, 4.08784531741747, 1.5292714210301033, 2.1529868099521687, 3.487682549801655, 4.366698423473768, 2.2110363180557675, 4.408580846053576, 5.833249174896508, -0.10860362934244039, 3.8983325516876364, 8.685732899477275, -1.7763568394002505e-15, 5.290453940563169, 10.230209386779848, 2.0277724940607413, 8.19201890784015, 10.322845522717612, 1.7824573665021108, 9.626440421984206, 8.370107153818209, 3.3696880886635343, 12.494658968263394, 8.56113609917241, 3.0369969155632037, 14.037477662143685, 6.805565297877431, 4.74933274925707, 13.703589685408822, 3.980813151573753, 4.213163816878632, 15.444950808373779, 2.33306224797163, 5.835017322226113, 15.051150999090593, -0.5208296654055202, 5.53097278376835, 15.73680180615223, -1.5737524143499948, 2.924546286342059, 15.481093839125839, -4.44779101135941, 2.7842920836225282, -0.7671486895415633, 1.8694554681888282, -0.3492757628321431, -0.7286928195965294, -1.245188187755534, -1.4588128983246045, -0.7392524932972052, -0.6509541160588267, 1.8020871774561444, 3.5731215697421836, 0.6780223128198177, -1.813781161614088, 3.5499828617990112, -1.9397479134841464, 0.1584314391773367, 3.497107473544151, 0.7052873668889705, 3.94265380892388, 6.129241450812467, 1.291038420806637, 2.0642382306313705, 1.4638544441002126, 4.652527219166405, 2.427985193694442, 4.3465190134859695, 5.147900677888333, 3.903738630945526, 6.413082470167229, 5.48480582000089, -0.3968941142504423, 3.469991477957704, 5.104310707924307, -1.7836287024283968, 4.355612439871505, 9.492443073336572, -1.8356063406658465, 1.8768529495752897, 8.972351574528114, 0.25297542915068716, 4.5668606332415305, 12.14842892905029, 1.901604361652391, 4.7777252259314436, 9.572865190558122, 3.905395916728526, 8.720708338614738, 10.122282516993153, -0.1958347349349796, 8.842475474362358, 12.188539195300695, 2.3474920249642226, 9.157514956454866, 8.652740540717787, 5.35385790962916, 8.995756972485395, 6.478954173417231, 2.895513141458161, 12.97806334504908, 8.187695152446407, 1.071789422000477, 13.071632112200295, 10.500167705003014, 3.406561027487119, 16.027413582609604, 7.281064803607384, 4.541237194521142, 13.562835118345829, 7.186188883674436, 6.715005847708612, 11.755070150891559, 3.4247465084320172, 4.55593669838591, 14.064079661230185, 3.635853186983627, 2.219627087685392, 15.155042692027905, 2.820888000344495, 7.8116204041556685, 17.405597891392173, 2.7955827456928812, 5.415265995727647, 13.092155812886695, -0.9861772569210407, 5.9567046648201165, 16.186990319051485, -1.4887314587218423, 6.946148984342411, 14.543985713510502, -0.7254929171052036, 1.4851526957373598, 17.668726061909243, -1.0386422430547801, 2.464719056801754, 16.71250913489464, -5.3694128416578515, 4.144085903546733, 13.556773959731043, -5.040097678193808, 3.1863741538666615, 15.972951214295193, -5.149002029010596, 0.9198926834011945], "name": "C16H34", "identifiers": {"molecule_hash": "d9f709f8174c5ec53c493df054ce45876c693287", "molecular_formula": "C16H34"}, "molecular_charge": 0.0, "molecular_multiplicity": 1, "connectivity": [[0, 1, 1.0], [0, 16, 1.0], [0, 17, 1.0], [0, 18, 1.0], [1, 2, 1.0], [1, 19, 1.0], [1, 20, 1.0], [2, 3, 1.0], [2, 21, 1.0], [2, 22, 1.0], [3, 4, 1.0], [3, 23, 1.0], [3, 24, 1.0], [4, 5, 1.0], [4, 25, 1.0], [4, 26, 1.0], [5, 6, 1.0], [5, 27, 1.0], [5, 28, 1.0], [6, 7, 1.0], [6, 29, 1.0], [6, 30, 1.0], [7, 8, 1.0], [7, 31, 1.0], [7, 32, 1.0], [8, 9, 1.0], [8, 33, 1.0], [8, 34, 1.0], [9, 10, 1.0], [9, 35, 1.0], [9, 36, 1.0], [10, 11, 1.0], [10, 37, 1.0], [10, 38, 1.0], [11, 12, 1.0], [11, 39, 1.0], [11, 40, 1.0], [12, 13, 1.0], [12, 41, 1.0], [12, 42, 1.0], [13, 14, 1.0], [13, 43, 1.0], [13, 44, 1.0], [14, 15, 1.0], [14, 45, 1.0], [14, 46, 1.0], [15, 47, 1.0], [15, 48, 1.0], [15, 49, 1.0]], "fix_com": true, "fix_orientation": true, "provenance": {"creator": "QCElemental", "version": "v0.22.0", "routine": "qcelemental.molparse.from_schema"}, "id": "232391"}