{"schema_name": "qcschema_molecule", "schema_version": 2, "validated": true, "symbols": ["C", "C", "C", "C", "C", "C", "C", "C", "C", "C", "C", "C", "C", "C", "C", "C", "H", "H", "H", "H", "H", "H", "H", "H", "H", "H", "H", "H", "H", "H", "H", "H", "H", "H", "H", "H", "H", "H", "H", "H", "H", "H", "H", "H", "H", "H", "H", "H", "H", "H"], "geometry": [6.386090716638213, 2.894306896087414, 1.887379141862766e-15, 6.534354393830625, -1.9183843558922575e-15, -3.7937838715871053e-16, 5.880848092063895, -1.2243409743621612, 2.55261260142587, 3.2234294115304962, -0.7277948701286927, 3.6286942146410435, 0.9911987300755903, -1.7728554655273436, 2.0724425295744697, 0.0, -0.0, 0.0, -2.2746880452109663, -1.0271861154316888, -1.482022606422024, -4.672012443032339, -1.3907223569945084, 0.11454122141377863, -7.100659131172911, -1.8221636707177669, -1.4303539177028783, -7.696223590821171, 0.24225663690186608, -3.392438741241548, -7.6966085658771455, 2.9336495448208053, -2.3225840134366953, -8.054758086050485, 4.985020907597281, -4.344580976330798, -7.461350844379852, 7.681796739435477, -3.408376394439058, -4.706311685048573, 8.535048074165287, -3.794664156922294, -2.6730626888709987, 6.929740716662421, -2.4881877391088967, -0.010185951690675571, 8.025252298454769, -2.8042306609913643, 7.605715799722305, 3.6981764856057633, 1.4700227978537113, 6.994980493546755, 3.6729869754003848, -1.8188805331477613, 4.462528322591808, 3.567682757383785, 0.35065653803381786, 5.311578047411282, -0.7641731225013007, -1.4869647740372562, 8.461487959822588, -0.571907713747088, -0.510904141331356, 7.271310357727708, -0.5813563067028971, 3.954495840820888, 6.144359546751766, -3.2766248404051894, 2.3870229496245883, 3.1685394302248455, -1.5901286652233049, 5.513211234458686, 2.9495916077335815, 1.3045130599778645, 3.940541453804663, 1.5294618672434326, -3.5914429216408026, 1.2240400427739466, -0.5676977783377202, -2.1927969915682297, 3.3699604767550846, -0.5345114591709024, 1.8118574062045447, 0.8641905151375145, 1.5122893489312883, 0.4353387603250408, -1.3412010974169757, -2.668602080844507, 0.29911022752338784, -3.0216727576871514, -1.7684107888748324, -2.823585614252845, -2.393485771168104, -4.920252224591667, 0.2671300691582451, 1.3353822639929631, -4.4221676323971035, -2.9977147068475087, 1.3978706645528383, -8.691730809338619, -1.9843588623217048, -0.10823434346064834, -6.976202635902583, -3.6483706063520316, -2.407973667265665, -6.320600499074898, 0.14235396401564948, -4.94058095049329, -9.538412622621054, -0.16350573095776827, -4.256747791789631, -9.18543271107582, 3.1178917688693, -0.8862970335279436, -5.919471197501948, 3.272664233658764, -1.3304737094577357, -6.846857327216835, 4.555889735999839, -5.978656026761829, -10.00325262990095, 4.8963235797502165, -5.047849782846491, -8.678313777357113, 9.037030716340354, -4.39768340026718, -7.957651364964712, 7.834138956361339, -1.3979542700693313, -4.527035295356761, 10.494643383672743, -3.132600211750823, -4.304207541366188, 8.583422027110503, -5.832093565066251, -3.1154164892440845, 6.7608180184215065, -0.4677433331349451, -2.698005719685848, 5.004347042764145, -3.249843446176775, 0.49973268659519976, 8.177565952174893, -4.806665838291508, 1.409932191294681, 6.833140182886255, -1.8832815876059366, 0.12324435545536179, 9.921506802283531, -1.9806125593737223], "name": "C16H34", "identifiers": {"molecule_hash": "2a5c0e8eafdff960d01c055e955c638ba391957a", "molecular_formula": "C16H34"}, "molecular_charge": 0.0, "molecular_multiplicity": 1, "connectivity": [[0, 1, 1.0], [0, 16, 1.0], [0, 17, 1.0], [0, 18, 1.0], [1, 2, 1.0], [1, 19, 1.0], [1, 20, 1.0], [2, 3, 1.0], [2, 21, 1.0], [2, 22, 1.0], [3, 4, 1.0], [3, 23, 1.0], [3, 24, 1.0], [4, 5, 1.0], [4, 25, 1.0], [4, 26, 1.0], [5, 6, 1.0], [5, 27, 1.0], [5, 28, 1.0], [6, 7, 1.0], [6, 29, 1.0], [6, 30, 1.0], [7, 8, 1.0], [7, 31, 1.0], [7, 32, 1.0], [8, 9, 1.0], [8, 33, 1.0], [8, 34, 1.0], [9, 10, 1.0], [9, 35, 1.0], [9, 36, 1.0], [10, 11, 1.0], [10, 37, 1.0], [10, 38, 1.0], [11, 12, 1.0], [11, 39, 1.0], [11, 40, 1.0], [12, 13, 1.0], [12, 41, 1.0], [12, 42, 1.0], [13, 14, 1.0], [13, 43, 1.0], [13, 44, 1.0], [14, 15, 1.0], [14, 45, 1.0], [14, 46, 1.0], [15, 47, 1.0], [15, 48, 1.0], [15, 49, 1.0]], "fix_com": true, "fix_orientation": true, "provenance": {"creator": "QCElemental", "version": "v0.22.0", "routine": "qcelemental.molparse.from_schema"}, "id": "250435"}