{"schema_name": "qcschema_molecule", "schema_version": 2, "validated": true, "symbols": ["C", "C", "C", "C", "C", "C", "C", "C", "C", "C", "C", "C", "C", "C", "C", "C", "H", "H", "H", "H", "H", "H", "H", "H", "H", "H", "H", "H", "H", "H", "H", "H", "H", "H", "H", "H", "H", "H", "H", "H", "H", "H", "H", "H", "H", "H", "H", "H", "H", "H"], "geometry": [4.107260786197181, 2.6264089572976723, 1.3322676295501878e-15, 2.898798708425038, 2.374876348063703e-16, -1.3841068912358631e-15, 0.0, 0.0, 0.0, -1.1951030759496564, 1.0222365138715936, -2.4303746469454137, -4.095136981027254, 1.1162311205735005, -2.3998371757948145, -5.473172418690793, -1.419970168802164, -2.0893346501780856, -4.955101589759029, -3.4151101442995837, -4.1303211376410705, -5.933175864167965, -2.83351582537994, -6.802468461122336, -8.84364055437787, -2.7270960299968228, -7.030289799800765, -10.059972633537036, -0.0749766985744027, -7.0745779861840905, -10.628742890580604, 0.9589425409643133, -9.728862050221752, -8.352604738559476, 1.4877158804149175, -11.448577617369747, -6.615366550015033, 3.6720265336059095, -10.652783943153295, -7.847519505750677, 6.288879918458291, -10.790435127418288, -6.102191087260531, 8.474533071959183, -10.0292469161604, -3.883538850634044, 8.931172706923027, -11.825771773121895, 3.683270488081289, 3.670824520925124, -1.7121723082626847, 6.149330311624129, 2.4867745038412816, 0.14307853954267125, 3.4463029234415243, 3.740975617528094, 1.5933011720009238, 3.5477477391307612, -1.0189368702670327, 1.6621224375544403, 3.5778701575145573, -1.064457102750333, -1.62330023226566, -0.6758678228583805, 1.0981813908946272, 1.6047611854789823, -0.6371807901818499, -1.9260845558357218, 0.3154095900809001, -0.5219618335874385, 2.9318274804714464, -2.7700643906452416, -0.541635927297473, -0.09596514792738531, -4.02649591568949, -4.690656667107844, 2.3525674771487113, -0.8676488002163203, -4.723092216445262, 2.029706200451709, -4.127638290013531, -7.491634911380176, -1.0463119994678753, -1.9992711402358558, -4.986360649356773, -2.229801673862487, -0.2663074450318961, -5.800190906222414, -5.187222627802791, -3.5182707507221265, -2.935019224297206, -3.772110273913947, -4.235216067986707, -5.22677875673295, -4.31573974216465, -8.036599808344917, -5.096463592957813, -1.093325841416294, -7.494029900953604, -9.648371492021218, -3.800071522780561, -5.4748112119273085, -9.42115485344115, -3.7252161161710746, -8.730208914984164, -8.904199367001402, 1.2572104245801041, -6.0262311638372505, -11.85171002396848, -0.1599376882299235, -6.0732209442875735, -11.751373328954301, 2.667536691835009, -9.536737071155105, -11.843785963438675, -0.39689799601355613, -10.685347503892388, -7.227099827860354, -0.22139671875033162, -11.624667144976197, -9.059519829449869, 1.8848147828627848, -13.338815132734988, -4.967345786056413, 3.63407234467679, -11.87652805272675, -5.911623424427357, 3.3629897110041815, -8.747480624786526, -8.54140697359821, 6.612615935814762, -12.701140149227214, -9.495346058250545, 6.3348266528508015, -9.566982427637374, -5.386024531042624, 8.142135603964844, -8.130292234295885, -7.2233412506996295, 10.19319078477237, -9.92309108653485, -4.542893960919381, 9.246308669200868, -13.745071559126792, -2.583321670640556, 7.346806093231808, -11.863781677241088, -2.815307417748294, 10.587470573663367, -11.255185613972277], "name": "C16H34", "identifiers": {"molecule_hash": "f7526d77576b3e6a9215b645dbdca4062cda9881", "molecular_formula": "C16H34"}, "molecular_charge": 0.0, "molecular_multiplicity": 1, "connectivity": [[0, 1, 1.0], [0, 16, 1.0], [0, 17, 1.0], [0, 18, 1.0], [1, 2, 1.0], [1, 19, 1.0], [1, 20, 1.0], [2, 3, 1.0], [2, 21, 1.0], [2, 22, 1.0], [3, 4, 1.0], [3, 23, 1.0], [3, 24, 1.0], [4, 5, 1.0], [4, 25, 1.0], [4, 26, 1.0], [5, 6, 1.0], [5, 27, 1.0], [5, 28, 1.0], [6, 7, 1.0], [6, 29, 1.0], [6, 30, 1.0], [7, 8, 1.0], [7, 31, 1.0], [7, 32, 1.0], [8, 9, 1.0], [8, 33, 1.0], [8, 34, 1.0], [9, 10, 1.0], [9, 35, 1.0], [9, 36, 1.0], [10, 11, 1.0], [10, 37, 1.0], [10, 38, 1.0], [11, 12, 1.0], [11, 39, 1.0], [11, 40, 1.0], [12, 13, 1.0], [12, 41, 1.0], [12, 42, 1.0], [13, 14, 1.0], [13, 43, 1.0], [13, 44, 1.0], [14, 15, 1.0], [14, 45, 1.0], [14, 46, 1.0], [15, 47, 1.0], [15, 48, 1.0], [15, 49, 1.0]], "fix_com": true, "fix_orientation": true, "provenance": {"creator": "QCElemental", "version": "v0.22.0", "routine": "qcelemental.molparse.from_schema"}, "id": "233454"}