{"schema_name": "qcschema_molecule", "schema_version": 2, "validated": true, "symbols": ["C", "C", "C", "C", "C", "C", "C", "C", "C", "C", "C", "C", "C", "C", "C", "C", "H", "H", "H", "H", "H", "H", "H", "H", "H", "H", "H", "H", "H", "H", "H", "H", "H", "H", "H", "H", "H", "H", "H", "H", "H", "H", "H", "H", "H", "H", "H", "H", "H", "H"], "geometry": [0.0, 0.0, 0.0, 2.8967394407598976, -2.3237266249802926e-16, -3.579813798805615e-15, 4.018693866305016, 2.6740141542255875, 1.2212453270876722e-15, 6.912881795028193, 2.759404862981393, -0.18953819694832547, 8.295465428123045, 1.6262272983809314, 2.0975514410389393, 11.172043551919822, 2.0160131026384644, 2.038506898962946, 12.489660436269737, 0.6274887224932725, -0.13846976661687066, 15.387075310988992, 0.8407965286169081, -0.1385331584409289, 16.43650254331573, 3.554007483198346, -0.2696786885377543, 15.649388106633483, 5.162767652029706, -2.5714615951974724, 17.34570601993991, 4.937453858502154, -4.924483326372319, 17.44608690526108, 2.351895228088031, -6.250830140811043, 14.881328692264592, 1.2688789542864638, -7.0768640318518425, 13.35900604282936, 2.9942403709900756, -8.840037499432492, 10.8611095557089, 1.830692942508455, -9.757171641859161, 8.932646442127464, 1.3659493164696235, -7.640847507573164, -0.7596148237296406, -1.9258693411438548, 0.0026259270538793733, -0.744954736496709, 0.9732579052368691, 1.6704684758229065, -0.7462923507815138, 0.9709126218144675, -1.6711968936582555, 3.5787352361724647, -1.0503708560592129, 1.6505281159308562, 3.591203256859509, -1.0245592119867004, -1.6666729161665692, 3.2132890399297276, 3.7294969878083535, -1.5955791660908654, 3.4085904146583133, 3.671553452088198, 1.7169487261644893, 7.494770478784703, 1.784703755270507, -1.9230343238912477, 7.513422260328587, 4.734907190119437, -0.41018329552771227, 7.890794758207802, -0.4029764520045658, 2.2352632726627117, 7.534018549396294, 2.4876528284125796, 3.826207850515714, 11.984329667390572, 1.3734077817242332, 3.8377096807064053, 11.566907416437521, 4.048413395817066, 1.9183443423643884, 11.741816741117011, 1.316228715405614, -1.9394301115908703, 11.979645762677313, -1.3832086548516451, -0.05278954837559938, 16.11702744464597, -0.042435960775041304, 1.5925875032765495, 16.13245740113976, -0.2850840964351101, -1.7072637578485805, 15.861342726521665, 4.547407464273308, 1.454433275506863, 18.50860533301241, 3.465720541228673, -0.19126471812524148, 15.678547561595252, 7.155670787244871, -2.001222071437428, 13.679624446934788, 4.769310952075546, -3.076973051242974, 19.28021188994172, 5.464030437100452, -4.387432423845227, 16.737280400239328, 6.368943157467668, -6.294936238105793, 18.385775231077186, 0.9759630397378539, -5.018731162915395, 18.665087643495404, 2.5388429170936946, -7.920795438030429, 13.75464044200793, 0.8240911304310838, -5.4034187650192305, 15.208129306224972, -0.5434849454554178, -8.03560597253332, 12.942259372137572, 4.786453158463056, -7.883033383075897, 14.528682102533121, 3.477675805458618, -10.485579473449459, 10.016929620224433, 3.09306504409812, -11.169061568682235, 11.253159921610768, 0.0445693157664524, -10.73883121768774, 7.133661137992613, 0.683921823867337, -8.404937575558932, 9.60192700342647, -0.04339155991426047, -6.282783856304548, 8.54860481598384, 3.111265817267043, -6.591556242794437], "name": "C16H34", "identifiers": {"molecule_hash": "ef740f62de9b7a225d8d2e17f6e87020c5b34dd7", "molecular_formula": "C16H34"}, "molecular_charge": 0.0, "molecular_multiplicity": 1, "connectivity": [[0, 1, 1.0], [0, 16, 1.0], [0, 17, 1.0], [0, 18, 1.0], [1, 2, 1.0], [1, 19, 1.0], [1, 20, 1.0], [2, 3, 1.0], [2, 21, 1.0], [2, 22, 1.0], [3, 4, 1.0], [3, 23, 1.0], [3, 24, 1.0], [4, 5, 1.0], [4, 25, 1.0], [4, 26, 1.0], [5, 6, 1.0], [5, 27, 1.0], [5, 28, 1.0], [6, 7, 1.0], [6, 29, 1.0], [6, 30, 1.0], [7, 8, 1.0], [7, 31, 1.0], [7, 32, 1.0], [8, 9, 1.0], [8, 33, 1.0], [8, 34, 1.0], [9, 10, 1.0], [9, 35, 1.0], [9, 36, 1.0], [10, 11, 1.0], [10, 37, 1.0], [10, 38, 1.0], [11, 12, 1.0], [11, 39, 1.0], [11, 40, 1.0], [12, 13, 1.0], [12, 41, 1.0], [12, 42, 1.0], [13, 14, 1.0], [13, 43, 1.0], [13, 44, 1.0], [14, 15, 1.0], [14, 45, 1.0], [14, 46, 1.0], [15, 47, 1.0], [15, 48, 1.0], [15, 49, 1.0]], "fix_com": true, "fix_orientation": true, "provenance": {"creator": "QCElemental", "version": "v0.22.0", "routine": "qcelemental.molparse.from_schema"}, "id": "244955"}