{"schema_name": "qcschema_molecule", "schema_version": 2, "validated": true, "symbols": ["C", "C", "C", "C", "C", "C", "C", "C", "C", "C", "C", "C", "C", "C", "C", "C", "H", "H", "H", "H", "H", "H", "H", "H", "H", "H", "H", "H", "H", "H", "H", "H", "H", "H", "H", "H", "H", "H", "H", "H", "H", "H", "H", "H", "H", "H", "H", "H", "H", "H"], "geometry": [0.0, -0.0, 0.0, 2.9005735043542056, -8.318717902844178e-16, -3.8230097609909756e-16, 4.07836787134312, 2.6145844522257997, -0.45679655341399283, 3.5052205774361807, 4.542599173168658, 1.630799590184078, 4.831264480339378, 7.106077900273947, 1.295749223663766, 4.256725614027135, 8.482735184114729, -1.2000729655411702, 1.4581328224715775, 9.048907242095323, -1.7548506564009894, 0.22108270684531295, 11.027594349760344, 3.552713678800501e-15, -1.0147923214361765, 10.029628664490044, 2.448550722709825, -3.8255434561911543, 9.276958712525099, 2.321661651939174, -4.564315671161306, 7.0695564705823335, 0.5686134181326179, -5.007086326625859, 7.642839380665633, -2.252155739690866, -7.219369978916577, 9.462355430933883, -2.825125611968106, -6.518498850948189, 12.266307688149318, -3.155088287191001, -4.895284773334621, 12.824006280090387, -5.49175143868715, -4.221235167976714, 15.630147880876692, -5.73871455431421, -0.7465293560264205, -1.9233364489207783, 0.16862125344858014, -0.7409786856693756, 0.8117775748653211, -1.7573305076824433, -0.7718130878171892, 1.1032492160933391, 1.570371642596579, 3.5909866483534403, -0.7598030588462632, 1.8038085591177198, 3.5730184908896696, -1.2989546704867159, -1.4697507623829604, 6.136196016533507, 2.410715505831018, -0.6399131694028474, 3.4050854502436847, 3.3343611908001227, -2.281659648632905, 1.4607545714044674, 4.832477391270605, 1.7537420131228967, 4.073340939444632, 3.7393216919443697, 3.458870366331773, 6.883252893973168, 6.816043589550018, 1.413135883142329, 4.341280359060349, 8.33020697899827, 2.894999301789426, 5.017257042418734, 7.364497146597998, -2.770725970907468, 5.310400800673376, 10.270610515017761, -1.2214821052622131, 1.3477520781647312, 9.742159422401361, -3.706065523535141, 0.38044790125823535, 7.284626649508277, -1.7268261007079864, 1.6782697805934297, 12.41426484964156, 0.5072586142893387, -1.2000956366953375, 12.093875682093934, -1.063355938174892, 0.06627067258524633, 8.423746551370844, 3.1766387735851223, -0.860792292196169, 11.504151122768572, 3.8988413103001327, -4.96380320921366, 10.94476635229529, 1.8635654239994057, -4.378788774267516, 8.751852721172384, 4.25067692020261, -3.1342136213393323, 5.574200702548856, 0.7307641496283952, -6.319581217828757, 6.237900428632086, 1.2996860076233374, -3.279784719749016, 8.348668461347087, -3.132193451103482, -5.390509440423231, 5.826888991218762, -3.1759454681936603, -8.163248944521118, 8.845205594595855, -4.566329597911064, -8.642634015716737, 9.291623244819903, -1.3250458161696974, -8.269363314031452, 13.372951487706814, -3.2925231968638533, -5.537473176078963, 12.968169842375332, -1.471826698572169, -3.1478344066022323, 11.712443066535595, -5.424930569772503, -5.910246247680073, 12.196371176540197, -7.189859431241122, -3.0822573095515047, 15.991497684221017, -7.429173955314404, -5.925380535486923, 16.801779683219888, -5.86233891564597, -3.135828525273176, 16.27959060614395, -4.097608444026871], "name": "C16H34", "identifiers": {"molecule_hash": "cb437d5b546ffb60510c937ff2ddafd4d8d8b5bc", "molecular_formula": "C16H34"}, "molecular_charge": 0.0, "molecular_multiplicity": 1, "connectivity": [[0, 1, 1.0], [0, 16, 1.0], [0, 17, 1.0], [0, 18, 1.0], [1, 2, 1.0], [1, 19, 1.0], [1, 20, 1.0], [2, 3, 1.0], [2, 21, 1.0], [2, 22, 1.0], [3, 4, 1.0], [3, 23, 1.0], [3, 24, 1.0], [4, 5, 1.0], [4, 25, 1.0], [4, 26, 1.0], [5, 6, 1.0], [5, 27, 1.0], [5, 28, 1.0], [6, 7, 1.0], [6, 29, 1.0], [6, 30, 1.0], [7, 8, 1.0], [7, 31, 1.0], [7, 32, 1.0], [8, 9, 1.0], [8, 33, 1.0], [8, 34, 1.0], [9, 10, 1.0], [9, 35, 1.0], [9, 36, 1.0], [10, 11, 1.0], [10, 37, 1.0], [10, 38, 1.0], [11, 12, 1.0], [11, 39, 1.0], [11, 40, 1.0], [12, 13, 1.0], [12, 41, 1.0], [12, 42, 1.0], [13, 14, 1.0], [13, 43, 1.0], [13, 44, 1.0], [14, 15, 1.0], [14, 45, 1.0], [14, 46, 1.0], [15, 47, 1.0], [15, 48, 1.0], [15, 49, 1.0]], "fix_com": true, "fix_orientation": true, "provenance": {"creator": "QCElemental", "version": "v0.22.0", "routine": "qcelemental.molparse.from_schema"}, "id": "251351"}