{"schema_name": "qcschema_molecule", "schema_version": 2, "validated": true, "symbols": ["C", "C", "C", "C", "C", "C", "C", "C", "C", "C", "C", "C", "C", "C", "C", "C", "H", "H", "H", "H", "H", "H", "H", "H", "H", "H", "H", "H", "H", "H", "H", "H", "H", "H", "H", "H", "H", "H", "H", "H", "H", "H", "H", "H", "H", "H", "H", "H", "H", "H"], "geometry": [11.99242512929551, 2.826940045774376, -2.7755575615628914e-16, 11.388947880236874, -6.072786427392341e-15, -1.8074538754951442e-15, 10.529302492385197, -1.0385287916403838, 2.5654196139078485, 8.001679603802254, -0.0722514810006138, 3.619298935626135, 5.629864613973807, -0.8039386391811179, 2.0895126967543205, 4.7179678401107905, 1.2215990964961299, 0.2277738223113821, 2.4795195241937384, 0.42283108498517497, -1.4337350445956436, 0.0, -0.0, 0.0, -2.221141551300326, -0.8376918886589211, -1.6682640198715257, -3.0753887963538387, 1.0195303081360445, -3.725264022963649, -4.018301715850651, 3.5698001148839085, -2.7367253712864588, -5.119724475460237, 5.237708315976658, -4.833344701099076, -6.039525586081967, 7.85973986501513, -3.9562189636024634, -4.160692286804887, 10.040720514309067, -4.308512706257806, -1.7019789816842175, 9.853599080111742, -2.7970968882799183, -0.042414564901460894, 12.199835257809342, -3.094173192390823, 13.434780596743684, 3.267951130218493, 1.3936382754867158, 12.695269612952124, 3.4239252623126704, -1.8330347062674757, 10.344829815088447, 3.9685041168908692, 0.4295188580246491, 9.98146157510137, -0.40967031553313726, -1.4373988627131984, 13.07776450094743, -1.0268553710540986, -0.562984436580704, 11.997519342204646, -0.6339083107318875, 3.9486016751192565, 10.42459186000641, -3.0882426453109346, 2.4356647908217925, 7.8198810865971895, -0.8456607279357877, 5.513209189530927, 8.065343025311227, 1.9671449931175002, 3.8627378469353064, 5.982844878163241, -2.5576291467922325, 1.072169122928247, 4.111513122409137, -1.215023270078191, 3.4057944483607328, 4.2077148671002895, 2.9144320341846157, 1.2813007695348584, 6.2644101443004745, 1.7678406586899063, -1.0042432391643465, 2.1994335019197297, 1.8753283884817307, -2.8580502825301166, 2.973752568612436, -1.2931528230020115, -2.457947532202619, -0.4930847573187567, 1.7154300123872603, 1.0192397718383193, 0.27443559582814625, -1.4458465600561943, 1.4309432217089493, -3.8274026052442283, -1.2427886862778676, -0.44931287581835666, -1.7277310227182279, -2.620878503368714, -2.566746940065595, -1.5550896226367006, 1.331816014310522, -5.071655708180404, -4.589970903037397, 0.1251549672285398, -4.791170715805915, -5.469898638124226, 3.2501327626485286, -1.3130339517978684, -2.494542511836838, 4.557553708624671, -1.7850450452734203, -3.7316622816648453, 5.462583821201547, -6.335388744105041, -6.696452536179139, 4.226909258905089, -5.678457353836049, -7.736930556736287, 8.347497763153427, -5.0045246266582994, -6.609947794266378, 7.762696528928445, -1.982083255546998, -5.110759099985508, 11.791100940833074, -3.793706497895847, -3.704440102028955, 10.20965751463096, -6.308169542937003, -2.139830527956413, 9.576780609508049, -0.8071558855442209, -0.6355998646807697, 8.203757523364905, -3.3930503853843232, 0.46668307825214506, 12.502226279552525, -5.0601245979778415, 1.69638725223802, 12.022920299411144, -2.019537190863578, -1.015133683165071, 13.884156264371871, -2.4373584669726256], "name": "C16H34", "identifiers": {"molecule_hash": "1941fb4fbec9fb751430ca20d8e97d41ed735069", "molecular_formula": "C16H34"}, "molecular_charge": 0.0, "molecular_multiplicity": 1, "connectivity": [[0, 1, 1.0], [0, 16, 1.0], [0, 17, 1.0], [0, 18, 1.0], [1, 2, 1.0], [1, 19, 1.0], [1, 20, 1.0], [2, 3, 1.0], [2, 21, 1.0], [2, 22, 1.0], [3, 4, 1.0], [3, 23, 1.0], [3, 24, 1.0], [4, 5, 1.0], [4, 25, 1.0], [4, 26, 1.0], [5, 6, 1.0], [5, 27, 1.0], [5, 28, 1.0], [6, 7, 1.0], [6, 29, 1.0], [6, 30, 1.0], [7, 8, 1.0], [7, 31, 1.0], [7, 32, 1.0], [8, 9, 1.0], [8, 33, 1.0], [8, 34, 1.0], [9, 10, 1.0], [9, 35, 1.0], [9, 36, 1.0], [10, 11, 1.0], [10, 37, 1.0], [10, 38, 1.0], [11, 12, 1.0], [11, 39, 1.0], [11, 40, 1.0], [12, 13, 1.0], [12, 41, 1.0], [12, 42, 1.0], [13, 14, 1.0], [13, 43, 1.0], [13, 44, 1.0], [14, 15, 1.0], [14, 45, 1.0], [14, 46, 1.0], [15, 47, 1.0], [15, 48, 1.0], [15, 49, 1.0]], "fix_com": true, "fix_orientation": true, "provenance": {"creator": "QCElemental", "version": "v0.22.0", "routine": "qcelemental.molparse.from_schema"}, "id": "235056"}