{"schema_name": "qcschema_molecule", "schema_version": 2, "validated": true, "symbols": ["C", "C", "C", "C", "C", "C", "C", "C", "C", "C", "C", "C", "C", "C", "C", "C", "H", "H", "H", "H", "H", "H", "H", "H", "H", "H", "H", "H", "H", "H", "H", "H", "H", "H", "H", "H", "H", "H", "H", "H", "H", "H", "H", "H", "H", "H", "H", "H", "H", "H"], "geometry": [8.617961850017606, 1.2984455420375343, 1.1102230246251565e-16, 6.0374485047451145, 2.3101480933062744e-15, 1.5974432193988935e-15, 4.289906837590991, 0.9950245854935702, -2.0806757475828985, 1.741286290555846, -0.36849069876976326, -2.284655065889149, -0.0, 0.0, 0.0, -2.6892503829462218, -1.0198471581611266, -0.3716753369718749, -2.9219646367312215, -3.8751297784603462, -0.8385673053068694, -1.8744309657168585, -5.602238773883848, 1.242616310784706, -3.190721817956824, -5.314148203785958, 3.805982237770388, -2.4908814917190742, -7.3572511782079735, 5.742601288766763, 0.2984645202022316, -7.501265710256809, 6.52777314407432, 1.2855306285174262, -5.137059531452099, 7.876054046497447, 4.065728421740579, -5.287702225043463, 8.685025538474617, 4.61641408113589, -7.2431981345447465, 10.749461075868844, 7.303453007763194, -7.113400828506762, 11.826150739515237, 9.385713355279723, -7.780130736905753, 9.934793734673361, 9.591528459745877, 1.01398061480743, -1.7849303605480706, 9.82053333499075, 0.5651731025624216, 1.4918668594850022, 8.427918842928486, 3.3221914083129125, 0.28937115004361114, 6.294943221557695, -2.026180041921819, -0.24329452768733872, 5.160944642019232, 0.2549069291324163, 1.8388306936064844, 5.262640331150159, 0.8301076756011816, -3.885207128937788, 3.964723839460219, 3.0060318008528593, -1.7889852214421091, 0.7716149645459053, 0.3146004101372901, -3.96524566222788, 2.0819327773104064, -2.3711756003414677, -2.596009231814754, 0.8383213621283748, -0.85280991455562, 1.6677357938823283, -0.13546074632640426, 2.01265759446736, 0.4034720529302305, -3.5457099323517616, -0.04359066792820798, -1.966498748679725, -3.8144362915786885, -0.5052257815115637, 1.2676258802977278, -4.9126534905717385, -4.313331163319196, -1.112402302487004, -1.9968748056245682, -4.351830258148688, -2.6091626824252048, 0.14410589489840397, -5.290834464219155, 1.4495063146042269, -2.080978563188099, -7.549546731102222, 0.6122810317558791, -5.225221675734549, -5.396100354057686, 3.5125762054805705, -2.8125142038748483, -3.4551059336111813, 4.587885480174648, -3.0444289726447664, -9.187640517593998, 4.985635571873155, -3.631476756082785, -7.0728526308758255, 7.430428834400667, 0.5094107374708177, -9.127199568768352, 7.763205320418002, 1.472895635764909, -7.885054144381477, 4.885131797464876, 1.0716636117951301, -3.509724824679002, 6.642107121719459, 0.11703955990672821, -4.759677487628637, 9.528013632443747, 4.640353946511603, -3.4355000769795447, 9.371436433021689, 5.220807255326708, -5.667787100661489, 7.028482337285418, 4.280681900868225, -9.140095648447646, 10.03512512509388, 3.283380288761955, -6.9640364252364115, 12.291107019471784, 7.6438738140968985, -5.230560779170687, 12.579531567208083, 7.427760074101606, -8.400129267448493, 13.423412793176139, 9.474269177453222, -6.438364280003124, 8.387148790754827, 11.223519494174269, -7.788656683642184, 10.847068132778215, 9.081050746080273, -9.644900064326526, 9.129856398168684], "name": "C16H34", "identifiers": {"molecule_hash": "0ea835bdab250fc2ba6f595e1ca9cec689337910", "molecular_formula": "C16H34"}, "molecular_charge": 0.0, "molecular_multiplicity": 1, "connectivity": [[0, 1, 1.0], [0, 16, 1.0], [0, 17, 1.0], [0, 18, 1.0], [1, 2, 1.0], [1, 19, 1.0], [1, 20, 1.0], [2, 3, 1.0], [2, 21, 1.0], [2, 22, 1.0], [3, 4, 1.0], [3, 23, 1.0], [3, 24, 1.0], [4, 5, 1.0], [4, 25, 1.0], [4, 26, 1.0], [5, 6, 1.0], [5, 27, 1.0], [5, 28, 1.0], [6, 7, 1.0], [6, 29, 1.0], [6, 30, 1.0], [7, 8, 1.0], [7, 31, 1.0], [7, 32, 1.0], [8, 9, 1.0], [8, 33, 1.0], [8, 34, 1.0], [9, 10, 1.0], [9, 35, 1.0], [9, 36, 1.0], [10, 11, 1.0], [10, 37, 1.0], [10, 38, 1.0], [11, 12, 1.0], [11, 39, 1.0], [11, 40, 1.0], [12, 13, 1.0], [12, 41, 1.0], [12, 42, 1.0], [13, 14, 1.0], [13, 43, 1.0], [13, 44, 1.0], [14, 15, 1.0], [14, 45, 1.0], [14, 46, 1.0], [15, 47, 1.0], [15, 48, 1.0], [15, 49, 1.0]], "fix_com": true, "fix_orientation": true, "provenance": {"creator": "QCElemental", "version": "v0.22.0", "routine": "qcelemental.molparse.from_schema"}, "id": "233634"}