{"schema_name": "qcschema_molecule", "schema_version": 2, "validated": true, "symbols": ["C", "C", "C", "C", "C", "C", "C", "C", "C", "C", "C", "C", "C", "C", "C", "C", "H", "H", "H", "H", "H", "H", "H", "H", "H", "H", "H", "H", "H", "H", "H", "H", "H", "H", "H", "H", "H", "H", "H", "H", "H", "H", "H", "H", "H", "H", "H", "H", "H", "H"], "geometry": [9.177088886943832, 2.892166448904511, -5.273559366969494e-16, 8.991703454547276, 8.91142813638348e-16, 1.3021930416818187e-15, 8.632332037168277, -1.1687104155326056, 2.6356935614569608, 6.262982169066672, -0.38369389970216966, 4.131124598976718, 3.7002100719794764, -1.150823587692762, 2.973266235120877, 2.590090516802762, 0.7453143624646408, 1.0777966601263844, -0.0, -0.0, 0.0, -2.1270060952941496, -0.10456983750614311, 1.9731318109387461, -4.810234241666041, -0.23983593569207948, 0.8536868006461876, -5.481259795225066, 1.899655335392415, -1.0006613042934684, -4.997845381177006, 4.562073379841275, 0.03182391714664112, -5.447644395441823, 6.6621548027543405, -1.9206632476446215, -4.403913731007991, 9.263603861776073, -1.1179801506229583, -1.6710369488263872, 9.801077575389712, -1.960597113244991, 0.3528570714544097, 7.9606200187120075, -0.9938692303575498, 3.034696596182644, 8.748529321066984, -1.7540514233857993, 10.706060553486141, 3.536102458903235, 1.2418738842522177, 9.562773668514305, 3.6154866944817563, -1.9009131731379778, 7.427322606151256, 3.776808483385623, 0.6574296733966785, 7.461386954462824, -0.6039624155608418, -1.2583988254535503, 10.730147598919336, -0.7825561246717423, -0.8169229611677393, 10.299060567449377, -0.703366271727874, 3.7835446171911777, 8.62875079006347, -3.235792209767874, 2.446254080444731, 6.421304933686816, -1.2540003768874288, 6.006101244208545, 6.278271186538378, 1.6631760852370403, 4.466685140214801, 3.879953918899253, -3.0098718385979946, 2.063098080175334, 2.33886705867329, -1.4038998804453027, 4.5136426899726185, 2.4158555138997735, 2.597082144821501, 2.002974076001557, 3.9003321966341193, 1.0194641010567043, -0.49810560718192487, -0.4881665216322164, 1.378762539167085, -1.4647389367538772, 0.1405486964002634, -1.8326917761361772, -0.9672744377683585, -1.979594400345049, 1.5577863085452865, 3.2041445416496415, -1.8542950823808908, -1.743040058103104, 3.2112050483394268, -6.169599744508858, -0.23345247264951186, 2.421456303766916, -5.0580589658841895, -2.0578891855187287, -0.1156051329681548, -4.400160773898687, 1.6598614110558603, -2.753598129909462, -7.474835370170689, 1.7158169433262853, -1.5458159020883937, -6.19864724324368, 4.899745250305642, 1.6924007497739695, -3.054560700336033, 4.685673098652542, 0.7143184587388871, -4.582634184691387, 6.1153379312650875, -3.727906374736513, -7.482602527101996, 6.803718325735572, -2.2921338238031366, -5.604395486327595, 10.759176938336141, -1.9044221332205646, -4.541369053885458, 9.450311886087599, 0.9454067796003361, -1.162421848732901, 11.720330947866518, -1.353753112999571, -1.6073865982047089, 9.824793976255048, -4.036779316245408, 0.23320408561714082, 7.821918731655732, 1.0732186913976172, -0.017067588380478643, 6.058791926610417, -1.7246824927728348, 3.2216128132546262, 8.8628341192402, -3.8143814568950014, 4.441574323737619, 7.392554497327742, -1.0699159331603756, 3.5177886157955114, 10.608381266405818, -0.9797747225391917], "name": "C16H34", "identifiers": {"molecule_hash": "2a5c0e8eafdff960d01c055e955c638ba391957a", "molecular_formula": "C16H34"}, "molecular_charge": 0.0, "molecular_multiplicity": 1, "connectivity": [[0, 1, 1.0], [0, 16, 1.0], [0, 17, 1.0], [0, 18, 1.0], [1, 2, 1.0], [1, 19, 1.0], [1, 20, 1.0], [2, 3, 1.0], [2, 21, 1.0], [2, 22, 1.0], [3, 4, 1.0], [3, 23, 1.0], [3, 24, 1.0], [4, 5, 1.0], [4, 25, 1.0], [4, 26, 1.0], [5, 6, 1.0], [5, 27, 1.0], [5, 28, 1.0], [6, 7, 1.0], [6, 29, 1.0], [6, 30, 1.0], [7, 8, 1.0], [7, 31, 1.0], [7, 32, 1.0], [8, 9, 1.0], [8, 33, 1.0], [8, 34, 1.0], [9, 10, 1.0], [9, 35, 1.0], [9, 36, 1.0], [10, 11, 1.0], [10, 37, 1.0], [10, 38, 1.0], [11, 12, 1.0], [11, 39, 1.0], [11, 40, 1.0], [12, 13, 1.0], [12, 41, 1.0], [12, 42, 1.0], [13, 14, 1.0], [13, 43, 1.0], [13, 44, 1.0], [14, 15, 1.0], [14, 45, 1.0], [14, 46, 1.0], [15, 47, 1.0], [15, 48, 1.0], [15, 49, 1.0]], "fix_com": true, "fix_orientation": true, "provenance": {"creator": "QCElemental", "version": "v0.22.0", "routine": "qcelemental.molparse.from_schema"}, "id": "250435"}