{"schema_name": "qcschema_molecule", "schema_version": 2, "validated": true, "symbols": ["C", "C", "C", "C", "C", "C", "C", "C", "C", "C", "C", "C", "C", "C", "C", "C", "H", "H", "H", "H", "H", "H", "H", "H", "H", "H", "H", "H", "H", "H", "H", "H", "H", "H", "H", "H", "H", "H", "H", "H", "H", "H", "H", "H", "H", "H", "H", "H", "H", "H"], "geometry": [0.0, 0.0, 0.0, 2.8887768809654863, -3.570817279342049e-16, 2.5564506400823786e-15, 4.002302619751721, 2.6648616888089385, 0.1759650301695234, 6.891747853424775, 2.790414592022323, 6.106226635438361e-16, 8.281551242956231, 1.5515996591221852, 2.219119841815634, 11.14118378225252, 2.0234439415289196, 2.2517529495650983, 12.571231114308405, 0.8328054525310542, 0.031909568862085236, 15.46097187271318, 0.9029920723893328, 0.2871655791445732, 16.67279384962411, 3.542274296649065, 0.36725971752161546, 16.468937555540553, 5.156320707071136, -2.053687174376598, 18.741186713834548, 5.004771745733721, -3.856800557879259, 19.25021202014857, 2.457302549804594, -5.147368681115517, 17.161461908703803, 1.4690132934297522, -6.9003316280851, 16.62550083548485, 3.162123579637153, -9.188143335215228, 14.838233000655608, 1.9903702102311969, -11.14489737809648, 12.140676886209015, 1.560448180812148, -10.197975526403708, -0.7446158922109456, -1.907951846258041, -0.12201343988456201, -0.7400946473563053, 0.8503591779593968, 1.7160070530029476, -0.7419025957276739, 1.0638957771884878, -1.5913967302596848, 3.5576737141229353, -1.1477623078403592, 1.5650826333333216, 3.5698956691448673, -0.9068707145616122, -1.7157706908702228, 3.2077591562752477, 3.806968034710049, -1.338675304147976, 3.3888700540837897, 3.5413658067678777, 1.9340000002046351, 7.488162619781898, 1.9349491074264584, -1.7705080332375025, 7.450100169017709, 4.767777494478159, -0.1011943706160745, 7.940718071684304, -0.47456093077277894, 2.2212746056963915, 7.485415549689239, 2.2704253295429986, 3.9745372409291067, 11.903613404745753, 1.2689235360355118, 4.007083241453657, 11.479034731145846, 4.049569990834666, 2.3036629884812236, 12.002679879564218, 1.7276178765038575, -1.724940115589603, 12.002340933755967, -1.1376265037751823, -0.13071869658127921, 15.978855901907759, -0.08503552653411958, 2.0154380630674016, 16.27362953114741, -0.1878160925467307, -1.2485192631037487, 15.84557266582879, 4.585398740789108, 1.9285187112828233, 18.659335489319922, 3.3241944886872665, 0.8506396992717058, 16.29060228551628, 7.1256361466699945, -1.4974934796372525, 14.737439346947678, 4.718839818737289, -3.0646494118431398, 20.428375376842574, 5.529355016453971, -2.804245224967937, 18.514729430369208, 6.452339356966297, -5.296268393311939, 19.643419232763815, 1.0350742593667843, -3.7195556165009465, 20.98267325462443, 2.640278131108877, -6.241035910575599, 15.436529815438684, 1.1748690336733878, -5.830041855256628, 17.729469138433497, -0.3882450580036769, -7.579085593491894, 15.842334796843257, 4.958315375635744, -8.568203198134569, 18.408298348726746, 3.6026029429990896, -10.114877581536195, 14.77072795496829, 3.224190842103177, -12.786673442707123, 15.623166568230776, 0.20650489500259273, -11.800661439362647, 10.940707289131865, 0.8611952423787756, -11.708245466371023, 12.071533019229555, 0.19006166607237596, -8.674507223917821, 11.31495190617308, 3.3090719412227783, -9.50577261768563], "name": "C16H34", "identifiers": {"molecule_hash": "6234196cddc3578b9c464c9d7329268374acd101", "molecular_formula": "C16H34"}, "molecular_charge": 0.0, "molecular_multiplicity": 1, "connectivity": [[0, 1, 1.0], [0, 16, 1.0], [0, 17, 1.0], [0, 18, 1.0], [1, 2, 1.0], [1, 19, 1.0], [1, 20, 1.0], [2, 3, 1.0], [2, 21, 1.0], [2, 22, 1.0], [3, 4, 1.0], [3, 23, 1.0], [3, 24, 1.0], [4, 5, 1.0], [4, 25, 1.0], [4, 26, 1.0], [5, 6, 1.0], [5, 27, 1.0], [5, 28, 1.0], [6, 7, 1.0], [6, 29, 1.0], [6, 30, 1.0], [7, 8, 1.0], [7, 31, 1.0], [7, 32, 1.0], [8, 9, 1.0], [8, 33, 1.0], [8, 34, 1.0], [9, 10, 1.0], [9, 35, 1.0], [9, 36, 1.0], [10, 11, 1.0], [10, 37, 1.0], [10, 38, 1.0], [11, 12, 1.0], [11, 39, 1.0], [11, 40, 1.0], [12, 13, 1.0], [12, 41, 1.0], [12, 42, 1.0], [13, 14, 1.0], [13, 43, 1.0], [13, 44, 1.0], [14, 15, 1.0], [14, 45, 1.0], [14, 46, 1.0], [15, 47, 1.0], [15, 48, 1.0], [15, 49, 1.0]], "fix_com": true, "fix_orientation": true, "provenance": {"creator": "QCElemental", "version": "v0.22.0", "routine": "qcelemental.molparse.from_schema"}, "id": "233080"}