{"schema_name": "qcschema_molecule", "schema_version": 2, "validated": true, "symbols": ["C", "C", "C", "C", "C", "C", "C", "C", "C", "C", "C", "C", "C", "C", "C", "C", "H", "H", "H", "H", "H", "H", "H", "H", "H", "H", "H", "H", "H", "H", "H", "H", "H", "H", "H", "H", "H", "H", "H", "H", "H", "H", "H", "H", "H", "H", "H", "H", "H", "H"], "geometry": [12.59639083730596, 0.24773523273984047, 9.367506770274758e-17, 9.718256177068533, -9.916188041064805e-16, -1.0188955868837965e-15, 8.379889696560793, 2.5643165005550164, -0.07380468886340322, 5.4909076716612555, 2.4348101286532935, 0.10683844327291908, 4.205098076666406, 1.1669293533932656, -2.1580855724535577, 1.3154585699706405, 1.3926996308711224, -2.1726289391234053, 0.0, -0.0, 0.0, -2.885947750030418, -0.16820396277814847, -0.25238156465627287, -4.319741526719907, 2.3585591732264257, -0.2313650360440558, -4.247002761134393, 3.8906116908104513, 2.249604776825704, -6.491973537003608, 3.4760859332589784, 4.045593588215181, -6.776580823813049, 0.8469789112960914, 5.237678780955128, -4.605078452636065, -0.024690430316260614, 6.951517100820967, -4.208670897697527, 1.6196361737706582, 9.30247651987282, -2.321149057134805, 0.5316842222055168, 11.212932096154526, 0.40020225120360586, 0.37111850754746745, 10.250243858425181, 13.502166033427617, -1.5925916625524776, 0.04887296430072492, 13.255253047713435, 1.2232692342703884, -1.6821905433380224, 13.249615077586297, 1.3098519801166841, 1.6309639316060864, 9.145042086365326, -1.1403560247062963, -1.6078801824153457, 9.122994536525699, -1.0267294083067011, 1.679790660054446, 9.078606598606221, 3.7117409165279045, 1.4834536273666048, 8.910177960410202, 3.5566209818836945, -1.7969913040754284, 4.97581256405094, 1.464435009505992, 1.8432944959497415, 4.7654945778487425, 4.3517006020892675, 0.2836672111719737, 4.718300272673099, -0.8209753832636584, -2.2378157027747836, 4.930937232883393, 2.017819835236371, -3.884693674737042, 0.6147327476684689, 0.6430856648776022, -3.9555609706739894, 0.8050530498533663, 3.3828881171754, -2.1469252915338117, 0.4955443520200702, 0.8726021121369818, 1.7898217630418696, 0.7361844431274956, -1.9191503584149008, 0.08706579222601063, -3.3229296521004565, -1.1303547625580668, -2.017216072013875, -3.5970924688560375, -1.3824696479640652, 1.2404127587120375, -3.5900846523147187, 3.5275761422050587, -1.7515404569595918, -6.281863594219604, 1.9895198939530523, -0.7227403490450304, -4.2399111027040455, 5.887744079724508, 1.7692193848995796, -2.4810740095722474, 3.5649868207731763, 3.2430756158644947, -8.221356782455262, 3.8938151956619147, 3.013895097848035, -6.385673305499568, 4.88177288568201, 5.539429922001171, -7.0511498633646825, -0.5482252833092143, 3.756458855510628, -8.514748754159614, 0.8388549328981058, 6.337549795210847, -2.8648085730749306, -0.128781826551015, 5.87075001339324, -5.00960682750129, -1.9483530900224562, 7.558663300785072, -3.5843501479956825, 3.4987098622989485, 8.751762928039271, -6.019604560476969, 1.8699304167594688, 10.245396170220728, -2.35423417673167, 1.703219015904697, 12.900744446852347, -2.9481695146800586, -1.336635541790433, 11.799915296691033, 1.660632538736196, -0.27975244721882175, 11.732633647886175, 0.5815243361827911, -0.9291736208337037, 8.675423733722205, 1.0707642235691117, 2.209240492963096, 9.625499212257871], "name": "C16H34", "identifiers": {"molecule_hash": "6234196cddc3578b9c464c9d7329268374acd101", "molecular_formula": "C16H34"}, "molecular_charge": 0.0, "molecular_multiplicity": 1, "connectivity": [[0, 1, 1.0], [0, 16, 1.0], [0, 17, 1.0], [0, 18, 1.0], [1, 2, 1.0], [1, 19, 1.0], [1, 20, 1.0], [2, 3, 1.0], [2, 21, 1.0], [2, 22, 1.0], [3, 4, 1.0], [3, 23, 1.0], [3, 24, 1.0], [4, 5, 1.0], [4, 25, 1.0], [4, 26, 1.0], [5, 6, 1.0], [5, 27, 1.0], [5, 28, 1.0], [6, 7, 1.0], [6, 29, 1.0], [6, 30, 1.0], [7, 8, 1.0], [7, 31, 1.0], [7, 32, 1.0], [8, 9, 1.0], [8, 33, 1.0], [8, 34, 1.0], [9, 10, 1.0], [9, 35, 1.0], [9, 36, 1.0], [10, 11, 1.0], [10, 37, 1.0], [10, 38, 1.0], [11, 12, 1.0], [11, 39, 1.0], [11, 40, 1.0], [12, 13, 1.0], [12, 41, 1.0], [12, 42, 1.0], [13, 14, 1.0], [13, 43, 1.0], [13, 44, 1.0], [14, 15, 1.0], [14, 45, 1.0], [14, 46, 1.0], [15, 47, 1.0], [15, 48, 1.0], [15, 49, 1.0]], "fix_com": true, "fix_orientation": true, "provenance": {"creator": "QCElemental", "version": "v0.22.0", "routine": "qcelemental.molparse.from_schema"}, "id": "233080"}