{"schema_name": "qcschema_molecule", "schema_version": 2, "validated": true, "symbols": ["C", "C", "C", "C", "C", "C", "C", "C", "C", "C", "C", "C", "C", "C", "C", "C", "H", "H", "H", "H", "H", "H", "H", "H", "H", "H", "H", "H", "H", "H", "H", "H", "H", "H", "H", "H", "H", "H", "H", "H", "H", "H", "H", "H", "H", "H", "H", "H", "H", "H"], "geometry": [7.247219029308617, 1.6049183374608065, -8.326672684688674e-17, 4.8356773299058915, -8.883011059384527e-16, 7.770158820573561e-16, 2.4177100754885736, 1.5951270104495934, 0.05954978364327332, 0.0, 0.0, -0.0, -2.4886673045080525, 1.4791984220919348, 0.25350803074214323, -2.997027700456127, 3.429097433284619, -1.8566066670459258, -2.1300571562585784, 6.129042079619719, -1.2366393489386707, -2.732223527235491, 8.074607288929442, -3.3092859141323574, -1.5375900650223544, 7.560136584785893, -5.908982563893323, 1.358927675808422, 7.429902788828439, -5.881988717582297, 2.563134827249518, 6.918156611978055, -8.475164426352938, 2.240192209728678, 9.06867832072532, -10.394885720710343, 3.416840203673943, 8.534974777600661, -12.995564731694108, 6.30628036781955, 8.298338030653161, -12.995268160479238, 7.419784804439402, 7.954360733090926, -15.648389673260219, 10.306342880174242, 7.712040267114736, -15.645753449491645, 8.946817991955534, 0.4237182003149708, -0.04206372191573192, 7.308337015434846, 2.857244289274726, -1.6495004849207335, 7.349352240289754, 2.7973302716636184, 1.691108466030749, 4.852904662948292, -1.2807494046877, 1.6325699799820133, 4.810984288164514, -1.2131031418713059, -1.6836169405081438, 2.4216196151379927, 2.7864047058949675, 1.7607093028873095, 2.4420858608207214, 2.894655964978837, -1.5547046502599433, 0.0903043414230329, -1.4022322297154162, 1.5282282751281033, -0.04380155040925521, -1.0864419610922689, -1.7696512676256773, -4.034564913465429, 0.098813369341978, 0.2861216468446054, -2.5390315494874485, 2.4309997394918508, 2.0979124217372864, -2.097761908061506, 2.7755127821379615, -3.607233340047825, -5.031250198649493, 3.4919249576836027, -2.2601930129402397, -0.10463147483693247, 6.150125231096347, -0.8189552373522517, -3.0682561031893085, 6.730652925366565, 0.5138225504634311, -4.791910374578131, 8.1879518811163, -3.5414111739136374, -2.1227269423958997, 9.947745787608003, -2.6550109446916514, -2.154095098511918, 9.05640180268582, -7.202195970958988, -2.2856135286014756, 5.791205587491985, -6.692711748512756, 1.9613544105814573, 5.934034197438676, -4.581793481004137, 2.119146209886627, 9.20140316911552, -5.107168128475264, 1.7610546893709875, 5.172649351957906, -9.26738458821184, 4.58237565369672, 6.548087082961107, -8.196145544222816, 3.067055730105132, 10.806354176707503, -9.61189660795426, 0.22302222160126872, 9.459003952731955, -10.659607401738622, 2.588266400685529, 6.7979524155639, -13.776642639141675, 2.878039489390633, 10.060771332658108, -14.29509556461696, 7.13004318329296, 9.993836654699805, -12.121573788720324, 6.890029656278228, 6.699349841841744, -11.811479268243358, 6.5840077765859855, 6.269439946480128, -16.525420019546512, 6.8601692928872815, 9.559831325348657, -16.83820267099002, 10.91735115614948, 6.0815593062965085, -14.523081381443184, 11.195381730329363, 9.397198801682187, -14.832075034817422, 11.049725379370729, 7.470963307682684, -17.562842112894305], "name": "C16H34", "identifiers": {"molecule_hash": "e217c0b8441483391881fcb5b037c28d5288056d", "molecular_formula": "C16H34"}, "molecular_charge": 0.0, "molecular_multiplicity": 1, "connectivity": [[0, 1, 1.0], [0, 16, 1.0], [0, 17, 1.0], [0, 18, 1.0], [1, 2, 1.0], [1, 19, 1.0], [1, 20, 1.0], [2, 3, 1.0], [2, 21, 1.0], [2, 22, 1.0], [3, 4, 1.0], [3, 23, 1.0], [3, 24, 1.0], [4, 5, 1.0], [4, 25, 1.0], [4, 26, 1.0], [5, 6, 1.0], [5, 27, 1.0], [5, 28, 1.0], [6, 7, 1.0], [6, 29, 1.0], [6, 30, 1.0], [7, 8, 1.0], [7, 31, 1.0], [7, 32, 1.0], [8, 9, 1.0], [8, 33, 1.0], [8, 34, 1.0], [9, 10, 1.0], [9, 35, 1.0], [9, 36, 1.0], [10, 11, 1.0], [10, 37, 1.0], [10, 38, 1.0], [11, 12, 1.0], [11, 39, 1.0], [11, 40, 1.0], [12, 13, 1.0], [12, 41, 1.0], [12, 42, 1.0], [13, 14, 1.0], [13, 43, 1.0], [13, 44, 1.0], [14, 15, 1.0], [14, 45, 1.0], [14, 46, 1.0], [15, 47, 1.0], [15, 48, 1.0], [15, 49, 1.0]], "fix_com": true, "fix_orientation": true, "provenance": {"creator": "QCElemental", "version": "v0.22.0", "routine": "qcelemental.molparse.from_schema"}, "id": "247214"}