{"schema_name": "qcschema_molecule", "schema_version": 2, "validated": true, "symbols": ["C", "C", "C", "C", "C", "C", "C", "C", "C", "C", "C", "C", "C", "C", "C", "C", "H", "H", "H", "H", "H", "H", "H", "H", "H", "H", "H", "H", "H", "H", "H", "H", "H", "H", "H", "H", "H", "H", "H", "H", "H", "H", "H", "H", "H", "H", "H", "H", "H", "H"], "geometry": [0.0, -0.0, 0.0, 2.896773418456499, 7.071854381113852e-16, -5.814236561411421e-16, 4.025953992721427, 2.634392217661884, -0.4236400286298164, 6.922437784065772, 2.6539926080817002, -0.36623065229054264, 8.174704283506308, 5.205070314309521, -0.9741701207113334, 7.5175951102522856, 7.380561170861869, 0.855739044062283, 5.2999807633416145, 9.046573112639054, 3.1086244689504383e-15, 4.723365430945986, 11.264852271422013, 1.7861815244752002, 4.013877788810148, 10.54029293455563, 4.510496656440658, 1.6747032214756863, 8.839489559347374, 4.71794485409834, 0.9557360686438792, 8.111031303316878, 7.436215273322834, 0.03311570773407535, 10.324181105363971, 9.06873021210512, -0.650743474060179, 9.593766229633218, 11.794845033707032, -2.925074889591984, 7.81274858181937, 12.040312446287407, -3.6614828168600804, 7.280620877101623, 14.79200460634457, -5.930265927793518, 5.496177962852861, 15.035582856250581, -0.7604750845655988, -1.9011600608450898, 0.30480784656511833, -0.7447145996736626, 1.224703261219341, 1.496131556568509, -0.7456649051050207, 0.6961316862195943, -1.8031943273622133, 3.592013771202885, -1.2888278110182678, -1.4701919206719436, 3.5894336606007125, -0.7567212656156429, 1.8039927096893305, 3.362687951933837, 3.3821232363611458, -2.244100966110604, 3.2856748054344767, 3.9133701450751293, 1.0294219955130324, 7.624148011354854, 1.2391365472679838, -1.713701188194809, 7.560830790391974, 2.0239740556771055, 1.507127645726484, 10.226435976794814, 4.910683289470666, -0.9664696302780653, 7.689299418207262, 5.765516763262712, -2.9133894886783778, 7.1310730031506315, 6.587320693329669, 2.7324158450425453, 9.176261025797535, 8.603996703440735, 1.094325059583713, 3.602148549448134, 7.895237725527469, -0.2627666401209119, 5.747709811199225, 9.818342385022847, -1.8735476041214643, 6.375241920538702, 12.520485631624501, 1.8472386272581787, 3.178177006266828, 12.385636812936273, 0.97104693341692, 3.6981278982826433, 12.289367827363428, 5.5746056737930765, 5.6166540157082885, 9.599170497615754, 5.4315201823371915, 2.001953442350061, 7.097514034132843, 3.645808188748502, 0.060351159649019825, 9.777255596576886, 3.8063774994216275, 2.5905364566760873, 7.220054825897067, 8.358890479011357, -0.5202344210112024, 6.6594706272411734, 7.354856651031639, -1.6179777725008884, 11.196359049071818, 8.157967583028544, 1.4961396190148872, 11.789355602600237, 9.13377754932035, 1.0014117438310577, 8.72280461600994, 12.703510502571463, -1.0475430556085734, 11.325411621149339, 12.867736478811585, -4.550219328852947, 8.639446545933016, 11.044260919902616, -2.5251438121005276, 6.011895875613934, 11.093809797096945, -2.032197146258079, 6.469696066232909, 15.789247144765504, -4.08509656732104, 9.07439747412626, 15.745564894594887, -5.5355796021669015, 3.662747650222308, 14.155271637210427, -7.60402337886039, 6.286726865412304, 14.105104294499908, -6.415560722867891, 5.15143254284764, 17.018410166201395], "name": "C16H34", "identifiers": {"molecule_hash": "e217c0b8441483391881fcb5b037c28d5288056d", "molecular_formula": "C16H34"}, "molecular_charge": 0.0, "molecular_multiplicity": 1, "connectivity": [[0, 1, 1.0], [0, 16, 1.0], [0, 17, 1.0], [0, 18, 1.0], [1, 2, 1.0], [1, 19, 1.0], [1, 20, 1.0], [2, 3, 1.0], [2, 21, 1.0], [2, 22, 1.0], [3, 4, 1.0], [3, 23, 1.0], [3, 24, 1.0], [4, 5, 1.0], [4, 25, 1.0], [4, 26, 1.0], [5, 6, 1.0], [5, 27, 1.0], [5, 28, 1.0], [6, 7, 1.0], [6, 29, 1.0], [6, 30, 1.0], [7, 8, 1.0], [7, 31, 1.0], [7, 32, 1.0], [8, 9, 1.0], [8, 33, 1.0], [8, 34, 1.0], [9, 10, 1.0], [9, 35, 1.0], [9, 36, 1.0], [10, 11, 1.0], [10, 37, 1.0], [10, 38, 1.0], [11, 12, 1.0], [11, 39, 1.0], [11, 40, 1.0], [12, 13, 1.0], [12, 41, 1.0], [12, 42, 1.0], [13, 14, 1.0], [13, 43, 1.0], [13, 44, 1.0], [14, 15, 1.0], [14, 45, 1.0], [14, 46, 1.0], [15, 47, 1.0], [15, 48, 1.0], [15, 49, 1.0]], "fix_com": true, "fix_orientation": true, "provenance": {"creator": "QCElemental", "version": "v0.22.0", "routine": "qcelemental.molparse.from_schema"}, "id": "247214"}