{"schema_name": "qcschema_molecule", "schema_version": 2, "validated": true, "symbols": ["C", "C", "C", "C", "C", "C", "C", "C", "C", "C", "C", "C", "C", "C", "C", "C", "H", "H", "H", "H", "H", "H", "H", "H", "H", "H", "H", "H", "H", "H", "H", "H", "H", "H", "H", "H", "H", "H", "H", "H", "H", "H", "H", "H", "H", "H", "H", "H", "H", "H"], "geometry": [6.756383405786299, 2.797402193990549, -4.440892098500626e-16, 6.028517643860798, 2.3506540671847543e-16, -7.40753592717656e-16, 4.286075171770216, -0.7837939970553462, -2.181080854147798, 1.6927269604309942, 0.5111240438875115, -2.2919384619343472, 0.0, 0.0, 0.0, -2.6296477962130993, 1.2114546894400595, -0.1616832474721639, -4.438116184345437, 0.24353286840286598, -2.2178545210655467, -5.262811922679948, -2.5400621864838864, -1.9743063032470478, -3.705930931295679, -4.427334464504959, -3.524912155894264, -4.619009599390313, -7.153476135241575, -3.1958345954532437, -3.277951404852347, -9.096599105511132, -4.875194118953626, -0.47027822326828383, -9.482132198166031, -4.286535870914283, 0.7148275938632618, -11.589830478586913, -5.877435790650004, 3.5699647506986585, -11.9258067299559, -5.520319285051498, 4.36917457796505, -12.842236142933771, -2.894744450089674, 7.211983731939189, -13.317694477737989, -2.70101487354768, 5.1343640007459275, 4.0121327162454, 0.3144156896265865, 8.118450045014406, 3.195956740131774, 1.4817390676592472, 7.604867761629146, 3.3404987612214203, -1.789657543152855, 5.1679025831331975, -0.48137773115165156, 1.8008456318108899, 7.742237067169465, -1.1272935988055361, -0.12229595332108431, 5.264363781334175, -0.4279312422111865, -3.955099451847242, 4.000950442821471, -2.8189728796991353, -2.0879129908597247, 1.9296832939935324, 2.540683055229998, -2.5141703947842124, 0.751059525792898, -0.1312925345395426, -3.9988894090979428, -0.17278854105675664, -2.0262850751831682, 0.294726738697206, 0.9114974845703447, 0.7326749598510134, 1.6883038899529483, -3.558443692728189, 0.9806158269308201, 1.658588281946007, -2.3933981143799263, 3.23877086756189, -0.4199501949458673, -6.114268523605461, 1.4273428237052481, -2.1274155377429613, -3.639128720262246, 0.5654420873175209, -4.082916271110473, -5.237513079477287, -3.092937457764119, 0.007376460220855807, -7.221686169708718, -2.702490087012461, -2.5739725867490897, -3.8255850614261533, -3.9116624310862127, -5.513999344816734, -1.7257642408636942, -4.290878201406522, -3.015615920218719, -4.414793555730506, -7.7061116268935, -1.2240160830589528, -6.6338639005926625, -7.225408264536054, -3.6014293732279397, -4.242882155030102, -10.901723273359156, -4.675985952898099, -3.4913153586784627, -8.550636954480385, -6.847611859006053, 0.5646072124087245, -7.738005168351341, -4.61889828635937, -0.2631800112620344, -9.90851065147885, -2.2869231995164996, 0.35141290792237245, -11.195711454278893, -7.862777168049808, -0.2339823239958847, -13.368885142829363, -5.466366924804668, 4.521201967267083, -10.14909053135046, -5.937315043388923, 4.245994995179894, -13.275363613525311, -6.9172329715412815, 3.8228223215798236, -11.467546752359997, -1.4713904513979847, 3.3566369297700556, -14.575030085669777, -2.444957867989052, 7.818168433617935, -14.747836281861009, -4.0434172681337746, 8.276910105789684, -11.606389310638358, -3.092001600122929, 7.733040626830447, -13.961504336903166, -0.8238856105885306], "name": "C16H34", "identifiers": {"molecule_hash": "d9f709f8174c5ec53c493df054ce45876c693287", "molecular_formula": "C16H34"}, "molecular_charge": 0.0, "molecular_multiplicity": 1, "connectivity": [[0, 1, 1.0], [0, 16, 1.0], [0, 17, 1.0], [0, 18, 1.0], [1, 2, 1.0], [1, 19, 1.0], [1, 20, 1.0], [2, 3, 1.0], [2, 21, 1.0], [2, 22, 1.0], [3, 4, 1.0], [3, 23, 1.0], [3, 24, 1.0], [4, 5, 1.0], [4, 25, 1.0], [4, 26, 1.0], [5, 6, 1.0], [5, 27, 1.0], [5, 28, 1.0], [6, 7, 1.0], [6, 29, 1.0], [6, 30, 1.0], [7, 8, 1.0], [7, 31, 1.0], [7, 32, 1.0], [8, 9, 1.0], [8, 33, 1.0], [8, 34, 1.0], [9, 10, 1.0], [9, 35, 1.0], [9, 36, 1.0], [10, 11, 1.0], [10, 37, 1.0], [10, 38, 1.0], [11, 12, 1.0], [11, 39, 1.0], [11, 40, 1.0], [12, 13, 1.0], [12, 41, 1.0], [12, 42, 1.0], [13, 14, 1.0], [13, 43, 1.0], [13, 44, 1.0], [14, 15, 1.0], [14, 45, 1.0], [14, 46, 1.0], [15, 47, 1.0], [15, 48, 1.0], [15, 49, 1.0]], "fix_com": true, "fix_orientation": true, "provenance": {"creator": "QCElemental", "version": "v0.22.0", "routine": "qcelemental.molparse.from_schema"}, "id": "232391"}