{"schema_name": "qcschema_molecule", "schema_version": 2, "validated": true, "symbols": ["C", "C", "C", "C", "C", "C", "C", "C", "C", "C", "C", "C", "C", "C", "C", "C", "H", "H", "H", "H", "H", "H", "H", "H", "H", "H", "H", "H", "H", "H", "H", "H", "H", "H", "H", "H", "H", "H", "H", "H", "H", "H", "H", "H", "H", "H", "H", "H", "H", "H"], "geometry": [5.280904748979745, 2.86927017231282, 4.440892098500626e-16, 4.930852923384613, -3.430024647150525e-16, 1.2921347830589323e-15, 2.466136744135669, -0.9054821297447382, -1.2299710399666486, 0.0, -0.0, 0.0, -0.3701347639954537, -0.8825697890499201, 2.731963595665628, -2.8831632970797143, -0.06194799544090168, 3.9236342435235665, -5.328790957618757, -1.1660240250521974, 2.8122421724214504, -5.652213342135471, -4.049645159569935, 3.072947635685673, -4.808333549332213, -5.597655851308246, 0.7747780647996347, -5.175672818585544, -8.442325442984993, 1.1578836367977292, -4.575627378416014, -10.069789166165522, -1.1628316984730946, -1.7932067406499679, -10.072881716879811, -1.9605213773375283, -1.2721160989346514, -11.890727462510425, -4.151806795057616, 1.4392792493100584, -11.82479885473565, -5.16975036352828, 3.457443598201464, -12.761750111979445, -3.3200591910976094, 6.096512355927423, -12.82611336935455, -4.493229735381744, 3.874861353015871, 3.8136446413766074, 1.1561026116895035, 7.126017538658391, 3.378261604207955, 0.7389914994080198, 5.138835188947682, 3.631336418572227, -1.9017951997090297, 5.061058457354316, -0.703523168543044, 1.9244556276150078, 6.497766577747982, -0.8554917211153588, -1.01759369829257, 2.4648840546675084, -0.3102114026934891, -3.1988489135678364, 2.4696904348862123, -2.962447846127063, -1.258411487867131, -0.10531753191245641, 2.05168264897212, -0.06443323593992556, -1.5548516611896877, -0.6755119775457121, -1.1572545241244305, -0.17503593661053918, -2.9257360043903367, 2.831759389055036, 1.1401644174573944, -0.1212781593230472, 3.8970566061208727, -2.829851419500676, -0.5291224728878328, 5.925693855515522, -3.005619357620974, 1.9894596425041235, 3.8274166223947272, -6.883337191888573, -0.24741049070327625, 3.791326982033377, -5.526505209644871, -0.6253724599230204, 0.840170468822897, -4.651539958708056, -4.704337038333635, 4.747286011184233, -7.636585270569874, -4.462830594969324, 3.411646079330077, -5.891560559571298, -4.993099493291905, -0.8677302171622878, -2.844552030693669, -5.2018781054777365, 0.34351803620036314, -4.022284128297282, -9.070027812961781, 2.742453827348756, -7.128442184771253, -8.785338131479026, 1.7041009086551022, -5.144397645598705, -12.005089420027419, -0.7623796813950925, -5.736646779319489, -9.449982645222164, -2.744572643048337, -1.2184933572526, -8.180029994758277, -2.517521037402579, -0.6374521366186033, -10.577046973233955, -0.33781136626781816, -2.555345203563974, -11.442115470803092, -5.694872176052013, -1.730937134348411, -13.80993555481048, -3.568388482892234, 1.89772214168267, -9.907208773754993, -5.759781337970165, 1.5243104615508218, -12.979433744497559, -6.869537551747671, 3.496125334202902, -11.564809009427131, -1.652712786019853, 2.955786881668445, -14.64679644420431, -2.6680958711512446, 6.153818093713195, -14.073650371441742, -6.122701165717422, 6.67379404743823, -10.957954066247726, -5.119513092883867, 7.493943021976638, -13.492104607463606, -3.1466604290789544], "name": "C16H34", "identifiers": {"molecule_hash": "d9f709f8174c5ec53c493df054ce45876c693287", "molecular_formula": "C16H34"}, "molecular_charge": 0.0, "molecular_multiplicity": 1, "connectivity": [[0, 1, 1.0], [0, 16, 1.0], [0, 17, 1.0], [0, 18, 1.0], [1, 2, 1.0], [1, 19, 1.0], [1, 20, 1.0], [2, 3, 1.0], [2, 21, 1.0], [2, 22, 1.0], [3, 4, 1.0], [3, 23, 1.0], [3, 24, 1.0], [4, 5, 1.0], [4, 25, 1.0], [4, 26, 1.0], [5, 6, 1.0], [5, 27, 1.0], [5, 28, 1.0], [6, 7, 1.0], [6, 29, 1.0], [6, 30, 1.0], [7, 8, 1.0], [7, 31, 1.0], [7, 32, 1.0], [8, 9, 1.0], [8, 33, 1.0], [8, 34, 1.0], [9, 10, 1.0], [9, 35, 1.0], [9, 36, 1.0], [10, 11, 1.0], [10, 37, 1.0], [10, 38, 1.0], [11, 12, 1.0], [11, 39, 1.0], [11, 40, 1.0], [12, 13, 1.0], [12, 41, 1.0], [12, 42, 1.0], [13, 14, 1.0], [13, 43, 1.0], [13, 44, 1.0], [14, 15, 1.0], [14, 45, 1.0], [14, 46, 1.0], [15, 47, 1.0], [15, 48, 1.0], [15, 49, 1.0]], "fix_com": true, "fix_orientation": true, "provenance": {"creator": "QCElemental", "version": "v0.22.0", "routine": "qcelemental.molparse.from_schema"}, "id": "232391"}