{"schema_name": "qcschema_molecule", "schema_version": 2, "validated": true, "symbols": ["C", "C", "C", "C", "C", "C", "C", "C", "C", "C", "C", "C", "C", "C", "C", "C", "H", "H", "H", "H", "H", "H", "H", "H", "H", "H", "H", "H", "H", "H", "H", "H", "H", "H", "H", "H", "H", "H", "H", "H", "H", "H", "H", "H", "H", "H", "H", "H", "H", "H"], "geometry": [10.104064369169137, 2.799672194704544, 2.1094237467877974e-15, 9.360336031619466, 2.2567386934236775e-15, 1.8635008328672215e-16, 6.524339891678769, -0.4149662878068887, 0.42364002862981603, 5.761742538062871, -3.209326286998679, 0.36623065229053975, 2.974666631119281, -3.7646430774599615, 0.9741701207113308, 1.0408079067128544, -2.5710169355903196, -0.8557390440622841, 0.0, -0.0, 0.0, -1.995879029244068, 1.126816120078295, -1.7861815244751966, -1.1134507809214487, 1.6264953507313198, -4.510496656440653, 1.1309091987059847, 3.45058911461269, -4.7179448540983335, 2.0195394772562345, 3.9584290753028406, -7.436215273322829, 0.11745247894552246, 5.418335040604635, -9.068730212105109, 0.9989600398428777, 5.8917415163671425, -11.794845033707023, 3.304197400496067, 7.632571192282622, -12.040312446287396, 4.0075560302923, 8.207673937331398, -14.792004606344559, 6.314679348544836, 9.942261874867235, -15.035582856250576, 12.136743830015666, 3.0465449162641054, -0.30480784656511684, 9.111614529040684, 3.8338584583134776, -1.4961315565685058, 9.622712118200933, 3.699069484978456, 1.8031943273622164, 10.427463137532833, -1.0028339914293012, 1.470191920671942, 9.91385548394979, -0.8637253618912404, -1.8039927096893325, 5.9719625527721885, 0.4180419910532689, 2.244100966110605, 5.478295933794506, 0.6288679193899904, -1.0294219955130317, 6.94901226729789, -4.25077023937711, 1.7137011881948054, 6.2067391835732675, -3.988073352729702, -1.5071276457264875, 2.7324164679020946, -5.823181763047202, 0.9664696302780612, 2.5576312570196875, -3.151618116997637, 2.913389488678376, 1.9066957033975047, -2.401110731976632, -2.7324158450425458, -0.5674695156116518, -3.8599742097500718, -1.0943250595837135, 1.548649808566429, 1.3453219579628473, 0.2627666401209158, -0.8608508132420017, -0.23457405532554548, 1.8735476041214674, -3.633531850317052, -0.14731272338858198, -1.8472386272581758, -2.6823769397034014, 2.9079634680522775, -0.9710469334169132, -2.722829054342084, 2.3807251214645886, -5.574605673793069, -0.6153779214339301, -0.16418231469688715, -5.431520182337189, 2.7304734413018856, 2.687067228012592, -3.645808188748497, 0.6390522535512333, 5.251592852978657, -3.8063774994216195, 2.4609252919025777, 2.149675373259732, -8.358890479011352, 3.801389279312729, 5.012245266852986, -7.354856651031634, -0.30158178894208243, 7.238009277467034, -8.157967583028533, -1.6742308500185854, 4.380526714831981, -9.13377754932034, 1.4165461551505656, 4.071353416891447, -12.703510502571458, -0.5727639795719783, 6.71982923917821, -12.867736478811572, 2.9224563487408326, 9.415489513949456, -11.044260919902603, 4.942004880603562, 6.7836884004350955, -11.093809797096936, 4.3729894173325965, 6.4248028581594525, -15.789247144765499, 2.3826678420003358, 9.077628801196267, -15.74556489459488, 7.9853189752254, 9.090083932959658, -14.155271637210417, 5.980356709315927, 11.762882633080988, -14.105104294499892, 6.772465121278529, 10.322778141304655, -17.018410166201384], "name": "C16H34", "identifiers": {"molecule_hash": "e217c0b8441483391881fcb5b037c28d5288056d", "molecular_formula": "C16H34"}, "molecular_charge": 0.0, "molecular_multiplicity": 1, "connectivity": [[0, 1, 1.0], [0, 16, 1.0], [0, 17, 1.0], [0, 18, 1.0], [1, 2, 1.0], [1, 19, 1.0], [1, 20, 1.0], [2, 3, 1.0], [2, 21, 1.0], [2, 22, 1.0], [3, 4, 1.0], [3, 23, 1.0], [3, 24, 1.0], [4, 5, 1.0], [4, 25, 1.0], [4, 26, 1.0], [5, 6, 1.0], [5, 27, 1.0], [5, 28, 1.0], [6, 7, 1.0], [6, 29, 1.0], [6, 30, 1.0], [7, 8, 1.0], [7, 31, 1.0], [7, 32, 1.0], [8, 9, 1.0], [8, 33, 1.0], [8, 34, 1.0], [9, 10, 1.0], [9, 35, 1.0], [9, 36, 1.0], [10, 11, 1.0], [10, 37, 1.0], [10, 38, 1.0], [11, 12, 1.0], [11, 39, 1.0], [11, 40, 1.0], [12, 13, 1.0], [12, 41, 1.0], [12, 42, 1.0], [13, 14, 1.0], [13, 43, 1.0], [13, 44, 1.0], [14, 15, 1.0], [14, 45, 1.0], [14, 46, 1.0], [15, 47, 1.0], [15, 48, 1.0], [15, 49, 1.0]], "fix_com": true, "fix_orientation": true, "provenance": {"creator": "QCElemental", "version": "v0.22.0", "routine": "qcelemental.molparse.from_schema"}, "id": "247214"}