{"schema_name": "qcschema_molecule", "schema_version": 2, "validated": true, "symbols": ["C", "C", "C", "C", "C", "C", "C", "C", "C", "C", "C", "C", "C", "C", "C", "C", "H", "H", "H", "H", "H", "H", "H", "H", "H", "H", "H", "H", "H", "H", "H", "H", "H", "H", "H", "H", "H", "H", "H", "H", "H", "H", "H", "H", "H", "H", "H", "H", "H", "H"], "geometry": [0.0, 0.0, -0.0, 2.8994522144168364, -9.122621468122521e-18, -1.1064686810582421e-16, 4.087692873429294, 1.7247040647214855, 2.010885941178191, 3.5285081721569305, 4.546955146318514, 1.6560637791312782, 4.90719345117226, 6.215506125901298, 3.583073186354018, 4.242991570993965, 9.038458456507888, 3.413483645130918, 4.772557063683401, 10.299991641820876, 0.8503390605556321, 7.538317878600556, 10.136021011074606, 1.3322676295501878e-15, 8.112298155622815, 11.561840337468642, -2.4639026291520087, 7.76130277556178, 14.450181431642987, -2.4241363891501146, 9.433220961578167, 15.887123161789278, -0.5142837388036633, 8.212926305587061, 16.33008386044795, 2.081502710274372, 9.932094285525144, 17.685814513321535, 3.989562385959551, 10.835749738628886, 20.364309605267277, 3.299610651111675, 8.741365437059674, 22.371264127338897, 3.001559623939909, 7.621172283219344, 22.608552921717354, 0.33448828869333336, -0.769125323502804, 1.8587925623781847, -0.4828465360179118, -0.7408835863385013, -0.519912433651009, 1.8644684422428275, -0.7459719411914985, -1.356822949992727, -1.374042007325961, 3.5887043946564785, 0.5635848145313744, -1.875000914331804, 3.5728373147188752, -1.9377622881007361, 0.3030902245134931, 6.144664562365626, 1.4474373255917636, 1.998655297565315, 3.43845600735608, 1.1294108750199445, 3.891987517467574, 4.069027717075804, 5.099193193092025, -0.2694342933112151, 1.488592537211623, 4.891673009470955, 1.8039570350676752, 4.451884771418022, 5.548417119008171, 5.494778033189919, 6.953654820833726, 5.957555416233652, 3.368927431744411, 2.2327207897965105, 9.281449616223036, 3.8690505549073153, 5.293862418159238, 10.056983926242577, 4.88611535210857, 3.564873935144889, 9.4642593509145, -0.6145953255217549, 4.201521726039549, 12.285985606632993, 0.9838148350668922, 8.775512073923089, 10.820634335448355, 1.5174242384964414, 8.048795125523512, 8.146694896839234, -0.28028624066517893, 10.072619930733827, 11.158504640817746, -3.013796424756833, 6.922304930344328, 10.777523022013467, -3.973938105775556, 5.770693863415631, 14.92514382649686, -2.089906210139236, 8.182308606260683, 15.138793380603104, -4.3332832404411326, 11.22719080719781, 14.870133372067569, -0.2630830272821677, 9.939224582336081, 17.723098319344746, -1.3242252242137158, 6.451891161898747, 17.39549031490696, 1.8342335208463965, 7.651958862060613, 14.518568497351065, 2.908745794235731, 8.93902416697144, 17.78760167196285, 5.80953021379157, 11.605606081056418, 16.50154692008999, 4.319270422115578, 12.119425545967648, 20.973744378178374, 4.809275748834959, 11.988851043613225, 20.311741911761736, 1.57670723386486, 7.223615043220032, 21.984482247226737, 4.363501046207778, 9.516573631605082, 24.219584862719312, 3.5305804574955295, 9.103834799826835, 23.03647427573556, -1.0478916276152241, 6.67738939728926, 20.877866796376928, -0.2826268647835395, 6.230485010868171, 24.140846209389817, 0.25254420233978414], "name": "C16H34", "identifiers": {"molecule_hash": "27411cdea03f7b5a5d755379248c6586db71f70b", "molecular_formula": "C16H34"}, "molecular_charge": 0.0, "molecular_multiplicity": 1, "connectivity": [[0, 1, 1.0], [0, 16, 1.0], [0, 17, 1.0], [0, 18, 1.0], [1, 2, 1.0], [1, 19, 1.0], [1, 20, 1.0], [2, 3, 1.0], [2, 21, 1.0], [2, 22, 1.0], [3, 4, 1.0], [3, 23, 1.0], [3, 24, 1.0], [4, 5, 1.0], [4, 25, 1.0], [4, 26, 1.0], [5, 6, 1.0], [5, 27, 1.0], [5, 28, 1.0], [6, 7, 1.0], [6, 29, 1.0], [6, 30, 1.0], [7, 8, 1.0], [7, 31, 1.0], [7, 32, 1.0], [8, 9, 1.0], [8, 33, 1.0], [8, 34, 1.0], [9, 10, 1.0], [9, 35, 1.0], [9, 36, 1.0], [10, 11, 1.0], [10, 37, 1.0], [10, 38, 1.0], [11, 12, 1.0], [11, 39, 1.0], [11, 40, 1.0], [12, 13, 1.0], [12, 41, 1.0], [12, 42, 1.0], [13, 14, 1.0], [13, 43, 1.0], [13, 44, 1.0], [14, 15, 1.0], [14, 45, 1.0], [14, 46, 1.0], [15, 47, 1.0], [15, 48, 1.0], [15, 49, 1.0]], "fix_com": true, "fix_orientation": true, "provenance": {"creator": "QCElemental", "version": "v0.22.0", "routine": "qcelemental.molparse.from_schema"}, "id": "244883"}