{"schema_name": "qcschema_molecule", "schema_version": 2, "validated": true, "symbols": ["C", "C", "C", "C", "C", "C", "C", "C", "C", "C", "C", "C", "C", "C", "C", "C", "H", "H", "H", "H", "H", "H", "H", "H", "H", "H", "H", "H", "H", "H", "H", "H", "H", "H", "H", "H", "H", "H", "H", "H", "H", "H", "H", "H", "H", "H", "H", "H", "H", "H"], "geometry": [4.090070887487384, 2.6455282160861007, 1.3322676295501878e-15, 2.9034776119380137, -9.498244739103568e-16, -3.102185551047149e-16, 0.0, 0.0, -0.0, -1.2018673753566929, 1.1519276368108888, 2.3732393465465718, -4.091837200572916, 0.9371450763272342, 2.3852221098746096, -5.379431235982075, 2.242620487761803, 4.638402120686072, -4.570343286360335, 1.2993275205454973, 7.264652454890349, -5.015896499038796, -1.5320544423265205, 7.693784469519948, -4.391306159675386, -2.4412728990716523, 10.380127519422434, -5.990916226433847, -1.3391183792463308, 12.54664464045285, -8.851429501987615, -1.8884911134095563, 12.393993070064024, -10.412937277826769, 0.14931012276813815, 11.040294394198419, -13.243305180127345, -0.46536859292181987, 10.82716653007538, -14.726339615154492, -0.7905766596242647, 13.309466090925461, -14.854952082279201, 1.5625178384100407, 15.02689195184121, -12.690312572235015, 1.8193284933631508, 16.94334499332188, 3.635095174883621, 3.692545301999512, 1.7252700232996392, 3.4108198122705184, 3.762186619248686, -1.6084626159016628, 6.152960567937914, 2.537836669078612, -0.13536169902220951, 3.585211297390328, -1.061184813713325, 1.648469233302335, 3.569039164770752, -1.0365411212050846, -1.6681858967547978, -0.6686395259145972, -1.954501154749401, -0.20249785881426818, -0.6834998416903713, 1.0181209063007852, -1.6765092951888183, -0.41755187381829617, 0.20774035644210853, 4.045970837061311, -0.6742318519486179, 3.150979889889025, 2.538616073818833, -4.833249148758317, 1.768699311322319, 0.6342923466508681, -4.627807333548155, -1.0653428813091674, 2.328838544611821, -5.016588919401267, 4.283096859307406, 4.526258653727377, -7.434427925885398, 2.0126079905735494, 4.452793204036975, -2.5650841400694318, 1.7235121865069902, 7.584000042812868, -5.608797656994346, 2.3909479500086905, 8.685232099112836, -6.979819648932049, -2.007123065027463, 7.2255571043812346, -3.8490017856397207, -2.614913353743396, 6.366253268034497, -4.573131436226451, -4.508197238825814, 10.431970312083386, -2.392591692932409, -2.0335405832205273, 10.767863908269591, -5.68987925582796, 0.7075303544261131, 12.689573411132711, -5.2500224509985305, -2.13284488239315, 14.312246146243739, -9.155477813941907, -3.718276231420283, 11.458504490356129, -9.588155674000292, -2.1126198879479072, 14.31489142579883, -10.153850432896885, 1.963165862381115, 12.00997429251846, -9.68022945924496, 0.435480620316993, 9.126698511490618, -14.157827180088953, 1.0332073760290652, 9.719578449044675, -13.453063601931031, -2.2054254634601924, 9.713594645084902, -16.659254377478447, -1.3304964360654181, 12.789225584369374, -13.973771690785235, -2.3919030582146807, 14.391222741705025, -14.94731437522804, 3.2673725395065216, 13.846641735377364, -16.63651937134563, 1.5119860200945299, 16.08545931291451, -12.59387278794407, 0.15110061746667913, 18.168128312312934, -10.848620816906001, 2.02764769505585, 16.031420489083505, -12.974627176904306, 3.471020228439607, 18.15978580982953], "name": "C16H34", "identifiers": {"molecule_hash": "27411cdea03f7b5a5d755379248c6586db71f70b", "molecular_formula": "C16H34"}, "molecular_charge": 0.0, "molecular_multiplicity": 1, "connectivity": [[0, 1, 1.0], [0, 16, 1.0], [0, 17, 1.0], [0, 18, 1.0], [1, 2, 1.0], [1, 19, 1.0], [1, 20, 1.0], [2, 3, 1.0], [2, 21, 1.0], [2, 22, 1.0], [3, 4, 1.0], [3, 23, 1.0], [3, 24, 1.0], [4, 5, 1.0], [4, 25, 1.0], [4, 26, 1.0], [5, 6, 1.0], [5, 27, 1.0], [5, 28, 1.0], [6, 7, 1.0], [6, 29, 1.0], [6, 30, 1.0], [7, 8, 1.0], [7, 31, 1.0], [7, 32, 1.0], [8, 9, 1.0], [8, 33, 1.0], [8, 34, 1.0], [9, 10, 1.0], [9, 35, 1.0], [9, 36, 1.0], [10, 11, 1.0], [10, 37, 1.0], [10, 38, 1.0], [11, 12, 1.0], [11, 39, 1.0], [11, 40, 1.0], [12, 13, 1.0], [12, 41, 1.0], [12, 42, 1.0], [13, 14, 1.0], [13, 43, 1.0], [13, 44, 1.0], [14, 15, 1.0], [14, 45, 1.0], [14, 46, 1.0], [15, 47, 1.0], [15, 48, 1.0], [15, 49, 1.0]], "fix_com": true, "fix_orientation": true, "provenance": {"creator": "QCElemental", "version": "v0.22.0", "routine": "qcelemental.molparse.from_schema"}, "id": "244883"}