{"schema_name": "qcschema_molecule", "schema_version": 2, "validated": true, "symbols": ["C", "C", "C", "C", "C", "C", "C", "C", "C", "C", "C", "C", "C", "C", "C", "C", "H", "H", "H", "H", "H", "H", "H", "H", "H", "H", "H", "H", "H", "H", "H", "H", "H", "H", "H", "H", "H", "H", "H", "H", "H", "H", "H", "H", "H", "H", "H", "H", "H", "H"], "geometry": [0.0, 0.0, -0.0, 2.8994522144168364, -4.7626475880732253e-17, -1.0028793765583346e-16, 4.087692873429294, 2.3239320690099943, 1.271851452773412, 3.5285081721569305, 4.8388093453909224, -0.0572054380322784, 4.90719345117226, 7.080575687704656, 1.156018075365357, 4.242991570993965, 9.66155276679661, 3.9968028886505635e-15, 4.772557063683401, 9.936152847284868, -2.843549003425009, 7.538317878600556, 9.482327223604711, -3.5811160776259126, 8.112298155622815, 9.945681047606795, -6.3898667164765, 7.76130277556178, 12.6617964620957, -7.373133051360349, 9.433220961578167, 14.680828949912366, -6.094130903194826, 8.212926305587061, 16.01232884163606, -3.8222529337358306, 9.932094285525144, 17.954754260621762, -2.516235774279232, 10.835749738628886, 20.216743423148994, -4.108019171166623, 8.741365437059674, 21.988961945209276, -5.095917130739547, 7.621172283219344, 21.268655422949855, -7.674818833639848, -0.769125323502804, 1.5683225011811188, -1.1084291134691266, -0.7408835863385013, 0.17234554756089515, 1.9279129967455082, -0.7459719411914985, -1.7547756758458397, -0.806053523646599, 3.5887043946564785, -0.13521087700375145, -1.9531959171202824, 3.5728373147188752, -1.7057082658437275, 0.96816614339349, 6.144664562365626, 2.06022569939896, 1.3583695658907413, 3.43845600735608, 2.4316349120261234, 3.241957343234552, 4.069027717075804, 4.675142533925336, -2.0536329629148296, 1.488592537211623, 5.213547173054206, -0.040640992793881336, 4.451884771418022, 7.131925296341086, 3.18011945183503, 6.953654820833726, 6.763601814238224, 1.0468185498396219, 2.2327207897965105, 10.049827383591193, 0.3403362086759958, 5.293862418159238, 11.134680817297397, 1.0178074590618484, 3.564873935144889, 8.63674875943171, -3.91873746785627, 4.201521726039549, 11.841223570740407, -3.42034476388457, 8.775512073923089, 10.658903306801509, -2.4034317209598908, 8.048795125523512, 7.5222702435808575, -3.140485392647231, 10.072619930733827, 9.374076612029834, -6.761795795557829, 6.922304930344328, 8.67844159127841, -7.525412819595637, 5.770693863415631, 13.224213006848958, -7.228265114000918, 8.182308606260683, 12.631485489649267, -9.40244558544533, 11.22719080719781, 13.81817771301063, -5.49982216748668, 9.939224582336081, 16.11224101261031, -7.500498385651627, 6.451891161898747, 16.92166327844201, -4.4299895932209195, 7.651958862060613, 14.609911865599637, -2.4083414598369903, 8.93902416697144, 18.69298232725989, -0.8496035888119033, 11.605606081056418, 16.96335042679465, -1.7893825843177282, 12.119425545967648, 21.3202480310472, -2.9110325254330567, 11.988851043613225, 19.558853981954762, -5.7012363662553485, 7.223615043220032, 22.108306407041184, -3.685157916733777, 9.516573631605082, 23.904986686898017, -5.25403661850013, 9.103834799826835, 21.18057622126552, -9.119233238327327, 6.67738939728926, 19.431554538949328, -7.6406732760793625, 6.230485010868171, 22.673176492468336, -8.292846436593848], "name": "C16H34", "identifiers": {"molecule_hash": "27411cdea03f7b5a5d755379248c6586db71f70b", "molecular_formula": "C16H34"}, "molecular_charge": 0.0, "molecular_multiplicity": 1, "connectivity": [[0, 1, 1.0], [0, 16, 1.0], [0, 17, 1.0], [0, 18, 1.0], [1, 2, 1.0], [1, 19, 1.0], [1, 20, 1.0], [2, 3, 1.0], [2, 21, 1.0], [2, 22, 1.0], [3, 4, 1.0], [3, 23, 1.0], [3, 24, 1.0], [4, 5, 1.0], [4, 25, 1.0], [4, 26, 1.0], [5, 6, 1.0], [5, 27, 1.0], [5, 28, 1.0], [6, 7, 1.0], [6, 29, 1.0], [6, 30, 1.0], [7, 8, 1.0], [7, 31, 1.0], [7, 32, 1.0], [8, 9, 1.0], [8, 33, 1.0], [8, 34, 1.0], [9, 10, 1.0], [9, 35, 1.0], [9, 36, 1.0], [10, 11, 1.0], [10, 37, 1.0], [10, 38, 1.0], [11, 12, 1.0], [11, 39, 1.0], [11, 40, 1.0], [12, 13, 1.0], [12, 41, 1.0], [12, 42, 1.0], [13, 14, 1.0], [13, 43, 1.0], [13, 44, 1.0], [14, 15, 1.0], [14, 45, 1.0], [14, 46, 1.0], [15, 47, 1.0], [15, 48, 1.0], [15, 49, 1.0]], "fix_com": true, "fix_orientation": true, "provenance": {"creator": "QCElemental", "version": "v0.22.0", "routine": "qcelemental.molparse.from_schema"}, "id": "244883"}