{"schema_name": "qcschema_molecule", "schema_version": 2, "validated": true, "symbols": ["C", "C", "C", "C", "C", "C", "C", "C", "C", "C", "C", "C", "C", "C", "C", "C", "H", "H", "H", "H", "H", "H", "H", "H", "H", "H", "H", "H", "H", "H", "H", "H", "H", "H", "H", "H", "H", "H", "H", "H", "H", "H", "H", "H", "H", "H", "H", "H", "H", "H"], "geometry": [4.040199603752868, 2.6613796776621013, 7.0013439490423934e-15, 2.9007588048178086, 2.0388807957521925e-16, 8.372981772121848e-16, 0.0, 0.0, 0.0, -1.1810573165529945, -2.6437100874063915, -0.22033737759159314, -0.648332901491341, -4.363616204220037, 2.052120263141718, -1.8025816833076105, -7.021060189645161, 1.854219780350348, -0.9293953878987655, -8.580113419983698, -0.44461920840190017, 1.9474271981478044, -8.743486487314962, -0.8093636275260493, 3.3772808887115597, -9.92019674639889, 1.4202561487369805, 6.222635255242345, -10.273959806721173, 0.9375597776588114, 7.687398745670789, -7.86002184065739, 0.24292123939309795, 7.589403423133112, -5.77809070586262, 2.2589525040664866, 8.902505048035675, -3.3104223491213345, 1.4790716376710364, 11.768853632228787, -3.535240618173646, 1.1022309571166842, 13.095966430586465, -0.991972357533542, 0.6515334901880646, 12.278921885795521, 0.3520133540886728, -1.7845738200810628, 3.457808416387677, 3.7277892431499993, -1.6779457477276263, 6.109244608250537, 2.5938828033516446, 0.020062360036958583, 3.430050470610744, 3.733596169628042, 1.664490610632272, 3.5773705029550675, -1.0424689280839479, -1.6630006890806315, 3.606486169983784, -1.0329708334863077, 1.6483490488093866, -0.6664824635070314, 1.167560659159256, -1.5811953543240018, -0.6849986730650673, 0.9253701731181238, 1.7288324593315356, -3.235259367407797, -2.4580281872997145, -0.45324640419588236, -0.48479352004640375, -3.53594928736702, -1.9578500658574711, 1.3946411996097645, -4.534377308452147, 2.329841271605976, -1.3751035680453054, -3.4472727871948576, 3.7670429777689285, -3.871140540021354, -6.865833840458814, 1.792671235076262, -1.3620705178223451, -8.057869404298243, 3.594122761498608, -1.70280360984543, -10.49756312984217, -0.26674859680603286, -1.766212998875047, -7.789206545887084, -2.1680970785688944, 2.693690065825924, -6.849971680071851, -1.1915239901542267, 2.336509429090386, -9.856897427707706, -2.5177637395579544, 2.5465496820874076, -11.772703652463559, 1.852319237274327, 3.0983092450480743, -8.77040908971591, 3.119473680665465, 6.472943493431753, -11.65516397906547, -0.5912866284813127, 7.083884758852767, -11.120553593519446, 2.6255881719469665, 9.660144361085784, -8.383628876003643, -0.11315409858800049, 6.973081219514567, -7.09692250582748, -1.5487079080242512, 5.613164676009873, -5.345107043106774, 2.7011803385075392, 8.430226165198722, -6.48737822018961, 4.021297232409666, 8.535585383289533, -1.869684856439699, 2.928534719950178, 8.017517556045032, -2.6094803648762985, -0.25832474186508786, 12.175284908807974, -4.796261212171819, -0.4933750698228995, 12.595346244219659, -4.437387415032911, 2.7795364800021347, 12.750075681484004, 0.25475545568808283, 2.2746568685238393, 15.14443840645409, -1.3085889344343509, 0.592200711454109, 10.280251654504452, 0.883718701081596, -1.736636634457939, 13.374447064160316, 2.0824627809638367, -2.0856089045924855, 12.562032845173194, -0.8687555161245845, -3.4353673686111272], "name": "C16H34", "identifiers": {"molecule_hash": "f71bfe010afe5a3de708620ca0fd085cdc1c5fb3", "molecular_formula": "C16H34"}, "molecular_charge": 0.0, "molecular_multiplicity": 1, "connectivity": [[0, 1, 1.0], [0, 16, 1.0], [0, 17, 1.0], [0, 18, 1.0], [1, 2, 1.0], [1, 19, 1.0], [1, 20, 1.0], [2, 3, 1.0], [2, 21, 1.0], [2, 22, 1.0], [3, 4, 1.0], [3, 23, 1.0], [3, 24, 1.0], [4, 5, 1.0], [4, 25, 1.0], [4, 26, 1.0], [5, 6, 1.0], [5, 27, 1.0], [5, 28, 1.0], [6, 7, 1.0], [6, 29, 1.0], [6, 30, 1.0], [7, 8, 1.0], [7, 31, 1.0], [7, 32, 1.0], [8, 9, 1.0], [8, 33, 1.0], [8, 34, 1.0], [9, 10, 1.0], [9, 35, 1.0], [9, 36, 1.0], [10, 11, 1.0], [10, 37, 1.0], [10, 38, 1.0], [11, 12, 1.0], [11, 39, 1.0], [11, 40, 1.0], [12, 13, 1.0], [12, 41, 1.0], [12, 42, 1.0], [13, 14, 1.0], [13, 43, 1.0], [13, 44, 1.0], [14, 15, 1.0], [14, 45, 1.0], [14, 46, 1.0], [15, 47, 1.0], [15, 48, 1.0], [15, 49, 1.0]], "fix_com": true, "fix_orientation": true, "provenance": {"creator": "QCElemental", "version": "v0.22.0", "routine": "qcelemental.molparse.from_schema"}, "id": "249671"}