{"schema_name": "qcschema_molecule", "schema_version": 2, "validated": true, "symbols": ["C", "C", "C", "C", "C", "C", "C", "C", "C", "C", "C", "C", "C", "C", "C", "C", "H", "H", "H", "H", "H", "H", "H", "H", "H", "H", "H", "H", "H", "H", "H", "H", "H", "H", "H", "H", "H", "H", "H", "H", "H", "H", "H", "H", "H", "H", "H", "H", "H", "H"], "geometry": [0.0, 0.0, 0.0, 2.888053763956939, 1.2726774789545444e-15, 7.739272126602092e-16, 4.019402762710368, 2.51911466914889, 0.8586905815303596, 6.911201539932653, 2.5133956725391946, 0.8379586081331156, 8.196829833788346, 4.884903492935848, 1.9035813167378335, 7.734452181962363, 7.3609762618099746, 0.4385521032098967, 5.580143323519053, 9.002120995111905, 1.4738033663841028, 5.192765990604952, 11.472426066061383, -8.881784197001252e-16, 3.9412135371307198, 11.195460350692574, -2.623361629598263, 1.1310167097161037, 11.909050314476232, -2.7280428126094374, -0.6204182521473502, 10.218573775533589, -1.1635808586159935, -3.4175565961401952, 10.976444900835048, -1.2670699393488452, -4.783840901925526, 10.762788565029242, -3.820962505041293, -5.049512240180958, 8.070985720954976, -4.902098673521032, -2.991036180924584, 7.279191007685697, -6.778706687010035, -3.400720225182707, 4.615076056511311, -7.8172532135361, -0.7451243987655861, -1.8094970784745672, -0.6162972954042483, -0.7408905267456932, 0.37419911131218075, 1.8777782528082465, -0.7411341339378913, 1.4422424618246865, -1.2596510539241301, 3.568712506537458, -1.5044195168826788, 1.224761251070774, 3.569406946168969, -0.4432157269871211, -1.8886855112449994, 3.3114478497857354, 4.012756905886608, -0.3607599411765856, 3.3475201212654646, 2.950771884921141, 2.7552604646076135, 7.5680771797313575, 2.209291480374333, -1.0883481703943887, 7.568367506920048, 0.8943538383153297, 1.9231870978454813, 10.216589624091503, 4.513096950744464, 1.9352852910660425, 7.643746353235636, 5.13564285363126, 3.8691268921444566, 7.415421327563953, 6.928650399211132, -1.5453840897141853, 9.451095384444761, 8.489730809017153, 0.49359926184654324, 3.8298452856061873, 7.936373300052606, 1.5256451297470273, 6.021330722012994, 9.469056932805003, 3.427395907216939, 4.0716729490284065, 12.761795926271475, 1.1419796512633518, 7.025329002239637, 12.377107201730743, -0.21450742888893348, 4.930974212123344, 12.391422346878636, -3.967298116001155, 4.170130866138563, 9.27451863619331, -3.317509509999436, 0.5408031614241775, 11.875575908752705, -4.694032816802125, 0.9141802350838739, 13.85757243164506, -2.101213550091229, -0.39795079254662813, 8.261168887225947, -1.747744777779019, -0.038897390684696775, 10.285735540769803, 0.8047502928595742, -4.4456806303969305, 9.834813311123288, 0.10004708016589703, -3.583651275480017, 12.920636753673003, -0.615414208671945, -6.666254041866974, 11.53632308193362, -3.5432323038111493, -3.8906075930422492, 11.980133371434222, -5.214118297081381, -5.12874079601066, 6.712966750401966, -3.358218691515537, -6.858552026804697, 7.925095080030396, -5.866914409419597, -2.961215400871702, 8.617588881058795, -8.339275157800214, -1.1402292903682807, 7.382573774222369, -5.900558902101561, -1.936840666609464, 4.106936670778234, -9.162100678674841, -5.210017401889141, 4.463276017399944, -8.77578755936851, -3.376888048680018, 3.2195210733376634, -6.31138088067556], "name": "C16H34", "identifiers": {"molecule_hash": "f9595d6016e83a53ca0fd4ac3e13e68411ba1a99", "molecular_formula": "C16H34"}, "molecular_charge": 0.0, "molecular_multiplicity": 1, "connectivity": [[0, 1, 1.0], [0, 16, 1.0], [0, 17, 1.0], [0, 18, 1.0], [1, 2, 1.0], [1, 19, 1.0], [1, 20, 1.0], [2, 3, 1.0], [2, 21, 1.0], [2, 22, 1.0], [3, 4, 1.0], [3, 23, 1.0], [3, 24, 1.0], [4, 5, 1.0], [4, 25, 1.0], [4, 26, 1.0], [5, 6, 1.0], [5, 27, 1.0], [5, 28, 1.0], [6, 7, 1.0], [6, 29, 1.0], [6, 30, 1.0], [7, 8, 1.0], [7, 31, 1.0], [7, 32, 1.0], [8, 9, 1.0], [8, 33, 1.0], [8, 34, 1.0], [9, 10, 1.0], [9, 35, 1.0], [9, 36, 1.0], [10, 11, 1.0], [10, 37, 1.0], [10, 38, 1.0], [11, 12, 1.0], [11, 39, 1.0], [11, 40, 1.0], [12, 13, 1.0], [12, 41, 1.0], [12, 42, 1.0], [13, 14, 1.0], [13, 43, 1.0], [13, 44, 1.0], [14, 15, 1.0], [14, 45, 1.0], [14, 46, 1.0], [15, 47, 1.0], [15, 48, 1.0], [15, 49, 1.0]], "fix_com": true, "fix_orientation": true, "provenance": {"creator": "QCElemental", "version": "v0.22.0", "routine": "qcelemental.molparse.from_schema"}, "id": "233952"}