{"schema_name": "qcschema_molecule", "schema_version": 2, "validated": true, "symbols": ["C", "C", "C", "C", "C", "C", "C", "C", "C", "C", "C", "C", "C", "C", "C", "C", "H", "H", "H", "H", "H", "H", "H", "H", "H", "H", "H", "H", "H", "H", "H", "H", "H", "H", "H", "H", "H", "H", "H", "H", "H", "H", "H", "H", "H", "H", "H", "H", "H", "H"], "geometry": [0.0, 0.0, 0.0, 2.8887768809654863, 1.890502071381331e-15, 1.7575406549223771e-15, 4.002302619751721, 1.6712297306453041, -2.0831329049610385, 6.891747853424775, 1.5989634369427295, -2.286860188706647, 8.281551242956231, 2.7077581824320878, 6.661338147750939e-16, 11.14118378225252, 3.0048785862656984, -0.36799648393302054, 12.571231114308405, 0.5033654122111038, -0.664233696932009, 15.46097187271318, 0.7527766103709843, -0.575487730122712, 16.67279384962411, 2.330778633925549, -2.692593146476243, 16.468937555540553, 1.2715934222686833, -5.40262199425543, 18.741186713834548, -0.29297317404397827, -6.311641425924236, 19.25021202014857, -2.81039799792306, -4.963406416351083, 17.161461908703803, -4.813333181013087, -5.157945358607758, 16.62550083548485, -5.718103417362041, -7.85648119642056, 14.838233000655608, -7.993182444220751, -8.017440087426833, 12.140676886209015, -7.463494747309694, -7.122496017479371, -0.7446158922109456, -1.1932896743347094, 1.4937293196152017, -0.7400946473563053, 1.8936116023707126, 0.2864018799914977, -0.7419025957276739, -0.6945818675001891, -1.783808792202982, 3.5576737141229353, 0.624959175118321, 1.8374623789063056, 3.5698956691448673, -1.9258001358946328, -0.23995289780909923, 3.2077591562752477, 1.0843691267602547, -3.887055541688203, 3.3888700540837897, 3.614266523734898, -1.794075046798625, 7.488162619781898, -0.34223998921398757, -2.6003073921888133, 7.450100169017709, 2.6490990022771235, -3.965377285155998, 7.940718071684304, 1.5484935103902953, 1.6617571420658093, 7.485415549689239, 4.558296860052716, 0.4167819480211916, 11.903613404745753, 4.011089071892753, 1.2562036067398228, 11.479034731145846, 4.208431808238579, -1.998745103952146, 12.002679879564218, -0.4237001426550524, -2.4042795425449297, 12.002340933755967, -0.7590121459441944, 0.8574275491473563, 15.978855901907759, 1.603007805453686, 1.22457649923897, 16.27362953114741, -1.130835565259169, -0.561503481116213, 15.84557266582879, 4.208026157798853, -2.652844112849248, 18.659335489319922, 2.601964428029068, -2.236881313764148, 16.29060228551628, 2.855874343846903, -6.697847336901842, 14.737439346947678, 0.19238273918070448, -5.623389914817964, 20.428375376842574, 0.8702361805942149, -6.138423834318136, 18.514729430369208, -0.6431913838057954, -8.322826858420717, 19.643419232763815, -2.4552114167532824, -2.9796660225085243, 20.98267325462443, -3.601854861967729, -5.740055696596105, 15.436529815438684, -4.104736988541454, -4.303584498441784, 17.729469138433497, -6.433846358962371, -4.024784924416123, 15.842334796843257, -4.1807829637371245, -8.973296563633383, 18.408298348726746, -6.225196972823068, -8.748509536139496, 14.77072795496829, -8.631681915917328, -9.969377694678808, 15.623166568230776, -9.552798765328427, -6.931254607014533, 10.940707289131865, -9.10190937383584, -7.414844226062522, 12.071533019229555, -7.000208366189431, -5.1264297366338845, 11.31495190617308, -5.894209399949675, -8.158919396640382], "name": "C16H34", "identifiers": {"molecule_hash": "6234196cddc3578b9c464c9d7329268374acd101", "molecular_formula": "C16H34"}, "molecular_charge": 0.0, "molecular_multiplicity": 1, "connectivity": [[0, 1, 1.0], [0, 16, 1.0], [0, 17, 1.0], [0, 18, 1.0], [1, 2, 1.0], [1, 19, 1.0], [1, 20, 1.0], [2, 3, 1.0], [2, 21, 1.0], [2, 22, 1.0], [3, 4, 1.0], [3, 23, 1.0], [3, 24, 1.0], [4, 5, 1.0], [4, 25, 1.0], [4, 26, 1.0], [5, 6, 1.0], [5, 27, 1.0], [5, 28, 1.0], [6, 7, 1.0], [6, 29, 1.0], [6, 30, 1.0], [7, 8, 1.0], [7, 31, 1.0], [7, 32, 1.0], [8, 9, 1.0], [8, 33, 1.0], [8, 34, 1.0], [9, 10, 1.0], [9, 35, 1.0], [9, 36, 1.0], [10, 11, 1.0], [10, 37, 1.0], [10, 38, 1.0], [11, 12, 1.0], [11, 39, 1.0], [11, 40, 1.0], [12, 13, 1.0], [12, 41, 1.0], [12, 42, 1.0], [13, 14, 1.0], [13, 43, 1.0], [13, 44, 1.0], [14, 15, 1.0], [14, 45, 1.0], [14, 46, 1.0], [15, 47, 1.0], [15, 48, 1.0], [15, 49, 1.0]], "fix_com": true, "fix_orientation": true, "provenance": {"creator": "QCElemental", "version": "v0.22.0", "routine": "qcelemental.molparse.from_schema"}, "id": "233080"}