{"schema_name": "qcschema_molecule", "schema_version": 2, "validated": true, "symbols": ["C", "C", "C", "C", "C", "C", "C", "C", "C", "C", "C", "C", "C", "C", "C", "C", "H", "H", "H", "H", "H", "H", "H", "H", "H", "H", "H", "H", "H", "H", "H", "H", "H", "H", "H", "H", "H", "H", "H", "H", "H", "H", "H", "H", "H", "H", "H", "H", "H", "H"], "geometry": [0.0, 0.0, -0.0, 2.8909055516494426, -1.2953470150469688e-16, 2.1177941195139962e-16, 4.093762835004447, 2.484654580670348, 0.8784516959622316, 3.6123754896586355, 4.746100857645753, -0.8623048048891186, 5.015177885298841, 7.125884763507596, -8.881784197001252e-16, 4.407253719125375, 9.512716246827685, -1.5303739996329222, 5.062124438406539, 9.444437034382323, -4.355725609429249, 7.87908820194852, 9.097633799457892, -4.924459393080701, 8.540785846376542, 9.124362365118644, -7.747578678980134, 8.141815301581419, 11.60565822010049, -9.203238617719784, 9.79482664868262, 13.852527883656395, -8.356156255224983, 8.525957591687101, 15.665409599812634, -6.483549167319472, 10.21364551774881, 17.8944771911786, -5.6976469761442186, 10.593142208125723, 19.96899449666455, -7.71411480168278, 8.908940456800265, 22.308491695352757, -7.3980151104641285, 6.071220862053392, 21.83102704972957, -7.662873409882474, -0.767570726291517, 1.3492772148781913, -1.3392125102661285, -0.7370061023782727, 0.4733473582974613, 1.857610888785281, -0.7286686971195058, -1.8501815542872033, -0.5057243813166012, 3.573124902612429, -0.45565581079411743, -1.8856901613567272, 3.54915744226035, -1.5115024844709488, 1.2265223308992974, 6.124118764608547, 2.202309322582957, 1.0438602101527352, 3.422259818345192, 2.9283666201856033, 2.7723674079020406, 4.1832713312977585, 4.2471754936872275, -2.7729201903436733, 1.5996674438188028, 5.152416010060501, -0.947358323026732, 4.532887915717508, 7.497101048152663, 1.9644861839207581, 7.038299827042675, 6.768993798542111, -0.02102778510477732, 2.3993108268608863, 9.915554681495669, -1.3407030926410792, 5.3875550019961524, 11.102987029594251, -0.6692380811981851, 3.998824774721029, 7.9533237265605505, -5.288547196671806, 4.405457238209748, 11.202891249198274, -5.186371412437025, 8.96713443710723, 10.529565236954449, -3.9303419145796616, 8.503794920811497, 7.295102386673722, -4.163821246975084, 10.513105910389331, 8.57923570438266, -7.95290085963623, 7.449524436036938, 7.651670384886707, -8.681919968354816, 6.161350920230197, 12.149342476853516, -9.158310883399789, 8.554157990392953, 11.200566663010848, -11.174248856841327, 11.545303970071505, 13.147162531148362, -7.536789832435467, 10.349302825041189, 14.917279202560914, -10.021077343227109, 6.780483063335724, 16.363748503909534, -7.310687040776736, 7.9832643382823685, 14.635885889734876, -4.793980293115589, 9.438263966883133, 18.753666661399343, -3.9988874500374934, 12.044366129367528, 17.140356050947204, -5.147751146274532, 12.545490317532774, 20.60355964835526, -7.661577553705184, 10.310605756949812, 19.190819440388882, -9.594701781501817, 9.28174771379915, 23.15605500421772, -5.561892029028804, 9.474818752394702, 23.704486450684158, -8.796241061262247, 5.627731692018642, 20.976114561959545, -9.476439079965735, 5.364698136557856, 20.5873586755465, -6.193824896606148, 5.025320480917992, 23.591560460961045, -7.532244836198661], "name": "C16H34", "identifiers": {"molecule_hash": "b691c0f71971a6777a36f20f32db7c30695e48f9", "molecular_formula": "C16H34"}, "molecular_charge": 0.0, "molecular_multiplicity": 1, "connectivity": [[0, 1, 1.0], [0, 16, 1.0], [0, 17, 1.0], [0, 18, 1.0], [1, 2, 1.0], [1, 19, 1.0], [1, 20, 1.0], [2, 3, 1.0], [2, 21, 1.0], [2, 22, 1.0], [3, 4, 1.0], [3, 23, 1.0], [3, 24, 1.0], [4, 5, 1.0], [4, 25, 1.0], [4, 26, 1.0], [5, 6, 1.0], [5, 27, 1.0], [5, 28, 1.0], [6, 7, 1.0], [6, 29, 1.0], [6, 30, 1.0], [7, 8, 1.0], [7, 31, 1.0], [7, 32, 1.0], [8, 9, 1.0], [8, 33, 1.0], [8, 34, 1.0], [9, 10, 1.0], [9, 35, 1.0], [9, 36, 1.0], [10, 11, 1.0], [10, 37, 1.0], [10, 38, 1.0], [11, 12, 1.0], [11, 39, 1.0], [11, 40, 1.0], [12, 13, 1.0], [12, 41, 1.0], [12, 42, 1.0], [13, 14, 1.0], [13, 43, 1.0], [13, 44, 1.0], [14, 15, 1.0], [14, 45, 1.0], [14, 46, 1.0], [15, 47, 1.0], [15, 48, 1.0], [15, 49, 1.0]], "fix_com": true, "fix_orientation": true, "provenance": {"creator": "QCElemental", "version": "v0.22.0", "routine": "qcelemental.molparse.from_schema"}, "id": "234626"}