{"schema_name": "qcschema_molecule", "schema_version": 2, "validated": true, "symbols": ["C", "C", "C", "C", "C", "C", "C", "C", "C", "C", "C", "C", "C", "C", "C", "C", "H", "H", "H", "H", "H", "H", "H", "H", "H", "H", "H", "H", "H", "H", "H", "H", "H", "H", "H", "H", "H", "H", "H", "H", "H", "H", "H", "H", "H", "H", "H", "H", "H", "H"], "geometry": [7.109231203973193, 2.7368506233162018, 1.9290125052862095e-15, 6.1789498066594755, -9.894993428112836e-17, 4.469340985593867e-16, 4.375057560221636, -0.6491065492761146, 2.1733714570390608, 1.7885246155412209, 0.6708224846691774, 2.202792607970198, 0.0, 0.0, 0.0, 0.043186241101781375, 1.876459526957035, -2.2084983753034613, -1.585217799787453, 1.1113290128969062, -4.48273857592551, -4.436106345232825, 1.0968879001042933, -3.978134442867689, -6.051159627475292, 0.29083034757146553, -6.249736619473067, -5.910109882411069, 1.9728808882227624, -8.607929275890779, -6.791427551682077, 4.698753728616296, -8.204115023221135, -6.891991052604133, 6.212882862365004, -10.671535219583733, -7.704754423619778, 8.994673553809642, -10.369063173998857, -5.550690271300775, 10.929543083333472, -10.204474074737838, -3.7945054342831326, 10.681466110299285, -7.919975014456406, -1.841982000896976, 12.807187587018412, -7.792723173818505, 8.039675113740358, 3.194152141251816, 1.7726412966115792, 8.461860524660757, 3.048693063350309, -1.5111406833126955, 5.576871087552584, 4.073559678169788, -0.2594352973975972, 5.299881741793609, -0.43470356262910126, -1.8036726718206781, 7.809788423916081, -1.242608916943492, 0.14061824661128186, 5.328406727206967, -0.23147677385367382, 3.947993051241718, 4.054654072799561, -2.6804718011272883, 2.1684387705874384, 0.8779951446978269, 0.14136567025531532, 3.9659489193461575, 2.030883579836435, 2.7090078737052736, 2.3003424197001436, 0.4448548010681785, -1.8847950513076583, -0.6961790223286901, -1.9137858841109443, -0.10889990763460457, 0.7297560381410757, -0.5684085445789341, 3.7203915160471412, -1.5289197428749046, 1.9722438253209162, 2.1259683980765005, -2.8598138474227786, -1.1756328647048053, 2.4106575094503118, -6.019246347642915, -1.0014796893008167, -0.7505796682089858, -5.138805779818852, -5.017164657986619, 2.9575667623581228, -3.326269559216488, -4.852333791469561, -0.1945589994293485, -2.4379054683568024, -8.013188515359936, 0.18512951616608808, -5.642044380101031, -5.519449341668972, -1.6229897801291993, -6.783643635021535, -3.997181153802314, 1.980450508873702, -9.357761850545426, -7.077687224509607, 1.1119695147532278, -10.06587922132933, -8.667423010547903, 4.686154400163789, -7.357533429987453, -5.564519820367869, 5.637973699778892, -6.85661438081103, -5.061050146234064, 6.128875084391985, -11.60642561125792, -8.207304373570162, 5.2682290660988, -11.936280877785592, -8.868855342662846, 9.519897133787412, -11.977492658344266, -8.916628244061295, 9.180584742662049, -8.717152289091189, -6.382548385874218, 12.810807227444378, -10.185999320759981, -4.427244075541692, 10.82277492085519, -11.925462870571176, -4.911552146876632, 10.678683755325666, -6.193589618030125, -2.813716248299667, 8.879074148403554, -7.981113730605795, -0.6633156910610407, 12.831148994265684, -9.473722058543148, -0.6077576834036367, 12.588331445985258, -6.168418546843858, -2.751570611072321, 14.641644303901737, -7.644593386704445], "name": "C16H34", "identifiers": {"molecule_hash": "1941fb4fbec9fb751430ca20d8e97d41ed735069", "molecular_formula": "C16H34"}, "molecular_charge": 0.0, "molecular_multiplicity": 1, "connectivity": [[0, 1, 1.0], [0, 16, 1.0], [0, 17, 1.0], [0, 18, 1.0], [1, 2, 1.0], [1, 19, 1.0], [1, 20, 1.0], [2, 3, 1.0], [2, 21, 1.0], [2, 22, 1.0], [3, 4, 1.0], [3, 23, 1.0], [3, 24, 1.0], [4, 5, 1.0], [4, 25, 1.0], [4, 26, 1.0], [5, 6, 1.0], [5, 27, 1.0], [5, 28, 1.0], [6, 7, 1.0], [6, 29, 1.0], [6, 30, 1.0], [7, 8, 1.0], [7, 31, 1.0], [7, 32, 1.0], [8, 9, 1.0], [8, 33, 1.0], [8, 34, 1.0], [9, 10, 1.0], [9, 35, 1.0], [9, 36, 1.0], [10, 11, 1.0], [10, 37, 1.0], [10, 38, 1.0], [11, 12, 1.0], [11, 39, 1.0], [11, 40, 1.0], [12, 13, 1.0], [12, 41, 1.0], [12, 42, 1.0], [13, 14, 1.0], [13, 43, 1.0], [13, 44, 1.0], [14, 15, 1.0], [14, 45, 1.0], [14, 46, 1.0], [15, 47, 1.0], [15, 48, 1.0], [15, 49, 1.0]], "fix_com": true, "fix_orientation": true, "provenance": {"creator": "QCElemental", "version": "v0.22.0", "routine": "qcelemental.molparse.from_schema"}, "id": "235056"}