{"schema_name": "qcschema_molecule", "schema_version": 2, "validated": true, "symbols": ["C", "C", "C", "C", "C", "C", "C", "C", "C", "C", "C", "C", "C", "C", "C", "C", "H", "H", "H", "H", "H", "H", "H", "H", "H", "H", "H", "H", "H", "H", "H", "H", "H", "H", "H", "H", "H", "H", "H", "H", "H", "H", "H", "H", "H", "H", "H", "H", "H", "H"], "geometry": [0.0, 0.0, -0.0, 2.8950418171333197, 2.56518097141297e-16, 3.0730414447583706e-16, 4.036732728303775, 0.8217703659192173, -2.5368557256524866, 6.93191066425306, 1.0453172764437544, -2.5119665876804937, 8.303329629660585, -1.476069618666022, -2.1023884773374055, 11.200581587065418, -1.2831281493533946, -2.055825919214875, 12.290130095445875, 0.4673648713400752, -5.551115123125783e-17, 11.308047125956367, -0.020446871207498996, 2.6894962700978966, 11.827016879551834, -2.689348895597589, 3.6934710387125778, 11.032342681898275, -3.0791267087751684, 6.463083238385053, 8.236729616862153, -2.540469165962994, 7.054308176890765, 6.361402873151579, -4.178106133899681, 5.567796434932867, 3.5760876722859836, -3.5088728434358574, 6.032536358670574, 2.6546129866394876, -3.9896624598571626, 8.739607120061997, -0.20571493053991396, -3.628391714928162, 9.086850099692317, -1.1196507346580806, -0.9163684322378958, 8.619806987698585, -0.7511188449716558, 1.8906166131433129, -0.3915355560315371, -0.7522929273327186, -0.6134226737947733, 1.8285714456176807, -0.7455320172792935, -1.2805824081008725, -1.4480158391657332, 3.587068659041364, 1.2639445597970282, 1.4945431234319126, 3.5668777193134886, -1.8933450689063063, 0.4959994093527198, 3.2257237521521134, 2.6564364404888456, -3.0696224203128297, 3.455654442045965, -0.5166289513192219, -4.015175753485182, 7.5697154723282765, 1.8713575060994183, -4.306216574227413, 7.47809824899525, 2.3928014659578993, -1.0335248785015452, 7.656227436408384, -2.3397503655717347, -0.3373542538891944, 7.7469903086333325, -2.7904972058858895, -3.609573752831871, 11.872034446112794, -0.619735380342096, -3.9040359393956376, 11.980330800285921, -3.188902555516894, -1.818547821596288, 14.357220987763263, 0.28468667554913085, -0.013249217394977697, 11.892415856012066, 2.439959751090221, -0.49685630782327794, 9.273643287415688, 0.36136581009171087, 2.750922924070297, 12.178457033909423, 1.3595387351634178, 3.9731341340448827, 13.85696795919618, -3.0897323526879235, 3.527439750420011, 10.879828547294181, -4.087380474088791, 2.495339567204404, 12.203551082416006, -1.8631228851086963, 7.670293285046186, 11.471633288830835, -5.03167304291129, 7.013081586519029, 7.94163553147909, -2.8241002857051782, 9.085355223516537, 7.81636452166568, -0.5411162123044186, 6.69599814590586, 6.741180854106311, -3.986436741868661, 3.5410770599972246, 6.682508991123926, -6.178911352684349, 6.025617295705569, 2.3960472916229394, -4.60910055585948, 4.725516285792642, 3.280036025606417, -1.5203023651326315, 5.531527794670229, 3.6538905053135244, -2.7397999105662634, 10.05892738551233, 3.1586525969389063, -5.928899335539851, 9.283313942809897, -1.2156810100896225, -4.9233167973404655, 7.817347165086153, -0.7208976863043182, -4.190670653091546, 11.015173982025505, -0.8217978348983741, -0.3312690397150049, 6.658013524000255, -3.1416142820424735, -0.7304552320037483, 9.022736823449206, -0.10883933039822846, 0.4258139213225669, 9.833213195231375], "name": "C16H34", "identifiers": {"molecule_hash": "f71bfe010afe5a3de708620ca0fd085cdc1c5fb3", "molecular_formula": "C16H34"}, "molecular_charge": 0.0, "molecular_multiplicity": 1, "connectivity": [[0, 1, 1.0], [0, 16, 1.0], [0, 17, 1.0], [0, 18, 1.0], [1, 2, 1.0], [1, 19, 1.0], [1, 20, 1.0], [2, 3, 1.0], [2, 21, 1.0], [2, 22, 1.0], [3, 4, 1.0], [3, 23, 1.0], [3, 24, 1.0], [4, 5, 1.0], [4, 25, 1.0], [4, 26, 1.0], [5, 6, 1.0], [5, 27, 1.0], [5, 28, 1.0], [6, 7, 1.0], [6, 29, 1.0], [6, 30, 1.0], [7, 8, 1.0], [7, 31, 1.0], [7, 32, 1.0], [8, 9, 1.0], [8, 33, 1.0], [8, 34, 1.0], [9, 10, 1.0], [9, 35, 1.0], [9, 36, 1.0], [10, 11, 1.0], [10, 37, 1.0], [10, 38, 1.0], [11, 12, 1.0], [11, 39, 1.0], [11, 40, 1.0], [12, 13, 1.0], [12, 41, 1.0], [12, 42, 1.0], [13, 14, 1.0], [13, 43, 1.0], [13, 44, 1.0], [14, 15, 1.0], [14, 45, 1.0], [14, 46, 1.0], [15, 47, 1.0], [15, 48, 1.0], [15, 49, 1.0]], "fix_com": true, "fix_orientation": true, "provenance": {"creator": "QCElemental", "version": "v0.22.0", "routine": "qcelemental.molparse.from_schema"}, "id": "249671"}