{"schema_name": "qcschema_molecule", "schema_version": 2, "validated": true, "symbols": ["C", "C", "C", "C", "C", "C", "C", "C", "C", "C", "C", "C", "C", "C", "C", "C", "H", "H", "H", "H", "H", "H", "H", "H", "H", "H", "H", "H", "H", "H", "H", "H", "H", "H", "H", "H", "H", "H", "H", "H", "H", "H", "H", "H", "H", "H", "H", "H", "H", "H"], "geometry": [0.0, 0.0, 0.0, 2.89603192685911, 1.6379917548653585e-15, 8.835017956852768e-16, 4.009618184812658, 2.5735665251263, 0.7260304603590029, 6.9015639308298065, 2.5757369113394515, 0.8863491202973287, 8.103470795657941, 5.0761503588584675, 1.7549703002763581, 7.62425790415131, 7.355483806201712, 4.440892098500626e-16, 5.309926350318107, 8.965771977219205, 0.7019975405656957, 4.76006402956029, 11.089726381101563, -1.2070285892456027, 3.724245237536018, 10.208954918863377, -3.7903047071058658, 0.8289553641402476, 10.167430067915904, -4.031699208730246, -0.5550096884293167, 8.405447665286477, -2.19254428525697, -3.4062905261439447, 8.173706158105267, -2.6991936315897513, -4.213014896437771, 7.064762660475307, -5.267033730665772, -3.4015383036541174, 4.314385199947932, -5.7822458225631275, -0.7633058442129776, 3.9688201407329586, -6.946080330216319, -0.1478510596135325, 1.193938870520748, -7.508190110985815, -0.7652549829257687, -1.8268293610297075, -0.6022573850677363, -0.7430464704356192, 0.40480919952442396, 1.8910355859178978, -0.7422958391503408, 1.4470787710820812, -1.2793922889395541, 3.5892178576930758, -1.4500069614068236, 1.312575347102511, 3.5928325417222515, -0.5393897030680466, -1.8788019644666214, 3.38121020070747, 3.97579454888497, -0.6621060024002687, 3.218502724019162, 3.1740934434415475, 2.55024467031388, 7.681859349087021, 2.0671986157247773, -0.9701792789878253, 7.495658574883844, 1.0711817826886318, 2.187458615654127, 10.146473062916158, 4.765650688990268, 1.9162124499058326, 7.444879627605562, 5.529437294548577, 3.6712614731596034, 7.455046280290896, 6.674053513514497, -1.9517890345821418, 9.285430473923205, 8.597706522212972, 0.015116943790342674, 3.644684951533276, 7.764746764593005, 0.920427888219991, 5.6522080342831185, 9.809830801719432, 2.5668162809815147, 3.4208450483925366, 12.436323868454707, -0.3712123379811363, 6.516825723487122, 12.152978043667737, -1.5024531159228802, 4.455984080770158, 11.45827147721376, -5.273310757424922, 4.46252508966551, 8.323336637891362, -4.2385834931718485, 0.3659577278297965, 9.627754969118135, -5.977021170593957, 0.09753832490873648, 12.096174333988984, -3.7851661563212637, 0.3149588892835873, 6.527480465392612, -2.2303841241717186, -0.3018657231012518, 9.098562220617396, -0.2560803293596532, -4.2453688198330015, 7.009602650436433, -1.1995422454339453, -4.26417804688286, 10.054998481300665, -2.508998182865016, -6.283004314562504, 7.156629545293348, -5.33701005369603, -3.553063071598257, 8.277591163782718, -6.813970031218187, -3.5323727172848427, 3.2201957942000616, -4.022907649256754, -4.772393779436582, 3.4509693392821954, -7.07901805993164, -0.657089146076028, 5.06856688802157, -8.70255587369676, 0.6910617834699169, 4.745313254526175, -5.697910912038295, 1.7262151602634705, 0.9947665670977943, -8.36529104340199, -1.5301961064317666, 0.37179484714306277, -8.814372104044555, -0.1726351779184444, 0.0580552005278423, -5.777445879554721], "name": "C16H34", "identifiers": {"molecule_hash": "add0a667099c697fe9b432ae3d0282058710180f", "molecular_formula": "C16H34"}, "molecular_charge": 0.0, "molecular_multiplicity": 1, "connectivity": [[0, 1, 1.0], [0, 16, 1.0], [0, 17, 1.0], [0, 18, 1.0], [1, 2, 1.0], [1, 19, 1.0], [1, 20, 1.0], [2, 3, 1.0], [2, 21, 1.0], [2, 22, 1.0], [3, 4, 1.0], [3, 23, 1.0], [3, 24, 1.0], [4, 5, 1.0], [4, 25, 1.0], [4, 26, 1.0], [5, 6, 1.0], [5, 27, 1.0], [5, 28, 1.0], [6, 7, 1.0], [6, 29, 1.0], [6, 30, 1.0], [7, 8, 1.0], [7, 31, 1.0], [7, 32, 1.0], [8, 9, 1.0], [8, 33, 1.0], [8, 34, 1.0], [9, 10, 1.0], [9, 35, 1.0], [9, 36, 1.0], [10, 11, 1.0], [10, 37, 1.0], [10, 38, 1.0], [11, 12, 1.0], [11, 39, 1.0], [11, 40, 1.0], [12, 13, 1.0], [12, 41, 1.0], [12, 42, 1.0], [13, 14, 1.0], [13, 43, 1.0], [13, 44, 1.0], [14, 15, 1.0], [14, 45, 1.0], [14, 46, 1.0], [15, 47, 1.0], [15, 48, 1.0], [15, 49, 1.0]], "fix_com": true, "fix_orientation": true, "provenance": {"creator": "QCElemental", "version": "v0.22.0", "routine": "qcelemental.molparse.from_schema"}, "id": "243051"}