{"schema_name": "qcschema_molecule", "schema_version": 2, "validated": true, "symbols": ["C", "C", "C", "C", "C", "C", "C", "C", "C", "C", "C", "C", "C", "C", "C", "C", "H", "H", "H", "H", "H", "H", "H", "H", "H", "H", "H", "H", "H", "H", "H", "H", "H", "H", "H", "H", "H", "H", "H", "H", "H", "H", "H", "H", "H", "H", "H", "H", "H", "H"], "geometry": [0.0, 0.0, 0.0, 2.8995128370584142, 1.569358823583097e-15, 4.7991787396799235e-17, 4.096354367212279, 1.796871680734182, -1.9429852375207806, 3.5954053729640942, 4.606319383349675, -1.4326722383224615, 4.7358110521072945, 6.403117651908002, -3.410235199348882, 7.620502702448837, 6.245787239450201, -3.737706753139107, 9.16397318263602, 6.656809304240835, -1.308796325548201, 8.916752341193797, 9.253273182956628, 2.6645352591003757e-15, 10.77564632206704, 11.304332815461986, -0.9113929784688763, 10.34991154194646, 12.58754695428623, -3.49516062382105, 8.362076234620167, 14.719990785039796, -3.538033706309011, 5.571946155449444, 13.93569761418376, -3.773124265219101, 4.845691288735676, 12.63163722232302, -6.265840060090484, 5.119524449133552, 14.304532354472519, -8.617599473926834, 4.42120689909929, 12.971134819544453, -11.10192985751095, 1.6398891490752674, 12.173777455406233, -11.290005316181686, -0.772986072024497, 1.8384993272362185, 0.5491229756806891, -0.744483407517085, -1.405545889261792, 1.3250426315737582, -0.740026411609386, -0.454827895170178, -1.8816698168184265, 3.5693316769107684, -1.9259952961710396, -0.3764831491934687, 3.5901112861386983, 0.4893935027387966, 1.8953368485974709, 3.402677124569961, 1.313674922471455, -3.8411867415628125, 6.140418470789047, 1.4584083760602033, -1.9752744407683256, 1.5523934610445371, 4.944548555444364, -1.368908485923113, 4.307594437068612, 5.090651360260979, 0.4551222752908305, 3.8518979090196788, 6.025622385420985, -5.249601247845812, 4.197919110009172, 8.340596987031022, -2.92070920644464, 8.19376938111993, 7.612279200669314, -5.181973411343534, 8.116012761119494, 4.386818619119875, -4.509373632106762, 11.166968136076038, 6.317485501296904, -1.7315173169644882, 8.630778320940566, 5.183636691717955, 0.047492650250325785, 9.29082341874543, 8.972810615338155, 2.0199946631180437, 6.965399536946654, 9.929965886194584, -0.10485510904454753, 12.668597157776112, 10.452637863269521, -0.9156829447485483, 10.845438037616386, 12.803184788439706, 0.5233118906095502, 9.936780408549458, 11.180352080651351, -4.954453449085072, 12.160827764221946, 13.432216494531168, -4.048456127458156, 8.812888276380091, 16.003823622050792, -5.100376378894067, 8.585606810637636, 15.85194567149835, -1.8131076789602192, 5.057807314301402, 12.700448105587707, -2.1939154193567885, 4.401552098183563, 15.637189277700982, -3.5600648461056426, 2.883274759366759, 11.989079281195963, -6.1048482905704, 5.977133703863073, 10.916879567539901, -6.528748278645055, 3.939844450768351, 16.000200611880253, -8.394045594538131, 7.073849282585931, 14.976279923727203, -8.766418708197993, 5.633423347711915, 11.303252938089361, -11.341533015044922, 4.865435698227393, 14.237568043544567, -12.682644516236122, 0.38280159095272737, 13.79608992630706, -11.001349126064643, 1.1503002398927253, 10.742990844879545, -9.878524997570414, 1.2190207431902325, 11.375724569431865, -13.153205886953963], "name": "C16H34", "identifiers": {"molecule_hash": "d8f568fbd683c1ae5c084f26601e15191a259fc1", "molecular_formula": "C16H34"}, "molecular_charge": 0.0, "molecular_multiplicity": 1, "connectivity": [[0, 1, 1.0], [0, 16, 1.0], [0, 17, 1.0], [0, 18, 1.0], [1, 2, 1.0], [1, 19, 1.0], [1, 20, 1.0], [2, 3, 1.0], [2, 21, 1.0], [2, 22, 1.0], [3, 4, 1.0], [3, 23, 1.0], [3, 24, 1.0], [4, 5, 1.0], [4, 25, 1.0], [4, 26, 1.0], [5, 6, 1.0], [5, 27, 1.0], [5, 28, 1.0], [6, 7, 1.0], [6, 29, 1.0], [6, 30, 1.0], [7, 8, 1.0], [7, 31, 1.0], [7, 32, 1.0], [8, 9, 1.0], [8, 33, 1.0], [8, 34, 1.0], [9, 10, 1.0], [9, 35, 1.0], [9, 36, 1.0], [10, 11, 1.0], [10, 37, 1.0], [10, 38, 1.0], [11, 12, 1.0], [11, 39, 1.0], [11, 40, 1.0], [12, 13, 1.0], [12, 41, 1.0], [12, 42, 1.0], [13, 14, 1.0], [13, 43, 1.0], [13, 44, 1.0], [14, 15, 1.0], [14, 45, 1.0], [14, 46, 1.0], [15, 47, 1.0], [15, 48, 1.0], [15, 49, 1.0]], "fix_com": true, "fix_orientation": true, "provenance": {"creator": "QCElemental", "version": "v0.22.0", "routine": "qcelemental.molparse.from_schema"}, "id": "244728"}