{"schema_name": "qcschema_molecule", "schema_version": 2, "validated": true, "symbols": ["C", "C", "C", "C", "C", "C", "C", "C", "C", "C", "C", "C", "C", "C", "C", "C", "H", "H", "H", "H", "H", "H", "H", "H", "H", "H", "H", "H", "H", "H", "H", "H", "H", "H", "H", "H", "H", "H", "H", "H", "H", "H", "H", "H", "H", "H", "H", "H", "H", "H"], "geometry": [0.0, 0.0, 0.0, 2.8967394407598976, 1.348606508908524e-17, -3.5873224017982996e-15, 4.018693866305016, 2.6677283204699456, 0.1832411120938423, 6.912881795028193, 2.765906709552544, 2.1094237467877974e-15, 8.295465428123045, 1.4786664290590574, 2.204060540315898, 11.172043551919822, 1.8715820816661135, 2.1718654927770804, 12.489660436269737, 0.6355025410436546, -0.09514459233307984, 15.387075310988992, 0.8483132662458466, -0.08059057533710887, 16.43650254331573, 3.56413320468983, -0.0255006844748773, 15.649388106633483, 5.326845012105606, -2.2116298925058615, 17.34570601993991, 5.263305457194865, -4.574560339619486, 17.44608690526108, 2.7747147716236578, -6.074968851715088, 14.881328692264592, 1.750849654080311, -6.97327640458603, 13.35900604282936, 3.592979537206069, -8.61407200085174, 10.8611095557089, 2.495015361386969, -9.6087841814089, 8.932646442127464, 1.886339704869866, -7.529282215920873, -0.7596148237296406, -1.9215221252917924, -0.1293535336388987, -0.744954736496709, 0.8564985237923842, 1.7332357478328297, -0.7462923507815138, 1.0831517367478927, -1.6007350473303412, 3.5787352361724647, -1.1610068264989584, 1.5746698528769907, 3.591203256859509, -0.9079393328280134, -1.7329646148302642, 3.2132890399297276, 3.830069642723341, -1.3362586535637104, 3.4085904146583133, 3.545266024595854, 1.9645117700499868, 7.494770478784703, 1.9122874467990816, -1.7962141369433566, 7.513422260328587, 4.75188526172672, -0.08475195784817902, 7.890794758207802, -0.5552041746130056, 2.2023942071021922, 7.534018549396294, 2.2196080416566115, 3.9876839457848825, 11.984329667390572, 1.1071940813757681, 3.9228033081528326, 11.566907416437521, 3.9074391217436477, 2.1912588959727604, 11.741816741117011, 1.4460372039052858, -1.8446743869652096, 11.979645762677313, -1.3763396428922232, -0.14745204873959794, 16.11702744464597, -0.15147082109981538, 1.5859357984215132, 16.13245740113976, -0.1674209567822939, -1.7227863199287312, 15.861342726521665, 4.437050449990706, 1.7626327193342042, 18.50860533301241, 3.4706803565935056, 0.04667895296461211, 15.678547561595252, 7.27598682986185, -1.506163950675641, 13.679624446934788, 4.968954198980288, -2.7429152892678657, 19.28021188994172, 5.751841931442179, -4.002687383130497, 16.737280400239328, 6.785342224459823, -5.843696611036063, 18.385775231077186, 1.317585441672277, -4.940054143877953, 18.665087643495404, 3.0756600532167813, -7.728197653130192, 13.75464044200793, 1.1924318747046354, -5.334244723070504, 15.208129306224972, 0.008445428001474076, -8.053959765636758, 12.942259372137572, 5.3153991076530875, -7.53650326631726, 14.528682102533121, 4.188041959913106, -10.222617592569138, 10.016929620224433, 3.8511720148573723, -10.930849088886715, 11.253159921610768, 0.7803601927513399, -10.710533148049246, 7.133661137992613, 1.258275959993005, -8.338313157870013, 9.60192700342647, 0.3872482896118872, -6.2709883251928895, 8.54860481598384, 3.555649103265743, -6.362856916673688], "name": "C16H34", "identifiers": {"molecule_hash": "ef740f62de9b7a225d8d2e17f6e87020c5b34dd7", "molecular_formula": "C16H34"}, "molecular_charge": 0.0, "molecular_multiplicity": 1, "connectivity": [[0, 1, 1.0], [0, 16, 1.0], [0, 17, 1.0], [0, 18, 1.0], [1, 2, 1.0], [1, 19, 1.0], [1, 20, 1.0], [2, 3, 1.0], [2, 21, 1.0], [2, 22, 1.0], [3, 4, 1.0], [3, 23, 1.0], [3, 24, 1.0], [4, 5, 1.0], [4, 25, 1.0], [4, 26, 1.0], [5, 6, 1.0], [5, 27, 1.0], [5, 28, 1.0], [6, 7, 1.0], [6, 29, 1.0], [6, 30, 1.0], [7, 8, 1.0], [7, 31, 1.0], [7, 32, 1.0], [8, 9, 1.0], [8, 33, 1.0], [8, 34, 1.0], [9, 10, 1.0], [9, 35, 1.0], [9, 36, 1.0], [10, 11, 1.0], [10, 37, 1.0], [10, 38, 1.0], [11, 12, 1.0], [11, 39, 1.0], [11, 40, 1.0], [12, 13, 1.0], [12, 41, 1.0], [12, 42, 1.0], [13, 14, 1.0], [13, 43, 1.0], [13, 44, 1.0], [14, 15, 1.0], [14, 45, 1.0], [14, 46, 1.0], [15, 47, 1.0], [15, 48, 1.0], [15, 49, 1.0]], "fix_com": true, "fix_orientation": true, "provenance": {"creator": "QCElemental", "version": "v0.22.0", "routine": "qcelemental.molparse.from_schema"}, "id": "244955"}