{"schema_name": "qcschema_molecule", "schema_version": 2, "validated": true, "symbols": ["C", "C", "C", "C", "C", "C", "C", "C", "C", "C", "C", "C", "C", "C", "C", "C", "H", "H", "H", "H", "H", "H", "H", "H", "H", "H", "H", "H", "H", "H", "H", "H", "H", "H", "H", "H", "H", "H", "H", "H", "H", "H", "H", "H", "H", "H", "H", "H", "H", "H"], "geometry": [10.203056271572114, 2.855756123216632, 1.3322676295501878e-15, 9.753621211448573, -5.457180754694269e-15, 2.0826455198624756e-15, 7.281164646197919, -0.8285504893084303, -1.2619485057326845, 4.8772826518444194, 0.03708162042219299, 0.09751412449574624, 2.473488562884924, -1.0046809685961973, -1.1318354036502958, 0.0, -0.0, 0.0, -0.47852338980941445, -0.587621679551156, 2.8003295441660905, -0.6674616752561507, -3.4095225511362264, 3.416927663502359, -1.2393573336422272, -3.989360381375755, 6.199962722179032, -3.8257392234104173, -3.1784378925132275, 7.243028352976954, -6.141189143732118, -4.487392559801528, 6.049819371712848, -7.4182115558835395, -3.0019298442420745, 3.9130366532798404, -9.731289459658237, -4.34636120409698, 2.7830587568347136, -12.12995688905121, -4.353029787784069, 4.444423368640569, -14.100239064946775, -2.3380180595742788, 3.76074392683215, -13.23495793899046, 0.3984521845332496, 4.098077709870645, 8.796308713156062, 3.854166360083631, 1.107899939485558, 10.147443916374161, 3.6105856962471368, -1.90921279911684, 12.04147297258449, 3.304065924903154, 0.7931767514211829, 9.796090686976607, -0.6973000825385562, 1.9341255863869022, 11.31790105659475, -0.9125380945585941, -0.9708733863373531, 7.26683978398599, -2.8816421681606585, -1.380411068426639, 7.249968540792689, -0.1438728284878541, -3.202298139975582, 4.975349044054992, -0.5562745205702546, 2.0631212074609557, 4.780563877655959, 2.0897840987618133, 0.11695109842854823, 2.494654333378927, -0.5197858825013647, -3.1303448174886395, 2.5037403893439, -3.057465041030025, -1.0543880102555812, -0.050963612581203084, 2.0406777881168923, -0.2512476692018592, -1.5682803765495015, -0.7455532418562872, -1.1027936623978465, 0.9947042525974679, 0.25691078145537805, 3.9581492283730664, -2.221787583090959, 0.35148053591847467, 3.341127536761457, -2.0771988923228437, -4.289098208994416, 2.2079903394380995, 1.1127753703448524, -4.322089644716378, 2.9522495715271537, -1.0465375019279521, -6.016302026807204, 6.489263236411678, 0.2200126010832113, -3.114341105471648, 7.356356876341839, -4.041052515258871, -1.1397116967337066, 7.112315219938111, -3.80401568827689, -3.599274628821254, 9.253359558216157, -5.596822664374345, -6.345086900256429, 5.352890866338071, -7.527075242400502, -4.830584489408252, 7.524485588693107, -7.957722258413889, -1.1500640682016698, 4.618753994140619, -6.06464749663679, -2.665579065913045, 2.408440192758022, -10.18217223775688, -3.490476719194076, 0.969395752962172, -9.194127235995467, -6.2841526950953135, 2.3599240755077053, -13.044127726170688, -6.185536954817176, 4.291762313347515, -11.622147470850882, -4.146934164259793, 6.424737697697646, -14.696733403751248, -2.6215384531215253, 1.8133077985337813, -15.769114531186277, -2.6482159625331727, 4.919487794564241, -12.61676803562372, 0.7501100446698884, 6.024410089852702, -11.681668949258432, 0.8692164518607446, 2.845215690361292, -14.768910792057085, 1.6986372321482583, 3.689474222230997], "name": "C16H34", "identifiers": {"molecule_hash": "b691c0f71971a6777a36f20f32db7c30695e48f9", "molecular_formula": "C16H34"}, "molecular_charge": 0.0, "molecular_multiplicity": 1, "connectivity": [[0, 1, 1.0], [0, 16, 1.0], [0, 17, 1.0], [0, 18, 1.0], [1, 2, 1.0], [1, 19, 1.0], [1, 20, 1.0], [2, 3, 1.0], [2, 21, 1.0], [2, 22, 1.0], [3, 4, 1.0], [3, 23, 1.0], [3, 24, 1.0], [4, 5, 1.0], [4, 25, 1.0], [4, 26, 1.0], [5, 6, 1.0], [5, 27, 1.0], [5, 28, 1.0], [6, 7, 1.0], [6, 29, 1.0], [6, 30, 1.0], [7, 8, 1.0], [7, 31, 1.0], [7, 32, 1.0], [8, 9, 1.0], [8, 33, 1.0], [8, 34, 1.0], [9, 10, 1.0], [9, 35, 1.0], [9, 36, 1.0], [10, 11, 1.0], [10, 37, 1.0], [10, 38, 1.0], [11, 12, 1.0], [11, 39, 1.0], [11, 40, 1.0], [12, 13, 1.0], [12, 41, 1.0], [12, 42, 1.0], [13, 14, 1.0], [13, 43, 1.0], [13, 44, 1.0], [14, 15, 1.0], [14, 45, 1.0], [14, 46, 1.0], [15, 47, 1.0], [15, 48, 1.0], [15, 49, 1.0]], "fix_com": true, "fix_orientation": true, "provenance": {"creator": "QCElemental", "version": "v0.22.0", "routine": "qcelemental.molparse.from_schema"}, "id": "234626"}