{"schema_name": "qcschema_molecule", "schema_version": 2, "validated": true, "symbols": ["C", "C", "C", "C", "C", "C", "C", "C", "C", "C", "C", "C", "C", "C", "C", "C", "H", "H", "H", "H", "H", "H", "H", "H", "H", "H", "H", "H", "H", "H", "H", "H", "H", "H", "H", "H", "H", "H", "H", "H", "H", "H", "H", "H", "H", "H", "H", "H", "H", "H"], "geometry": [7.229177053530744, 1.5884074697492314, 1.3322676295501878e-15, 4.817162075643861, -5.777271056647563e-15, 3.561631709194957e-15, 2.408552380023144, 1.600474674123324, -0.01785888468386354, 0.0, -0.0, 0.0, -2.4964403599446814, 1.4533348340604686, -0.26085359611195946, -3.147342918483667, 3.2824361782673197, 1.9121061775761026, -2.3844956119871847, 6.041023481394607, 1.4490641178107335, -3.093500529947234, 7.821987811885871, 3.628523404928922, -1.4473916310952895, 7.597934127931492, 6.029615912676695, 0.5454874825800644, 9.681244183187122, 6.3546190622735494, 2.6181110669369385, 9.71841298657638, 4.335800963120388, 4.576772685322052, 11.829939673774122, 4.673678547088908, 6.273585602826454, 11.737497625665956, 7.028891798982711, 8.088004112098051, 9.465327807260362, 7.203158880415538, 7.108394113362291, 7.210141018144018, 8.733001025003013, 9.021232688874848, 5.050364126069271, 8.875621982232234, 8.902809617991396, 0.40176769098717857, 0.012348182164389987, 7.326060070843415, 2.78838192333689, -1.6630303382504228, 7.314767203447809, 2.805973200450607, 1.6511426099792166, 4.820589729416614, -1.2427835006532768, -1.6377093607984485, 4.807910203575684, -1.2247921301809865, 1.6515489519405566, 2.432620983105114, 2.8511348842310538, 1.6114037119009197, 2.414553987733013, 2.8129829634344574, -1.6805432161958882, -0.05484728511091169, -1.1110497302476936, 1.7312374311707508, 0.10712539425013268, -1.3575349782799258, -1.5415924807387034, -3.994804263640688, 0.05627600067157296, -0.4085258192308896, -2.5072592784622842, 2.475383805888799, -2.0461938501390624, -2.3102171228289987, 2.591315216840393, 3.657460403528522, -5.179544277547288, 3.2471443861897535, 2.216889752881259, -0.3756547427207504, 6.172979906663648, 1.0628066864653758, -3.33642259317618, 6.684365463293639, -0.25655759373831355, -3.0285878975867666, 9.76179657987787, 2.95297173261177, -5.058712611419777, 7.4742058109041025, 4.118153612865072, -2.6642317382928944, 7.6461298981498125, 7.682823065702758, -0.5155596788889065, 5.7667174945001225, 6.08057028619284, 1.3978708846095316, 9.460020674983745, 8.209097954138949, -0.3991140860147899, 11.509886130312657, 6.376250705697659, 3.555222715682933, 7.890906271788844, 4.270884732524495, 1.7550036154274222, 9.971726192074934, 2.4897558163366384, 5.793273033912009, 11.852012363693978, 3.0156645665292645, 3.5877338271797004, 13.633801061963403, 4.670388599544837, 7.393809799662337, 13.459041288012335, 7.0100739776298076, 5.134767395360641, 11.842722989351863, 8.73555459398825, 8.59416928421805, 8.840764106538217, 5.309016570674533, 9.842811365453613, 10.089841860109157, 8.072303364549004, 6.6566333027093565, 7.841924640894026, 10.63676932035307, 5.355959217764706, 6.506083267236999, 7.932630926381909, 8.297710853310043, 3.4874041097086796, 9.990716526453001, 10.778245520769168, 5.671996971066541, 9.736938493296405, 9.467520932819468, 4.3293384713095735, 7.005664235365293], "name": "C16H34", "identifiers": {"molecule_hash": "f9595d6016e83a53ca0fd4ac3e13e68411ba1a99", "molecular_formula": "C16H34"}, "molecular_charge": 0.0, "molecular_multiplicity": 1, "connectivity": [[0, 1, 1.0], [0, 16, 1.0], [0, 17, 1.0], [0, 18, 1.0], [1, 2, 1.0], [1, 19, 1.0], [1, 20, 1.0], [2, 3, 1.0], [2, 21, 1.0], [2, 22, 1.0], [3, 4, 1.0], [3, 23, 1.0], [3, 24, 1.0], [4, 5, 1.0], [4, 25, 1.0], [4, 26, 1.0], [5, 6, 1.0], [5, 27, 1.0], [5, 28, 1.0], [6, 7, 1.0], [6, 29, 1.0], [6, 30, 1.0], [7, 8, 1.0], [7, 31, 1.0], [7, 32, 1.0], [8, 9, 1.0], [8, 33, 1.0], [8, 34, 1.0], [9, 10, 1.0], [9, 35, 1.0], [9, 36, 1.0], [10, 11, 1.0], [10, 37, 1.0], [10, 38, 1.0], [11, 12, 1.0], [11, 39, 1.0], [11, 40, 1.0], [12, 13, 1.0], [12, 41, 1.0], [12, 42, 1.0], [13, 14, 1.0], [13, 43, 1.0], [13, 44, 1.0], [14, 15, 1.0], [14, 45, 1.0], [14, 46, 1.0], [15, 47, 1.0], [15, 48, 1.0], [15, 49, 1.0]], "fix_com": true, "fix_orientation": true, "provenance": {"creator": "QCElemental", "version": "v0.22.0", "routine": "qcelemental.molparse.from_schema"}, "id": "233952"}