{"schema_name": "qcschema_molecule", "schema_version": 2, "validated": true, "symbols": ["C", "C", "C", "C", "C", "C", "C", "C", "C", "C", "C", "C", "C", "C", "C", "C", "H", "H", "H", "H", "H", "H", "H", "H", "H", "H", "H", "H", "H", "H", "H", "H", "H", "H", "H", "H", "H", "H", "H", "H", "H", "H", "H", "H", "H", "H", "H", "H", "H", "H"], "geometry": [5.334100821926506, 2.853510312034345, -2.220446049250313e-16, 4.869468167563445, -2.347423668765993e-16, -3.7697645483295773e-16, 2.432364813235029, -0.8308119650906876, 1.3316578655758387, 0.0, 0.0, 0.0, -2.4426324996611175, -0.7439208790157688, 1.3784383813564647, -2.913794159956126, -3.585154087502633, 1.7432821985730604, -3.0780679085724802, -5.175356017156172, -0.6772298766015452, -5.35613723616318, -4.683328968423739, -2.4103086625932164, -7.939095695279666, -5.397381919073169, -1.2473441617108025, -9.540558915899483, -3.210688968648371, -0.16620975197545684, -11.560554514147935, -2.1710174562136273, -1.9762963303132284, -10.61626216962248, -0.8741402024456917, -4.39378451440452, -9.21707914835636, 1.64422231566319, -4.0435928159183145, -10.871038048336787, 3.800303664606606, -3.0431911133083656, -9.482606917019346, 6.325078765147045, -2.726287067838297, -8.609837647218134, 7.542863891811606, -5.198879280871692, 3.9038348683658057, 3.868132354601908, -1.0615964715683393, 7.151651663486937, 3.293856690000485, -0.8441689413276426, 5.339660250899975, 3.5985513397755913, 1.9137961544707405, 6.45853457789274, -0.9217582856010917, 0.9204606422625007, 4.85364529097798, -0.6895772345920647, -1.9374063783178885, 2.4345484802385156, -0.10661685825641198, 3.2587268374962015, 2.4584296430384533, -2.8776961477072622, 1.4893602838263291, -0.004487722177926867, 2.0434191534224015, -0.19865532371344885, -0.012501523462300934, -0.7504286798394032, -1.9135563445429102, -2.4381218407963514, 0.1410824496545504, 3.235188570142267, -4.024690005288977, 0.08851859446228412, 0.3693795320196409, -4.644263661711234, -3.8142836526776045, 2.8272091534853194, -1.424629890627946, -4.366847251312968, 2.9212408280087354, -3.1110659331514663, -7.15895443194656, -0.135554011963821, -1.3571359503326303, -4.928655170217864, -1.7711753457339916, -5.06704976247086, -5.795500009979671, -4.112827033112952, -5.3631649590189845, -2.7261427977563173, -3.0234797109983065, -7.614062041701157, -6.778691283457254, 0.23748562360261394, -9.063533139597212, -6.37755195678487, -2.659575941979828, -8.325295307593912, -1.6929354908292273, 0.4888659517091406, -10.529306298795136, -3.8866930695518613, 1.5028181806151637, -12.767173020092576, -0.8773669606263905, -0.9336817047142711, -12.774833998782405, -3.735802867529361, -2.529893298716802, -9.399114805684242, -2.1687649428678197, -5.423995064880019, -12.2373745811031, -0.5440605130290761, -5.615855010131405, -8.434349594610142, 2.1797751952880184, -5.864438818036437, -7.609600760137338, 1.3960728183182605, -2.788453804536969, -12.476012286679474, 4.065748622699403, -4.304410830810023, -11.655427624054077, 3.272459777832294, -1.2209963424819357, -7.862948380518339, 6.058705868390367, -1.4872700373814551, -10.733001144288576, 7.635746726815313, -1.7563928191578566, -10.188263837782632, 7.8106949260794805, -6.485195261788386, -7.203076108976526, 6.406173113144447, -6.163857561848984, -7.774665425707004, 9.38374893147718, -4.8472555988784345], "name": "C16H34", "identifiers": {"molecule_hash": "f7526d77576b3e6a9215b645dbdca4062cda9881", "molecular_formula": "C16H34"}, "molecular_charge": 0.0, "molecular_multiplicity": 1, "connectivity": [[0, 1, 1.0], [0, 16, 1.0], [0, 17, 1.0], [0, 18, 1.0], [1, 2, 1.0], [1, 19, 1.0], [1, 20, 1.0], [2, 3, 1.0], [2, 21, 1.0], [2, 22, 1.0], [3, 4, 1.0], [3, 23, 1.0], [3, 24, 1.0], [4, 5, 1.0], [4, 25, 1.0], [4, 26, 1.0], [5, 6, 1.0], [5, 27, 1.0], [5, 28, 1.0], [6, 7, 1.0], [6, 29, 1.0], [6, 30, 1.0], [7, 8, 1.0], [7, 31, 1.0], [7, 32, 1.0], [8, 9, 1.0], [8, 33, 1.0], [8, 34, 1.0], [9, 10, 1.0], [9, 35, 1.0], [9, 36, 1.0], [10, 11, 1.0], [10, 37, 1.0], [10, 38, 1.0], [11, 12, 1.0], [11, 39, 1.0], [11, 40, 1.0], [12, 13, 1.0], [12, 41, 1.0], [12, 42, 1.0], [13, 14, 1.0], [13, 43, 1.0], [13, 44, 1.0], [14, 15, 1.0], [14, 45, 1.0], [14, 46, 1.0], [15, 47, 1.0], [15, 48, 1.0], [15, 49, 1.0]], "fix_com": true, "fix_orientation": true, "provenance": {"creator": "QCElemental", "version": "v0.22.0", "routine": "qcelemental.molparse.from_schema"}, "id": "233454"}