{"schema_name": "qcschema_molecule", "schema_version": 2, "validated": true, "symbols": ["C", "C", "C", "C", "C", "C", "C", "C", "C", "C", "C", "C", "C", "C", "C", "C", "H", "H", "H", "H", "H", "H", "H", "H", "H", "H", "H", "H", "H", "H", "H", "H", "H", "H", "H", "H", "H", "H", "H", "H", "H", "H", "H", "H", "H", "H", "H", "H", "H", "H"], "geometry": [0.0, 0.0, 0.0, 2.900650140009792, -1.742079083784188e-16, -9.854413986468673e-17, 4.1197406738149684, 1.8823960285063004, 1.86491091144233, 4.737437992083726, 4.541061274815507, 0.8538358645247781, 2.484106150507161, 6.187729439910253, 4.052314039881821e-15, 1.746726361623168, 5.934756322000046, -2.8029094501981375, 3.648946835497249, 7.1653016803846565, -4.613398154455635, 2.9956646890120298, 6.850252717127378, -7.428121043819128, 2.7331912237964784, 4.101520121073723, -8.339309215268862, 5.035607878848211, 2.435277652024726, -7.779861163734247, 4.760165104490604, -0.26272763236281654, -8.802269253799702, 6.980491664845855, -2.019668507567051, -8.155293184427682, 7.231461878355282, -2.602112110847055, -5.326829837846005, 9.366208668135899, -4.46196827993819, -4.714729728530305, 9.532243036237617, -5.187405669950854, -1.9073381107740586, 10.146205977614143, -2.970408367658959, -0.14199288093154552, -0.7276674369999693, -0.5239555919862552, 1.8674707060900886, -0.7853226706917227, 1.8513455111776593, -0.4725627657053426, -0.7443645087708398, -1.3646857287447596, -1.3685756105660862, 3.5395346493319773, -1.914789051626076, 0.4718747565365077, 3.606811096221929, 0.36071608200287236, -1.912930429816106, 2.9046439599602003, 2.0586907744928866, 3.5398067906501787, 5.901082259007753, 1.0709154576318736, 2.5479037380160663, 6.099671923938635, 4.362718433183341, -0.7002543622354643, 5.749394775391272, 5.541212668255576, 2.361580741424684, 2.9327330498286788, 8.180881605231184, 0.36070762286775704, 0.8448748594549793, 5.757204475258303, 1.1943611594889765, -0.11195757677842527, 6.8101605976746065, -3.0998003395662006, 1.519249000314427, 3.9391353084332197, -3.286946128185051, 5.543714482099249, 6.406168000493597, -4.262522877922226, 3.7683130698839182, 9.191729502153457, -4.182310397478313, 4.463256526556627, 7.793314229472373, -8.552285566190125, 1.2247837825867407, 7.854431623056618, -7.831806922716, 2.379602848888618, 4.113807814692282, -10.384012782907158, 1.0543045219945586, 3.2357201548507457, -7.483534378623199, 6.739786731539622, 3.306898131393639, -8.588009038535231, 5.343260854200614, 2.366460545537221, -5.735201139097756, 4.534066311875444, -0.1801551696643372, -10.863224349139262, 3.0046844633290366, -1.0925783396766617, -8.06409236003634, 8.749844110826986, -1.1794193453497988, -8.84590958296515, 6.749188237579269, -3.8045260726955226, -9.188308073449374, 7.53753645947243, -0.8428996186186151, -4.282235007515483, 5.434004970547515, -3.377325882082305, -4.631764509566014, 11.179129174368436, -3.648808886247958, -5.32031069634899, 9.102965865557177, -6.186311554765341, -5.83927407429365, 10.98258455632286, -6.651966570279886, -1.6805868945033213, 7.73911619035682, -6.05418954263971, -1.3226451502901448, 8.652189744389196, -1.5414230725129556, -0.15471215019021334, 10.371163658788083, -3.6146239473496142, 1.8125673637035362, 11.910311229853631, -2.0396371563973332, -0.7052465905143023], "name": "C16H34", "identifiers": {"molecule_hash": "713aa091a067482444b7c57d166f43624f246632", "molecular_formula": "C16H34"}, "molecular_charge": 0.0, "molecular_multiplicity": 1, "connectivity": [[0, 1, 1.0], [0, 16, 1.0], [0, 17, 1.0], [0, 18, 1.0], [1, 2, 1.0], [1, 19, 1.0], [1, 20, 1.0], [2, 3, 1.0], [2, 21, 1.0], [2, 22, 1.0], [3, 4, 1.0], [3, 23, 1.0], [3, 24, 1.0], [4, 5, 1.0], [4, 25, 1.0], [4, 26, 1.0], [5, 6, 1.0], [5, 27, 1.0], [5, 28, 1.0], [6, 7, 1.0], [6, 29, 1.0], [6, 30, 1.0], [7, 8, 1.0], [7, 31, 1.0], [7, 32, 1.0], [8, 9, 1.0], [8, 33, 1.0], [8, 34, 1.0], [9, 10, 1.0], [9, 35, 1.0], [9, 36, 1.0], [10, 11, 1.0], [10, 37, 1.0], [10, 38, 1.0], [11, 12, 1.0], [11, 39, 1.0], [11, 40, 1.0], [12, 13, 1.0], [12, 41, 1.0], [12, 42, 1.0], [13, 14, 1.0], [13, 43, 1.0], [13, 44, 1.0], [14, 15, 1.0], [14, 45, 1.0], [14, 46, 1.0], [15, 47, 1.0], [15, 48, 1.0], [15, 49, 1.0]], "fix_com": true, "fix_orientation": true, "provenance": {"creator": "QCElemental", "version": "v0.22.0", "routine": "qcelemental.molparse.from_schema"}, "id": "250953"}