{"schema_name": "qcschema_molecule", "schema_version": 2, "validated": true, "symbols": ["C", "C", "C", "C", "C", "C", "C", "C", "C", "C", "C", "C", "C", "C", "C", "C", "H", "H", "H", "H", "H", "H", "H", "H", "H", "H", "H", "H", "H", "H", "H", "H", "H", "H", "H", "H", "H", "H", "H", "H", "H", "H", "H", "H", "H", "H", "H", "H", "H", "H"], "geometry": [0.0, 0.0, 0.0, 2.89603192685911, 1.701958780777101e-15, 7.529466916865558e-16, 4.009618184812658, 2.622386908149483, 0.522926182731327, 6.9015639308298065, 2.6370649217767483, 0.6825862566906378, 8.103470795657941, 5.197652390585001, 1.353378308987202, 7.62425790415131, 7.333040553061985, -0.5741587502111147, 5.309926350318107, 8.99321231231919, 1.7763568394002505e-15, 4.76006402956029, 10.961670146119774, -2.0689941591562473, 3.724245237536018, 9.881939206986035, -4.575636329247095, 0.8289553641402476, 9.82169814154523, -4.813052909744856, -0.5550096884293167, 8.20865380176251, -2.8419717907630213, -3.4062905261439447, 7.938071053174966, -3.328985817724118, -4.213014896437771, 6.632069197375499, -5.80242827875022, -3.4015383036541174, 3.8498670303612896, -6.101377734136417, -0.7633058442129776, 3.414509079248485, -7.234686794259672, -0.1478510596135325, 0.6042171014213125, -7.578478109989865, -0.7652549829257687, -1.868266656217041, -0.4578200229964102, -0.7430464704356192, 0.551185620388727, 1.853666768085393, -0.7422958391503408, 1.3427958370114412, -1.3884455116493264, 3.5892178576930758, -1.3431248697792593, 1.4217558911887702, 3.5928325417222515, -0.6844005488897871, -1.8309653088299707, 3.38121020070747, 3.911980429962999, -0.9704307131085728, 3.218502724019162, 3.3634770851844835, 2.294698011417159, 7.681859349087021, 1.9851602889435538, -1.1285816662666988, 7.495658574883844, 1.2386633153046502, 2.0971692344877555, 10.146473062916158, 4.900686461858253, 1.5383656409341608, 7.444879627605562, 5.799139246245232, 3.2284394994035424, 7.455046280290896, 6.501335544348121, -2.466800939793484, 9.285430473923205, 8.572652972616403, -0.6560540947087881, 3.644684951533276, 7.8129020672336775, 0.3115142107294093, 5.6522080342831185, 9.98026085703572, 1.7932427064387388, 3.4208450483925366, 12.369401502813645, -1.340841684598601, 6.516825723487122, 11.998617161931126, -2.4465132120690205, 4.455984080770158, 11.011682444076998, -6.15163728943037, 4.46252508966551, 7.967082362676049, -4.875358596307534, 0.3659577278297965, 9.131820610027146, -6.710312970748139, 0.09753832490873648, 11.763801394741462, -4.717827158162169, 0.3149588892835873, 6.333462981937434, -2.733104685859578, -0.3018657231012518, 9.050811167629213, -0.9655199767220868, -4.2453688198330015, 6.894580173948469, -1.7430419216366722, -4.26417804688286, 9.828469515825102, -3.286221738878148, -6.283004314562504, 6.718193521807377, -5.879362088302059, -3.553063071598257, 7.720445407099669, -7.439316217036812, -3.5323727172848427, 2.8963477156450805, -4.261996811062837, -4.772393779436582, 2.887861425567672, -7.326796193441057, -0.657089146076028, 4.373792231662617, -9.071647620328426, 0.6910617834699169, 4.286063290326584, -6.050937788179757, 1.7262151602634705, 0.33874842122902127, -8.417416721949314, -1.5301961064317666, -0.3173771081741892, -8.816499235418101, -0.1726351779184444, -0.3931012618629901, -5.764349286382104], "name": "C16H34", "identifiers": {"molecule_hash": "add0a667099c697fe9b432ae3d0282058710180f", "molecular_formula": "C16H34"}, "molecular_charge": 0.0, "molecular_multiplicity": 1, "connectivity": [[0, 1, 1.0], [0, 16, 1.0], [0, 17, 1.0], [0, 18, 1.0], [1, 2, 1.0], [1, 19, 1.0], [1, 20, 1.0], [2, 3, 1.0], [2, 21, 1.0], [2, 22, 1.0], [3, 4, 1.0], [3, 23, 1.0], [3, 24, 1.0], [4, 5, 1.0], [4, 25, 1.0], [4, 26, 1.0], [5, 6, 1.0], [5, 27, 1.0], [5, 28, 1.0], [6, 7, 1.0], [6, 29, 1.0], [6, 30, 1.0], [7, 8, 1.0], [7, 31, 1.0], [7, 32, 1.0], [8, 9, 1.0], [8, 33, 1.0], [8, 34, 1.0], [9, 10, 1.0], [9, 35, 1.0], [9, 36, 1.0], [10, 11, 1.0], [10, 37, 1.0], [10, 38, 1.0], [11, 12, 1.0], [11, 39, 1.0], [11, 40, 1.0], [12, 13, 1.0], [12, 41, 1.0], [12, 42, 1.0], [13, 14, 1.0], [13, 43, 1.0], [13, 44, 1.0], [14, 15, 1.0], [14, 45, 1.0], [14, 46, 1.0], [15, 47, 1.0], [15, 48, 1.0], [15, 49, 1.0]], "fix_com": true, "fix_orientation": true, "provenance": {"creator": "QCElemental", "version": "v0.22.0", "routine": "qcelemental.molparse.from_schema"}, "id": "243051"}