{"schema_name": "qcschema_molecule", "schema_version": 2, "validated": true, "symbols": ["C", "C", "C", "C", "C", "C", "C", "C", "C", "C", "C", "C", "C", "C", "C", "C", "H", "H", "H", "H", "H", "H", "H", "H", "H", "H", "H", "H", "H", "H", "H", "H", "H", "H", "H", "H", "H", "H", "H", "H", "H", "H", "H", "H", "H", "H", "H", "H", "H", "H"], "geometry": [0.0, 0.0, -0.0, 2.8978012333401018, -1.0303132273394814e-15, -1.7906187227691484e-15, 4.076493006421252, 2.3516084000929554, 1.2306799553900585, 3.3956089553957045, 4.894977817630542, 1.3322676295501878e-15, 4.071043529748044, 5.0683488271144945, -2.8163797938279913, 3.8435963638968254, 7.7390864738553695, -3.9411948092920595, 5.728494253681259, 9.740636561657885, -2.976455507051864, 8.536717805453447, 9.063765465852425, -3.380664201596721, 9.75128353962085, 7.685401879241644, -1.1338793496045367, 12.340747488126295, 6.533627488290492, -1.7337078041177696, 13.505159144111358, 5.031564954270582, 0.4646728069393746, 11.812517848846518, 2.8688160184404357, 1.3952850860404922, 13.101977719447538, 1.0641073332144524, 3.258790539765553, 11.269363451638236, -0.8174139950470944, 4.499005630318501, 9.962296871430933, -2.632360441936749, 2.652568128112438, 8.149916276288186, -4.461883228494644, 3.977534055283426, -0.7656241939989088, 1.551332258932155, -1.1359604687049247, -0.7477484533746602, -1.7670599220999101, -0.7767382627398206, -0.7438850268739561, 0.20867929271369945, 1.9229340353771238, 3.5881400302474518, -0.1925025554679306, -1.944814635119574, 3.5792182907581243, -1.6760553384528936, 1.0126507651044276, 3.5222058283150988, 2.409367786681225, 3.2305630158503384, 6.137895556690609, 2.1391863632394106, 1.2123137609485992, 1.370923366851233, 5.281419479879046, 0.2321154788112434, 4.3730157893863995, 6.3910369735910955, 1.0474009913568616, 5.987686452715063, 4.3388246182579335, -3.123243381312894, 2.822533665945798, 3.809962058424304, -3.8907970716965607, 4.063127480316739, 7.598035282742502, -6.000135270688144, 1.9148019827614982, 8.436431816326289, -3.618418412871705, 5.2993843624187775, 11.510553147804242, -3.9657679452196373, 5.397746991957594, 10.131120049372164, -0.9667097117321353, 8.712729259342105, 7.888259984774354, -5.0835429140821065, 9.625654750701697, 10.784667569986787, -3.770738907170723, 9.926540836057347, 9.002927032646232, 0.46257728519980734, 8.483382302511613, 6.191209719024969, -0.4919250965532358, 12.142513781898497, 5.270059621025337, -3.3706186172678407, 13.65026644784205, 8.033360057232873, -2.319021968827748, 15.331696811945886, 4.257564666586149, -0.1447596821305166, 13.917675918696808, 6.309539432082607, 2.048206657951521, 10.129396287428964, 3.655677979715265, 2.312234180025401, 11.126163903219345, 1.8058128428839435, -0.24843606744070323, 14.024352241380031, 2.1768665484024337, 4.748218809656775, 14.617967094687796, 0.02851176972139413, 2.2886516225553297, 9.818256784250044, 0.24377651130179023, 5.540089926159562, 12.294735586203968, -1.9324623096996145, 5.917820058525245, 8.9075286553838, -1.556527965007497, 1.2324489939984455, 11.40459342700998, -3.7053420154069148, 1.61424190875699, 9.141768200172539, -5.61775073420884, 5.382103303117011, 6.649290648843691, -3.4297120351261494, 4.965295020022815, 7.246494321020593, -5.744786456662827, 2.6270765318368734], "name": "C16H34", "identifiers": {"molecule_hash": "10d88c48d3dcc396b0389777544e0b319d13c7c9", "molecular_formula": "C16H34"}, "molecular_charge": 0.0, "molecular_multiplicity": 1, "connectivity": [[0, 1, 1.0], [0, 16, 1.0], [0, 17, 1.0], [0, 18, 1.0], [1, 2, 1.0], [1, 19, 1.0], [1, 20, 1.0], [2, 3, 1.0], [2, 21, 1.0], [2, 22, 1.0], [3, 4, 1.0], [3, 23, 1.0], [3, 24, 1.0], [4, 5, 1.0], [4, 25, 1.0], [4, 26, 1.0], [5, 6, 1.0], [5, 27, 1.0], [5, 28, 1.0], [6, 7, 1.0], [6, 29, 1.0], [6, 30, 1.0], [7, 8, 1.0], [7, 31, 1.0], [7, 32, 1.0], [8, 9, 1.0], [8, 33, 1.0], [8, 34, 1.0], [9, 10, 1.0], [9, 35, 1.0], [9, 36, 1.0], [10, 11, 1.0], [10, 37, 1.0], [10, 38, 1.0], [11, 12, 1.0], [11, 39, 1.0], [11, 40, 1.0], [12, 13, 1.0], [12, 41, 1.0], [12, 42, 1.0], [13, 14, 1.0], [13, 43, 1.0], [13, 44, 1.0], [14, 15, 1.0], [14, 45, 1.0], [14, 46, 1.0], [15, 47, 1.0], [15, 48, 1.0], [15, 49, 1.0]], "fix_com": true, "fix_orientation": true, "provenance": {"creator": "QCElemental", "version": "v0.22.0", "routine": "qcelemental.molparse.from_schema"}, "id": "250162"}