{"schema_name": "qcschema_molecule", "schema_version": 2, "validated": true, "symbols": ["C", "C", "C", "C", "C", "C", "C", "C", "C", "C", "C", "C", "C", "C", "C", "C", "H", "H", "H", "H", "H", "H", "H", "H", "H", "H", "H", "H", "H", "H", "H", "H", "H", "H", "H", "H", "H", "H", "H", "H", "H", "H", "H", "H", "H", "H", "H", "H", "H", "H"], "geometry": [6.411727157982953, 2.8472306630563926, -9.71445146547012e-16, 6.925255664041761, 6.998960862635756e-15, 2.6877440034722567e-15, 6.127002929202694, -1.406188812129972, -2.4203195482294872, 3.4268955338213782, -2.474503986762673, -2.531607621011149, 1.2357058610445544, -0.5506555624397194, -2.57023357989236, 0.0, 0.0, -0.0, -1.6967368912822867, -2.1454955082201166, 0.95272235931473, -3.1171940131676013, -1.5504809697210526, 3.410823732724733, -1.4891234053877445, -1.0367210756647256, 5.755269667810111, 0.1977328069579607, -3.2438951383151644, 6.565472905904153, 1.6062047510195319, -2.71508196402324, 9.038036596969429, 3.2208479510575176, -4.913645783992764, 10.015542444717328, 5.506789591179649, -5.571551820029673, 8.366389017682717, 7.147945497355717, -7.6555272900633575, 9.523406879943813, 9.551575111423501, -8.275380911231377, 8.02948391605617, 9.082664636364761, -9.438454238954883, 5.42461714279233, 7.392640423062602, 3.7579617305939026, -1.5568585364528051, 4.421030803155156, 3.2885770558844554, -0.18055475427826417, 7.081126340712802, 3.7051523876459056, 1.7402286943657506, 8.945662800701502, -0.26479897477228287, 0.25940451888240307, 6.034864953736129, -0.8720265176530538, 1.6345247947569534, 6.437024026484195, -0.18392024152238373, -4.046326515837487, 7.396876433848688, -3.0016899933999004, -2.6729378613794452, 3.175020064897495, -3.7923849221049273, -0.9750135098632426, 3.3182121443689434, -3.6131380390122834, -4.237695411149794, -0.22972935692528829, -1.2381058755223224, -3.8362361680533907, 1.8982612651118358, 1.207170624277559, -3.3995267909202687, -1.1423542020460817, 1.7024789991081077, -0.16941873420411058, 1.4455612084126188, 0.4178280765172324, 1.3926595701794784, -0.6006708693268319, -3.8652170713316885, 1.184095693896475, -3.0938349125499043, -2.562966563078785, -0.4974375791884481, -4.380581353904212, -3.1198981852513152, 3.8242501731261846, -4.326252901611859, 0.08223832473954806, 3.0905455138778897, -2.751521443058399, -0.5665677113243713, 7.308944942744953, -0.32709230787819177, 0.6309946185334703, 5.454660184516636, -0.9562437627691902, -4.933754328468339, 6.7923536772397926, 1.5467105762884814, -3.6619904477913363, 5.077470650687005, 0.22943206217092005, -2.227197560190206, 10.485211863708175, 2.7971918283326076, -1.0535561758842436, 8.801085043913307, 2.0354127554765915, -6.581681726756421, 10.232765536450673, 3.8881043538028264, -4.4391861671999475, 11.901750115207545, 4.872883042313335, -6.148412172533582, 6.503000459344486, 6.6521308659637715, -3.882360689575509, 8.094309268162164, 6.0245164262050945, -9.366742899134605, 9.736277510293355, 7.690839178921283, -7.088199448107348, 11.42380520721886, 10.687377684644158, -9.580882281718175, 9.137548275149586, 10.680658440868806, -6.569326855542066, 7.82160299182915, 8.121200834973079, -8.13820909091077, 4.1643443865449346, 10.85406467466668, -9.962012898990961, 4.53138062328775, 7.933501643837461, -11.134364613534824, 5.570442951529812], "name": "C16H34", "identifiers": {"molecule_hash": "b0edea3af91169ff5998c14e64fba4f1a573f167", "molecular_formula": "C16H34"}, "molecular_charge": 0.0, "molecular_multiplicity": 1, "connectivity": [[0, 1, 1.0], [0, 16, 1.0], [0, 17, 1.0], [0, 18, 1.0], [1, 2, 1.0], [1, 19, 1.0], [1, 20, 1.0], [2, 3, 1.0], [2, 21, 1.0], [2, 22, 1.0], [3, 4, 1.0], [3, 23, 1.0], [3, 24, 1.0], [4, 5, 1.0], [4, 25, 1.0], [4, 26, 1.0], [5, 6, 1.0], [5, 27, 1.0], [5, 28, 1.0], [6, 7, 1.0], [6, 29, 1.0], [6, 30, 1.0], [7, 8, 1.0], [7, 31, 1.0], [7, 32, 1.0], [8, 9, 1.0], [8, 33, 1.0], [8, 34, 1.0], [9, 10, 1.0], [9, 35, 1.0], [9, 36, 1.0], [10, 11, 1.0], [10, 37, 1.0], [10, 38, 1.0], [11, 12, 1.0], [11, 39, 1.0], [11, 40, 1.0], [12, 13, 1.0], [12, 41, 1.0], [12, 42, 1.0], [13, 14, 1.0], [13, 43, 1.0], [13, 44, 1.0], [14, 15, 1.0], [14, 45, 1.0], [14, 46, 1.0], [15, 47, 1.0], [15, 48, 1.0], [15, 49, 1.0]], "fix_com": true, "fix_orientation": true, "provenance": {"creator": "QCElemental", "version": "v0.22.0", "routine": "qcelemental.molparse.from_schema"}, "id": "233103"}