{"schema_name": "qcschema_molecule", "schema_version": 2, "validated": true, "symbols": ["C", "C", "C", "C", "C", "C", "C", "C", "C", "C", "C", "C", "C", "C", "C", "C", "H", "H", "H", "H", "H", "H", "H", "H", "H", "H", "H", "H", "H", "H", "H", "H", "H", "H", "H", "H", "H", "H", "H", "H", "H", "H", "H", "H", "H", "H", "H", "H", "H", "H"], "geometry": [0.0, 0.0, -0.0, 2.8994522144168364, -1.8195421455497046e-17, -1.0952113166935022e-16, 4.087692873429294, 1.8843067618665774, 1.8621639043002645, 3.5285081721569305, 4.66779509527216, 1.2763374521403648, 4.90719345117226, 6.489238022150818, 3.059529335005276, 4.242991570993965, 9.288665675135755, 2.6582497702717935, 4.772557063683401, 10.335032865912257, 1.3322676295501878e-15, 7.538317878600556, 10.101654542360656, -0.83396489359577, 8.112298155622815, 11.31991622193009, -3.406826218571057, 7.76130277556178, 14.201736173768202, -3.6048398426678054, 9.433220961578167, 15.790943516587419, -1.8196903521766976, 8.212926305587061, 16.445976760524175, 0.7308493787647796, 9.932094285525144, 17.954100853353438, 2.520893805516471, 10.835749738628886, 20.56674703454937, 1.6129019080419749, 8.741365437059674, 22.542374072926197, 1.150734542581937, 7.621172283219344, 22.559418785549067, -1.5268175030379294, -0.769125323502804, 1.8127629422773386, -0.6341459472416113, -0.7408835863385013, -0.3647461431791987, 1.9009239232068733, -0.7459719411914985, -1.4652751307620204, -1.2577474892416467, 3.5887043946564785, 0.407403867769395, -1.9150139321796074, 3.5728373147188752, -1.9062547908751024, 0.4614965239812324, 6.144664562365626, 1.6069737986551607, 1.8727875000752054, 3.43845600735608, 1.4458039733447623, 3.78586669487942, 4.069027717075804, 5.059735894744661, -0.6880688441722991, 1.488592537211623, 5.023512447047359, 1.3953668013526175, 4.451884771418022, 5.981700798042659, 5.019638804060032, 6.953654820833726, 6.214542557684618, 2.867333147121494, 2.2327207897965105, 9.568315802008067, 3.0922794000474907, 5.293862418159238, 10.424902031600231, 4.042086906333155, 3.564873935144889, 9.381603237907063, -1.3912056505123265, 4.201521726039549, 12.325275293763573, -0.030379088729507897, 8.775512073923089, 10.908796302680535, 0.6219863082768422, 8.048795125523512, 8.096012087519313, -0.9496243455355534, 10.072619930733827, 10.87270424516351, -3.92167019345478, 6.922304930344328, 10.414016447464785, -4.8472103307467735, 5.770693863415631, 14.702587766671837, -3.310821525257371, 8.182308606260683, 14.730933830874527, -5.564170839655867, 11.22719080719781, 14.798069987297593, -1.4856661244586014, 9.939224582336081, 17.554053913236846, -2.7779448685635253, 6.451891161898747, 17.487426271664866, 0.39675974859331564, 7.651958862060613, 14.708666756287794, 1.704334345201406, 8.93902416697144, 18.20528501985693, 4.326316203324202, 11.605606081056418, 16.80097605492642, 2.946922350026049, 12.119425545967648, 21.298326736933177, 3.067305768315, 11.988851043613225, 20.372601655137508, -0.09983482573069358, 7.223615043220032, 22.268960511548954, 2.539881649596574, 9.516573631605082, 24.42795445348964, 1.5258867938177536, 9.103834799826835, 22.872150711253898, -2.9397186534667137, 6.67738939728926, 20.783826004803316, -1.999444051234494, 6.230485010868171, 24.07977464723792, -1.734556778483746], "name": "C16H34", "identifiers": {"molecule_hash": "27411cdea03f7b5a5d755379248c6586db71f70b", "molecular_formula": "C16H34"}, "molecular_charge": 0.0, "molecular_multiplicity": 1, "connectivity": [[0, 1, 1.0], [0, 16, 1.0], [0, 17, 1.0], [0, 18, 1.0], [1, 2, 1.0], [1, 19, 1.0], [1, 20, 1.0], [2, 3, 1.0], [2, 21, 1.0], [2, 22, 1.0], [3, 4, 1.0], [3, 23, 1.0], [3, 24, 1.0], [4, 5, 1.0], [4, 25, 1.0], [4, 26, 1.0], [5, 6, 1.0], [5, 27, 1.0], [5, 28, 1.0], [6, 7, 1.0], [6, 29, 1.0], [6, 30, 1.0], [7, 8, 1.0], [7, 31, 1.0], [7, 32, 1.0], [8, 9, 1.0], [8, 33, 1.0], [8, 34, 1.0], [9, 10, 1.0], [9, 35, 1.0], [9, 36, 1.0], [10, 11, 1.0], [10, 37, 1.0], [10, 38, 1.0], [11, 12, 1.0], [11, 39, 1.0], [11, 40, 1.0], [12, 13, 1.0], [12, 41, 1.0], [12, 42, 1.0], [13, 14, 1.0], [13, 43, 1.0], [13, 44, 1.0], [14, 15, 1.0], [14, 45, 1.0], [14, 46, 1.0], [15, 47, 1.0], [15, 48, 1.0], [15, 49, 1.0]], "fix_com": true, "fix_orientation": true, "provenance": {"creator": "QCElemental", "version": "v0.22.0", "routine": "qcelemental.molparse.from_schema"}, "id": "244883"}