{"schema_name": "qcschema_molecule", "schema_version": 2, "validated": true, "symbols": ["C", "C", "C", "C", "C", "C", "C", "C", "C", "C", "C", "C", "C", "C", "C", "C", "H", "H", "H", "H", "H", "H", "H", "H", "H", "H", "H", "H", "H", "H", "H", "H", "H", "H", "H", "H", "H", "H", "H", "H", "H", "H", "H", "H", "H", "H", "H", "H", "H", "H"], "geometry": [9.521449721148528, 2.051718726192736, -7.494005416219807e-16, 7.476517813610716, 5.916846638460496e-15, 1.0294376403759881e-15, 4.7901561019068275, 1.0832120791757724, -0.06822276050784193, 2.739263360665264, -0.9621566132673228, -0.1282580935465802, 0.0, 0.0, -0.0, -0.812244872375498, 1.737315060225254, -2.198889522612302, -0.5181145628010861, 4.57515523937122, -1.6642410662268794, -1.4226691476238273, 6.290827302619275, -3.828020740936715, -0.06241619637322704, 5.936782807826219, -6.372547472877343, 2.7999982558791343, 6.386462410589206, -6.263569077351836, 4.168869894806637, 6.037211635835304, -8.801437001837803, 3.492120810895081, 8.014348111762233, -10.813229097208957, 4.838592808359234, 7.637854764711186, -13.35844759695351, 7.716030355965297, 7.981010445476732, -13.272083029431256, 8.964885607078205, 7.776003279203707, -15.87891998189605, 11.840544896193967, 8.113097815430958, -15.790068369278874, 11.421577797778774, 1.2315729135822164, 0.050138737360413056, 9.389486181025406, 3.2346907776319913, -1.6958980798268142, 9.328249540433852, 3.2970665692720815, 1.644356317044732, 7.691429603059613, -1.1957943930145072, 1.682197744184983, 7.74942164016255, -1.249951802520664, -1.6339947901762628, 4.500615044787588, 2.308245096848604, 1.5836130739303682, 4.611664175971692, 2.3062963521397686, -1.7317709424222465, 3.053337604605487, -2.265920107985254, 1.456497370292493, 2.9713053934710962, -2.09476315351224, -1.8537433121605251, -1.2424355175475328, -1.6584660239203037, 0.046587460000361236, -0.3001877980270048, 0.9845265297037229, 1.8030209817758551, 0.25738568103482495, 1.21694417857452, -3.8976096980833783, -2.8038095293757017, 1.3804604817296815, -2.6584713274793956, 1.4477529235801363, 5.01291996113713, -1.1941551361282943, -1.615597453937397, 5.036869686611557, 0.035353240622026966, -3.4549882314717264, 5.98417817146165, -4.119026743814158, -1.2183553737154917, 8.268804570114087, -3.232981692751959, -0.9185538608445001, 7.235888325096062, -7.740261671568793, -0.41866493757437495, 4.028931062877809, -7.104719559047169, 3.6420289585997434, 5.085180145116545, -4.8892702641607535, 3.1679875793406813, 8.29895605869834, -5.540074318574705, 3.7553183359923215, 4.141258998252725, -9.544457614919256, 6.210768119274711, 6.085955768460678, -8.454432450668975, 3.93181373458931, 9.907249690409587, -10.078459501420657, 1.4477589104485111, 7.986338475132691, -11.146705196304692, 4.397030317477749, 5.745317526538425, -14.09137958526694, 4.052949461891506, 8.981131302687182, -14.731587938480466, 8.157954713120379, 9.835051131257192, -12.445113493373409, 8.564112570411526, 6.571080293697929, -12.010442777314804, 8.509211900472465, 5.929819554674974, -16.709961890671476, 8.139367706898469, 9.196880765543563, -17.146195673384014, 12.723634301137986, 6.675681214201865, -14.58749676365042, 12.35049741273984, 9.967970938240613, -15.020902551418832, 12.681496232880809, 7.9601045446753504, -17.675634197420585], "name": "C16H34", "identifiers": {"molecule_hash": "e217c0b8441483391881fcb5b037c28d5288056d", "molecular_formula": "C16H34"}, "molecular_charge": 0.0, "molecular_multiplicity": 1, "connectivity": [[0, 1, 1.0], [0, 16, 1.0], [0, 17, 1.0], [0, 18, 1.0], [1, 2, 1.0], [1, 19, 1.0], [1, 20, 1.0], [2, 3, 1.0], [2, 21, 1.0], [2, 22, 1.0], [3, 4, 1.0], [3, 23, 1.0], [3, 24, 1.0], [4, 5, 1.0], [4, 25, 1.0], [4, 26, 1.0], [5, 6, 1.0], [5, 27, 1.0], [5, 28, 1.0], [6, 7, 1.0], [6, 29, 1.0], [6, 30, 1.0], [7, 8, 1.0], [7, 31, 1.0], [7, 32, 1.0], [8, 9, 1.0], [8, 33, 1.0], [8, 34, 1.0], [9, 10, 1.0], [9, 35, 1.0], [9, 36, 1.0], [10, 11, 1.0], [10, 37, 1.0], [10, 38, 1.0], [11, 12, 1.0], [11, 39, 1.0], [11, 40, 1.0], [12, 13, 1.0], [12, 41, 1.0], [12, 42, 1.0], [13, 14, 1.0], [13, 43, 1.0], [13, 44, 1.0], [14, 15, 1.0], [14, 45, 1.0], [14, 46, 1.0], [15, 47, 1.0], [15, 48, 1.0], [15, 49, 1.0]], "fix_com": true, "fix_orientation": true, "provenance": {"creator": "QCElemental", "version": "v0.22.0", "routine": "qcelemental.molparse.from_schema"}, "id": "247214"}