{"schema_name": "qcschema_molecule", "schema_version": 2, "validated": true, "symbols": ["C", "C", "C", "C", "C", "C", "C", "C", "C", "C", "C", "C", "C", "C", "C", "C", "H", "H", "H", "H", "H", "H", "H", "H", "H", "H", "H", "H", "H", "H", "H", "H", "H", "H", "H", "H", "H", "H", "H", "H", "H", "H", "H", "H", "H", "H", "H", "H", "H", "H"], "geometry": [4.091774994706122, 2.6441896445038524, 1.1102230246251565e-15, 2.905496928394359, 9.552993298683526e-17, 2.605978313014523e-16, 0.0, -0.0, 0.0, -1.3338570628899926, 1.2909364740613696, -2.240690088185683, -0.9090690256823494, 0.08161168265127206, -4.858707170422231, 1.4357855917159696, 1.0257561285956767, -6.283753678786354, 1.7933425208183718, -0.13146048490358186, -8.921690519690515, -0.3017097244595721, 0.5449528766641958, -10.814191504504361, 0.327494728739504, -0.07340478404130035, -13.587799784956193, 2.7872432210624156, 1.1161546830759166, -14.588245043616656, 2.981360229497785, 3.97506361103274, -14.167360973719227, 5.541645149954264, 5.091923367313058, -14.956304999400023, 5.989004393594447, 7.809816050999434, -14.000198243905336, 7.307590896174057, 7.997733260387427, -11.413015683137347, 5.940654083770028, 6.739827279132984, -9.184305267665774, 7.278883545671196, 7.189275590484411, -6.654862761014879, 3.4133521249924836, 3.7600768400544538, 1.6090981521043575, 6.154823330478143, 2.536827411622669, 0.13311925264792301, 3.6348105515495863, 3.6941286058150578, -1.7220043604019746, 3.6148229257898694, -1.086123341909546, -1.6147444099057269, 3.5468069271422804, -1.0217770648922988, 1.6871983792701606, -0.6479292670138075, 0.9165243469572486, 1.74707240787497, -0.6600601024206779, -1.965060907156468, 0.10762703523608641, -3.365214722334612, 1.2614509099942572, -1.8274667307629664, -0.8130311987460932, 3.2971763702241077, -2.319767672999415, -0.8089725188806915, -1.9840863618394093, -4.6595926348157555, -2.576584459761701, 0.45746409576263014, -6.028403401568623, 1.3198264452797457, 3.090993704614254, -6.475331959955184, 3.1376839746066003, 0.6539453061508103, -5.169905438911642, 3.6162816464223697, 0.5245435569286885, -9.65059688304434, 1.9509961807883132, -2.196900486726978, -8.769257443545834, -0.7315101569554043, 2.5663666922805217, -10.641830599549495, -2.0501453465693786, -0.4436453228098616, -10.306818094825472, -1.260260063870435, 0.5505951490551038, -14.769102174640896, 0.44483011939116235, -2.131974265536158, -13.821863156006621, 4.4146656042612396, 0.19954894114790278, -13.688026161793847, 2.961248753425281, 0.6972399322780287, -16.612983587030406, 1.4622862087870885, 4.941725090575286, -15.202466052769061, 2.652317300281479, 4.394119801943538, -12.17398351318228, 7.068106390751593, 3.8696462083280907, -14.25678108770308, 5.683866460704739, 5.040285489000936, -17.024200510757424, 7.155515030273735, 8.838141862598329, -15.370667223449269, 4.175323058461023, 8.818079154168897, -13.927500201829208, 7.592009820712971, 10.005036375081353, -10.965441611563978, 9.20839200606942, 7.175369008653037, -11.573697209610735, 3.994924328204911, 7.452653383173528, -9.072851133494684, 5.792856013654038, 4.700014270649557, -9.50865229058194, 9.216989245524466, 6.457901333724776, -6.69730211557528, 6.286859862817796, 6.2498292372856135, -5.0994388335885485, 7.384366943528603, 9.210093949353057, -6.210905577601785], "name": "C16H34", "identifiers": {"molecule_hash": "2a5c0e8eafdff960d01c055e955c638ba391957a", "molecular_formula": "C16H34"}, "molecular_charge": 0.0, "molecular_multiplicity": 1, "connectivity": [[0, 1, 1.0], [0, 16, 1.0], [0, 17, 1.0], [0, 18, 1.0], [1, 2, 1.0], [1, 19, 1.0], [1, 20, 1.0], [2, 3, 1.0], [2, 21, 1.0], [2, 22, 1.0], [3, 4, 1.0], [3, 23, 1.0], [3, 24, 1.0], [4, 5, 1.0], [4, 25, 1.0], [4, 26, 1.0], [5, 6, 1.0], [5, 27, 1.0], [5, 28, 1.0], [6, 7, 1.0], [6, 29, 1.0], [6, 30, 1.0], [7, 8, 1.0], [7, 31, 1.0], [7, 32, 1.0], [8, 9, 1.0], [8, 33, 1.0], [8, 34, 1.0], [9, 10, 1.0], [9, 35, 1.0], [9, 36, 1.0], [10, 11, 1.0], [10, 37, 1.0], [10, 38, 1.0], [11, 12, 1.0], [11, 39, 1.0], [11, 40, 1.0], [12, 13, 1.0], [12, 41, 1.0], [12, 42, 1.0], [13, 14, 1.0], [13, 43, 1.0], [13, 44, 1.0], [14, 15, 1.0], [14, 45, 1.0], [14, 46, 1.0], [15, 47, 1.0], [15, 48, 1.0], [15, 49, 1.0]], "fix_com": true, "fix_orientation": true, "provenance": {"creator": "QCElemental", "version": "v0.22.0", "routine": "qcelemental.molparse.from_schema"}, "id": "250435"}