{"schema_name": "qcschema_molecule", "schema_version": 2, "validated": true, "symbols": ["C", "C", "C", "C", "C", "C", "C", "C", "C", "C", "C", "C", "C", "C", "C", "C", "H", "H", "H", "H", "H", "H", "H", "H", "H", "H", "H", "H", "H", "H", "H", "H", "H", "H", "H", "H", "H", "H", "H", "H", "H", "H", "H", "H", "H", "H", "H", "H", "H", "H"], "geometry": [9.496797341962234, 2.853340037696946, 0.0, 9.033952398368996, -1.486952024078747e-15, 1.1570858877294593e-15, 8.6419097377284, -1.147139863181578, 2.632353077738887, 6.271157440193221, -0.33982780072001695, 4.102391073923592, 3.723496928248476, -1.1531203971763113, 2.9408836703787147, 2.4338975316906097, 0.8699996188011476, 1.3147381422062492, 0.0, 0.0, -0.0, -2.198010170749609, -0.5867908600349926, 1.790761612066226, -4.614089753219433, -1.4945841433215208, 0.46532842354710113, -5.86994526313951, 0.3684967818320506, -1.3682522431274606, -6.762339376843833, 2.8405026975302814, -0.1587114106615301, -8.259390347751244, 4.50286866823288, -1.9988853825341746, -9.15003181656455, 7.050576178622637, -0.9005332977422617, -7.455087267541642, 9.333808491343335, -1.470458926282286, -4.781637202803669, 9.234767937172952, -0.3715872127827562, -3.301910568511484, 11.670262583468357, -0.8469896750034229, 11.11980761413866, 3.332055679360019, 1.1635191037618229, 9.871100019273712, 3.532736094143895, -1.8996621951269885, 7.8866488370827925, 3.897062816703083, 0.7213112019635828, 7.4369187258369, -0.4445037770544228, -1.2111411140264354, 10.658203434465081, -0.9236447481144853, -0.8556716416384705, 10.290468713371837, -0.7031527801341565, 3.7802641544490574, 8.613985837913802, -3.1955056894214318, 2.451950166764299, 6.428637361090851, -1.1700764198071887, 5.974287416931514, 6.277125079267828, 1.6931962413372916, 4.401106900628268, 3.9922349062351694, -2.8595228290602392, 1.822409687558364, 2.454215810593473, -1.6756385056094147, 4.46498332133086, 2.0186455994074954, 2.50661087345724, 2.491611080880282, 3.7379295264878425, 1.5267283137901295, -0.12607331733518032, -0.5702551667045758, 1.4723225820887402, -1.3129911472164078, 0.4051887523931463, -1.6613038516172862, -1.146198011676898, -2.602829734894337, 1.074147195212905, 2.931852456351241, -1.632586935422129, -2.0529354949001424, 3.1114062084079563, -5.98579581756759, -2.013148046039055, 1.9073873100962893, -4.186612845482714, -3.226258280205546, -0.5589021107932497, -4.598897662396898, 0.7932554718326661, -2.92569263101463, -7.490954341680039, -0.5749888943550229, -2.2121643429781273, -7.95301835458565, 2.409924359079748, 1.4639727746270368, -5.154778551798751, 3.880625067654147, 0.5741517181921254, -7.13936860241481, 4.83755612612706, -3.692094628116596, -9.901198429612768, 3.43426652620296, -2.619012136863111, -11.01324063180318, 7.4770566595942345, -1.6519343058334846, -9.394743678274068, 6.873482364548383, 1.1343535748488804, -8.392281906711487, 11.019079981110792, -0.754211599361029, -7.330387003048303, 9.57745127092742, -3.5101700015721793, -4.884683060748819, 8.884620951853153, 1.6520200308396016, -3.747317692026223, 7.657950198610593, -1.1828400237122743, -3.1259903114799346, 12.048992884912055, -2.85726355966674, -1.4082456586062946, 11.555564066147374, -0.06567625729628856, -4.235815897177585, 13.284761361777418, 0.010763116677920515], "name": "C16H34", "identifiers": {"molecule_hash": "1941fb4fbec9fb751430ca20d8e97d41ed735069", "molecular_formula": "C16H34"}, "molecular_charge": 0.0, "molecular_multiplicity": 1, "connectivity": [[0, 1, 1.0], [0, 16, 1.0], [0, 17, 1.0], [0, 18, 1.0], [1, 2, 1.0], [1, 19, 1.0], [1, 20, 1.0], [2, 3, 1.0], [2, 21, 1.0], [2, 22, 1.0], [3, 4, 1.0], [3, 23, 1.0], [3, 24, 1.0], [4, 5, 1.0], [4, 25, 1.0], [4, 26, 1.0], [5, 6, 1.0], [5, 27, 1.0], [5, 28, 1.0], [6, 7, 1.0], [6, 29, 1.0], [6, 30, 1.0], [7, 8, 1.0], [7, 31, 1.0], [7, 32, 1.0], [8, 9, 1.0], [8, 33, 1.0], [8, 34, 1.0], [9, 10, 1.0], [9, 35, 1.0], [9, 36, 1.0], [10, 11, 1.0], [10, 37, 1.0], [10, 38, 1.0], [11, 12, 1.0], [11, 39, 1.0], [11, 40, 1.0], [12, 13, 1.0], [12, 41, 1.0], [12, 42, 1.0], [13, 14, 1.0], [13, 43, 1.0], [13, 44, 1.0], [14, 15, 1.0], [14, 45, 1.0], [14, 46, 1.0], [15, 47, 1.0], [15, 48, 1.0], [15, 49, 1.0]], "fix_com": true, "fix_orientation": true, "provenance": {"creator": "QCElemental", "version": "v0.22.0", "routine": "qcelemental.molparse.from_schema"}, "id": "235056"}