{"schema_name": "qcschema_molecule", "schema_version": 2, "validated": true, "symbols": ["C", "C", "C", "C", "C", "C", "C", "C", "C", "C", "C", "C", "C", "C", "C", "C", "H", "H", "H", "H", "H", "H", "H", "H", "H", "H", "H", "H", "H", "H", "H", "H", "H", "H", "H", "H", "H", "H", "H", "H", "H", "H", "H", "H", "H", "H", "H", "H", "H", "H"], "geometry": [0.0, -0.0, 0.0, 2.888103756252122, 4.946026521421632e-16, -4.344248353287838e-17, 4.019956508872053, 2.6253369218501525, -0.4362502551024834, 6.911660774259346, 2.617106859330331, -0.40125667476574745, 8.205882694569947, 5.119147032751153, -1.0926141192034888, 7.759911512910775, 7.349441398115532, 0.7291707714988247, 5.571559323857356, 9.104861865991865, 0.0, 5.361232490033284, 11.489277267542997, 1.6390488229103104, 4.815068324458395, 11.091016671216256, 4.460619230317955, 2.266160972600841, 9.837063069834505, 5.0196485564068904, 1.6756343337350121, 9.502012108735487, 7.839964280742141, 1.1640088057021787, 11.969779897702832, 9.266175405672449, 0.6031647809617899, 11.632331706367669, 12.090298068232844, -1.8775450867003958, 10.269591934320092, 12.691720786957992, -2.4448291062571874, 10.163002631452057, 15.525264176008628, -4.915806146227347, 8.796842142458061, 16.132716475782757, -0.7446754177859418, -1.8867055762656268, 0.30863325891614535, -0.7415553539183909, 1.2138729738037504, 1.4804884624367383, -0.7407295027677031, 0.6788624519339247, -1.7903994061563036, 3.5693497513904644, -1.284570957745817, -1.4533956686390868, 3.569228212036509, -0.7450720496643363, 1.7913711282280214, 3.356477646122963, 3.3571803166675647, -2.241454939520124, 3.303933172752645, 3.9011578515083896, 1.0050649569723806, 7.574784969236058, 1.1801787836592614, -1.7152169208886585, 7.558773996651418, 2.0245301236657642, 1.460118377773009, 10.224202520291369, 4.747028285009622, -1.1773651119870336, 7.657810737729095, 5.666784971367152, -2.9981285796193915, 7.489527782236746, 6.6226017590174315, 2.632100177179183, 9.471344126008582, 8.486365661772552, 0.8015082766252335, 3.7945129129917117, 8.083547526342507, 0.01350262819293091, 5.853477442801718, 9.708937824158832, -1.9452888892298472, 7.111970097022981, 12.55467511526894, 1.464180594942226, 3.8871862706404787, 12.689119461354778, 0.8527048582629728, 4.886852220682565, 12.931226443106057, 5.367190668442222, 6.316766797398249, 9.981415215045583, 5.319538709060625, 2.217310230978655, 7.98382094408821, 4.137036670728514, 0.7609358887150734, 10.928871101073609, 4.136807534508202, 3.233006921885927, 8.505127088824294, 8.74473912756756, 0.0388480593325875, 8.274205805479752, 8.004526917106997, -0.41120034779589787, 12.950630602019128, 8.37554638745352, 2.7871553442889385, 13.213089559060382, 9.086688236599176, 2.1646686328938602, 10.626372625012063, 12.976039128797606, 0.5546726920746945, 13.492245385525536, 12.966206906110985, -3.425947683869288, 11.22332440767548, 11.727506124990935, -1.8309737752755693, 8.353591580461675, 11.952508916331691, -0.8924828327941263, 9.225643684147183, 16.494456666537545, -2.5211763090327803, 12.075114754242497, 16.276823713414306, -4.872675145193701, 6.85538221733904, 15.46641121993723, -6.514531569878593, 9.725628439828439, 15.240211794470412, -5.2664522712428825, 8.755400620500389, 18.15382831902988], "name": "C16H34", "identifiers": {"molecule_hash": "9f1ab44572b3bb84c8018e8c3c9adf283bcc2688", "molecular_formula": "C16H34"}, "molecular_charge": 0.0, "molecular_multiplicity": 1, "connectivity": [[0, 1, 1.0], [0, 16, 1.0], [0, 17, 1.0], [0, 18, 1.0], [1, 2, 1.0], [1, 19, 1.0], [1, 20, 1.0], [2, 3, 1.0], [2, 21, 1.0], [2, 22, 1.0], [3, 4, 1.0], [3, 23, 1.0], [3, 24, 1.0], [4, 5, 1.0], [4, 25, 1.0], [4, 26, 1.0], [5, 6, 1.0], [5, 27, 1.0], [5, 28, 1.0], [6, 7, 1.0], [6, 29, 1.0], [6, 30, 1.0], [7, 8, 1.0], [7, 31, 1.0], [7, 32, 1.0], [8, 9, 1.0], [8, 33, 1.0], [8, 34, 1.0], [9, 10, 1.0], [9, 35, 1.0], [9, 36, 1.0], [10, 11, 1.0], [10, 37, 1.0], [10, 38, 1.0], [11, 12, 1.0], [11, 39, 1.0], [11, 40, 1.0], [12, 13, 1.0], [12, 41, 1.0], [12, 42, 1.0], [13, 14, 1.0], [13, 43, 1.0], [13, 44, 1.0], [14, 15, 1.0], [14, 45, 1.0], [14, 46, 1.0], [15, 47, 1.0], [15, 48, 1.0], [15, 49, 1.0]], "fix_com": true, "fix_orientation": true, "provenance": {"creator": "QCElemental", "version": "v0.22.0", "routine": "qcelemental.molparse.from_schema"}, "id": "234856"}