{"schema_name": "qcschema_molecule", "schema_version": 2, "validated": true, "symbols": ["C", "C", "C", "C", "C", "C", "C", "C", "C", "C", "C", "C", "C", "C", "C", "C", "H", "H", "H", "H", "H", "H", "H", "H", "H", "H", "H", "H", "H", "H", "H", "H", "H", "H", "H", "H", "H", "H", "H", "H", "H", "H", "H", "H", "H", "H", "H", "H", "H", "H"], "geometry": [5.282172896825718, 2.861057155469428, -1.1102230246251565e-16, 4.866759369703743, 1.7789841241331388e-14, 2.4081033578746967e-15, 2.4326251197978817, -0.8606324879594816, 1.3155846527840072, 0.0, 0.0, 0.0, -2.420890054675362, -1.1915842636873868, 1.0659480835170763, -3.06113357519576, -0.5430840879477037, 3.8202540057163765, -3.717223623399682, 2.227109444784151, 4.395703717747764, -6.190338540612865, 3.1747497471982253, 3.165396984097574, -5.935873617228127, 4.693378604603957, 0.6931497026117688, -5.582467337272761, 7.570565729961009, 0.9242757074198962, -3.0546688752453544, 8.524463099666072, 2.013226353655406, -2.9073631624032314, 8.832864895256456, 4.912826078408111, -3.3089013923535076, 11.548265957052315, 5.861811550019688, -5.925363700810841, 12.717827115472595, 5.426675358371336, -8.052191681523931, 11.53119888199027, 6.988808889105838, -10.600524935612885, 12.824092709536083, 6.565005149122982, 7.098640249376678, 3.333982066764032, -0.8285528111111968, 5.256296426142421, 3.609870076858735, 1.912367388691798, 3.8417005948488034, 3.845681744833297, -1.0767800562375316, 4.8734346842770995, -0.689991238834706, -1.937057760681948, 6.462974168468232, -0.8968746157581504, 0.9327274884880382, 2.4371122860584187, -2.9151615300029112, 1.4151426567589036, 2.4590501222281897, -0.1919037924804033, 3.2586149838711185, -0.141000358486907, 2.0452784395920496, 0.06590459869346982, 0.1248092048526408, -0.49427993888857347, -1.9931575746946948, -2.2540925737735797, -3.2360837363726747, 0.916355306479367, -3.999985343429432, -0.6722350788839742, -0.14086697223786784, -1.498803017182753, -1.1065020223897488, 5.028296539040911, -4.655101033336134, -1.7087359827226505, 4.394607036968113, -3.891802276537636, 2.3884922252075076, 6.435621880125619, -2.1468680376695937, 3.439366348750261, 3.880147042490371, -7.385556639765224, 1.5437540727273888, 2.800485157339076, -7.2341199458501135, 4.313801629582961, 4.518522363484614, -4.413876506779702, 3.925795131588395, -0.4517794941049138, -7.653326628140191, 4.405310993739429, -0.3982847684780124, -7.149619161428269, 8.347446875426137, 2.000818154161757, -5.777348871382113, 8.334367159102518, -0.9736964199694444, -1.5603462224608295, 7.265722659316531, 1.3809013469654206, -2.625666355608052, 10.341576758097524, 1.1554351997436254, -4.227279789015789, 7.566765174830606, 5.8371982600298224, -1.0440368277758356, 8.247504137947384, 5.547798178987026, -2.899065895919784, 11.600810821396571, 7.877028483727012, -1.900866788304489, 12.750747101647226, 4.967317270925747, -5.816570249405483, 14.716579750327668, 5.899063967933859, -6.411249129325043, 12.640822774060428, 3.43122736097541, -8.232026648513557, 9.53481512951592, 6.545904244809326, -7.55967549434121, 11.634116746769699, 8.982651591148255, -12.07266645255049, 11.96007908443646, 7.703362494777205, -10.513675842398047, 14.814413915587107, 7.060895861914327, -11.177131075250017, 12.698171574886137, 4.59841490832936], "name": "C16H34", "identifiers": {"molecule_hash": "880eeccc46130ae1e40ebf741de9e98c9d7d780f", "molecular_formula": "C16H34"}, "molecular_charge": 0.0, "molecular_multiplicity": 1, "connectivity": [[0, 1, 1.0], [0, 16, 1.0], [0, 17, 1.0], [0, 18, 1.0], [1, 2, 1.0], [1, 19, 1.0], [1, 20, 1.0], [2, 3, 1.0], [2, 21, 1.0], [2, 22, 1.0], [3, 4, 1.0], [3, 23, 1.0], [3, 24, 1.0], [4, 5, 1.0], [4, 25, 1.0], [4, 26, 1.0], [5, 6, 1.0], [5, 27, 1.0], [5, 28, 1.0], [6, 7, 1.0], [6, 29, 1.0], [6, 30, 1.0], [7, 8, 1.0], [7, 31, 1.0], [7, 32, 1.0], [8, 9, 1.0], [8, 33, 1.0], [8, 34, 1.0], [9, 10, 1.0], [9, 35, 1.0], [9, 36, 1.0], [10, 11, 1.0], [10, 37, 1.0], [10, 38, 1.0], [11, 12, 1.0], [11, 39, 1.0], [11, 40, 1.0], [12, 13, 1.0], [12, 41, 1.0], [12, 42, 1.0], [13, 14, 1.0], [13, 43, 1.0], [13, 44, 1.0], [14, 15, 1.0], [14, 45, 1.0], [14, 46, 1.0], [15, 47, 1.0], [15, 48, 1.0], [15, 49, 1.0]], "fix_com": true, "fix_orientation": true, "provenance": {"creator": "QCElemental", "version": "v0.22.0", "routine": "qcelemental.molparse.from_schema"}, "id": "235294"}