{"schema_name": "qcschema_molecule", "schema_version": 2, "validated": true, "symbols": ["C", "C", "C", "C", "C", "C", "C", "C", "C", "C", "C", "C", "C", "C", "C", "C", "H", "H", "H", "H", "H", "H", "H", "H", "H", "H", "H", "H", "H", "H", "H", "H", "H", "H", "H", "H", "H", "H", "H", "H", "H", "H", "H", "H", "H", "H", "H", "H", "H", "H"], "geometry": [0.0, 0.0, -0.0, 2.891058014875979, -1.694366096124645e-16, -3.980042292267831e-16, 4.092518177306089, 2.4563937277003287, -0.9586887592669704, 3.590358293535149, 4.761991593019271, 0.7209451788313559, 5.1174328584999556, 7.12103978099776, -1.7763568394002505e-15, 4.567658263570216, 8.251925075005744, -2.614481153715058, 1.9204843540726428, 9.373592191510262, -3.026672740051313, 1.3380374890733855, 11.743934682646273, -1.4234864378598093, -0.2013962087059411, 11.340628945964873, 1.015874338551491, -3.099507045215736, 11.438190177011688, 0.796884912706413, -4.4067227948465995, 9.2633334898725, -0.6337387767444751, -4.73309049307867, 9.597054485098994, -3.5158566832918474, -7.362616841676843, 10.517779749257528, -4.336262358437795, -8.144084205283654, 13.178941129763224, -3.493279151803204, -6.664167756246256, 15.325235659745807, -4.748274006900994, -7.577477353498368, 17.9389528601148, -3.923935235953291, -0.7290238730732244, -1.8342013820741336, 0.5603042547522044, -0.737324232140756, 0.4179655667755431, -1.870881389611469, -0.7674268505677381, 1.388165559683924, 1.2992127355397358, 3.572929961050772, -0.39451685311805373, 1.8994031534503488, 3.549266984596834, -1.549651923507974, -1.1779669758165423, 6.125082365592389, 2.175018732788697, -1.1019802389541506, 3.4269319757042283, 2.81639608241667, -2.869357890558669, 1.586564170944306, 5.200394885362628, 0.7206619556460954, 4.061575307149955, 4.2712910995207025, 2.6625256342662276, 7.116749332289627, 6.644978095225595, 0.07922374240372898, 4.830371805578956, 8.559277479718872, 1.4383102444852969, 4.900739668462707, 6.8240140960650475, -4.052469442126616, 5.950249798457678, 9.73194938442118, -2.9713098144303345, 1.785861312045503, 9.872695575093495, -5.0142744773716466, 0.4951642045425284, 7.932093861023278, -2.7234777750595813, 3.1238479379359365, 12.627083624982518, -0.9207113167809231, 0.3607856978895929, 13.129620926599976, -2.582244253354542, 0.33952756104327486, 9.570961099385402, 1.9059303176097577, 0.3304613688107556, 12.816807395731406, 2.343233257414841, -3.6431437641217803, 13.243124794678003, -0.018665783189872442, -3.8273800619175633, 11.453282489596726, 2.7187701136225493, -3.375762335197318, 7.527697296156717, -0.2569760734611575, -6.266623030993859, 8.973321102821547, 0.18992061898836, -3.2904716094139714, 10.847051225035877, -4.261518295598635, -4.421543781200621, 7.785727026200705, -4.432291785732858, -7.473505335639621, 10.42588964731636, -6.388355274920547, -8.754938920142912, 9.17699608740245, -3.6345638715105686, -10.137727975033034, 13.427164620055397, -3.933470845341189, -7.998062506838475, 13.344728269924222, -1.4499927508572714, -4.662660395189418, 15.15127435978725, -4.3266592820784675, -6.836786838038175, 15.1564017443612, -6.790398088251778, -6.510899011375282, 19.427053374224144, -4.849972566019177, -9.559624023301648, 18.2109684819257, -4.384294821668567, -7.370010899883249, 18.190877846892683, -1.896794535541794], "name": "C16H34", "identifiers": {"molecule_hash": "880eeccc46130ae1e40ebf741de9e98c9d7d780f", "molecular_formula": "C16H34"}, "molecular_charge": 0.0, "molecular_multiplicity": 1, "connectivity": [[0, 1, 1.0], [0, 16, 1.0], [0, 17, 1.0], [0, 18, 1.0], [1, 2, 1.0], [1, 19, 1.0], [1, 20, 1.0], [2, 3, 1.0], [2, 21, 1.0], [2, 22, 1.0], [3, 4, 1.0], [3, 23, 1.0], [3, 24, 1.0], [4, 5, 1.0], [4, 25, 1.0], [4, 26, 1.0], [5, 6, 1.0], [5, 27, 1.0], [5, 28, 1.0], [6, 7, 1.0], [6, 29, 1.0], [6, 30, 1.0], [7, 8, 1.0], [7, 31, 1.0], [7, 32, 1.0], [8, 9, 1.0], [8, 33, 1.0], [8, 34, 1.0], [9, 10, 1.0], [9, 35, 1.0], [9, 36, 1.0], [10, 11, 1.0], [10, 37, 1.0], [10, 38, 1.0], [11, 12, 1.0], [11, 39, 1.0], [11, 40, 1.0], [12, 13, 1.0], [12, 41, 1.0], [12, 42, 1.0], [13, 14, 1.0], [13, 43, 1.0], [13, 44, 1.0], [14, 15, 1.0], [14, 45, 1.0], [14, 46, 1.0], [15, 47, 1.0], [15, 48, 1.0], [15, 49, 1.0]], "fix_com": true, "fix_orientation": true, "provenance": {"creator": "QCElemental", "version": "v0.22.0", "routine": "qcelemental.molparse.from_schema"}, "id": "235294"}