{"schema_name": "qcschema_molecule", "schema_version": 2, "validated": true, "symbols": ["C", "C", "C", "C", "C", "C", "C", "C", "C", "C", "C", "C", "C", "C", "C", "C", "H", "H", "H", "H", "H", "H", "H", "H", "H", "H", "H", "H", "H", "H", "H", "H", "H", "H", "H", "H", "H", "H", "H", "H", "H", "H", "H", "H", "H", "H", "H", "H", "H", "H"], "geometry": [0.0, 0.0, 0.0, 2.8981018834253884, 1.7832951517711901e-13, 1.0321790156860039e-14, 4.087406958447973, 0.7152864786060892, -2.552612601425857, 3.4555604765844383, 3.3438225922316893, -3.628694214641037, 4.385054147708592, 5.626594367645026, -2.072442529574463, 2.5638115618705726, 6.5257978305407764, -1.6653345369377348e-16, 3.4732820875564636, 8.850056934356434, 1.482022606422023, 3.7136978314864018, 11.262840210448557, -0.1145412214137822, 4.020327314067107, 13.710378709311387, 1.4303539177028723, 1.92814189290016, 14.199549840476104, 3.392438741241535, -0.7597464024833268, 14.062245636088202, 2.322584013436675, -2.8267540811386915, 14.314980285868554, 4.3445809763307714, -5.48964050059297, 13.584386035453383, 3.408376394439025, -6.200829778450977, 10.789303134942774, 3.7946641569222628, -4.493605765286221, 8.840842367725845, 2.488187739108874, -5.451452984128387, 6.12540743965012, 2.8042306609913434, -0.7404222774760773, -1.2591530928594092, -1.4700227978537093, -0.7465102929766263, -0.647928860927297, 1.8188805331477618, -0.7709014115883833, 1.8865943782321637, -0.3506565380338207, 3.5987184602159905, 1.2602694024861074, 1.4869647740372662, 3.5678507144999037, -1.8953518716823914, 0.5109041413313705, 3.516398769038192, -0.7062493959699976, -3.9544958408208757, 6.15048436703266, 0.5571126509362511, -2.38702294962457, 4.313956957960664, 3.442756736847863, -5.5132112344586774, 1.411904561415063, 3.513331193652198, -3.9405414538046624, 6.228797156862368, 5.182072988447631, -1.2240400427739349, 4.724694355564283, 7.204933285129005, -3.36996047675508, 0.7269817214885472, 6.96691674635079, -0.8641905151375204, 2.206409911426545, 4.9932173362788115, 1.3412010974169764, 2.1285702893345735, 9.175603300528714, 3.021672757687147, 5.293229831779784, 8.436344440050815, 2.3934857711681086, 2.045316647166629, 11.425941037720934, -1.3353822639929716, 5.33136765093056, 11.095534510763986, -1.397870664552837, 4.100912653466439, 15.307664647493517, 0.10823434346064009, 5.850509936514836, 13.679511907338814, 2.407973667265664, 2.0982890971463584, 12.830839000494707, 4.940580950493279, 2.2391285785942907, 16.060084927319625, 4.256747791789617, -1.01991395780168, 15.53969457788232, 0.8862970335279209, -1.0074007843985142, 12.270091766454899, 1.3304737094577175, -2.3363899826242394, 13.13061511561252, 5.978656026761806, -2.8378557192807774, 16.265460984827865, 5.047849782846463, -6.90535830819767, 14.730423121078879, 4.397683400267143, -5.667173413473224, 14.072243004897237, 1.3979542700692984, -8.148687468811495, 10.510010780862071, 3.1326002117507876, -6.228569185096207, 10.385250778175662, 5.832093565066221, -4.347534596504326, 9.291258815400875, 0.467743333134922, -2.57200940098046, 8.964253740623997, 3.2498434461767576, -5.577480315340583, 5.608364328712139, 4.806665838291485, -4.188250238958069, 4.76813603690283, 1.88328158760592, -7.338398246631878, 5.895141579237457, 1.9806125593736947], "name": "C16H34", "identifiers": {"molecule_hash": "2a5c0e8eafdff960d01c055e955c638ba391957a", "molecular_formula": "C16H34"}, "molecular_charge": 0.0, "molecular_multiplicity": 1, "connectivity": [[0, 1, 1.0], [0, 16, 1.0], [0, 17, 1.0], [0, 18, 1.0], [1, 2, 1.0], [1, 19, 1.0], [1, 20, 1.0], [2, 3, 1.0], [2, 21, 1.0], [2, 22, 1.0], [3, 4, 1.0], [3, 23, 1.0], [3, 24, 1.0], [4, 5, 1.0], [4, 25, 1.0], [4, 26, 1.0], [5, 6, 1.0], [5, 27, 1.0], [5, 28, 1.0], [6, 7, 1.0], [6, 29, 1.0], [6, 30, 1.0], [7, 8, 1.0], [7, 31, 1.0], [7, 32, 1.0], [8, 9, 1.0], [8, 33, 1.0], [8, 34, 1.0], [9, 10, 1.0], [9, 35, 1.0], [9, 36, 1.0], [10, 11, 1.0], [10, 37, 1.0], [10, 38, 1.0], [11, 12, 1.0], [11, 39, 1.0], [11, 40, 1.0], [12, 13, 1.0], [12, 41, 1.0], [12, 42, 1.0], [13, 14, 1.0], [13, 43, 1.0], [13, 44, 1.0], [14, 15, 1.0], [14, 45, 1.0], [14, 46, 1.0], [15, 47, 1.0], [15, 48, 1.0], [15, 49, 1.0]], "fix_com": true, "fix_orientation": true, "provenance": {"creator": "QCElemental", "version": "v0.22.0", "routine": "qcelemental.molparse.from_schema"}, "id": "250435"}