{"schema_name": "qcschema_molecule", "schema_version": 2, "validated": true, "symbols": ["C", "C", "C", "C", "C", "C", "C", "C", "C", "C", "C", "C", "C", "C", "C", "C", "H", "H", "H", "H", "H", "H", "H", "H", "H", "H", "H", "H", "H", "H", "H", "H", "H", "H", "H", "H", "H", "H", "H", "H", "H", "H", "H", "H", "H", "H", "H", "H", "H", "H"], "geometry": [0.0, 0.0, 0.0, 2.8981018834253884, 1.1325481667159072e-13, 1.381350854635887e-13, 4.087406958447973, 2.361863156115699, -1.2037725163908544, 3.4555604765844383, 4.9344271432141324, 0.0, 4.385054147708592, 5.336910003284468, 2.733308221413368, 2.5638115618705726, 4.42221753098683, 4.798961286958196, 3.4732820875564636, 4.907401154974579, 7.51247713150932, 3.7136978314864018, 7.7165136926256475, 8.204883041763653, 4.020327314067107, 8.239002402963633, 11.051662141351699, 1.92814189290016, 7.127606042497475, 12.741000289937794, -0.7597464024833268, 7.821314686135795, 11.915040302474425, -2.8267540811386915, 6.505638385508222, 13.47110662275756, -5.48964050059297, 6.699019007421031, 12.299419414939951, -6.200829778450977, 4.520857043153683, 10.505731283298859, -4.493605765286221, 4.1612400778788015, 8.187530336449647, -5.451452984128387, 2.088708558893516, 6.404812445167302, -0.7404222774760773, 0.22776274334621693, -1.922123219309956, -0.7465102929766263, -1.7766440108737238, 0.7560914371377035, -0.7709014115883833, 1.5363206376701, 1.149746604218515, 3.5987184602159905, -0.23946511688142869, 1.9344248922786722, 3.5678507144999037, -1.660098542930297, -1.0475946672641068, 3.516398769038192, 2.4294782647465794, -3.1991344025379025, 6.15048436703266, 2.1329045764938273, -1.2078787751423108, 4.313956957960664, 6.3873119517323005, -1.2042915328650365, 1.411904561415063, 5.278622105328019, -0.0866700327964205, 6.228797156862368, 4.411778535428427, 2.981336049197673, 4.724694355564283, 7.360646682129036, 3.014726800045733, 0.7269817214885472, 5.356653562839971, 4.537732562056801, 2.206409911426545, 2.397365272759785, 4.580794636304184, 2.1285702893345735, 3.9957755149796057, 8.795224853129769, 5.293229831779784, 3.956773622785555, 7.825894462998398, 2.045316647166629, 8.724825076063695, 7.497519708580464, 5.33136765093056, 8.54687746707463, 7.212198973765489, 4.100912653466439, 10.293670181452683, 11.330342705703966, 5.850509936514836, 7.499160444984048, 11.691448833470382, 2.0982890971463584, 5.061619330922429, 12.783574591397567, 2.2391285785942907, 7.752802426212227, 14.694906742669126, -1.01991395780168, 9.878731506842223, 12.028229039273754, -1.0074007843985142, 7.336439824624995, 9.924815512060606, -2.3363899826242394, 4.501380260197073, 13.707478139825554, -2.8378557192807774, 7.3102128299421105, 15.382028372750138, -6.90535830819767, 6.7481132756849185, 13.81260119722297, -5.667173413473224, 8.508046484940204, 11.295815346409519, -8.148687468811495, 4.818464745432366, 9.85169570163043, -6.228569185096207, 2.7487591985033584, 11.589265375593406, -4.347534596504326, 5.9522661411096065, 7.1496015263689205, -2.57200940098046, 3.6847612784737467, 8.794422202260355, -5.577480315340583, 0.2657765107539314, 7.381541151473764, -4.188250238958069, 1.8462017448311603, 4.78261538512238, -7.338398246631878, 2.5383433371062676, 5.677352679953161], "name": "C16H34", "identifiers": {"molecule_hash": "2a5c0e8eafdff960d01c055e955c638ba391957a", "molecular_formula": "C16H34"}, "molecular_charge": 0.0, "molecular_multiplicity": 1, "connectivity": [[0, 1, 1.0], [0, 16, 1.0], [0, 17, 1.0], [0, 18, 1.0], [1, 2, 1.0], [1, 19, 1.0], [1, 20, 1.0], [2, 3, 1.0], [2, 21, 1.0], [2, 22, 1.0], [3, 4, 1.0], [3, 23, 1.0], [3, 24, 1.0], [4, 5, 1.0], [4, 25, 1.0], [4, 26, 1.0], [5, 6, 1.0], [5, 27, 1.0], [5, 28, 1.0], [6, 7, 1.0], [6, 29, 1.0], [6, 30, 1.0], [7, 8, 1.0], [7, 31, 1.0], [7, 32, 1.0], [8, 9, 1.0], [8, 33, 1.0], [8, 34, 1.0], [9, 10, 1.0], [9, 35, 1.0], [9, 36, 1.0], [10, 11, 1.0], [10, 37, 1.0], [10, 38, 1.0], [11, 12, 1.0], [11, 39, 1.0], [11, 40, 1.0], [12, 13, 1.0], [12, 41, 1.0], [12, 42, 1.0], [13, 14, 1.0], [13, 43, 1.0], [13, 44, 1.0], [14, 15, 1.0], [14, 45, 1.0], [14, 46, 1.0], [15, 47, 1.0], [15, 48, 1.0], [15, 49, 1.0]], "fix_com": true, "fix_orientation": true, "provenance": {"creator": "QCElemental", "version": "v0.22.0", "routine": "qcelemental.molparse.from_schema"}, "id": "250435"}