{"schema_name": "qcschema_molecule", "schema_version": 2, "validated": true, "symbols": ["C", "C", "C", "C", "O", "P", "O", "O", "C", "C", "C", "C", "O", "C", "C", "C", "C", "H", "H", "H", "H", "H", "H", "H", "H", "H", "H", "H", "H", "H", "H", "H", "H", "H", "H", "H", "H", "H", "H", "H", "H", "H", "H", "H"], "geometry": [-2.49139145, 0.32461185, -7.20520739, -4.50191614, 2.47447182, -7.14052572, -4.66330803, 3.26249474, -4.34769758, -5.39079942, 0.95740399, -2.76624764, -5.36493516, 1.82039361, -0.11891492, -5.94692839, -1.18279746, 1.37680755, -8.46189221, -1.94671291, 0.82951277, -4.63224851, -1.02623585, 4.13298052, -4.07614954, 1.46109593, 5.08719578, -1.22685297, 1.26860196, 5.29022786, 0.52254474, 2.96819639, 6.5474444, 0.81246542, 5.5721069, 5.71538311, -3.70093605, -2.89919985, -0.50626734, -2.5218043, -4.73748663, 0.78961841, -0.3522828, -5.52199888, -1.03031526, 1.50445648, -3.35312641, -1.10863438, 3.60810096, -3.85917498, -2.95588022, -2.3433725, -0.44115187, -9.10938687, -0.67838132, 1.33798757, -6.72800305, -2.93917501, -1.08947344, -5.79053796, -3.65972912, 4.05955857, -8.19332228, -6.25866268, 1.76269731, -7.9147047, -5.93892562, 4.8428904, -4.10490409, -2.66021581, 3.78849596, -3.79875808, -7.63735809, 0.91460342, -2.95750808, -4.6895353, -0.74816056, -3.08777511, -4.90740132, 2.97500506, 4.11305587, -4.8276704, 1.3949545, 7.08900908, -0.42351812, -0.63380212, 4.88401212, -0.9313065, 2.01550035, 2.9425249, 2.55835491, 2.07642241, 6.50300832, 0.12813867, 3.01006356, 8.66892405, 1.9476383, 5.61336145, 3.88653662, -0.89330467, 6.62910835, 5.45929804, 2.10037325, 6.50026726, 7.2066427, -1.55140458, -4.10237351, 2.504037, -3.6653607, -6.45699778, 1.14257157, 0.54552184, -7.31369917, -0.41802887, -1.2348589, -5.5968896, -2.92159873, 2.37880987, -3.346806, 0.88238358, 0.59289845, -1.55185993, -1.31595827, 4.09448282, -2.04538215, -3.92140967, 2.73972432, -5.07695532, -4.45986839, 5.22143616, -4.70385949, -2.03441753], "name": "C12H27O4P", "molecular_charge": 0.0, "molecular_multiplicity": 1, "connectivity": [[0, 1, 1.0], [0, 17, 1.0], [0, 18, 1.0], [0, 19, 1.0], [1, 2, 1.0], [1, 20, 1.0], [1, 21, 1.0], [2, 3, 1.0], [2, 22, 1.0], [2, 23, 1.0], [3, 4, 1.0], [3, 24, 1.0], [3, 25, 1.0], [4, 5, 1.0], [5, 6, 2.0], [5, 7, 1.0], [5, 12, 1.0], [7, 8, 1.0], [8, 9, 1.0], [8, 26, 1.0], [8, 27, 1.0], [9, 10, 1.0], [9, 28, 1.0], [9, 29, 1.0], [10, 11, 1.0], [10, 30, 1.0], [10, 31, 1.0], [11, 32, 1.0], [11, 33, 1.0], [11, 34, 1.0], [12, 13, 1.0], [13, 14, 1.0], [13, 35, 1.0], [13, 36, 1.0], [14, 15, 1.0], [14, 37, 1.0], [14, 38, 1.0], [15, 16, 1.0], [15, 39, 1.0], [15, 40, 1.0], [16, 41, 1.0], [16, 42, 1.0], [16, 43, 1.0]], "fix_com": false, "fix_orientation": false, "provenance": {"creator": "QCElemental", "version": "v0.22.0", "routine": "qcelemental.molparse.from_schema"}}