{"schema_name": "qcschema_molecule", "schema_version": 2, "validated": true, "symbols": ["C", "C", "C", "C", "O", "P", "O", "O", "C", "C", "C", "C", "O", "C", "C", "C", "C", "H", "H", "H", "H", "H", "H", "H", "H", "H", "H", "H", "H", "H", "H", "H", "H", "H", "H", "H", "H", "H", "H", "H", "H", "H", "H", "H"], "geometry": [-5.88076975, -0.23354568, 3.15158473, -7.6914671, 1.9463755, 3.08606135, -6.41017218, 4.47003174, 3.11255035, -4.72937099, 4.64609202, 0.80462717, -2.98944047, 2.72579877, 0.94922963, -0.9695747, 2.67671021, -1.51014113, -1.2096495, 4.97724173, -3.1647136, -1.54877189, 0.02318226, -3.19669444, -3.7932471, 0.34293907, -4.45846655, -4.52032403, -1.91908714, -6.04379082, -4.80468201, -4.23829951, -4.40441764, -2.33674478, -4.83183742, -3.05613349, 1.98812167, 2.42645114, -0.3216204, 1.91736367, 1.39817667, 2.0612107, 4.50426136, 1.1231462, 3.23149982, 6.21830888, -0.54047611, 1.72674226, 5.16282622, -3.18601963, 1.45960019, -4.17437518, 0.13494959, 4.3101525, -5.36629963, -0.97049638, 1.26053732, -6.87952111, -1.83008095, 4.12569507, -8.93769577, 1.8363258, 4.80955367, -8.92870091, 1.67642249, 1.41222918, -7.69375951, 6.06732491, 3.28659914, -5.06517464, 4.44019364, 4.77258606, -3.77812829, 6.53703777, 0.70529604, -5.946333, 4.53770295, -0.91967828, -5.33227344, 0.55405804, -3.01071172, -3.7501495, 2.1034772, -5.52264356, -6.45372744, -1.49586533, -6.81802571, -3.16368249, -2.17997221, -7.56933126, -6.38927911, -3.94665732, -3.06674934, -5.27752145, -5.86112256, -5.67296779, -2.31354978, -3.87432319, -1.21557486, -0.71427041, -4.21345185, -4.25529891, -2.09797462, -6.92712909, -2.81118439, 0.65068267, 2.40519162, 3.36727644, 1.12595724, -0.57767214, 1.92227273, 4.39162737, 0.40843218, 5.19573796, 5.45087534, 3.01591364, 3.38095639, 6.65381616, 0.2812163, -0.13638852, 8.01844321, -0.72527719, 2.78812733, 6.60350616, -4.28403861, 0.33293151, 5.01402161, -4.11604095, 3.29231227, 3.42004377, -3.23241713, 0.32537678], "name": "C12H27O4P", "molecular_charge": 0.0, "molecular_multiplicity": 1, "connectivity": [[0, 1, 1.0], [0, 17, 1.0], [0, 18, 1.0], [0, 19, 1.0], [1, 2, 1.0], [1, 20, 1.0], [1, 21, 1.0], [2, 3, 1.0], [2, 22, 1.0], [2, 23, 1.0], [3, 4, 1.0], [3, 24, 1.0], [3, 25, 1.0], [4, 5, 1.0], [5, 6, 2.0], [5, 7, 1.0], [5, 12, 1.0], [7, 8, 1.0], [8, 9, 1.0], [8, 26, 1.0], [8, 27, 1.0], [9, 10, 1.0], [9, 28, 1.0], [9, 29, 1.0], [10, 11, 1.0], [10, 30, 1.0], [10, 31, 1.0], [11, 32, 1.0], [11, 33, 1.0], [11, 34, 1.0], [12, 13, 1.0], [13, 14, 1.0], [13, 35, 1.0], [13, 36, 1.0], [14, 15, 1.0], [14, 37, 1.0], [14, 38, 1.0], [15, 16, 1.0], [15, 39, 1.0], [15, 40, 1.0], [16, 41, 1.0], [16, 42, 1.0], [16, 43, 1.0]], "fix_com": false, "fix_orientation": false, "provenance": {"creator": "QCElemental", "version": "v0.22.0", "routine": "qcelemental.molparse.from_schema"}}