{"schema_name": "qcschema_molecule", "schema_version": 2, "validated": true, "symbols": ["C", "C", "C", "C", "O", "P", "O", "O", "C", "C", "C", "C", "O", "C", "C", "C", "C", "H", "H", "H", "H", "H", "H", "H", "H", "H", "H", "H", "H", "H", "H", "H", "H", "H", "H", "H", "H", "H", "H", "H", "H", "H", "H", "H"], "geometry": [7.45155507, 0.48865046, -0.82764339, 6.01359096, -0.31869696, -3.13201548, 4.02885331, -2.28877065, -2.56459047, 2.13396368, -1.23588748, -0.67833757, 0.27476728, -3.01608107, -0.1169724, -1.70187907, -1.62092044, 1.98649823, -3.09887805, -3.69706234, 3.35912082, -3.74405169, 0.13915934, 0.32955222, -6.02226062, -1.04718919, -0.11732702, -7.66615973, 0.7501838, -1.62045413, -6.45103004, 1.43794648, -4.11574506, -3.9401905, 2.70268587, -3.81608338, 0.13215134, 0.08839147, 3.93485984, -0.63294541, -0.0024128, 6.41734906, 1.19014913, 1.61761716, 7.93699575, 3.84402372, 0.64706522, 7.71736714, 4.17318677, -2.00130625, 8.64478941, 6.79689228, 2.43060452, -0.24643908, 9.459564, 0.74845492, -1.38366745, 7.35040536, -0.85936661, 0.73698308, 5.01886742, 1.32194705, -3.99459422, 7.34692739, -1.20015689, -4.52964254, 2.95177582, -2.58008615, -4.36882889, 4.81123453, -4.06815421, -1.87640902, 3.26400633, -0.83676175, 1.08760118, 1.35959779, 0.58565207, -1.27703429, -7.02964694, -1.56948604, 1.60694908, -5.83114002, -2.78444749, -1.28033284, -9.53433378, -0.0947119, -2.07524595, -8.05896362, 2.5153516, -0.57537434, -6.25924996, -0.20733131, -5.3717832, -7.74898263, 2.85564324, -5.01786146, -3.83477052, 3.94209586, -2.1479636, -2.32318285, 1.4114246, -3.79231089, -3.66148261, 3.94520965, -5.52859613, -2.59436427, 0.49518419, 6.76591337, -0.36653856, -1.98942341, 7.09235865, 1.17059211, 3.58421511, 7.2350501, 0.49044392, 1.58881924, 9.90910582, 5.07608974, 2.00002891, 8.78970722, 4.44344869, 0.78711649, 5.73001451, 4.75568252, -3.3030874, 7.07369626, 5.74635547, -2.07545095, 10.02770794, 2.47528782, -2.7677448, 9.58163385], "name": "C12H27O4P", "molecular_charge": 0.0, "molecular_multiplicity": 1, "connectivity": [[0, 1, 1.0], [0, 17, 1.0], [0, 18, 1.0], [0, 19, 1.0], [1, 2, 1.0], [1, 20, 1.0], [1, 21, 1.0], [2, 3, 1.0], [2, 22, 1.0], [2, 23, 1.0], [3, 4, 1.0], [3, 24, 1.0], [3, 25, 1.0], [4, 5, 1.0], [5, 6, 2.0], [5, 7, 1.0], [5, 12, 1.0], [7, 8, 1.0], [8, 9, 1.0], [8, 26, 1.0], [8, 27, 1.0], [9, 10, 1.0], [9, 28, 1.0], [9, 29, 1.0], [10, 11, 1.0], [10, 30, 1.0], [10, 31, 1.0], [11, 32, 1.0], [11, 33, 1.0], [11, 34, 1.0], [12, 13, 1.0], [13, 14, 1.0], [13, 35, 1.0], [13, 36, 1.0], [14, 15, 1.0], [14, 37, 1.0], [14, 38, 1.0], [15, 16, 1.0], [15, 39, 1.0], [15, 40, 1.0], [16, 41, 1.0], [16, 42, 1.0], [16, 43, 1.0]], "fix_com": false, "fix_orientation": false, "provenance": {"creator": "QCElemental", "version": "v0.22.0", "routine": "qcelemental.molparse.from_schema"}}