{"schema_name": "qcschema_molecule", "schema_version": 2, "validated": true, "symbols": ["C", "C", "C", "C", "O", "P", "O", "O", "C", "C", "C", "C", "O", "C", "C", "C", "C", "H", "H", "H", "H", "H", "H", "H", "H", "H", "H", "H", "H", "H", "H", "H", "H", "H", "H", "H", "H", "H", "H", "H", "H", "H", "H", "H"], "geometry": [-3.34967121, -4.24664118, 8.02723399, -3.99827471, -4.05844688, 5.25293505, -2.98535167, -1.86036599, 3.95848147, -0.17581416, -1.70451163, 3.3593486, 0.29921257, 0.38353473, 1.97930383, 2.71434831, -0.2244075, -0.21647995, 4.92085948, -1.27079538, 1.15474518, 1.36811648, -1.854231, -2.39681864, 0.39340331, -3.06865561, -3.99258282, -1.67221168, -1.31207816, -5.33944297, -3.6766412, -0.52364326, -3.70224499, -5.75520817, 0.9933074, -4.88578547, 3.35510455, 2.66157381, -1.62208046, 3.99871694, 4.67498394, 0.00185196, 3.4380263, 7.01484953, -1.47742117, 4.58303728, 7.35544992, -4.04699018, 3.02727309, 9.32017812, -5.42935714, -1.5423453, -3.32191954, 8.3970211, -3.35797973, -6.30734444, 8.74119294, -4.96975735, -3.30996484, 9.09936725, -3.30749951, -5.95396368, 4.35490022, -6.09630694, -4.12665938, 5.09416486, -3.97213465, -1.72082431, 1.99212008, -3.75082989, -0.09974379, 4.82028539, 0.58348822, -3.46900823, 2.6313999, 0.76415233, -1.36431123, 5.30815476, -0.60870332, -4.97492401, -3.65710631, 1.55712103, -3.74666142, -5.75455715, -1.96158029, -1.78956062, -7.21791997, -0.35066667, 0.5949702, -5.46404623, -2.87536316, 0.86459311, -2.10501636, -4.48498724, -2.14452849, -2.45406997, -7.47279122, 0.81165474, -3.661811, -6.15169681, 0.17898703, -6.85972845, -5.35087104, 3.02160313, -5.07592553, 2.78166304, 4.75024342, 1.78390458, 5.87028066, 4.49889316, 0.60428823, 1.32981772, 7.24104604, -1.61870123, 4.09680159, 8.66025849, -0.22091286, 4.39601285, 5.50432462, -5.08108482, 6.6249633, 7.93714185, -4.01171507, 1.19192875, 9.65257545, -4.20615657, 3.66114688, 11.06484142, -5.94464909, 2.0302778, 8.22775902, -7.05205518], "name": "C12H27O4P", "molecular_charge": 0.0, "molecular_multiplicity": 1, "connectivity": [[0, 1, 1.0], [0, 17, 1.0], [0, 18, 1.0], [0, 19, 1.0], [1, 2, 1.0], [1, 20, 1.0], [1, 21, 1.0], [2, 3, 1.0], [2, 22, 1.0], [2, 23, 1.0], [3, 4, 1.0], [3, 24, 1.0], [3, 25, 1.0], [4, 5, 1.0], [5, 6, 2.0], [5, 7, 1.0], [5, 12, 1.0], [7, 8, 1.0], [8, 9, 1.0], [8, 26, 1.0], [8, 27, 1.0], [9, 10, 1.0], [9, 28, 1.0], [9, 29, 1.0], [10, 11, 1.0], [10, 30, 1.0], [10, 31, 1.0], [11, 32, 1.0], [11, 33, 1.0], [11, 34, 1.0], [12, 13, 1.0], [13, 14, 1.0], [13, 35, 1.0], [13, 36, 1.0], [14, 15, 1.0], [14, 37, 1.0], [14, 38, 1.0], [15, 16, 1.0], [15, 39, 1.0], [15, 40, 1.0], [16, 41, 1.0], [16, 42, 1.0], [16, 43, 1.0]], "fix_com": false, "fix_orientation": false, "provenance": {"creator": "QCElemental", "version": "v0.22.0", "routine": "qcelemental.molparse.from_schema"}}