{"schema_name": "qcschema_molecule", "schema_version": 2, "validated": true, "symbols": ["C", "C", "C", "C", "C", "C", "C", "C", "C", "C", "C", "C", "C", "C", "C", "C", "I", "H", "H", "H", "H", "H", "H", "H", "H", "H", "H", "H", "H", "H", "H", "H", "H", "H", "H", "H", "H", "H", "H", "H", "H", "H", "H", "H", "H", "H", "H", "H", "H", "H"], "geometry": [0.33423743, -6.01174436, 10.15776667, 2.98407971, -5.07624636, 9.57335166, 3.34310378, -5.25541067, 6.68710093, 5.95632184, -4.32594871, 6.17158973, 6.90350821, -4.30709805, 3.5777761, 5.81934373, -2.85692738, 1.53034641, 3.23464262, -3.17737602, 0.60469638, 2.93794982, -1.29262082, -1.62624798, 0.30972205, -1.48960752, -2.71015462, -0.17216447, 0.23471793, -4.85260761, 0.07396557, 2.96702067, -4.42260217, -1.57107965, 4.15365124, -2.49737035, -4.38894343, 3.84275175, -3.08325843, -5.98473044, 5.06849076, -1.09218254, -8.71376117, 4.95255522, -1.66427868, -9.95566152, 2.49161761, -1.99546815, -8.7736334, 0.29924555, -5.12039843, 0.49074007, -8.08767293, 10.40750815, -0.41318204, -5.06021859, 11.83362972, -0.92047567, -5.54826076, 8.51465246, 3.10875221, -3.093243, 10.19291911, 4.40950762, -6.21710872, 10.56679621, 3.20547371, -7.29698548, 6.17755072, 1.79350943, -4.28757223, 5.77455106, 6.35144935, -2.53324729, 7.24763853, 7.21649172, -5.71529425, 7.24855914, 9.00695779, -3.78698051, 3.73491317, 7.12056723, -6.401442, 3.02104734, 6.17770233, -0.74896183, 1.88658086, 7.09501411, -3.15407247, -0.19304419, 2.93568167, -5.08924382, -0.23774527, 1.64162939, -2.78901768, 1.82095629, 3.29320518, 0.66554898, -0.98740169, 4.41600201, -1.76325634, -3.02668545, 0.17945327, -3.47762408, -3.50166868, -1.15705124, -1.45809961, -1.21556572, 1.08774465, -0.30600633, -6.44277697, -2.13485265, -0.16098679, -5.55771981, 2.06443424, 3.41273433, -3.9304145, -0.2707287, 3.94969481, -6.26396545, -1.24600225, 6.22963315, -2.57481554, -1.1149044, 3.57515582, -0.55222058, -4.71896158, 1.7439974, -2.79359236, -4.74489708, 4.41872163, -4.99357261, -5.72036981, 4.08285429, 0.80253802, -5.40316008, 7.07180343, -0.73281159, -9.82325196, 6.09617345, -0.23006112, -8.98793931, 6.05116207, -3.48255457, -12.07879967, 2.7825196, -2.17561441, -9.82470036, 1.22735538, -0.30233783], "name": "C16H33I", "molecular_charge": 0.0, "molecular_multiplicity": 1, "connectivity": [[0, 1, 1.0], [0, 17, 1.0], [0, 18, 1.0], [0, 19, 1.0], [1, 2, 1.0], [1, 20, 1.0], [1, 21, 1.0], [2, 3, 1.0], [2, 22, 1.0], [2, 23, 1.0], [3, 4, 1.0], [3, 24, 1.0], [3, 25, 1.0], [4, 5, 1.0], [4, 26, 1.0], [4, 27, 1.0], [5, 6, 1.0], [5, 28, 1.0], [5, 29, 1.0], [6, 7, 1.0], [6, 30, 1.0], [6, 31, 1.0], [7, 8, 1.0], [7, 32, 1.0], [7, 33, 1.0], [8, 9, 1.0], [8, 34, 1.0], [8, 35, 1.0], [9, 10, 1.0], [9, 36, 1.0], [9, 37, 1.0], [10, 11, 1.0], [10, 38, 1.0], [10, 39, 1.0], [11, 12, 1.0], [11, 40, 1.0], [11, 41, 1.0], [12, 13, 1.0], [12, 42, 1.0], [12, 43, 1.0], [13, 14, 1.0], [13, 44, 1.0], [13, 45, 1.0], [14, 15, 1.0], [14, 46, 1.0], [14, 47, 1.0], [15, 16, 1.0], [15, 48, 1.0], [15, 49, 1.0]], "fix_com": false, "fix_orientation": false, "provenance": {"creator": "QCElemental", "version": "v0.22.0", "routine": "qcelemental.molparse.from_schema"}}