{"schema_name": "qcschema_molecule", "schema_version": 2, "validated": true, "symbols": ["C", "C", "C", "C", "C", "C", "C", "C", "C", "C", "C", "C", "C", "C", "C", "C", "I", "H", "H", "H", "H", "H", "H", "H", "H", "H", "H", "H", "H", "H", "H", "H", "H", "H", "H", "H", "H", "H", "H", "H", "H", "H", "H", "H", "H", "H", "H", "H", "H", "H"], "geometry": [7.04379018, -4.74660815, 4.00601523, 5.32314873, -3.08068542, 5.57902891, 3.05926913, -2.45879366, 3.96998594, 1.15902242, -0.82795622, 5.2175907, 1.94968955, 1.67749463, 6.07233107, 3.07663408, 3.53302551, 4.32136257, 1.68946889, 4.47045404, 2.09590757, 1.05970873, 2.63866053, 0.08803942, -0.31568763, 4.10921353, -1.99089433, -1.07530046, 2.49614496, -4.17306642, -2.84779215, 0.36362087, -3.4737733, -3.4838704, -1.13468178, -5.85990677, -5.23431652, -3.28119551, -5.31189762, -7.70397247, -2.43131212, -4.21160908, -9.12690044, -0.67513176, -5.94679241, -11.59043292, 0.13068782, -4.7707058, -13.59399167, 2.60527024, -7.21719678, 8.59464954, -5.57196596, 5.21489598, 5.93020618, -6.39499053, 3.34089063, 7.8757504, -3.69563675, 2.40003495, 6.37168719, -1.30644854, 5.95656349, 4.85306708, -4.14227277, 7.29399817, 2.17386678, -4.28211848, 3.43309017, 3.78021367, -1.61738744, 2.19869317, -0.64071979, -0.83374589, 4.22202501, 0.59846081, -1.93402985, 7.06774208, 0.12942298, 2.63208792, 6.79855466, 3.08229544, 1.63182327, 7.88963186, 3.51000339, 5.31474165, 5.50639746, 5.02517784, 2.85862329, 3.67641465, -0.11219116, 5.40729498, 2.86062165, 2.65437536, 6.13676658, 1.18462499, -0.04440943, 0.99856158, 0.642083, 2.86827466, 1.95504714, -0.75051987, -1.97693635, 5.11211327, -1.21868163, 0.98801336, 5.57861283, -2.71938427, 0.59206751, 1.76325593, -5.20916688, -2.09015092, 3.73298331, -5.52757868, -1.88242753, -0.88293174, -2.14344386, -4.61874737, 1.02318106, -2.65882562, -4.29024487, 0.15952976, -7.27124108, -1.68602878, -1.92014929, -6.59411242, -5.5607418, -4.32886313, -7.0708645, -4.33848089, -4.55046436, -3.86429497, -8.90231306, -4.13504391, -3.91482903, -7.5041421, -1.51383025, -2.36652731, -8.01349199, 1.0088611, -6.4664167, -9.48588106, -1.73744252, -7.7365736, -11.14393856, 1.14877817, -2.97280519, -12.7793658, -1.51277186, -4.30414144], "name": "C16H33I", "molecular_charge": 0.0, "molecular_multiplicity": 1, "connectivity": [[0, 1, 1.0], [0, 17, 1.0], [0, 18, 1.0], [0, 19, 1.0], [1, 2, 1.0], [1, 20, 1.0], [1, 21, 1.0], [2, 3, 1.0], [2, 22, 1.0], [2, 23, 1.0], [3, 4, 1.0], [3, 24, 1.0], [3, 25, 1.0], [4, 5, 1.0], [4, 26, 1.0], [4, 27, 1.0], [5, 6, 1.0], [5, 28, 1.0], [5, 29, 1.0], [6, 7, 1.0], [6, 30, 1.0], [6, 31, 1.0], [7, 8, 1.0], [7, 32, 1.0], [7, 33, 1.0], [8, 9, 1.0], [8, 34, 1.0], [8, 35, 1.0], [9, 10, 1.0], [9, 36, 1.0], [9, 37, 1.0], [10, 11, 1.0], [10, 38, 1.0], [10, 39, 1.0], [11, 12, 1.0], [11, 40, 1.0], [11, 41, 1.0], [12, 13, 1.0], [12, 42, 1.0], [12, 43, 1.0], [13, 14, 1.0], [13, 44, 1.0], [13, 45, 1.0], [14, 15, 1.0], [14, 46, 1.0], [14, 47, 1.0], [15, 16, 1.0], [15, 48, 1.0], [15, 49, 1.0]], "fix_com": false, "fix_orientation": false, "provenance": {"creator": "QCElemental", "version": "v0.22.0", "routine": "qcelemental.molparse.from_schema"}}