{"schema_name": "qcschema_molecule", "schema_version": 2, "validated": true, "symbols": ["C", "C", "C", "C", "C", "C", "C", "C", "C", "C", "C", "C", "C", "C", "C", "C", "I", "H", "H", "H", "H", "H", "H", "H", "H", "H", "H", "H", "H", "H", "H", "H", "H", "H", "H", "H", "H", "H", "H", "H", "H", "H", "H", "H", "H", "H", "H", "H", "H", "H"], "geometry": [-6.70639095, -2.51721844, 6.51609616, -8.07320935, -1.92159972, 4.13646962, -7.57299512, 0.50010501, 2.92503723, -5.28099996, 1.35513896, 1.75259519, -2.76707209, 1.60654877, 2.82489235, -1.25161426, -0.62006691, 3.58217856, 1.31798678, 0.18907064, 4.65896003, 2.88135119, 1.65107354, 2.86032884, 3.54898208, 0.34052265, 0.43671879, 5.1507457, 1.93302036, -1.27365667, 3.92967881, 4.36659629, -2.05629724, 5.4983896, 5.94232038, -3.76143544, 6.37429552, 4.88591276, -6.15601864, 4.64162944, 4.05811115, -8.16480384, 2.91899894, 1.93380548, -7.56594424, 1.2982708, 1.25158596, -9.91695644, -0.90835474, 4.36233884, -11.08881222, -8.0704128, -2.99543948, 8.10137109, -5.551865, -0.94407294, 7.28212895, -5.49488627, -4.23051621, 6.4047663, -10.17769856, -2.01621159, 4.62975594, -7.89395119, -3.59321087, 2.82288673, -8.23449348, 2.11192543, 4.27282692, -9.15482346, 0.77884833, 1.39551225, -5.00242501, 0.30176459, -0.1817422, -5.79770444, 3.32868744, 0.86381297, -2.67931384, 3.09245776, 4.40387584, -1.5322785, 2.62311531, 1.33575798, -2.00698723, -1.99753497, 4.85563693, -0.6924115, -1.75159864, 1.84063032, 2.19100448, -1.5299865, 5.39765744, 0.85731645, 1.45406771, 6.27877154, 1.96382756, 3.48304571, 2.42552304, 4.69884241, 2.11981241, 3.91816881, 1.92079158, -0.49072643, -0.56287422, 4.76485742, -1.32808542, 0.98472402, 5.6554763, 0.81321728, -2.95242998, 6.9656918, 2.27090607, -0.24173897, 3.91727685, 5.51796076, -0.17027238, 1.97733647, 4.34156837, -2.57917489, 4.24307711, 7.65126425, -4.24985239, 7.13341821, 6.81256635, -2.62620353, 7.71062214, 6.39363173, -7.00474052, 7.78656553, 3.28402256, -5.75551899, 3.48016023, 5.68878228, -8.9044354, 5.77172875, 3.40615936, -9.89439958, 3.89382979, 0.16664894, -7.03452868, 1.50960668, 2.48102562, -6.18059857, 2.52923638, 0.62526015, -11.45204282, 0.02503428, -0.33453866, -9.40686662], "name": "C16H33I", "molecular_charge": 0.0, "molecular_multiplicity": 1, "connectivity": [[0, 1, 1.0], [0, 17, 1.0], [0, 18, 1.0], [0, 19, 1.0], [1, 2, 1.0], [1, 20, 1.0], [1, 21, 1.0], [2, 3, 1.0], [2, 22, 1.0], [2, 23, 1.0], [3, 4, 1.0], [3, 24, 1.0], [3, 25, 1.0], [4, 5, 1.0], [4, 26, 1.0], [4, 27, 1.0], [5, 6, 1.0], [5, 28, 1.0], [5, 29, 1.0], [6, 7, 1.0], [6, 30, 1.0], [6, 31, 1.0], [7, 8, 1.0], [7, 32, 1.0], [7, 33, 1.0], [8, 9, 1.0], [8, 34, 1.0], [8, 35, 1.0], [9, 10, 1.0], [9, 36, 1.0], [9, 37, 1.0], [10, 11, 1.0], [10, 38, 1.0], [10, 39, 1.0], [11, 12, 1.0], [11, 40, 1.0], [11, 41, 1.0], [12, 13, 1.0], [12, 42, 1.0], [12, 43, 1.0], [13, 14, 1.0], [13, 44, 1.0], [13, 45, 1.0], [14, 15, 1.0], [14, 46, 1.0], [14, 47, 1.0], [15, 16, 1.0], [15, 48, 1.0], [15, 49, 1.0]], "fix_com": false, "fix_orientation": false, "provenance": {"creator": "QCElemental", "version": "v0.22.0", "routine": "qcelemental.molparse.from_schema"}}