{"schema_name": "qcschema_molecule", "schema_version": 2, "validated": true, "symbols": ["C", "C", "C", "C", "C", "C", "C", "C", "C", "C", "C", "C", "C", "C", "C", "C", "I", "H", "H", "H", "H", "H", "H", "H", "H", "H", "H", "H", "H", "H", "H", "H", "H", "H", "H", "H", "H", "H", "H", "H", "H", "H", "H", "H", "H", "H", "H", "H", "H", "H"], "geometry": [-10.30538015, -7.75663949, -4.39351659, -8.60478677, -5.97313112, -2.93502898, -9.11125509, -3.35516894, -3.84231207, -7.5313349, -1.37038465, -2.53643514, -7.92841401, -1.27407495, 0.24447554, -6.29224133, 0.758997, 1.37341552, -3.52431497, 0.41362477, 0.98041605, -2.03325062, 2.56204531, 2.20618134, 0.74908916, 2.04659016, 1.70752632, 2.40341926, 4.05403302, 2.83586728, 5.12261988, 3.72331696, 2.489135, 6.32655855, 3.70822215, 0.01324011, 5.72729312, 1.89888957, -1.96206353, 5.85073238, -0.83947691, -1.60007839, 8.20654744, -2.1383516, -0.89863366, 9.30014228, -1.5034708, 1.60084822, 12.7120741, -3.67979065, 2.2459837, -9.79793022, -7.8329496, -6.42962066, -12.33104404, -7.11024122, -4.21704225, -10.23218043, -9.71538076, -3.67833012, -6.6147564, -6.58899885, -3.39877826, -9.02123192, -6.26010823, -0.91352476, -11.14582602, -2.96246628, -3.71073653, -8.59320864, -3.27823509, -5.88502788, -8.15368629, 0.49377705, -3.33297259, -5.51340759, -1.55875436, -2.97312913, -9.90777055, -0.82016353, 0.78826233, -7.3230101, -3.09227048, 1.16477697, -6.82038197, 2.67236423, 0.59879111, -6.62849185, 0.94341594, 3.45521908, -2.90379474, -1.38899432, 1.91549648, -2.90950959, 0.3526496, -0.98545763, -2.54411595, 4.34551973, 1.29523162, -2.34895513, 2.50296005, 4.26161479, 0.9873823, 1.77556409, -0.31695249, 1.23193088, 0.21671344, 2.69569784, 1.63535138, 5.892793, 2.13088468, 1.84657217, 4.10588511, 4.91338905, 5.73463652, 2.04863994, 3.71363044, 6.06045575, 5.33578378, 3.59165338, 5.85234641, 5.67963139, -0.91560872, 8.41310871, 3.95561499, 0.20745384, 7.32106263, 2.26085287, -3.48017366, 4.06796116, 2.41009284, -3.19409018, 4.32028099, -1.5801266, -0.29548158, 5.22626653, -1.70395802, -3.50053397, 7.7372546, -4.24636194, -0.80183147, 9.6732271, -2.09452998, -2.44922586, 9.76909187, 0.44442909, 1.92140058, 8.01632227, -2.14707933, 3.13900807], "name": "C16H33I", "molecular_charge": 0.0, "molecular_multiplicity": 1, "connectivity": [[0, 1, 1.0], [0, 17, 1.0], [0, 18, 1.0], [0, 19, 1.0], [1, 2, 1.0], [1, 20, 1.0], [1, 21, 1.0], [2, 3, 1.0], [2, 22, 1.0], [2, 23, 1.0], [3, 4, 1.0], [3, 24, 1.0], [3, 25, 1.0], [4, 5, 1.0], [4, 26, 1.0], [4, 27, 1.0], [5, 6, 1.0], [5, 28, 1.0], [5, 29, 1.0], [6, 7, 1.0], [6, 30, 1.0], [6, 31, 1.0], [7, 8, 1.0], [7, 32, 1.0], [7, 33, 1.0], [8, 9, 1.0], [8, 34, 1.0], [8, 35, 1.0], [9, 10, 1.0], [9, 36, 1.0], [9, 37, 1.0], [10, 11, 1.0], [10, 38, 1.0], [10, 39, 1.0], [11, 12, 1.0], [11, 40, 1.0], [11, 41, 1.0], [12, 13, 1.0], [12, 42, 1.0], [12, 43, 1.0], [13, 14, 1.0], [13, 44, 1.0], [13, 45, 1.0], [14, 15, 1.0], [14, 46, 1.0], [14, 47, 1.0], [15, 16, 1.0], [15, 48, 1.0], [15, 49, 1.0]], "fix_com": false, "fix_orientation": false, "provenance": {"creator": "QCElemental", "version": "v0.22.0", "routine": "qcelemental.molparse.from_schema"}}