{"schema_name": "qcschema_molecule", "schema_version": 2, "validated": true, "symbols": ["C", "C", "C", "C", "C", "C", "C", "C", "C", "C", "C", "C", "H", "H", "H", "H", "H", "H", "H", "H", "H", "H", "H", "H", "H", "H", "H", "H", "H", "H", "H", "H", "H", "H", "H", "H", "H", "H"], "geometry": [-0.5004158839781169, 10.53743151922113, -3.669457233370825, -0.007157715555700692, 9.244907827197213, -1.1223517660713072, 2.0067093150044166, 7.153337368164802, -1.2291684397270806, 1.4145279879411916, 4.949892587487107, -3.030756746101581, -1.094285896640027, 3.576433868134552, -2.516828627622215, -1.370540536523124, 2.465961849980712, 0.15437846046458073, 0.7083133466618597, 0.5927863886261512, 0.9439808800143582, 1.0758139781347387, -1.6820625802236813, -0.8354037493301845, -1.2108218306940157, -3.4625968139350363, -1.164336473353133, -1.3393320082986655, -5.688753483087514, 0.7051288896461798, -1.6251789713564266, -5.026947475333598, 3.5185924455329354, -4.051704815882501, -3.5765505297324434, 4.155031738428912, 1.251743257255962, 11.306780975278773, -4.4648858046773015, -1.2901399740335322, 9.221597562116242, -5.057459084963389, -1.8401172717316217, 12.102167346303215, -3.465141116163976, 0.6028989447127524, 10.670412988066248, 0.25419846326376, -1.7852005726433864, 8.472717792473652, -0.38841570387231417, 2.304759592737283, 6.417807628928038, 0.685943471164478, 3.8145820373631554, 7.99729678758426, -1.801519083222937, 1.3969876090678266, 5.641827838909484, -4.9843789164980095, 2.977555010007944, 3.5918542966346716, -2.9363167579644043, -1.3155974263027346, 2.0643521994433347, -3.9172442722372267, -2.673722607229465, 4.876928552859007, -2.850777369296462, -1.4160475774971661, 4.004887244018351, 1.5423144589124838, -3.2244787973832434, 1.5492718933200487, 0.2873631333008223, 0.29820040148188715, -0.06351408918478108, 2.8631305119966304, 2.5145339001240403, 1.6027699651558807, 1.0726401969019872, 1.6327099603335904, -0.961889388313819, -2.695921311401926, 2.697280242465465, -2.790377039679984, -0.16470626742662434, -2.9750128878328854, -2.380240295587118, -1.098558718546627, -1.1393668949537779, -4.27645766335318, -3.0693531964499163, -2.927091320968428, -6.908827686859149, 0.15523993122529758, 0.373913739042537, -6.83655218360977, 0.46866002592126815, -1.5972834933613138, -6.795116215858764, 4.602351545431566, 0.02279964508715712, -3.948648595867817, 4.161268645052281, -5.7263925641071936, -4.622232545468339, 3.525077963238391, -4.100816257496746, -1.7186028583331936, 3.249029272277111, -4.2280990717545865, -3.2767004874606123, 6.195773384577313], "name": "C12H26", "identifiers": {"molecule_hash": "4e9c7270ecca3deb78b91e55c173b6a94232d73a", "molecular_formula": "C12H26"}, "molecular_charge": 0.0, "molecular_multiplicity": 1, "connectivity": [[0, 1, 1.0], [0, 12, 1.0], [0, 13, 1.0], [0, 14, 1.0], [1, 2, 1.0], [1, 15, 1.0], [1, 16, 1.0], [2, 3, 1.0], [2, 17, 1.0], [2, 18, 1.0], [3, 4, 1.0], [3, 19, 1.0], [3, 20, 1.0], [4, 5, 1.0], [4, 21, 1.0], [4, 22, 1.0], [5, 6, 1.0], [5, 23, 1.0], [5, 24, 1.0], [6, 7, 1.0], [6, 25, 1.0], [6, 26, 1.0], [7, 8, 1.0], [7, 27, 1.0], [7, 28, 1.0], [8, 9, 1.0], [8, 29, 1.0], [8, 30, 1.0], [9, 10, 1.0], [9, 31, 1.0], [9, 32, 1.0], [10, 11, 1.0], [10, 33, 1.0], [10, 34, 1.0], [11, 35, 1.0], [11, 36, 1.0], [11, 37, 1.0]], "fix_com": true, "fix_orientation": true, "provenance": {"creator": "QCElemental", "version": "v0.22.0", "routine": "qcelemental.molparse.from_schema"}, "id": "172456"}