{"schema_name": "qcschema_molecule", "schema_version": 2, "validated": true, "symbols": ["C", "C", "C", "C", "C", "C", "C", "C", "C", "C", "C", "C", "H", "H", "H", "H", "H", "H", "H", "H", "H", "H", "H", "H", "H", "H", "H", "H", "H", "H", "H", "H", "H", "H", "H", "H", "H", "H"], "geometry": [-4.470712779874703, -3.175838492979312, 3.616150372943397, -2.4794761654406887, -3.456275607595855, 5.704155259511127, -1.5504301536681937, -0.9294822698961703, 6.80174350740561, -0.40113441598455085, 0.9108361051039157, 4.869973937360584, 1.8984966255704296, -0.14994545791725325, 3.4613214273575177, 3.2202586278394447, 1.7569256711286299, 1.7126104623067158, 1.5407424773426528, 2.912303586506921, -0.3668235651663843, 0.3317766420378018, 1.0557257175116712, -2.2647766948387664, 1.9167564893442222, 0.46792412907888153, -4.631995878158792, 4.442081765500757, -0.9094193755391751, -4.218154880987209, 4.258433427911732, -3.4891431350574775, -2.8951774401400647, 2.5775756237928507, -5.40729652766161, -4.2725355229426745, -6.08898989962246, -2.060357276802854, 4.273315326255037, -3.702208979350809, -2.2316380968624205, 1.9427879523471843, -5.182280698560053, -5.0237881251424525, 3.0130872590277815, -0.8706234956687293, -4.541430454029954, 4.977024354072789, -3.2726128572017132, -4.587121208446407, 7.250509657057487, -0.14738038136219897, -1.3218124257724968, 8.28003536167528, -3.14132988264165, 0.010540318128949105, 7.747393254774417, -1.857886127868446, 1.4749097378318554, 3.510856752826981, 0.15489430141792968, 2.6495081306481834, 5.8583957670871865, 1.3326300779121936, -1.8166026214405568, 2.371199510470508, 3.281256114645873, -0.834429944500091, 4.85008116059181, 4.872061568424438, 0.8420414390126505, 0.8654797529268763, 3.961390577237167, 3.3117445188617385, 2.8713686741317637, 0.03376664418694615, 3.9953496896199407, 0.552412075303169, 2.6600528130322325, 4.307570757828377, -1.4192198743473627, -0.1938431281575961, -0.7053065522756953, -1.3089278408254441, -1.4555267322481376, 1.8741853850668964, -2.9223745768825213, 2.3069306702664925, 2.2540755853293803, -5.614311935193814, 0.7500346493990196, -0.6441617123583807, -5.935961265352412, 5.333870411485185, -1.1813760935214643, -6.073252964395671, 5.73123854441339, 0.30856418466746444, -3.1471696488316923, 6.1718011224257, -4.268703360312385, -2.7177110337659554, 3.567118548172193, -3.243374351047015, -0.9594584932240388, 0.5991968762785338, -4.802619817346782, -4.314318240789447, 2.6417401352770224, -7.255336964397841, -3.342161207892512, 3.1931724016479865, -5.666895893985302, -6.234272777630111], "name": "C12H26", "identifiers": {"molecule_hash": "2d5442e97dde3bc45bdb466c83ef7691211e6b8d", "molecular_formula": "C12H26"}, "molecular_charge": 0.0, "molecular_multiplicity": 1, "connectivity": [[0, 1, 1.0], [0, 12, 1.0], [0, 13, 1.0], [0, 14, 1.0], [1, 2, 1.0], [1, 15, 1.0], [1, 16, 1.0], [2, 3, 1.0], [2, 17, 1.0], [2, 18, 1.0], [3, 4, 1.0], [3, 19, 1.0], [3, 20, 1.0], [4, 5, 1.0], [4, 21, 1.0], [4, 22, 1.0], [5, 6, 1.0], [5, 23, 1.0], [5, 24, 1.0], [6, 7, 1.0], [6, 25, 1.0], [6, 26, 1.0], [7, 8, 1.0], [7, 27, 1.0], [7, 28, 1.0], [8, 9, 1.0], [8, 29, 1.0], [8, 30, 1.0], [9, 10, 1.0], [9, 31, 1.0], [9, 32, 1.0], [10, 11, 1.0], [10, 33, 1.0], [10, 34, 1.0], [11, 35, 1.0], [11, 36, 1.0], [11, 37, 1.0]], "fix_com": true, "fix_orientation": true, "provenance": {"creator": "QCElemental", "version": "v0.22.0", "routine": "qcelemental.molparse.from_schema"}, "id": "173724"}