{"schema_name": "qcschema_molecule", "schema_version": 2, "validated": true, "symbols": ["C", "C", "C", "C", "C", "C", "C", "C", "C", "C", "C", "C", "H", "H", "H", "H", "H", "H", "H", "H", "H", "H", "H", "H", "H", "H", "H", "H", "H", "H", "H", "H", "H", "H", "H", "H", "H", "H"], "geometry": [-4.500198109594304, -2.836901171503944, 5.490970555924191, -2.8509020657760744, -2.848139861896086, 7.845457106214838, -2.399883931277443, -0.23198825803639722, 8.980546493882093, -1.2337277714064299, 1.701087250507307, 7.1841318230193645, 1.304145394022172, 0.8997872938848555, 6.088175656216935, 2.649230626090416, 2.9511835325291975, 4.565568287329208, 1.1113095076746016, 4.099993574811844, 2.401641785992122, 0.19421565176669148, 2.2842217758719645, 0.3358369280607629, 1.9393974529545834, 2.0260426539361602, -1.9519718483180317, 4.555554004401313, 0.911696400073613, -1.4622292838468571, 4.5753787197037115, -1.7378052444193146, -0.3197921049098735, 3.1755953824365335, -3.702260891419726, -1.8842756524602053, -6.323265012981024, -1.9109623202970827, 5.852815708847042, -3.5932523566317074, -1.8253940427878292, 3.9218302817198523, -4.893500669966937, -4.763799875228516, 4.837135559153168, -1.0282080294157612, -3.744661924511302, 7.404866963018983, -3.7286656996589773, -4.049489290844586, 9.294299175243868, -1.1760090059624484, -0.43217551123733383, 10.649670069291682, -4.208596587371436, 0.5175644681609055, 9.680588785551013, -2.5658806343138734, 2.0939777036510745, 5.637617396808072, -1.0019205051891324, 3.5033057520406152, 8.196490885004504, 1.039658199895695, -0.792341239490424, 4.909262561704857, 2.556333919123387, 0.30180113852103835, 7.637830395903987, 4.439251423257666, 2.182224613402764, 3.85004568410005, 3.1764666595341304, 4.49323718890944, 5.857757939073725, -0.5345684709720702, 5.059197767809762, 3.2263683744087848, 2.2344821751840316, 5.610454308624129, 1.5164046961449045, -0.1945077214842623, 0.409287654692208, 1.1496846143252666, -1.6384684568942867, 2.959144700126819, -0.3678083727855285, 2.1797584634148013, 3.906649559114065, -2.80629594002182, 0.9722008508527631, 0.8813339589284965, -3.391517602598661, 5.587853037873803, 0.8669999521983777, -3.2675646700339223, 5.63731144198475, 2.1914401045765652, -0.23309521366531366, 6.5501195819450855, -2.333540860035422, -0.07557887152619552, 3.7659214016307523, -1.6843741230846367, 1.5936747112589662, 1.142085421457851, -3.3028798012925282, -1.979819716156687, 3.3936829147144305, -5.599634204420028, -1.0795153783745948, 3.889617177186444, -3.760424547493947, -3.833388015992884], "name": "C12H26", "identifiers": {"molecule_hash": "58efefbfbbd33c256e63a202190b95b7b45a00c6", "molecular_formula": "C12H26"}, "molecular_charge": 0.0, "molecular_multiplicity": 1, "connectivity": [[0, 1, 1.0], [0, 12, 1.0], [0, 13, 1.0], [0, 14, 1.0], [1, 2, 1.0], [1, 15, 1.0], [1, 16, 1.0], [2, 3, 1.0], [2, 17, 1.0], [2, 18, 1.0], [3, 4, 1.0], [3, 19, 1.0], [3, 20, 1.0], [4, 5, 1.0], [4, 21, 1.0], [4, 22, 1.0], [5, 6, 1.0], [5, 23, 1.0], [5, 24, 1.0], [6, 7, 1.0], [6, 25, 1.0], [6, 26, 1.0], [7, 8, 1.0], [7, 27, 1.0], [7, 28, 1.0], [8, 9, 1.0], [8, 29, 1.0], [8, 30, 1.0], [9, 10, 1.0], [9, 31, 1.0], [9, 32, 1.0], [10, 11, 1.0], [10, 33, 1.0], [10, 34, 1.0], [11, 35, 1.0], [11, 36, 1.0], [11, 37, 1.0]], "fix_com": true, "fix_orientation": true, "provenance": {"creator": "QCElemental", "version": "v0.22.0", "routine": "qcelemental.molparse.from_schema"}, "id": "176607"}