{"schema_name": "qcschema_molecule", "schema_version": 2, "validated": true, "symbols": ["C", "C", "C", "C", "C", "C", "C", "C", "C", "C", "C", "C", "H", "H", "H", "H", "H", "H", "H", "H", "H", "H", "H", "H", "H", "H", "H", "H", "H", "H", "H", "H", "H", "H", "H", "H", "H", "H"], "geometry": [-1.3007846580774123, -2.250051511813978, -10.533564968540418, -0.6339272150532234, -0.0028817747619808163, -8.826688940295702, -0.4615900142247534, -0.6519041243442055, -6.001161755511167, -2.968382292170981, -1.525048123226147, -4.825265626766899, -2.85262570870549, -2.1053116943054224, -1.9690008236591268, -3.491889131465574, 0.11964074541680175, -0.20876236369376272, -1.7248229169931804, 2.4228414704556465, -0.29544752999088, 1.0630066436745782, 1.9734142216800428, 0.40256041244706303, 1.54096085490536, 1.0364463979644178, 3.1233396172950907, 1.5688151127153969, -1.8480014944985483, 3.519603098261947, 3.598609526659761, -3.2949488605138777, 2.0247360638075547, 6.314374343712617, -2.4441345875247444, 2.572998857835069, -3.194443332096944, -2.98398271030279, -10.140901185112185, -1.2487362550918495, -1.7082110107618271, -12.530846350298193, 0.042628489069430654, -3.805788045503129, -10.268174912168629, -2.034204632940056, 1.5059142873984532, -9.094177270279255, 1.184544534748191, 0.7858517648119271, -9.435892650827594, 0.9607152791564506, -2.1418504450302853, -5.729892552116479, 0.2478533692106758, 1.0067895269143465, -4.989923712684158, -4.42928826986545, -0.09122966910396965, -5.180064664299606, -3.597520416932074, -3.2297782844962577, -5.818279545096037, -4.202512279525979, -3.6202745118738493, -1.544718245480445, -0.9870705815946216, -2.8770243330052607, -1.5021886764502814, -3.5919776013176916, -0.5841761872222584, 1.7377573520958223, -5.410328221190227, 0.7690804693787819, -0.664285732378953, -1.8062855368799975, 3.273461023121217, -2.1842271831044613, -2.4881209446511776, 3.8590167454929145, 0.9946562288394074, 1.9362964072120497, 0.6784647482739583, -0.9550222345268029, 2.0487154872593063, 3.779498774610805, 0.1497729830550394, 0.11134672092746403, 1.8621348278288337, 4.380873312973454, 3.353981075464312, 1.793403300303087, 3.7793991697664127, -0.2836638509474894, -2.647995282517729, 3.0619727782102055, 1.8636874305730233, -2.2121807557805226, 5.5423052751392445, 3.2326848042497263, -3.1361433296639767, -0.009102679484007533, 3.4153233700181267, -5.311303763660469, 2.4721403409656713, 6.728601940451627, -2.5307295387345, 4.601835636194057, 6.649863392921824, -0.5002724725735341, 1.9487629084133884, 7.683088174377729, -3.6531220406304037, 1.5983392179930371], "name": "C12H26", "identifiers": {"molecule_hash": "1f395a08d811cbe455ff717d451e36748a6c7e45", "molecular_formula": "C12H26"}, "molecular_charge": 0.0, "molecular_multiplicity": 1, "connectivity": [[0, 1, 1.0], [0, 12, 1.0], [0, 13, 1.0], [0, 14, 1.0], [1, 2, 1.0], [1, 15, 1.0], [1, 16, 1.0], [2, 3, 1.0], [2, 17, 1.0], [2, 18, 1.0], [3, 4, 1.0], [3, 19, 1.0], [3, 20, 1.0], [4, 5, 1.0], [4, 21, 1.0], [4, 22, 1.0], [5, 6, 1.0], [5, 23, 1.0], [5, 24, 1.0], [6, 7, 1.0], [6, 25, 1.0], [6, 26, 1.0], [7, 8, 1.0], [7, 27, 1.0], [7, 28, 1.0], [8, 9, 1.0], [8, 29, 1.0], [8, 30, 1.0], [9, 10, 1.0], [9, 31, 1.0], [9, 32, 1.0], [10, 11, 1.0], [10, 33, 1.0], [10, 34, 1.0], [11, 35, 1.0], [11, 36, 1.0], [11, 37, 1.0]], "fix_com": true, "fix_orientation": true, "provenance": {"creator": "QCElemental", "version": "v0.22.0", "routine": "qcelemental.molparse.from_schema"}, "id": "169951"}