{"schema_name": "qcschema_molecule", "schema_version": 2, "validated": true, "symbols": ["C", "C", "C", "C", "C", "C", "C", "C", "C", "C", "C", "C", "H", "H", "H", "H", "H", "H", "H", "H", "H", "H", "H", "H", "H", "H", "H", "H", "H", "H", "H", "H", "H", "H", "H", "H", "H", "H"], "geometry": [-5.863301556842095, 1.0080046652116355, -5.297980987084061, -6.050074049242133, -0.6526996614747063, -2.931838116436787, -4.80499373932554, 0.5676286297353542, -0.6165440596605991, -5.065590026520124, -0.9559357701966612, 1.8416660324571559, -3.980180875476329, -3.6531924348592684, 1.770139385765343, -1.1933792797708649, -3.9507735813358345, 0.9886343109453073, 0.7780354895756485, -2.8031549451690716, 2.8040382714189733, 1.3740556611239503, 0.025416192890002052, 2.480904940015036, 2.6584310139992344, 0.6934922442520447, -0.030489760929186392, 3.169939223373811, 3.5330327753057356, -0.30589707594952514, 4.284149243110855, 4.311563629907947, -2.871213882358295, 6.913905463545222, 3.21466585105221, -3.407036420940444, -3.8849686075919285, 1.3860218001243023, -5.78512719572666, -6.753003643588364, 0.10432193510108287, -6.934254392933872, -6.791743230465522, 2.836388737435975, -5.003177125967376, -8.044191199081927, -1.0468460399892006, -2.5115177300333116, -5.168632340110288, -2.487789910882565, -3.318308855856363, -2.803924249209758, 0.9063822437496701, -1.0329987337455813, -5.642440148573296, 2.443454891961231, -0.3189941072677036, -7.079235630756609, -1.091463350777605, 2.3280806005209467, -4.187588326139402, 0.10722087125450845, 3.3872897089153295, -4.229095329966468, -4.501253435571224, 3.648205495101862, -5.130724350774422, -4.8007494818581495, 0.4825594545948141, -0.8232793392683939, -5.986026901691273, 0.8500051725169124, -0.9132262095814995, -3.2138882351454083, -0.9268210336221965, 0.15852780624126442, -3.1453244100198123, 4.7553933407643605, 2.558136678229966, -3.847529516023505, 2.5862478804412605, -0.3452210100269755, 1.1570128868182437, 2.688461627181663, 2.6243285487085566, 0.6087497847117916, 4.031620455152076, 4.431531986282546, -0.37140472424244153, -0.18179221983166366, 1.481038302125838, 0.07496075424026032, -1.6222236138847417, 1.38826719362202, 4.557046569452144, -0.01427836321637142, 4.4451995470140195, 4.152256444428643, 1.212258628679933, 2.9784526182974145, 3.7417219695433603, -4.380950536665382, 4.38832148302714, 6.38104494806709, -2.9506225621974473, 7.673932857807927, 3.93740003660113, -5.191810150890745, 6.873640270810052, 1.150601562402282, -3.5401839237349693, 8.248077418484225, 3.720142518037389, -1.9037376457252904], "name": "C12H26", "identifiers": {"molecule_hash": "1c3a263ed5d8bb65410e411e4d83f3d22949cf8e", "molecular_formula": "C12H26"}, "molecular_charge": 0.0, "molecular_multiplicity": 1, "connectivity": [[0, 1, 1.0], [0, 12, 1.0], [0, 13, 1.0], [0, 14, 1.0], [1, 2, 1.0], [1, 15, 1.0], [1, 16, 1.0], [2, 3, 1.0], [2, 17, 1.0], [2, 18, 1.0], [3, 4, 1.0], [3, 19, 1.0], [3, 20, 1.0], [4, 5, 1.0], [4, 21, 1.0], [4, 22, 1.0], [5, 6, 1.0], [5, 23, 1.0], [5, 24, 1.0], [6, 7, 1.0], [6, 25, 1.0], [6, 26, 1.0], [7, 8, 1.0], [7, 27, 1.0], [7, 28, 1.0], [8, 9, 1.0], [8, 29, 1.0], [8, 30, 1.0], [9, 10, 1.0], [9, 31, 1.0], [9, 32, 1.0], [10, 11, 1.0], [10, 33, 1.0], [10, 34, 1.0], [11, 35, 1.0], [11, 36, 1.0], [11, 37, 1.0]], "fix_com": true, "fix_orientation": true, "provenance": {"creator": "QCElemental", "version": "v0.22.0", "routine": "qcelemental.molparse.from_schema"}, "id": "172548"}