{"schema_name": "qcschema_molecule", "schema_version": 2, "validated": true, "symbols": ["C", "C", "C", "C", "C", "C", "C", "C", "C", "C", "C", "C", "H", "H", "H", "H", "H", "H", "H", "H", "H", "H", "H", "H", "H", "H", "H", "H", "H", "H", "H", "H", "H", "H", "H", "H", "H", "H"], "geometry": [-3.995911654937573, -1.637500858365113, 4.531429346225511, -3.26769936893633, -1.4530883023322718, 1.758350703645213, -4.810533660207967, 0.5189688449995609, 0.33544833125200807, -4.362629264732533, 0.6745229863994773, -2.5145420217664305, -2.077551270442268, 2.2080896070561735, -3.399875531569053, 0.5578786588368262, 1.1361659644039337, -2.902704198096188, 0.9785673814015066, -1.5070648267576672, -3.9680896901908382, 3.7558552092843165, -2.276951988365355, -4.137763845515279, 5.224376768429209, -2.234043055593179, -1.6543233890443434, 4.209479510685837, -4.032638525093605, 0.35060340650916844, 5.710694965895761, -4.0378566326980385, 2.813128487879557, 8.387145315415188, -5.05963459520144, 2.569732716822695, -3.702977115215052, 0.17229786660912214, 5.504286556869592, -5.99838218195176, -2.1382900795751287, 4.748892972654713, -2.8766568549905442, -3.071490348955383, 5.524218094489624, -3.530923348757887, -3.304226990657488, 0.8447524703450155, -1.2434733234713653, -1.02650124969771, 1.6126843341549144, -6.820789047070923, 0.09322465840754825, 0.6576017359485612, -4.495087235034519, 2.3931375140437536, 1.187347539948455, -6.03794024187949, 1.5503143733115046, -3.373480541683946, -4.281489614763867, -1.2486950749994288, -3.304305405216024, -2.2667821931558274, 2.48109855351065, -5.4534520361692325, -2.1968851419301743, 4.109907357145393, -2.5669602179254087, 0.9808298147408301, 1.1580731079300381, -0.8688314411410824, 1.9416515824965985, 2.4300820842239377, -3.7642460218694382, 0.1579680794047084, -1.6003265539926328, -5.87751121396573, -0.07815868633244023, -2.8967687124548394, -2.839678447856316, 3.874577719459408, -4.184562113449054, -4.956071343575407, 4.708321151301309, -1.0150354240864918, -5.488300945288888, 5.249104083571134, -0.3009375612443006, -0.8836942418043294, 7.205277053686849, -2.6993288003858895, -2.0669430680408456, 4.156387258886721, -5.964962232476806, -0.4260200820928491, 2.238101838395124, -3.5381716912375327, 0.7789503540602964, 5.773365089847035, -2.1027080880782916, 3.574861698966975, 4.681628137804872, -5.168706643603745, 4.218773353652634, 9.343644122660418, -5.105786418116736, 4.407953712149936, 9.548605673696246, -3.9025124824053785, 1.300726368368517, 8.380890749007452, -6.994744406095092, 1.817382516839058], "name": "C12H26", "identifiers": {"molecule_hash": "e776ffb1a319ff18e1a7ef036433a38356782831", "molecular_formula": "C12H26"}, "molecular_charge": 0.0, "molecular_multiplicity": 1, "connectivity": [[0, 1, 1.0], [0, 12, 1.0], [0, 13, 1.0], [0, 14, 1.0], [1, 2, 1.0], [1, 15, 1.0], [1, 16, 1.0], [2, 3, 1.0], [2, 17, 1.0], [2, 18, 1.0], [3, 4, 1.0], [3, 19, 1.0], [3, 20, 1.0], [4, 5, 1.0], [4, 21, 1.0], [4, 22, 1.0], [5, 6, 1.0], [5, 23, 1.0], [5, 24, 1.0], [6, 7, 1.0], [6, 25, 1.0], [6, 26, 1.0], [7, 8, 1.0], [7, 27, 1.0], [7, 28, 1.0], [8, 9, 1.0], [8, 29, 1.0], [8, 30, 1.0], [9, 10, 1.0], [9, 31, 1.0], [9, 32, 1.0], [10, 11, 1.0], [10, 33, 1.0], [10, 34, 1.0], [11, 35, 1.0], [11, 36, 1.0], [11, 37, 1.0]], "fix_com": true, "fix_orientation": true, "provenance": {"creator": "QCElemental", "version": "v0.22.0", "routine": "qcelemental.molparse.from_schema"}, "id": "178315"}