{"schema_name": "qcschema_molecule", "schema_version": 2, "validated": true, "symbols": ["C", "C", "C", "C", "C", "C", "C", "C", "C", "C", "C", "C", "H", "H", "H", "H", "H", "H", "H", "H", "H", "H", "H", "H", "H", "H", "H", "H", "H", "H", "H", "H", "H", "H", "H", "H", "H", "H"], "geometry": [9.193486910338835, 0.1443030455067371, -2.916694121898842, 7.490502264015908, 0.02040019671554062, -5.2495743808315245, 4.673181947479781, 0.420263749866379, -4.702866227290848, 3.4661406335892937, -1.6618298060321344, -3.09139425878355, 0.5813406496114284, -1.4877138640572234, -2.857590174461889, -0.3649952352972358, 0.8130923546012236, -1.3766042014804878, -3.2530117615950376, 1.0074568531327364, -1.1799925802090163, -4.601954847741228, -1.1479476164417357, 0.21926372491392257, -3.7907233155755264, -1.5864194704431782, 2.970979427682644, -4.1138803054123505, 0.6590242392804804, 4.776681730187347, -6.844832288585101, 1.5469154308761663, 5.129047942305139, -7.087680550911022, 3.6390450207537777, 7.106266834942292, 11.16926405738431, -0.01162393815593647, -3.447572826846452, 8.95413771499561, 1.925639166611062, -1.9228891114181894, 8.79185256667556, -1.3686793468043232, -1.5927025528195795, 8.103563132763824, 1.4527333244633542, -6.58935453711047, 7.750729785605112, -1.7905607246737572, -6.188349405152534, 3.6710214172427795, 0.5268020057525985, -6.496160188761177, 4.4279260699925125, 2.24828565863187, -3.7975930859057554, 3.93859394201818, -3.4841339040837878, -3.9207797978329313, 4.287635163359452, -1.6602556336543661, -1.207772469327422, -0.08651759581847958, -3.2036566804767874, -1.9491359166018725, -0.25263771640281885, -1.4740190669278599, -4.739369297568504, 0.46988056842517734, 0.7969300114608644, 0.5019477531084162, 0.31081445511523814, 2.529132489586574, -2.2782758353954247, -4.031975429625115, 1.1175229002908582, -3.0804167377756255, -3.7218286115345625, 2.7952564844689163, -0.28305735586805636, -6.62158142925829, -0.7801982041893906, 0.15544917314038265, -4.3346020719398055, -2.9042385604454424, -0.810640727945637, -4.867899547015077, -3.1769861865778837, 3.7059398691285295, -1.8240813578231947, -2.178509272622911, 3.014476113124178, -3.3616465528908352, 0.11221845273450635, 6.6111107169561185, -2.9633214689352316, 2.2422212827319665, 4.148878476630581, -7.602388207519993, 2.2226913506144452, 3.3443071151831445, -8.012710016847983, -0.05286676086599296, 5.682831929030961, -5.979681662583991, 5.286050408124217, 6.581419706973096, -6.426077229325639, 3.0041701120149207, 8.943072637307083, -9.037677810981272, 4.2409287951889, 7.317980083249021], "name": "C12H26", "identifiers": {"molecule_hash": "1e8fff9884aa1bb219426cf190af4b6ac4ee96cb", "molecular_formula": "C12H26"}, "molecular_charge": 0.0, "molecular_multiplicity": 1, "connectivity": [[0, 1, 1.0], [0, 12, 1.0], [0, 13, 1.0], [0, 14, 1.0], [1, 2, 1.0], [1, 15, 1.0], [1, 16, 1.0], [2, 3, 1.0], [2, 17, 1.0], [2, 18, 1.0], [3, 4, 1.0], [3, 19, 1.0], [3, 20, 1.0], [4, 5, 1.0], [4, 21, 1.0], [4, 22, 1.0], [5, 6, 1.0], [5, 23, 1.0], [5, 24, 1.0], [6, 7, 1.0], [6, 25, 1.0], [6, 26, 1.0], [7, 8, 1.0], [7, 27, 1.0], [7, 28, 1.0], [8, 9, 1.0], [8, 29, 1.0], [8, 30, 1.0], [9, 10, 1.0], [9, 31, 1.0], [9, 32, 1.0], [10, 11, 1.0], [10, 33, 1.0], [10, 34, 1.0], [11, 35, 1.0], [11, 36, 1.0], [11, 37, 1.0]], "fix_com": true, "fix_orientation": true, "provenance": {"creator": "QCElemental", "version": "v0.22.0", "routine": "qcelemental.molparse.from_schema"}, "id": "165088"}