{"schema_name": "qcschema_molecule", "schema_version": 2, "validated": true, "symbols": ["C", "C", "C", "C", "C", "C", "C", "C", "C", "C", "C", "C", "H", "H", "H", "H", "H", "H", "H", "H", "H", "H", "H", "H", "H", "H", "H", "H", "H", "H", "H", "H", "H", "H", "H", "H", "H", "H"], "geometry": [8.222422421321799, -0.33630786662668366, -2.646823722730223, 6.531746628977483, -0.5330515253719249, -4.9641251305645335, 3.7222669596649816, -0.19650406932589198, -4.409319469512561, 2.5918466771622066, -2.2595965456644467, -2.7460954463692877, -0.271268743944141, -2.11006673006723, -2.4361554070397817, -1.190333281026943, 0.19600153476720153, -0.9767417161236185, -4.061657007740382, 0.3990200015604468, -0.7697073462401567, -5.372717102025598, -1.8219941246144822, 0.5293917096176092, -4.407506193477984, -2.422121408548503, 3.1847044515624776, -4.462206422093525, -0.21561495088352248, 5.042681583600813, -7.066052300450387, 0.9401028488420963, 5.44961090824526, -7.071750484239245, 2.9975065991402263, 7.453930525780225, 10.224706619849629, -0.4842223171796023, -3.1613251423397917, 7.955747022830431, 1.4821789693452605, -1.6805836707272346, 7.826006427612396, -1.8357583974739213, -1.270815467056116, 7.113999524967628, 0.8979035932752981, -6.352219946404848, 6.828231623143718, -2.3755918542686913, -5.88380947081234, 2.680927898592846, -0.15164499149030758, -6.209442146689925, 3.4307288467369945, 1.6661305027899622, -3.531501640937771, 3.082490925182667, -4.107205784469637, -3.5655841241469615, 3.4752883570084157, -2.217324484651184, -0.8639496265656444, -0.921250384626245, -3.8319722956693414, -1.472962188723175, -1.1677933244097813, -2.1326996551295783, -4.316250824521459, -0.34524784626983585, 0.17321568735779277, 0.9258085001736335, -0.48163510747948424, 1.922772025601302, -1.8856965160572254, -4.861528610894034, 0.6140848388067658, -2.6766554360284047, -4.5326835709122095, 2.155959501225313, 0.23691364365482018, -7.411093532561275, -1.428672153145216, 0.602852053293326, -5.1846920920305575, -3.5272656011069516, -0.641473509952887, -5.538016373789363, -3.985836000528823, 3.958705657070461, -2.461659891069972, -3.1439038251830977, 3.063486580007361, -3.7228452758954376, -0.8682031322824089, 6.873221370002954, -3.1523763881471076, 1.2735605191368133, 4.410595112179038, -7.771121987170575, 1.7248071156452274, 3.658582450928409, -8.405467278033399, -0.5607745593414577, 5.981678512320909, -5.785090365133353, 4.54371321221661, 6.942230083480005, -6.447853837115162, 2.257671980345613, 9.289893751158084, -8.959547488343114, 3.812267318959225, 7.712466868096089], "name": "C12H26", "identifiers": {"molecule_hash": "dc3267d3839f5207c0f572e9993455d5435ee538", "molecular_formula": "C12H26"}, "molecular_charge": 0.0, "molecular_multiplicity": 1, "connectivity": [[0, 1, 1.0], [0, 12, 1.0], [0, 13, 1.0], [0, 14, 1.0], [1, 2, 1.0], [1, 15, 1.0], [1, 16, 1.0], [2, 3, 1.0], [2, 17, 1.0], [2, 18, 1.0], [3, 4, 1.0], [3, 19, 1.0], [3, 20, 1.0], [4, 5, 1.0], [4, 21, 1.0], [4, 22, 1.0], [5, 6, 1.0], [5, 23, 1.0], [5, 24, 1.0], [6, 7, 1.0], [6, 25, 1.0], [6, 26, 1.0], [7, 8, 1.0], [7, 27, 1.0], [7, 28, 1.0], [8, 9, 1.0], [8, 29, 1.0], [8, 30, 1.0], [9, 10, 1.0], [9, 31, 1.0], [9, 32, 1.0], [10, 11, 1.0], [10, 33, 1.0], [10, 34, 1.0], [11, 35, 1.0], [11, 36, 1.0], [11, 37, 1.0]], "fix_com": true, "fix_orientation": true, "provenance": {"creator": "QCElemental", "version": "v0.22.0", "routine": "qcelemental.molparse.from_schema"}, "id": "178405"}