{"schema_name": "qcschema_molecule", "schema_version": 2, "validated": true, "symbols": ["C", "C", "C", "C", "C", "C", "C", "C", "C", "C", "C", "C", "H", "H", "H", "H", "H", "H", "H", "H", "H", "H", "H", "H", "H", "H", "H", "H", "H", "H", "H", "H", "H", "H", "H", "H", "H", "H"], "geometry": [-0.5786759854280907, 7.637157754687031, -4.757619571589175, -0.519723737392823, 6.590092092694217, -2.063811701843853, 1.4093433819414891, 4.4662034555937495, -1.645570385061847, 1.016551028651805, 2.0565498894911585, -3.214325068600167, -1.5156776981310667, 0.6899290471279282, -2.8392559643946744, -2.1037048399352085, -0.19765732375120323, -0.13907276933398985, -0.19221268260426072, -2.0256279487028994, 1.0596008222609048, 0.2096996222685729, -4.541967572121411, -0.33559348388914034, -2.06264918266299, -6.370680194936672, -0.39902072622629736, -2.038769296588781, -8.450841298386427, 1.6273086289593048, -2.264156853643332, -7.609415198629038, 4.391388528278717, -4.7896019788482915, -6.372280240690849, 5.0599319331620025, 1.2826392572694785, 8.279681124656559, -5.3410361698816855, -1.2063847747976622, 6.232827515582089, -6.113607848406651, -1.8591513737904113, 9.234780916111136, -4.890551636293131, -0.06826952731754654, 8.122177500672885, -0.7709787845592683, -2.39971900820853, 5.949635266034754, -1.5410738394062666, 1.4287858557211852, 3.986324245996788, 0.3515934793693058, 3.2856632094596043, 5.1982723995334466, -2.063332795532583, 1.2090907353050517, 2.5064715065608323, -5.20910279589159, 2.557727750026398, 0.765249250483472, -2.7939202688147153, -1.5664248970794066, -0.9205755656147333, -4.1128859909152045, -3.047009123365768, 1.9156179727696911, -3.4501522232833857, -2.27005607364854, 1.438359094820025, 1.092161457825507, -3.9666318277154087, -1.0628139211633258, -0.15109910910058233, -0.792212842509472, -2.392294566022046, 2.987518235415867, 1.6276798911854822, -1.085731713222389, 1.2161857836293917, 0.7882535478632559, -4.132947494093351, -2.261272809543042, 1.812090256580462, -5.504643544641455, 0.5202322572013408, -3.8265404781515366, -5.326685471041912, -0.31044998628828335, -2.082730723532637, -7.319600811964122, -2.2204402288920257, -3.5737301268127806, -9.759849993293008, 1.2235298988751817, -0.30227409065282146, -9.532083851085858, 1.4158855479995591, -2.015293442751873, -9.267846382037913, 5.579272815461523, -0.723043279053379, -6.341016343306675, 4.872023731486427, -6.357978437803433, -7.625361921883639, 4.627257285556903, -5.089531463917891, -4.624421908792039, 4.031306410961274, -4.879504094191538, -5.931270632111848, 7.061833643287608], "name": "C12H26", "identifiers": {"molecule_hash": "9d506933497d5c1ad2ea0fcbb6a5ba57c5d22597", "molecular_formula": "C12H26"}, "molecular_charge": 0.0, "molecular_multiplicity": 1, "connectivity": [[0, 1, 1.0], [0, 12, 1.0], [0, 13, 1.0], [0, 14, 1.0], [1, 2, 1.0], [1, 15, 1.0], [1, 16, 1.0], [2, 3, 1.0], [2, 17, 1.0], [2, 18, 1.0], [3, 4, 1.0], [3, 19, 1.0], [3, 20, 1.0], [4, 5, 1.0], [4, 21, 1.0], [4, 22, 1.0], [5, 6, 1.0], [5, 23, 1.0], [5, 24, 1.0], [6, 7, 1.0], [6, 25, 1.0], [6, 26, 1.0], [7, 8, 1.0], [7, 27, 1.0], [7, 28, 1.0], [8, 9, 1.0], [8, 29, 1.0], [8, 30, 1.0], [9, 10, 1.0], [9, 31, 1.0], [9, 32, 1.0], [10, 11, 1.0], [10, 33, 1.0], [10, 34, 1.0], [11, 35, 1.0], [11, 36, 1.0], [11, 37, 1.0]], "fix_com": true, "fix_orientation": true, "provenance": {"creator": "QCElemental", "version": "v0.22.0", "routine": "qcelemental.molparse.from_schema"}, "id": "165529"}