{"schema_name": "qcschema_molecule", "schema_version": 2, "validated": true, "symbols": ["C", "C", "C", "C", "C", "C", "C", "C", "C", "C", "C", "C", "H", "H", "H", "H", "H", "H", "H", "H", "H", "H", "H", "H", "H", "H", "H", "H", "H", "H", "H", "H", "H", "H", "H", "H", "H", "H"], "geometry": [9.15562610268176, 0.49223216993268337, -2.63006563384702, 7.441138532369889, 0.4296122138522989, -4.967621581271937, 4.62142168868029, 0.7965927813976807, -4.3794242273075685, 3.4664824453480243, -1.3080657659118344, -2.7493578822800258, 0.5768500132377556, -1.1753840741382617, -2.496558419804561, -0.3861601546730251, 1.171809280406043, -1.0924152288286348, -3.278269390671039, 1.3105003184048234, -0.8480776487149616, -4.523096933373568, -0.8972354592911979, 0.5761180706825256, -3.515608236436212, -1.3537703259899143, 3.2646097638451805, -3.679501479405674, 0.9254325688220238, 5.057480680250102, -6.36928068555654, 1.90805427750581, 5.507374649160762, -6.463049568564508, 4.07060598224342, 7.432478718870542, 11.150934496190576, 0.3558339547547982, -3.1644471208725835, 8.905253981858829, 2.25832330718813, -1.5746868199141317, 8.750087924178748, -1.071579253820902, -1.3379207191548093, 8.044588959499745, 1.9125628331555247, -6.28559848980433, 7.701717642778241, -1.371650657522812, -5.965561382640442, 3.5721852709647517, 0.9015144938489479, -6.168021619008483, 4.3652906226345065, 2.6328721803716792, -3.450419677603462, 3.979819043752034, -3.141812679155198, -3.576889320851867, 4.307974414880015, -1.2759978779278014, -0.8539289954871316, -0.07218783489083418, -2.8785875259230322, -1.5108255508466282, -0.282187447584098, -1.2408522549982772, -4.3871171863047325, 0.4864519701297034, 1.237996515862487, 0.7888899757874718, 0.2575645434525214, 2.877685584584478, -2.075821194710099, -4.105873736278816, 1.4130419148736877, -2.748550705663143, -3.7779518849748563, 3.094898158384815, 0.08226728357953006, -6.566154988491861, -0.5574633924746222, 0.6517844803619623, -4.291855942141716, -2.6437256051752756, -0.5149950008448915, -4.565942752261184, -2.938158111358694, 4.097546919211794, -1.5405877416818698, -1.9763792065450154, 3.161265084078409, -2.851582746295548, 0.38765856080041816, 6.883134210605878, -2.5026357260685335, 2.4755828066118686, 4.339752065704394, -7.190732865752425, 2.5543785764140394, 3.718051242238991, -7.566897319136227, 0.3432727607748733, 6.160129815055925, -5.320734257919471, 5.67935804696693, 6.800061804921929, -5.724186202908142, 3.4666157234815524, 9.271309765025293, -8.39811975130678, 4.747432686050632, 7.721114690391571], "name": "C12H26", "identifiers": {"molecule_hash": "878a758bf5a464b198206430813c3f95987db405", "molecular_formula": "C12H26"}, "molecular_charge": 0.0, "molecular_multiplicity": 1, "connectivity": [[0, 1, 1.0], [0, 12, 1.0], [0, 13, 1.0], [0, 14, 1.0], [1, 2, 1.0], [1, 15, 1.0], [1, 16, 1.0], [2, 3, 1.0], [2, 17, 1.0], [2, 18, 1.0], [3, 4, 1.0], [3, 19, 1.0], [3, 20, 1.0], [4, 5, 1.0], [4, 21, 1.0], [4, 22, 1.0], [5, 6, 1.0], [5, 23, 1.0], [5, 24, 1.0], [6, 7, 1.0], [6, 25, 1.0], [6, 26, 1.0], [7, 8, 1.0], [7, 27, 1.0], [7, 28, 1.0], [8, 9, 1.0], [8, 29, 1.0], [8, 30, 1.0], [9, 10, 1.0], [9, 31, 1.0], [9, 32, 1.0], [10, 11, 1.0], [10, 33, 1.0], [10, 34, 1.0], [11, 35, 1.0], [11, 36, 1.0], [11, 37, 1.0]], "fix_com": true, "fix_orientation": true, "provenance": {"creator": "QCElemental", "version": "v0.22.0", "routine": "qcelemental.molparse.from_schema"}, "id": "168550"}