{"schema_name": "qcschema_molecule", "schema_version": 2, "validated": true, "symbols": ["C", "C", "C", "C", "C", "C", "C", "C", "C", "C", "C", "C", "H", "H", "H", "H", "H", "H", "H", "H", "H", "H", "H", "H", "H", "H", "H", "H", "H", "H", "H", "H", "H", "H", "H", "H", "H", "H"], "geometry": [2.855731377095665, -2.2179968978262026, -5.10097406869625, 2.4522332561404845, 0.6046181453402883, -5.624595004583039, -0.25348114701366387, 1.5340565837389346, -5.107043355661115, -1.2111953674582143, 1.1354665512642084, -2.3936785281271535, 0.3759909233506274, 2.452106822675949, -0.35918985411289206, -0.6881156806928518, 2.0769108942877605, 2.3106853209152662, 0.9476859933783175, 3.2276129883017823, 4.423169944752236, 3.5938587528321233, 2.070746459407642, 4.822181157127038, 3.7212994641143893, -0.3117550805750924, 6.488176127792333, 2.4149966371796125, -2.7124321060583982, 5.493917380552262, 3.2525915067195457, -3.5939428293563505, 2.8560696854733116, 6.086267320227567, -4.158545515591371, 2.635565546407647, 1.5043184862479373, -3.3739222286882877, -6.165215441037051, 4.761617025876137, -2.8109598502149913, -5.649922863073401, 2.6203549077091317, -2.671589543843732, -3.0965514183143754, 3.8025378500313347, 1.710936283361568, -4.50753043511606, 2.9060744722436325, 0.9962558823550817, -7.609502255608044, -0.3611669592083123, 3.554713278519643, -5.568719617087945, -1.5483297201112651, 0.5729023969990868, -6.4140789556276285, -3.1662735990127087, 1.8208814968962774, -2.27551006110695, -1.2998418097320072, -0.8935857396284164, -1.9724120559746376, 2.318581740855308, 1.7424916707768565, -0.4414895209020637, 0.4942820980693679, 4.4839970307884, -0.775854450890158, -2.5726184992209364, 2.942055153578204, 2.398280329276316, -0.9820530065830642, 0.05648809735062359, 2.643842916135693, 1.1728368421277515, 5.249274203369376, 4.011665078488457, -0.09489125476709215, 3.129215279055676, 6.2154312611423155, 4.494236112132184, 1.7025888225053698, 2.9936054188585426, 4.781814145681255, 3.503925381262324, 5.7351111403170965, 2.9144052328777508, 0.14158808119924976, 8.34598289607932, 5.7202629278871555, -0.7383223863957123, 6.8370121545084, 2.7773531542038308, -4.242949970135157, 6.84919842788478, 0.3618703095273952, -2.440201067435657, 5.492296990017252, 2.732089228133649, -2.1744599198181924, 1.4432236472394377, 2.181209593930679, -5.30017905168854, 2.36506944041125, 7.231207893168941, -2.460382538663949, 2.9299640693463074, 6.55012651224014, -4.903273371048807, 0.7607279179111998, 6.679516256628249, -5.563331374801797, 4.03871784892441], "name": "C12H26", "identifiers": {"molecule_hash": "0971c720d1c967a5edc3559bc2ba4d314d7c8cbe", "molecular_formula": "C12H26"}, "molecular_charge": 0.0, "molecular_multiplicity": 1, "connectivity": [[0, 1, 1.0], [0, 12, 1.0], [0, 13, 1.0], [0, 14, 1.0], [1, 2, 1.0], [1, 15, 1.0], [1, 16, 1.0], [2, 3, 1.0], [2, 17, 1.0], [2, 18, 1.0], [3, 4, 1.0], [3, 19, 1.0], [3, 20, 1.0], [4, 5, 1.0], [4, 21, 1.0], [4, 22, 1.0], [5, 6, 1.0], [5, 23, 1.0], [5, 24, 1.0], [6, 7, 1.0], [6, 25, 1.0], [6, 26, 1.0], [7, 8, 1.0], [7, 27, 1.0], [7, 28, 1.0], [8, 9, 1.0], [8, 29, 1.0], [8, 30, 1.0], [9, 10, 1.0], [9, 31, 1.0], [9, 32, 1.0], [10, 11, 1.0], [10, 33, 1.0], [10, 34, 1.0], [11, 35, 1.0], [11, 36, 1.0], [11, 37, 1.0]], "fix_com": true, "fix_orientation": true, "provenance": {"creator": "QCElemental", "version": "v0.22.0", "routine": "qcelemental.molparse.from_schema"}, "id": "171237"}