{"schema_name": "qcschema_molecule", "schema_version": 2, "validated": true, "symbols": ["C", "C", "C", "C", "C", "C", "C", "C", "C", "C", "C", "C", "H", "H", "H", "H", "H", "H", "H", "H", "H", "H", "H", "H", "H", "H", "H", "H", "H", "H", "H", "H", "H", "H", "H", "H", "H", "H"], "geometry": [-0.503117561703427, -4.276320889122593, 5.127710393535876, 2.3021012225087594, -4.822712557799319, 4.823382820836133, 3.117683987583649, -5.302844984438731, 2.0966462773237087, 2.5223617626841, -3.1776495602133012, 0.2374580395985998, 3.658998688774868, -0.6319435111990036, 0.9580024555364836, 3.459848719686283, 1.3756017066426844, -1.1048465033708685, 0.774327308489746, 1.9662913838895104, -1.9885010908842267, -1.0486864988044287, 2.775493379568558, 0.09821675655287873, -0.19451210052073292, 5.054976679025084, 1.6530851921107237, 0.4113390800781694, 7.427296708071034, 0.12793481417943478, -1.7704886734236758, 8.411760074451106, -1.4694734432112997, -1.1592018315863062, 10.888879917705674, -2.7885708029699368, -1.659875162830741, -5.79429187847619, 4.309665008762393, -1.0246582086936065, -4.095146974044278, 7.125250603386118, -1.0450300601634004, -2.507833961279896, 4.185852616880643, 3.400710096992195, -3.2459318508402664, 5.615280183733916, 2.807411748529095, -6.48464001350883, 5.961813013590296, 2.2143839479092837, -7.049974424666153, 1.4218392779991706, 5.164736129127584, -5.667896310625148, 2.070017795379171, 0.4618134748433157, -2.9894744692763364, 0.03273060879694149, 3.2235501837785727, -3.7255309479663135, -1.6426600819428345, 5.665959237041141, -0.8974254733038922, 1.435749318113294, 2.756883086703401, 0.06730643886456633, 2.697496502283183, 4.3646842824619085, 3.120127041666693, -0.42853801311072354, 4.573774778024826, 0.7634675054874545, -2.750311548205803, -0.019047468753665146, 0.3055191436435004, -2.9517116397683942, 0.8689536656915929, 3.452588061946053, -3.438939129059548, -2.899095862877551, 3.172682478382265, -0.7580254927188741, -1.373087130959609, 1.1802476211334723, 1.3919941350907767, 1.4781164777608766, 4.538831953731742, 2.773736092551445, -1.6807384224362827, 5.502723156508152, 3.0362626572463514, 2.0503249441542373, 7.075373240600673, -1.1060335250750561, 1.0127809859088293, 8.924048553560496, 1.439888123466631, -2.295454254449504, 6.988733028939219, -2.8909518782294517, -3.446652054237831, 8.656366401839822, -0.26086030689924167, -0.6962858386700628, 12.375081766848481, -1.4159261326486194, 0.4765399190493376, 10.681575249067404, -4.049201234152045, -2.750837584122037, 11.56231324154505, -3.9320778526659788], "name": "C12H26", "identifiers": {"molecule_hash": "1412c309f7a7e9e6b457c50240155e82bb82d5a5", "molecular_formula": "C12H26"}, "molecular_charge": 0.0, "molecular_multiplicity": 1, "connectivity": [[0, 1, 1.0], [0, 12, 1.0], [0, 13, 1.0], [0, 14, 1.0], [1, 2, 1.0], [1, 15, 1.0], [1, 16, 1.0], [2, 3, 1.0], [2, 17, 1.0], [2, 18, 1.0], [3, 4, 1.0], [3, 19, 1.0], [3, 20, 1.0], [4, 5, 1.0], [4, 21, 1.0], [4, 22, 1.0], [5, 6, 1.0], [5, 23, 1.0], [5, 24, 1.0], [6, 7, 1.0], [6, 25, 1.0], [6, 26, 1.0], [7, 8, 1.0], [7, 27, 1.0], [7, 28, 1.0], [8, 9, 1.0], [8, 29, 1.0], [8, 30, 1.0], [9, 10, 1.0], [9, 31, 1.0], [9, 32, 1.0], [10, 11, 1.0], [10, 33, 1.0], [10, 34, 1.0], [11, 35, 1.0], [11, 36, 1.0], [11, 37, 1.0]], "fix_com": true, "fix_orientation": true, "provenance": {"creator": "QCElemental", "version": "v0.22.0", "routine": "qcelemental.molparse.from_schema"}, "id": "171068"}