{"schema_name": "qcschema_molecule", "schema_version": 2, "validated": true, "symbols": ["C", "C", "C", "C", "C", "C", "C", "C", "C", "C", "C", "C", "H", "H", "H", "H", "H", "H", "H", "H", "H", "H", "H", "H", "H", "H", "H", "H", "H", "H", "H", "H", "H", "H", "H", "H", "H", "H"], "geometry": [-0.0, 0.0, 0.0, 2.875235384594872, 3.1782026555689967e-16, -6.848835976572687e-16, 4.05707036301869, 2.5510293272430005, 0.6401288771073759, 3.5224648104846854, 4.618488786219141, -1.2938625967283273, 4.94598527165706, 7.083592959581487, -0.8326654377992745, 4.152392664912626, 8.486207488730763, 1.5538387092269104, 5.660016669268107, 10.892384495852093, 2.069553498283285, 5.5359029831531466, 12.902604580093776, -3.552713678800501e-15, 2.8693569757334405, 13.752433707648725, -0.7139982189819079, 1.2530966688851395, 14.706836110294985, 1.4770199370895862, 2.3771441696799966, 16.93526146967586, 2.9094745086971012, 0.6243276669255629, 17.94981508561594, 4.9462747095831485, -0.7525844114402336, -1.8964784580122176, -0.3643055984879008, -0.7463679520488524, 0.6296864663073907, 1.8325009722131758, -0.7732958394185675, 1.2608642768208453, -1.452973184330996, 3.553684828974303, -1.411069995992311, 1.3645680716130846, 3.5681991503989567, -0.6239526088379621, -1.859882217313968, 6.117133983864839, 2.316085565169301, 0.8068032200518335, 3.393565172887072, 3.1445102466919614, 2.5196254643915887, 4.020854376496953, 3.8986869691099146, -3.1805121548116553, 1.4831780754207144, 5.021049228050723, -1.3569793037132296, 4.669720316545001, 8.322372896092146, -2.4771343579561766, 6.989968550104705, 6.691045935975472, -0.748602704105626, 2.1236666545228147, 8.937165891766336, 1.430173006977101, 4.3500850870058025, 7.232062872434944, 3.196466861058735, 7.652543763681531, 10.386093891925308, 2.3793987585379415, 5.0054762637851935, 11.715019043381208, 3.863107931467588, 6.648375493187691, 14.545873176361724, 0.6141256409186922, 6.4856894434240635, 12.205104035261614, -1.7104467969414312, 3.0173041817259767, 15.250736316955265, -2.1477120587253458, 1.872259208855529, 12.183224390177486, -1.6442452954033726, -0.6123296743207991, 15.253921877824308, 0.7392639681877922, 0.8904310949803325, 13.15523225827566, 2.8163596152877197, 4.181522154236702, 16.372750448786736, 3.7746152051244994, 2.8386171990669586, 18.452370494736915, 1.5621867661925504, 0.1743584872959527, 16.48315099034023, 6.344312857875789, -1.1716050706221637, 18.600127527374607, 4.134435695555296, 1.4702573858230892, 19.545815877211155, 5.961970522056051], "name": "C12H26", "identifiers": {"molecule_hash": "dc3267d3839f5207c0f572e9993455d5435ee538", "molecular_formula": "C12H26"}, "molecular_charge": 0.0, "molecular_multiplicity": 1, "connectivity": [[0, 1, 1.0], [0, 12, 1.0], [0, 13, 1.0], [0, 14, 1.0], [1, 2, 1.0], [1, 15, 1.0], [1, 16, 1.0], [2, 3, 1.0], [2, 17, 1.0], [2, 18, 1.0], [3, 4, 1.0], [3, 19, 1.0], [3, 20, 1.0], [4, 5, 1.0], [4, 21, 1.0], [4, 22, 1.0], [5, 6, 1.0], [5, 23, 1.0], [5, 24, 1.0], [6, 7, 1.0], [6, 25, 1.0], [6, 26, 1.0], [7, 8, 1.0], [7, 27, 1.0], [7, 28, 1.0], [8, 9, 1.0], [8, 29, 1.0], [8, 30, 1.0], [9, 10, 1.0], [9, 31, 1.0], [9, 32, 1.0], [10, 11, 1.0], [10, 33, 1.0], [10, 34, 1.0], [11, 35, 1.0], [11, 36, 1.0], [11, 37, 1.0]], "fix_com": true, "fix_orientation": true, "provenance": {"creator": "QCElemental", "version": "v0.22.0", "routine": "qcelemental.molparse.from_schema"}, "id": "178405"}