{"schema_name": "qcschema_molecule", "schema_version": 2, "validated": true, "symbols": ["C", "C", "C", "C", "C", "C", "C", "C", "C", "C", "C", "C", "H", "H", "H", "H", "H", "H", "H", "H", "H", "H", "H", "H", "H", "H", "H", "H", "H", "H", "H", "H", "H", "H", "H", "H", "H", "H"], "geometry": [-0.0, 0.0, 0.0, 2.890992722935847, 7.326727001949284e-16, 9.369024808065656e-16, 4.092277085613918, 2.6300779693476635, 0.18889199927659292, 3.5921647942113855, 4.334219531964873, -2.0990532458693774, 5.095371513462916, 6.8135987402426235, -2.1090512162157573, 4.3591386319399685, 8.6707247119436, -0.013430882174059522, 5.89338466528689, 11.133037012331364, -1.0880185641326534e-14, 5.651250782587407, 12.820469779159588, -2.348888231660436, 2.9716832721638236, 13.727245722650176, -2.996938244996177, 1.6087006869250757, 15.26580909517892, -0.9519174822806494, 2.8950162281112597, 17.76183776393807, -0.25489189940296497, 1.352892361471616, 19.32031712797691, 1.6261642136789751, -0.7287883781648881, -1.9179891521032413, 0.005086320303574948, -0.7373013043403054, 0.9510225628792419, 1.6643430187409036, -0.766959331178751, 0.9442499257876822, -1.650316637016635, 3.5496049916911465, -1.131981434150417, 1.5834394832062209, 3.5728586610860686, -0.9387312375552229, -1.697774682962701, 6.125144078770526, 2.4028681847274944, 0.406623169496667, 3.4278949328645933, 3.53891262644921, 1.9075978862861185, 4.061230343594384, 3.2870571948636718, -3.8064820956151744, 1.5881985933856484, 4.770583905596632, -2.2278646799422104, 4.829251001641216, 7.709799716826057, -3.9371067970429023, 7.1045501773158755, 6.389903024054659, -1.9659317996081218, 2.3521412295683795, 9.09156770515509, -0.15865098066325323, 4.615097825802921, 7.772078787086358, 1.8145309912678558, 7.881071325684604, 10.663776247726782, 0.24373548036823833, 5.369146732625054, 12.213202193324891, 1.6670114963563392, 6.876677446504196, 14.448234629847816, -2.090209786045037, 6.400113112268746, 11.82833029434865, -3.983392138844946, 3.081305002923391, 14.864808878813939, -4.706999970323128, 1.8034783238641658, 12.107862873775566, -3.479679659234184, -0.2912677434244113, 15.67436307356979, -1.6251080233212676, 1.3696973733244882, 14.130839825344953, 0.7448905835848005, 4.7524965798874215, 17.399475628109574, 0.5415528942210663, 3.2046620025778516, 18.86594137327782, -1.9622269184720609, 1.0531447198530008, 18.286092381418687, 3.3743871157281804, -0.4918322697309705, 19.794492841019743, 0.8601426156317935, 2.3049316387110874, 21.07609190939877, 2.0956874007897923], "name": "C12H26", "identifiers": {"molecule_hash": "1e8fff9884aa1bb219426cf190af4b6ac4ee96cb", "molecular_formula": "C12H26"}, "molecular_charge": 0.0, "molecular_multiplicity": 1, "connectivity": [[0, 1, 1.0], [0, 12, 1.0], [0, 13, 1.0], [0, 14, 1.0], [1, 2, 1.0], [1, 15, 1.0], [1, 16, 1.0], [2, 3, 1.0], [2, 17, 1.0], [2, 18, 1.0], [3, 4, 1.0], [3, 19, 1.0], [3, 20, 1.0], [4, 5, 1.0], [4, 21, 1.0], [4, 22, 1.0], [5, 6, 1.0], [5, 23, 1.0], [5, 24, 1.0], [6, 7, 1.0], [6, 25, 1.0], [6, 26, 1.0], [7, 8, 1.0], [7, 27, 1.0], [7, 28, 1.0], [8, 9, 1.0], [8, 29, 1.0], [8, 30, 1.0], [9, 10, 1.0], [9, 31, 1.0], [9, 32, 1.0], [10, 11, 1.0], [10, 33, 1.0], [10, 34, 1.0], [11, 35, 1.0], [11, 36, 1.0], [11, 37, 1.0]], "fix_com": true, "fix_orientation": true, "provenance": {"creator": "QCElemental", "version": "v0.22.0", "routine": "qcelemental.molparse.from_schema"}, "id": "165088"}