{"schema_name": "qcschema_molecule", "schema_version": 2, "validated": true, "symbols": ["C", "C", "C", "C", "C", "C", "C", "C", "C", "C", "C", "C", "H", "H", "H", "H", "H", "H", "H", "H", "H", "H", "H", "H", "H", "H", "H", "H", "H", "H", "H", "H", "H", "H", "H", "H", "H", "H"], "geometry": [5.277658121003162, 2.8691380903137924, 2.220446049250313e-16, 4.925928925608938, 6.384301619833382e-19, -4.460360474918252e-16, 2.4629248833352078, -0.9052450934988545, 1.2335052918243388, 0.0, 0.0, -0.0, -0.3816167010901308, -0.8822886846398115, -2.7295562364519084, -2.9742832149515044, -0.14410758315727162, -3.7847458048077196, -3.4417981041343095, -1.0211775857504994, -6.512375339157186, -1.9494734244511567, 0.3615506809836827, -8.60235121249057, -3.352012970407657, 2.552000455918317, -9.89499965619404, -3.969312099702805, 4.874764629645893, -8.271252938085826, -1.6974490742214607, 6.336714352773682, -7.217365767625285, 0.00785023871305146, 7.509228468899419, -9.236227069928422, 5.140899632005814, 3.6306824091617522, 1.9023664972423482, 7.121052419602641, 3.377479092706716, -0.7437101275746609, 3.8691197403224997, 3.815220035673602, -1.1519210074196866, 5.050627019274886, -0.7030311940334113, -1.925233247783328, 6.494906097586707, -0.8566000067336389, 1.0133945696814806, 2.465609212535608, -2.9616690358472284, 1.263048814235629, 2.4615312955051363, -0.30759818468344174, 3.201662710429024, -1.5676834393910812, -0.686712968784321, 1.1398992814189977, -0.11059671937750143, 2.0506856413295127, 0.07418643172362004, 1.10012361508286, -0.10901330695627781, -3.9205974412845674, -0.17885994987578968, -2.9288086729408236, -2.816117980215909, -4.422372716579973, -0.975263063033613, -2.584320228477858, -3.2141497704109194, 1.8889724872423928, -3.635867989367895, -3.00832871716341, -3.0281707228298957, -6.604249797362243, -5.450052738717974, -0.8693233279017629, -6.924903907274257, -0.14186336854491666, 1.0117589925728359, -7.879714740417274, -1.4915824298882239, -0.9965715652610114, -10.073531760620115, -5.11805004018934, 1.821247045268008, -10.654162957968806, -2.252974288008642, 3.145866036166374, -11.525530388662995, -5.091311216456487, 6.164831032717046, -9.41520663143241, -5.1825175397490915, 4.3169744304917606, -6.711439940043577, -0.5714755679978647, 5.122024650697039, -6.00381457510627, -2.411283667733028, 7.836227277377779, -6.0070995325889, 0.9343740828570786, 6.083193439097469, -10.381805138629884, 1.4767038691890888, 8.652707198259364, -8.373342607910358, -1.0666492947715653, 8.722411652457406, -10.497598137658153], "name": "C12H26", "identifiers": {"molecule_hash": "d1df652f1c28a33afc531bc063b577d45bd80e47", "molecular_formula": "C12H26"}, "molecular_charge": 0.0, "molecular_multiplicity": 1, "connectivity": [[0, 1, 1.0], [0, 12, 1.0], [0, 13, 1.0], [0, 14, 1.0], [1, 2, 1.0], [1, 15, 1.0], [1, 16, 1.0], [2, 3, 1.0], [2, 17, 1.0], [2, 18, 1.0], [3, 4, 1.0], [3, 19, 1.0], [3, 20, 1.0], [4, 5, 1.0], [4, 21, 1.0], [4, 22, 1.0], [5, 6, 1.0], [5, 23, 1.0], [5, 24, 1.0], [6, 7, 1.0], [6, 25, 1.0], [6, 26, 1.0], [7, 8, 1.0], [7, 27, 1.0], [7, 28, 1.0], [8, 9, 1.0], [8, 29, 1.0], [8, 30, 1.0], [9, 10, 1.0], [9, 31, 1.0], [9, 32, 1.0], [10, 11, 1.0], [10, 33, 1.0], [10, 34, 1.0], [11, 35, 1.0], [11, 36, 1.0], [11, 37, 1.0]], "fix_com": true, "fix_orientation": true, "provenance": {"creator": "QCElemental", "version": "v0.22.0", "routine": "qcelemental.molparse.from_schema"}, "id": "165242"}