{"schema_name": "qcschema_molecule", "schema_version": 2, "validated": true, "symbols": ["C", "C", "C", "C", "C", "C", "C", "C", "C", "C", "C", "C", "H", "H", "H", "H", "H", "H", "H", "H", "H", "H", "H", "H", "H", "H", "H", "H", "H", "H", "H", "H", "H", "H", "H", "H", "H", "H"], "geometry": [11.132825471153996, 2.895270299221826, 2.220446049250313e-16, 11.280023077011748, -2.3141890878814714e-15, -6.031338395270649e-16, 9.074317625938608, -1.2935498951477, 1.3831319111515454, 6.420026172004038, -0.6557929301401851, 0.38713225359162673, 5.92644574201476, -1.5550376786864195, -2.3258381308618485, 3.4644916447028304, -0.6305747782421289, -3.5687526032304886, 0.9686245936892454, -1.4689659698458235, -2.3233070242713176, 0.0, 0.0, -0.0, -0.6049174953008013, 2.820345219594702, -0.4540988537051971, 1.543693917844968, 4.711986068815684, 0.06476054762902805, 2.3168802550679493, 4.913926474478224, 2.8514230744383378, 4.4944763680445075, 6.777865534324182, 3.270527499602082, 12.835858560254051, 3.7284320223077603, -0.8306972943192288, 9.513350987524827, 3.581954593966574, -1.0898892319125728, 10.944459932303996, 3.63273026883194, 1.9276890771652841, 11.394636523000724, -0.6814629094389602, -1.9536156064936283, 13.048923130167845, -0.5890257566905565, 0.907177742998868, 9.161711478727891, -0.7700278277705168, 3.3899446059504657, 9.349799390039294, -3.3496594936765485, 1.3105367558135421, 5.036275634803419, -1.5202230580165974, 1.6599366840220868, 6.107313520427183, 1.3862157549211058, 0.5131739426936505, 5.9579137370036666, -3.632051751095375, -2.3556127353928633, 7.495655185450719, -0.9494295918612072, -3.537497562040108, 3.4636014985896084, -1.3528551111464013, -5.513157666774381, 3.5095776618171834, 1.4310280610227546, -3.751358966731277, -0.5223551878635553, -1.3769261780934616, -3.7643104702328207, 1.13075999054695, -3.475903773943508, -1.8133911787510884, 1.3113819408834264, -0.1925786313500647, 1.583939517246723, -1.7409073079563273, -0.9459973682714737, 0.6111069408841067, -1.2582484262336633, 3.0587233884747924, -2.4094332422053535, -2.2116951468344226, 3.358291186407829, 0.7432548694095289, 0.9382555108667892, 6.5882871755195795, -0.5851053057682516, 3.213241960375876, 4.237557739058996, -1.062917789191625, 0.6709682156563801, 5.497212830901871, 3.9731461355931703, 2.873234439932192, 3.053003975379641, 3.570595409258573, 4.999817661297057, 6.916368446964259, 5.2733747268814035, 6.188226948216743, 6.186973796989626, 2.234353584963059, 3.992010874813437, 8.677177460463339, 2.6127983180760608], "name": "C12H26", "identifiers": {"molecule_hash": "a104d163faf670658e0a31293352e99993b65b69", "molecular_formula": "C12H26"}, "molecular_charge": 0.0, "molecular_multiplicity": 1, "connectivity": [[0, 1, 1.0], [0, 12, 1.0], [0, 13, 1.0], [0, 14, 1.0], [1, 2, 1.0], [1, 15, 1.0], [1, 16, 1.0], [2, 3, 1.0], [2, 17, 1.0], [2, 18, 1.0], [3, 4, 1.0], [3, 19, 1.0], [3, 20, 1.0], [4, 5, 1.0], [4, 21, 1.0], [4, 22, 1.0], [5, 6, 1.0], [5, 23, 1.0], [5, 24, 1.0], [6, 7, 1.0], [6, 25, 1.0], [6, 26, 1.0], [7, 8, 1.0], [7, 27, 1.0], [7, 28, 1.0], [8, 9, 1.0], [8, 29, 1.0], [8, 30, 1.0], [9, 10, 1.0], [9, 31, 1.0], [9, 32, 1.0], [10, 11, 1.0], [10, 33, 1.0], [10, 34, 1.0], [11, 35, 1.0], [11, 36, 1.0], [11, 37, 1.0]], "fix_com": true, "fix_orientation": true, "provenance": {"creator": "QCElemental", "version": "v0.22.0", "routine": "qcelemental.molparse.from_schema"}, "id": "169189"}