{"schema_name": "qcschema_molecule", "schema_version": 2, "validated": true, "symbols": ["C", "C", "C", "C", "C", "C", "C", "C", "C", "C", "C", "C", "H", "H", "H", "H", "H", "H", "H", "H", "H", "H", "H", "H", "H", "H", "H", "H", "H", "H", "H", "H", "H", "H", "H", "H", "H", "H"], "geometry": [0.0, 0.0, 0.0, 2.875077463260179, -1.2396825669866833e-16, -3.091365978459973e-16, 4.055141394012676, 2.634892210248733, 4.440892098500626e-16, 3.2920228539233483, 4.35632062746758, 2.1885986166111975, 4.101106829208875, 3.391641122042534, 4.779202910024455, 3.1029337233434053, 4.844804275691285, 7.067474761285723, 3.775343169882069, 7.654878766457509, 7.216150892874935, 2.0920580013741796, 9.53643018811318, 5.800057030406453, -0.6767232963928174, 9.620009534380365, 6.666658117943809, -2.544846948529038, 8.05063535809196, 5.1196231187359444, -2.9602687635442857, 8.99868405040903, 2.433943717555916, -4.752978557965328, 7.3296575970821, 0.9332697218279917, -0.7529087243702589, -1.9208817926111934, -0.19630444669022362, -0.7719061435373253, 0.7864223018150153, 1.7578710597637308, -0.7520080747727902, 1.1335280400204062, -1.5696049558871288, 3.564328281071863, -1.0897928278232094, 1.6294145722995896, 3.5597996148922073, -1.016549345457183, -1.6768257499902455, 3.5556020156803116, 3.581502547747324, -1.782738531232496, 6.125656449352406, 2.441165775131971, -0.01696850944515993, 4.135819328053349, 6.223084217675289, 1.8569503442816426, 1.2333385638467305, 4.653669289388859, 2.1601295971346204, 6.182269460622897, 3.3639944079674367, 4.852913984148022, 3.5077171477751836, 1.410821160851559, 4.987002500222103, 3.868577455450661, 3.91311315788494, 8.758263766463156, 1.0439487652772175, 4.60832953285433, 7.207463177297827, 3.759995805550676, 8.213864388848698, 9.219094524587415, 5.743184901740948, 7.90607790169061, 6.586067156276615, 2.1729861069069316, 9.202823751113174, 3.756144545844794, 2.9301359860462153, 11.415576293529185, 6.07660659891936, -0.7776661580611082, 9.034039323662878, 8.659509161209462, -1.3367252524903654, 11.590685324622596, 6.6346830935100725, -4.377218677780737, 8.032876136329662, 6.102976426415849, -1.9340320854139963, 6.0660578077330305, 5.0433764149006715, -3.695093512071477, 10.943349661972407, 2.5032454010659095, -1.1415118973480332, 9.113385541475676, 1.4343436678991721, -5.0634076700063195, 8.062235315719574, -0.9802651526538266, -4.001180911934155, 5.401889003595314, 0.753151470313216, -6.604012436575905, 7.187007408446577, 1.8611707714031813], "name": "C12H26", "identifiers": {"molecule_hash": "aeb812800ffef799f3bc6d6321b551b1fcc9949c", "molecular_formula": "C12H26"}, "molecular_charge": 0.0, "molecular_multiplicity": 1, "connectivity": [[0, 1, 1.0], [0, 12, 1.0], [0, 13, 1.0], [0, 14, 1.0], [1, 2, 1.0], [1, 15, 1.0], [1, 16, 1.0], [2, 3, 1.0], [2, 17, 1.0], [2, 18, 1.0], [3, 4, 1.0], [3, 19, 1.0], [3, 20, 1.0], [4, 5, 1.0], [4, 21, 1.0], [4, 22, 1.0], [5, 6, 1.0], [5, 23, 1.0], [5, 24, 1.0], [6, 7, 1.0], [6, 25, 1.0], [6, 26, 1.0], [7, 8, 1.0], [7, 27, 1.0], [7, 28, 1.0], [8, 9, 1.0], [8, 29, 1.0], [8, 30, 1.0], [9, 10, 1.0], [9, 31, 1.0], [9, 32, 1.0], [10, 11, 1.0], [10, 33, 1.0], [10, 34, 1.0], [11, 35, 1.0], [11, 36, 1.0], [11, 37, 1.0]], "fix_com": true, "fix_orientation": true, "provenance": {"creator": "QCElemental", "version": "v0.22.0", "routine": "qcelemental.molparse.from_schema"}, "id": "179711"}