{"schema_name": "qcschema_molecule", "schema_version": 2, "validated": true, "symbols": ["C", "C", "C", "C", "C", "C", "C", "C", "C", "C", "C", "C", "H", "H", "H", "H", "H", "H", "H", "H", "H", "H", "H", "H", "H", "H", "H", "H", "H", "H", "H", "H", "H", "H", "H", "H", "H", "H"], "geometry": [0.0, 0.0, 0.0, 2.8787005922865867, -2.86146510178835e-17, -1.0727140062105579e-16, 4.125062242772406, 2.1485317686835423, 1.4869959941140636, 4.622909059877527, 4.590000722181109, 0.023294823495034978, 2.3344832263376007, 6.0121231393439585, -1.0086305272331964, 0.462773654105586, 6.862145456627309, 1.0065871050829585, -1.7819671813854754, 8.368740060008266, 2.6645352591003757e-15, -1.1064683099548693, 10.974973418866243, -1.0243486785240787, -3.343601221599138, 12.456831257462941, -2.0802106182495086, -5.336494878633631, 13.164966771753177, -0.12428431558110242, -7.37878046054335, 14.94621906272844, -1.1095782651537345, -9.025704833316357, 13.823334095222972, -3.181640802087948, -0.7442670809331012, -1.6784215539087648, -0.9636290948253593, -0.8003612008753005, 1.6594100522698996, -0.9461370805694782, -0.7359170892476324, -0.021301757093336926, 1.9415305544649917, 3.5855419273578266, 0.021207033754074178, -1.9574418517227858, 3.514656011364531, -1.8073671718136672, 0.8014286644173056, 5.963379805852552, 1.4828954449373501, 2.1863110044435365, 2.9999250561237876, 2.544772316377157, 3.1913878175888346, 5.690781300554228, 5.877041563007083, 1.2605427764176156, 5.893919398078343, 4.148971490884916, -1.562386590792804, 3.032779181251685, 7.6678117020632, -2.0497203025965947, 1.3482354347248195, 4.846179892060785, -2.421079542331269, -0.2577652110755153, 5.1956167807764215, 2.013852640384833, 1.4664954807290633, 7.998717739255457, 2.4344125558047516, -3.1742234036286976, 8.574691537575314, 1.525866564529712, -2.731068806007656, 7.271416658656603, -1.4950427416735415, 0.3192912254996063, 10.783294871638025, -2.521024367070599, -0.20295485911419675, 12.083604074401155, 0.48970328294314047, -2.634118480539117, 14.202194305365166, -2.9616705363596716, -4.216011523043682, 11.356476379643942, -3.614119997334285, -4.387937046841371, 14.060425443440602, 1.4961802864609441, -6.243810044050886, 11.447898822733, 0.6197031049467454, -8.5860071215192, 15.52152188771294, 0.4795084245950574, -6.481733884957798, 16.689392094417222, -1.8063340936342311, -10.52540143680264, 15.138101141377232, -3.7456377706211765, -9.936148784977869, 12.06958856780684, -2.543701046549101, -7.928687203226575, 13.371628227227795, -4.882090742334952], "name": "C12H26", "identifiers": {"molecule_hash": "75eae738f46be0826777d10031b40bfeee7fdb20", "molecular_formula": "C12H26"}, "molecular_charge": 0.0, "molecular_multiplicity": 1, "connectivity": [[0, 1, 1.0], [0, 12, 1.0], [0, 13, 1.0], [0, 14, 1.0], [1, 2, 1.0], [1, 15, 1.0], [1, 16, 1.0], [2, 3, 1.0], [2, 17, 1.0], [2, 18, 1.0], [3, 4, 1.0], [3, 19, 1.0], [3, 20, 1.0], [4, 5, 1.0], [4, 21, 1.0], [4, 22, 1.0], [5, 6, 1.0], [5, 23, 1.0], [5, 24, 1.0], [6, 7, 1.0], [6, 25, 1.0], [6, 26, 1.0], [7, 8, 1.0], [7, 27, 1.0], [7, 28, 1.0], [8, 9, 1.0], [8, 29, 1.0], [8, 30, 1.0], [9, 10, 1.0], [9, 31, 1.0], [9, 32, 1.0], [10, 11, 1.0], [10, 33, 1.0], [10, 34, 1.0], [11, 35, 1.0], [11, 36, 1.0], [11, 37, 1.0]], "fix_com": true, "fix_orientation": true, "provenance": {"creator": "QCElemental", "version": "v0.22.0", "routine": "qcelemental.molparse.from_schema"}, "id": "177525"}