{"schema_name": "qcschema_molecule", "schema_version": 2, "validated": true, "symbols": ["C", "C", "C", "C", "C", "C", "C", "C", "C", "C", "C", "C", "H", "H", "H", "H", "H", "H", "H", "H", "H", "H", "H", "H", "H", "H", "H", "H", "H", "H", "H", "H", "H", "H", "H", "H", "H", "H"], "geometry": [0.0, 0.0, 0.0, 2.8905755855817374, -2.343229535243781e-16, -2.0344348274391576e-16, 4.08853891943579, 1.5227980206020186, -2.1573399765224504, 3.487842395318264, 4.360194498264135, -2.2269062579235706, 4.437564571514672, 5.837846049793818, 0.07269338136154402, 3.907331494541352, 8.689375340860437, 4.440892098500626e-16, 5.257128175726002, 10.144439413163925, -2.1409016554898344, 3.598875770331187, 10.833594140440223, -4.422886860013097, 1.7524166340069296, 13.001363038361806, -3.8922727818323577, -0.08991424182724495, 13.57738971735131, -6.053259857665394, 1.1417101222001715, 14.575833216054145, -8.473783736730573, -0.7966746721096161, 15.297778705756075, -10.490402498250532, -0.7287141746486225, -1.2428425673429355, 1.4608048411984853, -0.7671480331716887, 1.8699915899958284, 0.3464766668088934, -0.7393568385489782, -0.6537768301235027, -1.8010476561428332, 3.5728521751139772, 0.6819705411164935, 1.8123076830692064, 3.5499682772717547, -1.9401570618914035, -0.15346016184669425, 3.4976579915845347, 0.6924482253285726, -3.9440290187801663, 6.129697169746361, 1.2861250931036472, -2.0681616435934194, 4.340188224804712, 5.130749141420431, -3.9284533558784345, 1.4625353389086073, 4.644955811968893, -2.4312176607004785, 6.4641430468057814, 5.539345306963937, 0.27505814746350987, 3.5762583208685603, 5.078781735542727, 1.775647868772622, 4.482223580951627, 9.470197864138264, 1.8099594016336495, 1.8771692589251194, 8.986885854439155, -0.11366915043791392, 6.052572144902821, 11.882512109875506, -1.3867841678916641, 6.863444741581103, 9.039507626802894, -2.7902552497003277, 2.546715341005905, 9.18306934793376, -5.0492836098649825, 4.82778491688609, 11.358852081639652, -5.981473980498418, 0.6529707189921949, 12.565119432383597, -2.2127920316564578, 2.8242449296863734, 14.700135723150222, -3.4441203070135473, -1.4526462471884716, 14.968747298612538, -5.39218918692665, -1.1727000839544761, 11.883269974694388, -6.4927451085151295, 2.2953497896019384, 16.216893394525897, -8.019592318278951, 2.418880754351048, 13.167777473099559, -9.24835038913483, 0.11985002955188873, 15.995780794793191, -12.18817063165934, -1.9483522153135857, 13.683150381526069, -11.021620142564732, -2.060339597053846, 16.76702476996469, -9.812676722772736], "name": "C12H26", "identifiers": {"molecule_hash": "8279c58ef3d089092106215723ea66274f32ac83", "molecular_formula": "C12H26"}, "molecular_charge": 0.0, "molecular_multiplicity": 1, "connectivity": [[0, 1, 1.0], [0, 12, 1.0], [0, 13, 1.0], [0, 14, 1.0], [1, 2, 1.0], [1, 15, 1.0], [1, 16, 1.0], [2, 3, 1.0], [2, 17, 1.0], [2, 18, 1.0], [3, 4, 1.0], [3, 19, 1.0], [3, 20, 1.0], [4, 5, 1.0], [4, 21, 1.0], [4, 22, 1.0], [5, 6, 1.0], [5, 23, 1.0], [5, 24, 1.0], [6, 7, 1.0], [6, 25, 1.0], [6, 26, 1.0], [7, 8, 1.0], [7, 27, 1.0], [7, 28, 1.0], [8, 9, 1.0], [8, 29, 1.0], [8, 30, 1.0], [9, 10, 1.0], [9, 31, 1.0], [9, 32, 1.0], [10, 11, 1.0], [10, 33, 1.0], [10, 34, 1.0], [11, 35, 1.0], [11, 36, 1.0], [11, 37, 1.0]], "fix_com": true, "fix_orientation": true, "provenance": {"creator": "QCElemental", "version": "v0.22.0", "routine": "qcelemental.molparse.from_schema"}, "id": "166437"}