{"schema_name": "qcschema_molecule", "schema_version": 2, "validated": true, "symbols": ["C", "C", "C", "C", "C", "C", "C", "C", "C", "C", "C", "C", "H", "H", "H", "H", "H", "H", "H", "H", "H", "H", "H", "H", "H", "H", "H", "H", "H", "H", "H", "H", "H", "H", "H", "H", "H", "H"], "geometry": [12.737711012547198, 2.5015320717615053, 6.800116025829084e-16, 11.28900124136344, 3.0728765905135896e-15, 2.5964213772322088e-15, 9.005967219048571, -0.06267429524395064, -1.7863247964559124, 6.895351371075333, 1.8496273914955252, -1.2294492271096131, 5.653927180370373, 1.6523235328165269, 1.3859759487534644, 4.403307290034469, -0.8887932676773481, 2.020995687266248, 2.293737619249441, -1.7680680994331976, 0.22971435069298557, 0.0, 0.0, -0.0, -1.646754855826225, 0.310093378801215, 2.3882676785537806, -4.009748250868703, -1.374763444117134, 2.493959788960514, -3.5886060120124563, -4.237687994794449, 2.652822477562357, -2.307838153800621, -5.122004538241456, 5.0885860566366, 13.340350052192338, 3.0058624430147445, -1.8974147425762418, 11.601048996208247, 4.047002616552294, 0.7241451562905875, 14.41621030805181, 2.3715071018145273, 1.1727836723486842, 12.572699171437593, -1.504985477710455, -0.5564637358843633, 10.69889622718413, -0.44494127571672204, 1.9161485775727223, 8.225759955879784, -1.9628270548035143, -1.7816682079511412, 9.67057767469892, 0.26450719431705155, -3.705249412106509, 7.631955288224493, 3.7549275589351487, -1.4436573563617487, 5.458062372023876, 1.652465205359062, -2.6836674459663286, 4.264069362399234, 3.1558432419854134, 1.5477089394708523, 7.055042555363382, 2.047873061436581, 2.835424047804643, 5.838840079118315, -2.357315489302294, 2.074364901055729, 3.6723898170292473, -0.7707728330923818, 3.9369728158796757, 1.6757943330689349, -3.625638242806443, 0.8452542840859428, 3.0790060096303336, -2.0409366680475194, -1.6488034328436079, 0.6607510352435987, 1.84860210965203, -0.5969432501641517, -1.1838461946594954, -0.6767173087174632, -1.5386358710180157, -0.5168616764449468, 0.038914180483250176, 4.079091592325059, -2.3023471846455754, 2.2544693537888296, 2.4778409819354645, -5.139565546276975, -0.7973768783191727, 4.11346076431178, -5.155793970867579, -0.9768798598740711, 0.8333970415067449, -5.421913006351974, -5.155189598408032, 2.5093918706766463, -2.510997398055743, -4.884745956705514, 1.029568777863875, -3.375923199393739, -4.525055113689733, 6.737849979522662, -0.4074283905952945, -4.376229053956276, 5.276465188734899, -2.1736191081930034, -7.168797034842822, 5.141577054537611], "name": "C12H26", "identifiers": {"molecule_hash": "9d506933497d5c1ad2ea0fcbb6a5ba57c5d22597", "molecular_formula": "C12H26"}, "molecular_charge": 0.0, "molecular_multiplicity": 1, "connectivity": [[0, 1, 1.0], [0, 12, 1.0], [0, 13, 1.0], [0, 14, 1.0], [1, 2, 1.0], [1, 15, 1.0], [1, 16, 1.0], [2, 3, 1.0], [2, 17, 1.0], [2, 18, 1.0], [3, 4, 1.0], [3, 19, 1.0], [3, 20, 1.0], [4, 5, 1.0], [4, 21, 1.0], [4, 22, 1.0], [5, 6, 1.0], [5, 23, 1.0], [5, 24, 1.0], [6, 7, 1.0], [6, 25, 1.0], [6, 26, 1.0], [7, 8, 1.0], [7, 27, 1.0], [7, 28, 1.0], [8, 9, 1.0], [8, 29, 1.0], [8, 30, 1.0], [9, 10, 1.0], [9, 31, 1.0], [9, 32, 1.0], [10, 11, 1.0], [10, 33, 1.0], [10, 34, 1.0], [11, 35, 1.0], [11, 36, 1.0], [11, 37, 1.0]], "fix_com": true, "fix_orientation": true, "provenance": {"creator": "QCElemental", "version": "v0.22.0", "routine": "qcelemental.molparse.from_schema"}, "id": "165529"}