{"schema_name": "qcschema_molecule", "schema_version": 2, "validated": true, "symbols": ["C", "C", "C", "C", "C", "C", "C", "C", "C", "C", "C", "C", "H", "H", "H", "H", "H", "H", "H", "H", "H", "H", "H", "H", "H", "H", "H", "H", "H", "H", "H", "H", "H", "H", "H", "H", "H", "H"], "geometry": [12.385208984197428, 2.5375173285597596, 3.885780586188048e-16, 10.984254600941219, 3.471062655459009e-14, -4.706380364338146e-15, 8.70782897393209, -0.09281471237404887, -1.8030554615729353, 6.621324341688068, 1.8602860105667545, -1.2706420536314929, 5.488954466201033, 1.7576795888981227, 1.403655697090862, 4.341729009451026, -0.8021776810939978, 2.1624814644827994, 2.252734496225373, -1.7996683832833786, 0.40321855622494707, 0.0, -0.0, 0.0, -1.5372091277069317, 0.7164109951466924, 2.3729613566800016, -3.787923030275726, -1.026453745990312, 2.976201398205082, -3.1748836125816653, -3.7963392129680456, 3.598447354937896, -1.5094380289744405, -4.144204890299459, 5.94408467261555, 12.998574832156564, 3.0485989537361147, -1.912392418611165, 11.190358175173289, 4.073707774659115, 0.702910192411497, 14.06853237081002, 2.460514033689657, 1.2022628503433321, 12.30621779126341, -1.5040862718582964, -0.5378312342408755, 10.37222134828683, -0.44650794202653615, 1.9293579113569226, 7.896719836639922, -1.9999427588747114, -1.7534956164482798, 9.384095117503279, 0.18679283320849505, -3.745409771295652, 7.362416027283125, 3.7679934584757895, -1.5979905658485072, 5.113797594853679, 1.6022208101467041, -2.6695723029301126, 4.043162137963829, 3.234421339959753, 1.5631928022357733, 6.947112410963198, 2.257293970882828, 2.7898697452309675, 5.840857552373467, -2.2303002718882747, 2.261517177425011, 3.6091311818034755, -0.6377504870179634, 4.094153433453543, 1.5901559568792993, -3.614838871330971, 1.143626574439113, 3.076008966226187, -2.219994248875556, -1.4527442791222664, 0.7101146758784797, 1.7340743086840351, -0.8826276673525633, -1.279920867657296, -0.8463195998257036, -1.3974600556440209, -0.28827851516021463, 0.85510380086162, 4.018904570345946, -2.30410470921126, 2.6235838140374934, 2.1062648788462597, -4.83072722569444, -0.21158375726555434, 4.576352914707375, -5.092472618036934, -0.9865343633092175, 1.3621607583285416, -4.964893108424202, -4.802001996667341, 3.8921155512951957, -2.2814765086383084, -4.705786687072364, 1.965559199058898, -2.3680973891811106, -3.2449062311879224, 7.602046588889212, 0.3673302984894064, -3.3150152725233766, 5.688336408047871, -1.24707195487442, -6.150487116323012, 6.381859866502652], "name": "C12H26", "identifiers": {"molecule_hash": "4e9c7270ecca3deb78b91e55c173b6a94232d73a", "molecular_formula": "C12H26"}, "molecular_charge": 0.0, "molecular_multiplicity": 1, "connectivity": [[0, 1, 1.0], [0, 12, 1.0], [0, 13, 1.0], [0, 14, 1.0], [1, 2, 1.0], [1, 15, 1.0], [1, 16, 1.0], [2, 3, 1.0], [2, 17, 1.0], [2, 18, 1.0], [3, 4, 1.0], [3, 19, 1.0], [3, 20, 1.0], [4, 5, 1.0], [4, 21, 1.0], [4, 22, 1.0], [5, 6, 1.0], [5, 23, 1.0], [5, 24, 1.0], [6, 7, 1.0], [6, 25, 1.0], [6, 26, 1.0], [7, 8, 1.0], [7, 27, 1.0], [7, 28, 1.0], [8, 9, 1.0], [8, 29, 1.0], [8, 30, 1.0], [9, 10, 1.0], [9, 31, 1.0], [9, 32, 1.0], [10, 11, 1.0], [10, 33, 1.0], [10, 34, 1.0], [11, 35, 1.0], [11, 36, 1.0], [11, 37, 1.0]], "fix_com": true, "fix_orientation": true, "provenance": {"creator": "QCElemental", "version": "v0.22.0", "routine": "qcelemental.molparse.from_schema"}, "id": "172456"}