{"schema_name": "qcschema_molecule", "schema_version": 2, "validated": true, "symbols": ["C", "C", "C", "C", "C", "C", "C", "C", "C", "C", "C", "C", "H", "H", "H", "H", "H", "H", "H", "H", "H", "H", "H", "H", "H", "H", "H", "H", "H", "H", "H", "H", "H", "H", "H", "H", "H", "H"], "geometry": [9.582635357368652, 2.8711380916797142, -1.7763568394002505e-15, 9.917430842981291, -5.989945079393445e-16, 1.7302787135741464e-15, 8.450505028329642, -1.3769227767255101, 2.0878673352124917, 5.561121634774631, -1.1449891188217383, 1.993037573068703, 4.3536857388948835, -2.27414810270745, -0.3849971661030789, 1.4637345326330413, -2.4917857404894694, -0.2673126365005048, 0.0, 0.0, 0.0, 0.3846004965116484, 1.9398649877354082, -2.1233801244131656, -0.32468672622899086, 1.0626477258490474, -4.7975712603055065, -3.074198987366173, 0.2281252045639731, -5.185939220711063, -5.044975463250017, 2.2951370350354643, -4.7230550134433384, -7.729708608111693, 1.4315745935454751, -5.348967432700451, 10.080446215133708, 3.6729105879626402, 1.8240148771347073, 10.785209844989721, 3.7452541657521268, -1.4139882714375966, 7.650542145970436, 3.419446499154559, -0.41436836209607203, 9.395654507101135, -0.7488149812638981, -1.8394677177807588, 11.912801026378053, -0.42992462164633466, 0.23685684667295026, 9.10056744088256, -0.6791241692754264, 3.9103678469603533, 8.950405414467605, -3.370981835309096, 2.0298793121587195, 5.017895763479942, 0.8240138574069632, 2.193441760095282, 4.795719162228948, -2.110050284985405, 3.6405343309402816, 5.1181898818215, -4.161477893737164, -0.6771791848936147, 4.900651371134516, -1.1850179079351773, -2.0367521275431093, 0.8164780779172671, -3.485249176035927, -1.9446950071117282, 0.963945277742649, -3.6962876887870766, 1.3230540095934833, 0.4992277851388582, 0.8941906209880881, 1.780276977185833, -1.998370917668104, -0.4503386086887178, 0.15541614013835175, -0.691808733368424, 3.6241528086457326, -1.6518472532068844, 2.34977530898223, 2.5379492101467727, -2.152444672879018, 0.9087809624781846, -0.4815171341526676, -5.357439057672374, 0.08151576839855723, 2.601529013569262, -6.10032092758283, -3.497517784524833, -1.3900219741113558, -3.991469088127107, -3.267393052547935, -0.4387780479379122, -7.121868685633264, -4.9790110097150535, 2.9062306130142996, -2.763972507447401, -4.577804573156294, 3.94514935025031, -5.858456871542793, -7.892579630294114, 0.8864144394660824, -7.321502253259875, -8.270965630469592, -0.1883017071495473, -4.209306614778031, -9.092944060135652, 2.924271127904362, -4.9982308103612185], "name": "C12H26", "identifiers": {"molecule_hash": "2b3250c6831909eb6628c98d1124d2acca3ffa9c", "molecular_formula": "C12H26"}, "molecular_charge": 0.0, "molecular_multiplicity": 1, "connectivity": [[0, 1, 1.0], [0, 12, 1.0], [0, 13, 1.0], [0, 14, 1.0], [1, 2, 1.0], [1, 15, 1.0], [1, 16, 1.0], [2, 3, 1.0], [2, 17, 1.0], [2, 18, 1.0], [3, 4, 1.0], [3, 19, 1.0], [3, 20, 1.0], [4, 5, 1.0], [4, 21, 1.0], [4, 22, 1.0], [5, 6, 1.0], [5, 23, 1.0], [5, 24, 1.0], [6, 7, 1.0], [6, 25, 1.0], [6, 26, 1.0], [7, 8, 1.0], [7, 27, 1.0], [7, 28, 1.0], [8, 9, 1.0], [8, 29, 1.0], [8, 30, 1.0], [9, 10, 1.0], [9, 31, 1.0], [9, 32, 1.0], [10, 11, 1.0], [10, 33, 1.0], [10, 34, 1.0], [11, 35, 1.0], [11, 36, 1.0], [11, 37, 1.0]], "fix_com": true, "fix_orientation": true, "provenance": {"creator": "QCElemental", "version": "v0.22.0", "routine": "qcelemental.molparse.from_schema"}, "id": "167344"}