{"schema_name": "qcschema_molecule", "schema_version": 2, "validated": true, "symbols": ["C", "C", "C", "C", "C", "C", "C", "C", "C", "C", "C", "C", "H", "H", "H", "H", "H", "H", "H", "H", "H", "H", "H", "H", "H", "H", "H", "H", "H", "H", "H", "H", "H", "H", "H", "H", "H", "H"], "geometry": [-0.0, 0.0, 0.0, 2.875235384594872, 1.8927033604048747e-16, -7.309254431429671e-16, 4.05707036301869, 2.624604166563919, 0.17020157642026545, 3.5224648104846854, 4.309928199228065, -2.1045279768022196, 4.94598527165706, 6.817785424688464, -2.094856284150155, 4.152392664912626, 8.627289972875724, 1.1046719095020308e-14, 5.660016669268107, 11.087002699110652, 0.07391101168819386, 5.5359029831531466, 12.691607672394728, -2.3238544791505666, 2.8693569757334405, 13.398943145597917, -3.179237160234627, 1.2530966688851395, 14.732356729271359, -1.195943757511007, 2.3771441696799966, 17.182336201606503, -0.18827006668273316, 0.6243276669255629, 18.54714154898984, 1.632493636190427, -0.7525844114402336, -1.9310793871421448, -0.01677829993605652, -0.7463679520488524, 0.9494361470408109, 1.6891228083550414, -0.7732958394185675, 0.9785540902752261, -1.6563036229367891, 3.553684828974303, -1.1422259025774923, 1.5963973637965663, 3.5681991503989567, -0.9487276202993711, -1.7170889967725942, 6.117133983864839, 2.4235217324864085, 0.37646539447562255, 3.393565172887072, 3.5468910955120614, 1.9120723649847882, 4.020854376496953, 3.2620978013543804, -3.8306834356823387, 1.4831780754207144, 4.69453776539057, -2.2391166451385476, 4.669720316545001, 7.740126523094065, -3.9355465510487746, 6.989968550104705, 6.446798061118853, -1.941467611133993, 2.1236666545228147, 9.048600724364874, -0.2028643336345196, 4.3500850870058025, 7.68950391804094, 1.8416468931724324, 7.652543763681531, 10.644796911747777, 0.46987603861557947, 5.0054762637851935, 12.219217078577206, 1.6899727996507286, 6.648375493187691, 14.418612387395283, -2.0157364876601678, 6.4856894434240635, 11.697449273050896, -3.880705253060019, 3.0173041817259767, 14.614521478342732, -4.859360786724059, 1.872259208855529, 11.687850806727718, -3.811645661987208, -0.6123296743207991, 15.13762067263423, -2.020169359451004, 0.8904310949803325, 13.447351307335042, 0.4009489604858383, 4.181522154236702, 16.78484218602244, 0.7640353364372262, 2.8386171990669586, 18.431979386989084, -1.7867681005418863, 0.1743584872959527, 17.35625888835248, 3.2718266472183006, -1.1716050706221637, 19.04060119170439, 0.7168045854664054, 1.4702573858230892, 20.299977188851255, 2.344128184170752], "name": "C12H26", "identifiers": {"molecule_hash": "dc3267d3839f5207c0f572e9993455d5435ee538", "molecular_formula": "C12H26"}, "molecular_charge": 0.0, "molecular_multiplicity": 1, "connectivity": [[0, 1, 1.0], [0, 12, 1.0], [0, 13, 1.0], [0, 14, 1.0], [1, 2, 1.0], [1, 15, 1.0], [1, 16, 1.0], [2, 3, 1.0], [2, 17, 1.0], [2, 18, 1.0], [3, 4, 1.0], [3, 19, 1.0], [3, 20, 1.0], [4, 5, 1.0], [4, 21, 1.0], [4, 22, 1.0], [5, 6, 1.0], [5, 23, 1.0], [5, 24, 1.0], [6, 7, 1.0], [6, 25, 1.0], [6, 26, 1.0], [7, 8, 1.0], [7, 27, 1.0], [7, 28, 1.0], [8, 9, 1.0], [8, 29, 1.0], [8, 30, 1.0], [9, 10, 1.0], [9, 31, 1.0], [9, 32, 1.0], [10, 11, 1.0], [10, 33, 1.0], [10, 34, 1.0], [11, 35, 1.0], [11, 36, 1.0], [11, 37, 1.0]], "fix_com": true, "fix_orientation": true, "provenance": {"creator": "QCElemental", "version": "v0.22.0", "routine": "qcelemental.molparse.from_schema"}, "id": "178405"}