{"schema_name": "qcschema_molecule", "schema_version": 2, "validated": true, "symbols": ["C", "C", "C", "C", "C", "C", "C", "C", "C", "C", "C", "C", "H", "H", "H", "H", "H", "H", "H", "H", "H", "H", "H", "H", "H", "H", "H", "H", "H", "H", "H", "H", "H", "H", "H", "H", "H", "H"], "geometry": [8.28857471193036, 2.78054883000849, 8.881784197001252e-16, 7.49633428001201, -1.8375645509569752e-15, 1.2661125484228987e-15, 4.787092927068082, -0.48729653883022356, -0.9053499433590401, 2.7314834936752446, 0.6283217585378081, 0.8054367517689158, 0.0, 0.0, 0.0, -1.2306811070520973, -2.244804276832804, 1.3716774630717512, -0.07704420286562924, -4.867310620861264, 0.9294452482664877, -0.2600615959607877, -5.950624722240241, -1.7590700257305434, -2.9693549186727743, -6.515408716452525, -2.6864491870604024, -4.193259887376339, -4.496910356917102, -4.378954486831141, -3.0155967898247087, -4.1661962847253715, -7.009550738127236, -3.2643524215573865, -6.472693077770488, -8.734874170555136, 7.19893139644595, 3.891421487420068, 1.3345650853147184, 10.266086956809028, 2.9730787123895537, 0.512054667399916, 8.042512545875864, 3.6171358764261283, -1.8594876706250483, 7.730008094857686, -0.7754234848903712, 1.8903946476328402, 8.783331063517025, -1.0493444700659234, -1.2103910692938136, 4.562814766167245, 0.278017384146513, -2.8028051440606347, 4.520849415805137, -2.514157591711868, -1.0756229795711678, 3.03906279669712, 0.0018186089125578064, 2.7413224935705287, 2.946239306733937, 2.6683846133121136, 0.8355889635847634, -1.1818117540373212, 1.6385358212176642, 0.37018698136912864, -0.06831533690647501, -0.27967990495150863, -2.0342706369010712, -3.224226565502861, -2.2944399174140058, 0.8801276724422598, -1.17012496055986, -1.861125354199076, 3.391373757137176, 1.8973220948303697, -4.842952354867592, 1.4944730138349431, -1.0009647286775916, -6.1857922792183855, 2.2093121756908753, 0.7006860232430367, -4.7127385717265255, -3.0826650144959302, 0.8130014044183875, -7.701936393336764, -1.7706490681572373, -4.183319295925036, -6.812258663580524, -1.0544321319084369, -2.972503780341041, -8.301558144320541, -3.695970653063385, -4.16339881546109, -2.6827243046817104, -3.420161614505689, -6.178965099264826, -4.977390038215828, -4.619851598146989, -1.0332472037089504, -3.6558978421295696, -6.842085408959091, -3.932025473258716, -2.566647228170614, -7.917452333520486, -5.2281747100521185, -7.040610332925707, -8.930869493637955, -2.21650878507485, -8.084405615217682, -8.02225183402115, -2.5462431560919465, -6.056734455206748, -10.61135115512633], "name": "C12H26", "identifiers": {"molecule_hash": "2b8cfa59ecd223256fbfb42cffd89f08b76fbd38", "molecular_formula": "C12H26"}, "molecular_charge": 0.0, "molecular_multiplicity": 1, "connectivity": [[0, 1, 1.0], [0, 12, 1.0], [0, 13, 1.0], [0, 14, 1.0], [1, 2, 1.0], [1, 15, 1.0], [1, 16, 1.0], [2, 3, 1.0], [2, 17, 1.0], [2, 18, 1.0], [3, 4, 1.0], [3, 19, 1.0], [3, 20, 1.0], [4, 5, 1.0], [4, 21, 1.0], [4, 22, 1.0], [5, 6, 1.0], [5, 23, 1.0], [5, 24, 1.0], [6, 7, 1.0], [6, 25, 1.0], [6, 26, 1.0], [7, 8, 1.0], [7, 27, 1.0], [7, 28, 1.0], [8, 9, 1.0], [8, 29, 1.0], [8, 30, 1.0], [9, 10, 1.0], [9, 31, 1.0], [9, 32, 1.0], [10, 11, 1.0], [10, 33, 1.0], [10, 34, 1.0], [11, 35, 1.0], [11, 36, 1.0], [11, 37, 1.0]], "fix_com": true, "fix_orientation": true, "provenance": {"creator": "QCElemental", "version": "v0.22.0", "routine": "qcelemental.molparse.from_schema"}, "id": "165109"}