{"schema_name": "qcschema_molecule", "schema_version": 2, "validated": true, "symbols": ["C", "C", "C", "C", "C", "C", "C", "C", "C", "C", "C", "C", "H", "H", "H", "H", "H", "H", "H", "H", "H", "H", "H", "H", "H", "H", "H", "H", "H", "H", "H", "H", "H", "H", "H", "H", "H", "H"], "geometry": [11.897717059603755, 2.8852947433750824, 8.881784197001252e-16, 11.72307038825466, -1.0285546159273372e-16, 3.720724445852523e-15, 9.429510500954091, -1.0613269138049009, 1.4217292149031777, 6.817446325507037, -0.30142291246005637, 0.4136809992257596, 6.262122818982465, -1.2192696384290886, -2.273837933066019, 3.6315609940920126, -0.5288383894081292, -3.2843328203492925, 1.3976239980970004, -1.7458855142609078, -1.8522210134930748, 0.0, 0.0, -0.0, -1.6915393657198567, 1.9522273874603315, -1.3106057525987622, -2.9278466484429773, 3.8727637952797815, 0.47235222273401123, -4.838164843170604, 2.754516652333022, 2.3359325310321593, -6.149048616111715, 4.775796891641423, 3.930078715749144, 13.64142192528894, 3.5097963322116437, -0.8826799456930884, 10.346678710494047, 3.7477310909037027, -1.0275769159288466, 11.867060364780013, 3.6278604452561622, 1.9145499950289673, 11.735369482294363, -0.6842697969362559, -1.935631131949667, 13.418282360916495, -0.7632106041238648, 0.8753993999496292, 9.55847588365245, -0.4771707844891059, 3.3897252346606024, 9.55854592440208, -3.1140315206554763, 1.4286218918562361, 5.411897887170492, -1.0702510171464028, 1.697755502759485, 6.599575983399528, 1.7407786595382104, 0.49520450005857297, 6.491878878248429, -3.2634643978926245, -2.348366096569004, 7.658125109091864, -0.44088688504834916, -3.563558434575474, 3.5581105412019687, -1.1003367280099274, -5.255153065674263, 3.436399693668502, 1.5168526714756791, -3.2915463223098578, 0.027879516961447637, -2.4598748241925015, -3.2073373605118523, 2.076679097398083, -3.39624521205792, -0.8334058719849919, 1.3525363806599358, 0.9722172331970297, 1.2037796884843561, -1.1476790618269292, -1.161689444622827, 1.2444347362228596, -0.5883320291152327, 2.9869085191949463, -2.7006107605411707, -3.1570993020287035, 0.967147597808397, -2.36760010064149, -3.8818918648312146, 5.295738240151945, -0.6655714668899375, -1.4626545938656004, 4.86884345440175, 1.51956362640204, -6.253055764850499, 1.6844087632010307, 1.2951608838736772, -3.9063386900666797, 1.4186050985192402, 3.5852441969871363, -7.4900012680444785, 3.9387624726608967, 5.238077357411558, -4.787763107996487, 5.847183796982003, 5.032172105175407, -7.1747745246817445, 6.103861764336445, 2.7472958443498627], "name": "C12H26", "identifiers": {"molecule_hash": "8279c58ef3d089092106215723ea66274f32ac83", "molecular_formula": "C12H26"}, "molecular_charge": 0.0, "molecular_multiplicity": 1, "connectivity": [[0, 1, 1.0], [0, 12, 1.0], [0, 13, 1.0], [0, 14, 1.0], [1, 2, 1.0], [1, 15, 1.0], [1, 16, 1.0], [2, 3, 1.0], [2, 17, 1.0], [2, 18, 1.0], [3, 4, 1.0], [3, 19, 1.0], [3, 20, 1.0], [4, 5, 1.0], [4, 21, 1.0], [4, 22, 1.0], [5, 6, 1.0], [5, 23, 1.0], [5, 24, 1.0], [6, 7, 1.0], [6, 25, 1.0], [6, 26, 1.0], [7, 8, 1.0], [7, 27, 1.0], [7, 28, 1.0], [8, 9, 1.0], [8, 29, 1.0], [8, 30, 1.0], [9, 10, 1.0], [9, 31, 1.0], [9, 32, 1.0], [10, 11, 1.0], [10, 33, 1.0], [10, 34, 1.0], [11, 35, 1.0], [11, 36, 1.0], [11, 37, 1.0]], "fix_com": true, "fix_orientation": true, "provenance": {"creator": "QCElemental", "version": "v0.22.0", "routine": "qcelemental.molparse.from_schema"}, "id": "166437"}