{"schema_name": "qcschema_molecule", "schema_version": 2, "validated": true, "symbols": ["C", "C", "C", "C", "C", "C", "C", "C", "C", "C", "C", "C", "H", "H", "H", "H", "H", "H", "H", "H", "H", "H", "H", "H", "H", "H", "H", "H", "H", "H", "H", "H", "H", "H", "H", "H", "H", "H"], "geometry": [0.0, 0.0, 0.0, 2.898658038092878, 5.359456944657318e-17, 1.2213309375309919e-15, 4.0818826077475885, 1.6573151104340273, -2.07405269304493, 3.3493683842365938, 4.467204667813619, -1.9885954196666948, 4.089850310560353, 5.805067698360265, 0.4742586552953729, 3.6493175518243826, 8.675767863792837, 0.44269935329750754, 0.8963466034175481, 9.500568941224342, 1.887379141862766e-15, -1.0346499295932134, 8.418803846092123, 1.8829683369258399, -0.49565659954614827, 9.003293408154052, 4.67950608859814, -0.25659077090734383, 11.82244167424739, 5.335612465368159, -2.618953999543349, 13.397166461909501, 4.750797520570506, -2.362081893352415, 16.155311285337714, 5.597990963410695, -0.7456882564188769, -0.5549446981641595, -1.8522729452527127, -0.7454552601990312, -1.326782787727276, 1.403165280465354, -0.768551329503525, 1.868725303082913, 0.44579144210416555, 3.5864554054715354, 0.6025103597618451, 1.859704684105516, 3.5756380304826463, -1.9434997356937227, -0.2526308949276944, 3.5471594091781933, 0.8875465634782604, -3.926264997571072, 6.147889569084292, 1.4974864484456942, -1.9551181740626262, 1.3124618540027662, 4.660286844549765, -2.3094370811801253, 4.265798614014814, 5.436100114743672, -3.579312996087715, 6.099834834091625, 5.448954500434079, 0.8517197955279902, 3.0607238190004593, 4.966840205988186, 2.0644427307800357, 4.325717931272194, 9.470716708298985, 2.2337835066256977, 4.832640890394227, 9.52131181785831, -1.0377878695740803, 0.3150355639039399, 8.965283933798268, -1.9156580801272236, 0.8186827670436414, 11.571830222541376, 0.04640136959405661, -2.9141305656614445, 9.131014077854912, 1.3779392496997431, -1.1427086263348913, 6.361185755289027, 1.6559609427001258, 1.244232490130735, 8.037859210729586, 5.260843343564534, -2.014265272043537, 8.174738177222297, 5.8259971866441775, 1.368726627403881, 12.64362833511776, 4.341986605072133, 0.1750018479632396, 11.992600622543858, 7.358538090794339, -3.013781565019568, 13.344519489346094, 2.717219258820793, -4.26202365460224, 12.53394084304433, 5.680354007164609, -2.0397138243772175, 16.282605436777658, 7.640511449528663, -0.7629537802260011, 17.076755339597703, 4.656363490284064, -4.065334945434899, 17.246914583465333, 5.158452413804405], "name": "C12H26", "identifiers": {"molecule_hash": "d867984b27fd093d6d83c09de23060e6b8e6fb7f", "molecular_formula": "C12H26"}, "molecular_charge": 0.0, "molecular_multiplicity": 1, "connectivity": [[0, 1, 1.0], [0, 12, 1.0], [0, 13, 1.0], [0, 14, 1.0], [1, 2, 1.0], [1, 15, 1.0], [1, 16, 1.0], [2, 3, 1.0], [2, 17, 1.0], [2, 18, 1.0], [3, 4, 1.0], [3, 19, 1.0], [3, 20, 1.0], [4, 5, 1.0], [4, 21, 1.0], [4, 22, 1.0], [5, 6, 1.0], [5, 23, 1.0], [5, 24, 1.0], [6, 7, 1.0], [6, 25, 1.0], [6, 26, 1.0], [7, 8, 1.0], [7, 27, 1.0], [7, 28, 1.0], [8, 9, 1.0], [8, 29, 1.0], [8, 30, 1.0], [9, 10, 1.0], [9, 31, 1.0], [9, 32, 1.0], [10, 11, 1.0], [10, 33, 1.0], [10, 34, 1.0], [11, 35, 1.0], [11, 36, 1.0], [11, 37, 1.0]], "fix_com": true, "fix_orientation": true, "provenance": {"creator": "QCElemental", "version": "v0.22.0", "routine": "qcelemental.molparse.from_schema"}, "id": "176000"}