{"schema_name": "qcschema_molecule", "schema_version": 2, "validated": true, "symbols": ["C", "C", "C", "C", "C", "C", "C", "C", "C", "C", "C", "C", "H", "H", "H", "H", "H", "H", "H", "H", "H", "H", "H", "H", "H", "H", "H", "H", "H", "H", "H", "H", "H", "H", "H", "H", "H", "H"], "geometry": [0.0, -0.0, 0.0, 2.873023891693333, -1.354909309267384e-16, -1.591818007794412e-15, 3.9819535464679445, -2.254989396089314, -1.4068745673707541, 6.856312866607218, -2.5302974073079283, -1.3092812869750623, 8.388472160721212, -0.9460380212524772, -3.1800654911837563, 8.507782365212444, 1.9102137807170854, -2.768627450290679, 9.473073155947555, 2.690101007119285, -0.16888056514583655, 10.291374055505836, 5.4535601133840315, 1.7763568394002505e-15, 8.269299919902599, 7.403973160092229, -0.6580109302864423, 5.961430522862619, 7.340329684945489, 1.0608206253025612, 3.964741782231351, 9.328200681782691, 0.44494091224478627, 4.812472621881886, 12.039516902850202, 0.8885341407213172, -0.7485985131339038, 0.07035819165403279, -1.934498181127053, -0.7496001702804174, -1.7187438471166328, 0.8899368838151582, -0.7666040827470515, 1.6275424121527067, 1.0286450028884266, 3.5693019843629026, -0.018746820552310417, 1.9609967907277013, 3.5540758622429633, 1.773593016207352, -0.8313978073615733, 3.1341492599737366, -3.974696773441265, -0.600647504398214, 3.35994295012295, -2.2067836807779075, -3.3939643831579214, 7.316952599009028, -4.5181654253567185, -1.6935267609731777, 7.515721689586881, -2.1783863497965372, 0.6324746627012984, 10.340170215459882, -1.665614420232067, -3.1555054349548373, 7.676358003853404, -1.3188657568314313, -5.098083258127619, 6.653272578850361, 2.7753419086431697, -3.126890997502143, 9.773145338593638, 2.707094665852177, -4.216086653168853, 11.102090907487124, 1.4958086594009734, 0.32905364035702916, 8.026871166701902, 2.286354504109716, 1.2687380809445183, 10.988861808107286, 5.830578255208271, 1.921995510096714, 11.91734600129936, 5.737950760230972, -1.2644810932738326, 7.655827969781724, 7.145112942799724, -2.629817495162923, 9.139789795795911, 9.287430436055159, -0.5835271768510395, 6.573548936023103, 7.570863005871216, 3.038699078741364, 5.080047208301393, 5.4625426348978285, 0.954107310515981, 3.36960463063608, 9.102575212574031, -1.5359351155492256, 2.274576302333809, 8.953098086370522, 1.5922318369863924, 3.277675717518651, 13.378705166584735, 0.5050636160202111, 6.405996422536825, 12.564890881442015, -0.3292355171211825, 5.412855054401841, 12.320513760837642, 2.8560964964691182], "name": "C12H26", "identifiers": {"molecule_hash": "e776ffb1a319ff18e1a7ef036433a38356782831", "molecular_formula": "C12H26"}, "molecular_charge": 0.0, "molecular_multiplicity": 1, "connectivity": [[0, 1, 1.0], [0, 12, 1.0], [0, 13, 1.0], [0, 14, 1.0], [1, 2, 1.0], [1, 15, 1.0], [1, 16, 1.0], [2, 3, 1.0], [2, 17, 1.0], [2, 18, 1.0], [3, 4, 1.0], [3, 19, 1.0], [3, 20, 1.0], [4, 5, 1.0], [4, 21, 1.0], [4, 22, 1.0], [5, 6, 1.0], [5, 23, 1.0], [5, 24, 1.0], [6, 7, 1.0], [6, 25, 1.0], [6, 26, 1.0], [7, 8, 1.0], [7, 27, 1.0], [7, 28, 1.0], [8, 9, 1.0], [8, 29, 1.0], [8, 30, 1.0], [9, 10, 1.0], [9, 31, 1.0], [9, 32, 1.0], [10, 11, 1.0], [10, 33, 1.0], [10, 34, 1.0], [11, 35, 1.0], [11, 36, 1.0], [11, 37, 1.0]], "fix_com": true, "fix_orientation": true, "provenance": {"creator": "QCElemental", "version": "v0.22.0", "routine": "qcelemental.molparse.from_schema"}, "id": "178315"}