{"schema_name": "qcschema_molecule", "schema_version": 2, "validated": true, "symbols": ["C", "C", "C", "C", "C", "C", "C", "C", "C", "C", "C", "C", "H", "H", "H", "H", "H", "H", "H", "H", "H", "H", "H", "H", "H", "H", "H", "H", "H", "H", "H", "H", "H", "H", "H", "H", "H", "H"], "geometry": [12.13204374030284, 2.7886188458638657, 7.216449660063518e-16, 11.431627114772503, 3.7949183661836333e-16, -6.011239167985517e-16, 8.597146523894077, -0.5066079289456051, -0.15270137605660072, 7.107568108845546, 0.41873986184521567, 2.1332125207643946, 4.328477477922118, -0.35097275846748754, 2.140259190479478, 2.753300756585414, 0.8629061166099874, 0.05751216795541644, 0.0, 0.0, -0.0, -1.5104944163206198, 0.5073592133576939, 2.408409002497619, -1.5413964639042013, 3.264491746718306, 3.2684879926931387, -2.4537089164280914, 5.160099546340324, 1.2941276038868634, -5.11016659676485, 4.668360051013062, 0.30280862020433263, -6.0186080951555105, 6.7037933152738685, -1.5088164130233315, 14.188348168943921, 3.048097663404252, 0.0039047580959704065, 11.38212648792132, 3.7465260410191132, -1.6827560426006132, 11.382075875145157, 3.774303040641188, 1.6627901622294339, 12.363824858659768, -0.9336624297367586, -1.6039763208426436, 12.194047447277867, -0.9059846310507503, 1.7107263328645061, 8.288995264295835, -2.5532603641602583, -0.3603010882553427, 7.8530333559565975, 0.36440491608011916, -1.88838521183915, 8.013561132047073, -0.3226880656906107, 3.852344464688346, 7.23220021992433, 2.490064519886465, 2.270362124170591, 3.5131417958265407, 0.1386608261347076, 3.9870571664957426, 4.1893681827350004, -2.4235036076261314, 1.9844008099224337, 2.840206906051168, 2.9328176455145423, 0.2631805809568728, 3.6027501203054295, 0.44571726131347555, -1.7903453739074116, -0.059071344142517135, -2.0395795085182096, -0.39890410831707573, -0.949082458921789, 0.9132516878371219, -1.6084781897255729, -3.458429880900299, -0.15040509283611742, 2.1118106019171106, -0.7676117428083727, -0.6585179442713178, 3.958597817460655, -2.7455068754227043, 3.4143852720023466, 4.956677705681083, 0.3650973635294823, 3.813706570498906, 3.889475774568971, -2.3870026396205426, 7.066712797528776, 2.1210365055423757, -1.1294201886863124, 5.201408543847678, -0.3112958723317284, -5.170365085316018, 2.8230568057162726, -0.6521254399604606, -6.4242185744228895, 4.522603404575079, 1.90960164107181, -4.7646116064965005, 6.8527729145658105, -3.1560517879757564, -6.053776230579842, 8.564342206631018, -0.5898581552553412, -7.929274016084976, 6.311489833059387, -2.208750207037257], "name": "C12H26", "identifiers": {"molecule_hash": "dc3267d3839f5207c0f572e9993455d5435ee538", "molecular_formula": "C12H26"}, "molecular_charge": 0.0, "molecular_multiplicity": 1, "connectivity": [[0, 1, 1.0], [0, 12, 1.0], [0, 13, 1.0], [0, 14, 1.0], [1, 2, 1.0], [1, 15, 1.0], [1, 16, 1.0], [2, 3, 1.0], [2, 17, 1.0], [2, 18, 1.0], [3, 4, 1.0], [3, 19, 1.0], [3, 20, 1.0], [4, 5, 1.0], [4, 21, 1.0], [4, 22, 1.0], [5, 6, 1.0], [5, 23, 1.0], [5, 24, 1.0], [6, 7, 1.0], [6, 25, 1.0], [6, 26, 1.0], [7, 8, 1.0], [7, 27, 1.0], [7, 28, 1.0], [8, 9, 1.0], [8, 29, 1.0], [8, 30, 1.0], [9, 10, 1.0], [9, 31, 1.0], [9, 32, 1.0], [10, 11, 1.0], [10, 33, 1.0], [10, 34, 1.0], [11, 35, 1.0], [11, 36, 1.0], [11, 37, 1.0]], "fix_com": true, "fix_orientation": true, "provenance": {"creator": "QCElemental", "version": "v0.22.0", "routine": "qcelemental.molparse.from_schema"}, "id": "178405"}