{"schema_name": "qcschema_molecule", "schema_version": 2, "validated": true, "symbols": ["C", "C", "C", "C", "C", "C", "C", "C", "C", "C", "C", "C", "H", "H", "H", "H", "H", "H", "H", "H", "H", "H", "H", "H", "H", "H", "H", "H", "H", "H", "H", "H", "H", "H", "H", "H", "H", "H"], "geometry": [6.4832492091809115, 2.8467880646119355, -2.220446049250313e-16, 5.937845604601058, -2.640581945487303e-16, -1.6994376435836462e-16, 4.284782336851824, -0.886297356605185, -2.2189177614634215, 1.6497829418486019, 0.332643852926578, -2.3690129556615647, 0.0, 0.0, 0.0, -0.4833519824721061, -2.7537247670065454, 0.7925798415426495, -1.7055096238170648, -4.4367326587384435, -1.2390960414867527, -4.227756502297817, -3.4579615253183853, -2.3144945521494003, -6.423412655300729, -3.155211826423539, -0.41854125784895657, -8.133071785453085, -5.488804136867617, -0.104532162220913, -6.892893419130878, -7.893686308348041, 0.9508219108244547, -5.803088633462245, -7.592956282660554, 3.618896296648024, 7.3516874514219595, 3.4378143958915586, -1.7863845467716146, 4.7565558960757555, 3.9588916296900996, 0.2517700222959829, 7.7797044837478975, 3.358161116928202, 1.5305699641197696, 7.733651158325681, -1.0341738154755586, -0.06849495515074738, 5.047515492328827, -0.5286178744544343, 1.7956200680410292, 4.086944072288789, -2.9474959885973737, -2.1198631444823026, 5.2870350128248225, -0.49628069121936647, -3.994201714866943, 1.84831747432633, 2.3597687289613796, -2.752510567246253, 0.6616973673747151, -0.44996294368088974, -4.01444720895521, -1.8128859342984143, 0.9521338242762268, -0.3215890444779417, 0.873900510095686, 0.9954954016621638, 1.5945893871288443, 1.3033787404167254, -3.6312626933130043, 1.3707226498163547, -1.6666528117461543, -2.7409815443947383, 2.493970223744732, -1.9564184300542333, -6.332701795468871, -0.44890362287274144, -0.380437900515903, -4.660111803934289, -2.818127205849972, -3.875229382344252, -1.630353640550582, -3.2232751688793337, -4.831416162774127, -4.7265572771247655, -3.8421099266618333, -5.697706099814054, -2.5560006438793765, 1.4260422685775551, -7.634655011039918, -1.6005775521195806, -1.0608560048059712, -9.717630361283286, -4.97206403047379, 1.1340526538005098, -8.970665081275175, -5.934742473801817, -1.9506488545404694, -8.321225524257779, -9.39734264446015, 0.9756746694174274, -5.410862596877989, -8.548607235685223, -0.34001421819011823, -7.255884488904533, -6.935582642458592, 4.942571404271304, -4.251189392812049, -6.22757947537089, 3.6696592064670686, -5.069877249137015, -9.392636844977496, 4.332480480325069], "name": "C12H26", "identifiers": {"molecule_hash": "4e9c7270ecca3deb78b91e55c173b6a94232d73a", "molecular_formula": "C12H26"}, "molecular_charge": 0.0, "molecular_multiplicity": 1, "connectivity": [[0, 1, 1.0], [0, 12, 1.0], [0, 13, 1.0], [0, 14, 1.0], [1, 2, 1.0], [1, 15, 1.0], [1, 16, 1.0], [2, 3, 1.0], [2, 17, 1.0], [2, 18, 1.0], [3, 4, 1.0], [3, 19, 1.0], [3, 20, 1.0], [4, 5, 1.0], [4, 21, 1.0], [4, 22, 1.0], [5, 6, 1.0], [5, 23, 1.0], [5, 24, 1.0], [6, 7, 1.0], [6, 25, 1.0], [6, 26, 1.0], [7, 8, 1.0], [7, 27, 1.0], [7, 28, 1.0], [8, 9, 1.0], [8, 29, 1.0], [8, 30, 1.0], [9, 10, 1.0], [9, 31, 1.0], [9, 32, 1.0], [10, 11, 1.0], [10, 33, 1.0], [10, 34, 1.0], [11, 35, 1.0], [11, 36, 1.0], [11, 37, 1.0]], "fix_com": true, "fix_orientation": true, "provenance": {"creator": "QCElemental", "version": "v0.22.0", "routine": "qcelemental.molparse.from_schema"}, "id": "172456"}