{"schema_name": "qcschema_molecule", "schema_version": 2, "validated": true, "symbols": ["C", "C", "C", "C", "C", "C", "C", "C", "C", "C", "C", "C", "H", "H", "H", "H", "H", "H", "H", "H", "H", "H", "H", "H", "H", "H", "H", "H", "H", "H", "H", "H", "H", "H", "H", "H", "H", "H"], "geometry": [0.0, 0.0, 0.0, 2.899009700005558, 2.4737848210746667e-16, -2.082414009262639e-17, 4.0788960695995335, 1.9113833349092135, -1.8455198870924676, 3.307189736167227, 4.684251896774511, -1.4459180098887863, 4.180212946334341, 5.802800111374464, 1.0837363996507439, 3.131936451350898, 8.42798582448393, 1.769449443819693, 3.8425182275094856, 10.629691758935746, 4.440892098500626e-16, 2.326265017242625, 10.993094154605153, -2.4622682742281254, -0.5211570368742446, 11.54213474497418, -2.119893948958023, -2.301261847010159, 9.241045430282655, -2.136203953192311, -2.463683132115037, 7.868446572764346, -4.684473322845959, -4.214650183093317, 5.5622856066462045, -4.597420729528178, -0.7456153036959399, -1.5194306797089263, 1.1916066392178963, -0.7680275820568045, 1.7824711369026258, 0.7176501521793707, -0.7460730135597249, -0.2742957046310117, -1.914014338003984, 3.5854131109926892, 0.34906396012267205, 1.923836423921393, 3.577091815993402, -1.8929996909610014, -0.505655032103945, 3.56048672217161, 1.361648924424691, -3.7789246711382, 6.146341138405993, 1.7606509836242694, -1.737364508876674, 4.100244726224135, 5.797440527306431, -2.9995946071596427, 1.2519369889159504, 4.860285076917616, -1.614511141772766, 6.256145692755782, 5.881551148894685, 1.0966098293822881, 3.6550628464269406, 4.508329736056166, 2.615357054170154, 3.8532399254955556, 8.889624595925122, 3.658632247490279, 1.0752820995125156, 8.321811274720973, 1.9803616099982195, 3.674892458739852, 12.393142057550426, 1.081724368542269, 5.855099751062362, 10.459668179336747, -0.4844677485418152, 2.585180837246376, 9.378413524153174, -3.7237921853049647, 3.1826473521282983, 12.603021725452088, -3.4491134910639234, -0.7924006899072231, 12.594408811355882, -0.35180339769280344, -1.139993463585157, 12.819684250496017, -3.6330644485553667, -4.205883949732951, 9.880157029021195, -1.6133864465497054, -1.7426739516416463, 7.883946292247551, -0.6766174259794648, -3.129788518152496, 9.19841892416383, -6.1318810747256105, -0.5769120582534135, 7.2612605173772735, -5.285465321811508, -4.32731567048857, 4.6251784995289, -6.439996821046961, -3.5385202179269015, 4.167370128440514, -3.2231356305299244, -6.137024960358662, 6.101622145478632, -4.044197126897608], "name": "C12H26", "identifiers": {"molecule_hash": "a104d163faf670658e0a31293352e99993b65b69", "molecular_formula": "C12H26"}, "molecular_charge": 0.0, "molecular_multiplicity": 1, "connectivity": [[0, 1, 1.0], [0, 12, 1.0], [0, 13, 1.0], [0, 14, 1.0], [1, 2, 1.0], [1, 15, 1.0], [1, 16, 1.0], [2, 3, 1.0], [2, 17, 1.0], [2, 18, 1.0], [3, 4, 1.0], [3, 19, 1.0], [3, 20, 1.0], [4, 5, 1.0], [4, 21, 1.0], [4, 22, 1.0], [5, 6, 1.0], [5, 23, 1.0], [5, 24, 1.0], [6, 7, 1.0], [6, 25, 1.0], [6, 26, 1.0], [7, 8, 1.0], [7, 27, 1.0], [7, 28, 1.0], [8, 9, 1.0], [8, 29, 1.0], [8, 30, 1.0], [9, 10, 1.0], [9, 31, 1.0], [9, 32, 1.0], [10, 11, 1.0], [10, 33, 1.0], [10, 34, 1.0], [11, 35, 1.0], [11, 36, 1.0], [11, 37, 1.0]], "fix_com": true, "fix_orientation": true, "provenance": {"creator": "QCElemental", "version": "v0.22.0", "routine": "qcelemental.molparse.from_schema"}, "id": "169189"}