{"schema_name": "qcschema_molecule", "schema_version": 2, "validated": true, "symbols": ["C", "C", "C", "C", "C", "C", "C", "C", "C", "C", "C", "C", "H", "H", "H", "H", "H", "H", "H", "H", "H", "H", "H", "H", "H", "H", "H", "H", "H", "H", "H", "H", "H", "H", "H", "H", "H", "H"], "geometry": [10.875422136305417, 2.256084716530122, -4.440892098500626e-16, 9.09753640756502, -9.868456487574106e-16, -2.144170191158333e-15, 7.0408225455027775, 0.20266004959985928, -2.0027348958702147, 5.342491978677368, -2.1185414049483904, -2.2195180806194434, 3.9683230305455055, -2.879225238563833, 0.2042874664399279, 2.334281708236486, -0.8661822591953429, 1.4797560949450017, 0.0, 0.0, 0.0, 0.36562627222096455, 2.1589448310810715, -1.8840466307527877, 1.018357126772578, 4.69030828550604, -0.6786293132432244, 1.309797428621155, 6.808390239669505, -2.605608825956473, 2.090495951941267, 9.350556142404987, -1.492453513683495, 0.146680017040004, 10.514671432668807, 0.277554427822714, 9.842371855326657, 4.022423133579922, 0.3489929387094719, 12.334665317827753, 2.0840770284221994, 1.461301437197658, 11.83559435538187, 2.4545338534348344, -1.8291901261724757, 10.182926873537365, -1.7489078384689898, -0.30545479532934894, 8.22839162626341, -0.18890509093937624, 1.878775243248686, 5.889426851686511, 1.8915434420941064, -1.6129243737189056, 7.931596924739017, 0.5490078428881527, -3.8496207040276347, 6.49664404210033, -3.73445215135458, -2.83800814979207, 3.963240009639458, -1.8105970682151726, -3.7413404861390585, 2.775853034951243, -4.53166842322703, -0.2101737149971732, 5.370350389686834, -3.540880354042348, 1.5883383975662555, 1.6915989472173905, -1.663601338432806, 3.2856710490742564, 3.5034999524563792, 0.7733529765462824, 1.9986361192877338, -0.8004906517633384, -1.6428188218832487, -0.9930671689326573, -1.4588909304868243, 0.5962968609826718, 1.3561610754114524, 1.8205243133673812, 1.6729093180168508, -3.28343900924712, -1.3943886876446385, 2.3854094492994404, -2.9680491013469106, -0.4582038215465958, 5.1766123564287225, 0.7023317971824208, 2.7851964007935552, 4.531185436619341, 0.4101523096113828, 2.722860729313056, 6.230403144449388, -4.017593239328775, -0.4772224117257653, 7.035858295597212, -3.649943034099177, 3.898090972085511, 9.127244463716861, -0.48668030878087265, 2.466082891651454, 10.672053719520875, -3.050025901679556, 0.754118212200221, 12.383386130001375, 0.93696941023734, -0.17204075410276154, 9.341641149704753, 1.9571984473098272, -1.6834882031321556, 10.750248492150417, -0.6744367132797979], "name": "C12H26", "identifiers": {"molecule_hash": "2ba5a4895ea1c9a1997be58b2a08760cc0b6c66e", "molecular_formula": "C12H26"}, "molecular_charge": 0.0, "molecular_multiplicity": 1, "connectivity": [[0, 1, 1.0], [0, 12, 1.0], [0, 13, 1.0], [0, 14, 1.0], [1, 2, 1.0], [1, 15, 1.0], [1, 16, 1.0], [2, 3, 1.0], [2, 17, 1.0], [2, 18, 1.0], [3, 4, 1.0], [3, 19, 1.0], [3, 20, 1.0], [4, 5, 1.0], [4, 21, 1.0], [4, 22, 1.0], [5, 6, 1.0], [5, 23, 1.0], [5, 24, 1.0], [6, 7, 1.0], [6, 25, 1.0], [6, 26, 1.0], [7, 8, 1.0], [7, 27, 1.0], [7, 28, 1.0], [8, 9, 1.0], [8, 29, 1.0], [8, 30, 1.0], [9, 10, 1.0], [9, 31, 1.0], [9, 32, 1.0], [10, 11, 1.0], [10, 33, 1.0], [10, 34, 1.0], [11, 35, 1.0], [11, 36, 1.0], [11, 37, 1.0]], "fix_com": true, "fix_orientation": true, "provenance": {"creator": "QCElemental", "version": "v0.22.0", "routine": "qcelemental.molparse.from_schema"}, "id": "180451"}