{"schema_name": "qcschema_molecule", "schema_version": 2, "validated": true, "symbols": ["C", "C", "C", "C", "C", "C", "C", "C", "C", "C", "C", "C", "H", "H", "H", "H", "H", "H", "H", "H", "H", "H", "H", "H", "H", "H", "H", "H", "H", "H", "H", "H", "H", "H", "H", "H", "H", "H"], "geometry": [4.133716754464315, 2.6131619447945966, 5.551115123125783e-16, 2.899939111368837, -1.4968499058907886e-16, -2.5876157560950796e-16, 0.0, -0.0, 0.0, -1.2330800094023435, 1.1696143488302215, 2.3713680695858277, -2.1382694574141863, 3.9151341113140554, 2.091729002947083, -4.562287087482029, 4.1744133025460615, 0.5269081132529468, -5.379959454094028, 6.9042119253455105, -0.0001322058702338813, -6.082456018691435, 8.436718760954808, 2.3579735400608457, -7.165920124030219, 11.08142827581855, 1.7891695566721473, -10.056833023436033, 11.36489132028237, 1.7101901408633127, -11.500335074197368, 9.98409937449602, -0.4064217034324922, -12.365401115937498, 7.301210432995832, 0.24410898684412818, 6.1758164581892085, 2.449881712898665, -0.11675304058012176, 3.6988053236550416, 3.664117969565669, 1.7059859022604256, 3.505547067968677, 3.731300025143594, -1.6036625546899603, 3.5673128583339, -1.0608950187570376, 1.6302631478562273, 3.545284567110735, -1.0325662185842757, -1.6557090439923454, -0.6164845094044304, -1.9502886524313836, -0.18285833661476664, -0.6688110255781261, 0.9571601779215342, -1.6910643289622609, -2.8451283836482775, 0.02552018948556095, 2.9326167374288343, 0.09513538241934733, 1.057013688060594, 3.9359098457045207, -2.46038522774774, 4.683311421100589, 3.968151547019414, -0.6581950014522455, 5.062191317675288, 1.2462339567796803, -4.315629844065255, 3.2218099418112183, -1.2763344410048294, -6.08740719439344, 3.1817759484788195, 1.4890262100306129, -6.9681919312541165, 6.863052723285555, -1.2979080214740382, -3.8667993378749475, 7.882696258898312, -0.99404515490724, -4.398613172423016, 8.66428363960341, 3.5078558607140473, -7.408829332053568, 7.3731071451176895, 3.5142722118110648, -6.494844818499039, 12.378678519783726, 3.2336516894661633, -6.378095999902281, 11.770192342404131, 0.017719827281335476, -10.439040866754393, 13.37574698152688, 1.5304289059081027, -10.836669579750463, 10.810715879808992, 3.5319314461517433, -13.175731114089517, 11.081355269798008, -0.8631996763503564, -10.365766453426144, 9.959635226654363, -2.119436625379656, -13.404487203446854, 6.472923295155009, -1.320035792193952, -13.611857545996257, 7.320241189709272, 1.8754809378196928, -10.801199969092794, 6.0533639426885095, 0.6770151929050998], "name": "C12H26", "identifiers": {"molecule_hash": "834a57c69a49f8beef1939f2fafe9b7d051a5f36", "molecular_formula": "C12H26"}, "molecular_charge": 0.0, "molecular_multiplicity": 1, "connectivity": [[0, 1, 1.0], [0, 12, 1.0], [0, 13, 1.0], [0, 14, 1.0], [1, 2, 1.0], [1, 15, 1.0], [1, 16, 1.0], [2, 3, 1.0], [2, 17, 1.0], [2, 18, 1.0], [3, 4, 1.0], [3, 19, 1.0], [3, 20, 1.0], [4, 5, 1.0], [4, 21, 1.0], [4, 22, 1.0], [5, 6, 1.0], [5, 23, 1.0], [5, 24, 1.0], [6, 7, 1.0], [6, 25, 1.0], [6, 26, 1.0], [7, 8, 1.0], [7, 27, 1.0], [7, 28, 1.0], [8, 9, 1.0], [8, 29, 1.0], [8, 30, 1.0], [9, 10, 1.0], [9, 31, 1.0], [9, 32, 1.0], [10, 11, 1.0], [10, 33, 1.0], [10, 34, 1.0], [11, 35, 1.0], [11, 36, 1.0], [11, 37, 1.0]], "fix_com": true, "fix_orientation": true, "provenance": {"creator": "QCElemental", "version": "v0.22.0", "routine": "qcelemental.molparse.from_schema"}, "id": "167880"}