{"schema_name": "qcschema_molecule", "schema_version": 2, "validated": true, "symbols": ["C", "C", "C", "C", "C", "C", "C", "C", "C", "C", "C", "C", "H", "H", "H", "H", "H", "H", "H", "H", "H", "H", "H", "H", "H", "H", "H", "H", "H", "H", "H", "H", "H", "H", "H", "H", "H", "H"], "geometry": [0.0, 0.0, 0.0, 2.902587712336768, 2.2071588438044386e-17, 2.2094490616471524e-16, 4.1437942045243, 1.8762783572642925, 1.8554790172592575, 4.673065612909342, 4.534549278810944, 0.7963935168332107, 2.3864584267717714, 6.07616583785366, -0.11556157924983701, 0.45940034980759226, 6.688260361525595, 1.9626083214149395, -1.9088683824805406, 8.086401603356393, 1.0302076364630928, -1.4050112190871866, 10.750804717513205, 1.0658141036401503e-14, -3.780448516853658, 12.131506669340089, -0.9400142651016842, -5.709900952583599, 12.745827891564689, 1.1386297944159005, -7.9037746097370665, 14.431693110060843, 0.25797611183240954, -9.600788381953025, 13.210343756154066, -1.750963761293789, -0.7383294304210776, -1.4406216027487193, -1.2916185552372403, -0.7898477623788906, 1.8188910759220231, -0.5784486369740668, -0.7323456803407338, -0.4226067956393771, 1.8914049121729686, 3.600733320493169, 0.37061222203643474, -1.9192028191591037, 3.536982317501444, -1.9164955579201035, 0.4705152272712413, 5.96622407490085, 1.0965070487633912, 2.4627914189417557, 2.993083198103683, 2.003852719973608, 3.5759916472204054, 5.666641157513453, 5.629137523900324, 2.2543962047143054, 6.006917900710946, 4.346015560616991, -0.7827306701793137, 3.09818800682571, 7.840800867920681, -0.935488832573367, 1.4368216829354918, 5.080768955334663, -1.6671672202099939, -0.1422429904789313, 4.93242430792462, 2.880658962274881, 1.3886365016394087, 7.816775988808589, 3.4386771871992425, -3.259097700804017, 8.201373853896794, 2.5972220017874617, -2.834160839026359, 6.952297403219888, -0.4450140665566805, -0.05136688701401315, 10.639879690802436, -1.5643383515996538, -0.4893772341398215, 11.888013040870522, 1.4782921714633614, -3.204274279906583, 13.906233144333068, -1.8505796121310925, -4.677452831211578, 10.989487234084805, -2.4205646782697694, -4.722686582151516, 13.691315238911326, 2.701354659392584, -6.488375158615121, 10.991285776114212, 1.9235461621361798, -9.061695208611747, 14.931905945146807, 1.9039774688966808, -7.1413835481938275, 16.2171199516257, -0.4764660235186158, -11.20405941001734, 14.434012449326694, -2.217475938521279, -10.361729442860481, 11.403494640936437, -1.078830170851631, -8.570007185966324, 12.840983374143825, -3.5061092080941387], "name": "C12H26", "identifiers": {"molecule_hash": "fb0c60ae2c9cab444c352dadb8664591d00efc8e", "molecular_formula": "C12H26"}, "molecular_charge": 0.0, "molecular_multiplicity": 1, "connectivity": [[0, 1, 1.0], [0, 12, 1.0], [0, 13, 1.0], [0, 14, 1.0], [1, 2, 1.0], [1, 15, 1.0], [1, 16, 1.0], [2, 3, 1.0], [2, 17, 1.0], [2, 18, 1.0], [3, 4, 1.0], [3, 19, 1.0], [3, 20, 1.0], [4, 5, 1.0], [4, 21, 1.0], [4, 22, 1.0], [5, 6, 1.0], [5, 23, 1.0], [5, 24, 1.0], [6, 7, 1.0], [6, 25, 1.0], [6, 26, 1.0], [7, 8, 1.0], [7, 27, 1.0], [7, 28, 1.0], [8, 9, 1.0], [8, 29, 1.0], [8, 30, 1.0], [9, 10, 1.0], [9, 31, 1.0], [9, 32, 1.0], [10, 11, 1.0], [10, 33, 1.0], [10, 34, 1.0], [11, 35, 1.0], [11, 36, 1.0], [11, 37, 1.0]], "fix_com": true, "fix_orientation": true, "provenance": {"creator": "QCElemental", "version": "v0.22.0", "routine": "qcelemental.molparse.from_schema"}, "id": "177319"}