{"schema_name": "qcschema_molecule", "schema_version": 2, "validated": true, "symbols": ["C", "C", "C", "C", "C", "C", "C", "C", "C", "C", "C", "C", "H", "H", "H", "H", "H", "H", "H", "H", "H", "H", "H", "H", "H", "H", "H", "H", "H", "H", "H", "H", "H", "H", "H", "H", "H", "H"], "geometry": [0.0, 0.0, 0.0, 2.8906170289718673, 4.743227518971057e-15, 1.344830601004488e-15, 4.088833041039304, 1.5644333405530584, -2.1270212993551216, 3.490002212207225, 4.401403589174477, -2.129121797237256, 4.412169964026105, 5.8343630319577775, 0.20984715304646984, 3.9949486590660666, 8.691310103728048, -1.7763568394002505e-15, 4.922388565926525, 10.200753708687227, 2.2998304416461854, 3.3683492544338263, 9.928902748620738, 4.752997462902381, 1.364836260449887, 11.98493203041827, 5.194366547479798, -0.865555719869495, 12.083845769081298, 3.3427692065930756, -2.593081760399395, 9.755104640976056, 3.2985503743357256, -3.964383606172311, 9.238963160553094, 5.790891698695763, -0.7392448871479945, -0.6227974010747542, -1.8119854628977143, -0.7288672643791537, -1.2675645811624205, 1.439322900595628, -0.7676615935043386, 1.8638036635182011, 0.37802778500475703, 3.573251081684676, 0.649940543714238, 1.824256991882351, 3.5499394539382663, -1.937033795737468, -0.18872070816591457, 6.129649948553813, 1.3239156457963486, -2.043492594617269, 3.49579656199935, 0.7740827119600173, -3.9310393182570396, 4.362367643306322, 5.230551604705386, -3.796475557655727, 1.4680117059944178, 4.692543756636797, -2.352367527810708, 3.464342859243978, 5.113758893914281, 1.8815055456578909, 6.418811772304906, 5.466721550687824, 0.4838465922416064, 4.996131165273817, 9.371420101549923, -1.662494565671794, 2.0061624094629713, 9.063501321525596, -0.3454245095508397, 6.8617242031622405, 9.633609591219315, 2.6762383506548604, 5.016026342458601, 12.191438967646164, 1.7951222298683258, 2.5030230493712584, 8.07031170514237, 4.849321527276366, 4.6606638708172925, 10.011649792783077, 6.347239685027164, 2.3050504830447283, 13.813460322939443, 5.153161003415196, 0.6416528268329935, 11.77800803803564, 7.105748509583915, -2.009511759834047, 13.725831074202688, 3.8192482000904997, -0.1642878383911901, 12.427526308033034, 1.4437902755765566, -1.5244259316265678, 8.087517520991456, 2.7571431128364354, -3.99459332041397, 10.030153741734903, 1.8210671978037696, -2.6616839063606257, 8.753751713317678, 7.29817892914048, -5.278095192802004, 7.6760153232453, 5.588406854662299, -5.037807444408671, 10.881216163444703, 6.397675014906417], "name": "C12H26", "identifiers": {"molecule_hash": "d1df652f1c28a33afc531bc063b577d45bd80e47", "molecular_formula": "C12H26"}, "molecular_charge": 0.0, "molecular_multiplicity": 1, "connectivity": [[0, 1, 1.0], [0, 12, 1.0], [0, 13, 1.0], [0, 14, 1.0], [1, 2, 1.0], [1, 15, 1.0], [1, 16, 1.0], [2, 3, 1.0], [2, 17, 1.0], [2, 18, 1.0], [3, 4, 1.0], [3, 19, 1.0], [3, 20, 1.0], [4, 5, 1.0], [4, 21, 1.0], [4, 22, 1.0], [5, 6, 1.0], [5, 23, 1.0], [5, 24, 1.0], [6, 7, 1.0], [6, 25, 1.0], [6, 26, 1.0], [7, 8, 1.0], [7, 27, 1.0], [7, 28, 1.0], [8, 9, 1.0], [8, 29, 1.0], [8, 30, 1.0], [9, 10, 1.0], [9, 31, 1.0], [9, 32, 1.0], [10, 11, 1.0], [10, 33, 1.0], [10, 34, 1.0], [11, 35, 1.0], [11, 36, 1.0], [11, 37, 1.0]], "fix_com": true, "fix_orientation": true, "provenance": {"creator": "QCElemental", "version": "v0.22.0", "routine": "qcelemental.molparse.from_schema"}, "id": "165242"}