{"schema_name": "qcschema_molecule", "schema_version": 2, "validated": true, "symbols": ["C", "C", "C", "C", "C", "C", "C", "C", "C", "C", "C", "C", "H", "H", "H", "H", "H", "H", "H", "H", "H", "H", "H", "H", "H", "H", "H", "H", "H", "H", "H", "H", "H", "H", "H", "H", "H", "H"], "geometry": [5.289247194098682, 2.861107592524032, 1.1102230246251565e-15, 4.873122162372518, -1.425411990547556e-16, -6.875464146769765e-16, 2.4365426432229986, -0.8693838139219152, -1.3055103125403749, 0.0, 0.0, 0.0, -2.456658027535229, -1.0096768472734727, -1.2041190428687034, -3.597272140007881, -3.366157663034194, 0.05334622608336015, -2.058038085000117, -5.819250648995957, -0.0773453540264164, -1.6529490690841537, -6.981656852791071, -2.707914473722777, -4.075947445467023, -7.928336005062696, -4.031606593582705, -5.253177325869941, -6.134352064825363, -5.989310509008517, -3.7095318480407853, -5.711365726497755, -8.408926181502684, -3.3702057446374507, -8.071152311116897, -10.044411686706434, 3.860003106735585, 3.8468518635628666, 1.0899514455962445, 7.113365719451945, 3.330486136161114, 0.8136939258080691, 5.248124555771998, 3.6119856445046508, -1.911180251225568, 4.889137148432877, -0.6912152697164021, 1.936863941425755, 6.466878032034813, -0.8952282568456424, -0.9386371366499957, 2.4321850246250962, -0.18708727067468667, -3.247363749610658, 2.465693248015442, -2.9171380875435315, -1.4233955064522803, 0.061558383085602575, -0.5326475061296181, 1.9867717607048747, -0.058037160948631705, 2.050528736791237, -0.02914196445223538, -3.884663799213762, 0.4631719068960366, -1.1039535599740342, -2.1511674473013778, -1.3448295987479995, -3.207988548903381, -5.458880965592312, -3.69565229939528, -0.7492459826433973, -3.9213498838407883, -2.9293793077636683, 2.036840104856956, -0.22406767514285952, -5.5156125880769125, 0.7957688665613787, -3.0029691655352098, -7.219009387030798, 1.0964787817321846, -0.6543900073277684, -5.657826674247531, -3.915248421843973, -0.37600622031962727, -8.572247719942485, -2.466815944799801, -5.494407340817087, -8.346670768115747, -2.603924339031962, -3.681871877491375, -9.722380758585935, -4.9457078753913875, -5.616364616562118, -4.310155942326519, -5.1222176729734645, -7.092996956164378, -6.883557782912101, -6.5237932971988695, -1.8647010929194874, -4.93483883910161, -7.948747415508594, -4.661779697043098, -4.272116612310146, -9.524484357683587, -5.184776214261363, -8.902946574774887, -10.527106693803661, -2.255618375373192, -9.509444611031897, -9.099724203625192, -2.411536740130451, -7.607491912783954, -11.798219299095301], "name": "C12H26", "identifiers": {"molecule_hash": "2b8cfa59ecd223256fbfb42cffd89f08b76fbd38", "molecular_formula": "C12H26"}, "molecular_charge": 0.0, "molecular_multiplicity": 1, "connectivity": [[0, 1, 1.0], [0, 12, 1.0], [0, 13, 1.0], [0, 14, 1.0], [1, 2, 1.0], [1, 15, 1.0], [1, 16, 1.0], [2, 3, 1.0], [2, 17, 1.0], [2, 18, 1.0], [3, 4, 1.0], [3, 19, 1.0], [3, 20, 1.0], [4, 5, 1.0], [4, 21, 1.0], [4, 22, 1.0], [5, 6, 1.0], [5, 23, 1.0], [5, 24, 1.0], [6, 7, 1.0], [6, 25, 1.0], [6, 26, 1.0], [7, 8, 1.0], [7, 27, 1.0], [7, 28, 1.0], [8, 9, 1.0], [8, 29, 1.0], [8, 30, 1.0], [9, 10, 1.0], [9, 31, 1.0], [9, 32, 1.0], [10, 11, 1.0], [10, 33, 1.0], [10, 34, 1.0], [11, 35, 1.0], [11, 36, 1.0], [11, 37, 1.0]], "fix_com": true, "fix_orientation": true, "provenance": {"creator": "QCElemental", "version": "v0.22.0", "routine": "qcelemental.molparse.from_schema"}, "id": "165109"}