{"schema_name": "qcschema_molecule", "schema_version": 2, "validated": true, "symbols": ["C", "C", "C", "C", "C", "C", "C", "C", "C", "C", "C", "C", "H", "H", "H", "H", "H", "H", "H", "H", "H", "H", "H", "H", "H", "H", "H", "H", "H", "H", "H", "H", "H", "H", "H", "H", "H", "H"], "geometry": [0.0, 0.0, 0.0, 2.875077463260179, -2.4955355593847857e-16, -2.2058238260379146e-16, 4.055141394012676, 2.3544582830069567, -1.182870725484989, 3.2920228539233483, 4.875191618175842, -4.440892098500626e-16, 4.101106829208875, 5.176172555807575, 2.7479533526646036, 3.1029337233434053, 7.501938211283331, 4.140320162167933, 3.775343169882069, 10.079678499052127, 3.0116580140593694, 2.0920580013741796, 11.12525385293262, 0.9016035694980316, -0.6767232963928174, 11.588977240354655, 1.6384506173995694, -2.544846948529038, 9.492129248291413, 0.9606002709695209, -2.9602687635442857, 9.133605874280263, -1.8648432622150461, -4.752978557965328, 6.968524329977571, -2.456530383824899, -0.7529087243702589, -1.8045667341034095, 0.6869215378359462, -0.7719061435373253, 1.4918761013948545, 1.2177341243612163, -0.7520080747727902, 0.30824969871347085, -1.911420324863423, 3.564328281071863, -0.242319192600986, 1.945230491457084, 3.5597996148922073, -1.6611271993880392, -1.0420046041323552, 3.5556020156803116, 2.400002965877765, -3.20082847619792, 6.125656449352406, 2.17373272580061, -1.1110644935249785, 4.135819328053349, 6.394388475380929, -1.1343887284888452, 1.2333385638467305, 5.1281127235202515, -0.1589264807629447, 6.182269460622897, 5.184559098789041, 2.8262306108205983, 3.5077171477751836, 3.499459597465351, 3.8228775563488426, 3.868577455450661, 7.4284463805459335, 6.069417036314743, 1.0439487652772175, 7.35347607827268, 4.371569066336816, 3.759995805550676, 11.478343575800036, 4.550483579529155, 5.743184901740948, 10.021281528810196, 2.335864913669819, 2.1729861069069316, 9.90958868460378, -0.7750089969188085, 2.9301359860462153, 12.928550960546696, 0.3051228145565821, -0.7776661580611082, 11.960014332236204, 3.682257811080368, -1.3367252524903654, 13.335557840201407, 0.7251917928195173, -4.377218677780737, 9.91771268936111, 1.8472669796994046, -1.9340320854139963, 7.684542954222822, 1.7833963591528375, -3.695093512071477, 10.902410294949531, -2.6759277125377823, -1.1415118973480332, 8.78735347098705, -2.809547429952414, -5.0634076700063195, 6.764098241680035, -4.495278971592798, -4.001180911934155, 5.165070161714107, -1.7520537003669545, -6.604012436575905, 7.257615119544241, -1.563347340150083], "name": "C12H26", "identifiers": {"molecule_hash": "aeb812800ffef799f3bc6d6321b551b1fcc9949c", "molecular_formula": "C12H26"}, "molecular_charge": 0.0, "molecular_multiplicity": 1, "connectivity": [[0, 1, 1.0], [0, 12, 1.0], [0, 13, 1.0], [0, 14, 1.0], [1, 2, 1.0], [1, 15, 1.0], [1, 16, 1.0], [2, 3, 1.0], [2, 17, 1.0], [2, 18, 1.0], [3, 4, 1.0], [3, 19, 1.0], [3, 20, 1.0], [4, 5, 1.0], [4, 21, 1.0], [4, 22, 1.0], [5, 6, 1.0], [5, 23, 1.0], [5, 24, 1.0], [6, 7, 1.0], [6, 25, 1.0], [6, 26, 1.0], [7, 8, 1.0], [7, 27, 1.0], [7, 28, 1.0], [8, 9, 1.0], [8, 29, 1.0], [8, 30, 1.0], [9, 10, 1.0], [9, 31, 1.0], [9, 32, 1.0], [10, 11, 1.0], [10, 33, 1.0], [10, 34, 1.0], [11, 35, 1.0], [11, 36, 1.0], [11, 37, 1.0]], "fix_com": true, "fix_orientation": true, "provenance": {"creator": "QCElemental", "version": "v0.22.0", "routine": "qcelemental.molparse.from_schema"}, "id": "179711"}