{"schema_name": "qcschema_molecule", "schema_version": 2, "validated": true, "symbols": ["C", "C", "C", "C", "C", "C", "C", "C", "C", "C", "C", "C", "H", "H", "H", "H", "H", "H", "H", "H", "H", "H", "H", "H", "H", "H", "H", "H", "H", "H", "H", "H", "H", "H", "H", "H", "H", "H"], "geometry": [0.0, 0.0, 0.0, 2.902587712336768, 8.338972178844146e-17, 2.0579106121588363e-16, 4.1437942045243, 2.322810692792642, 1.2521075604259955, 4.673065612909342, 4.575325868454845, -0.5126138830218505, 2.3864584267717714, 5.797792540703638, -1.8217429628407598, 0.45940034980759226, 6.970269584947316, -8.881784197001252e-16, -1.9088683824805406, 8.049308955334663, -1.2883493340553733, -1.4050112190871866, 10.31583931874414, -3.0270879115011753, -3.780448516853658, 11.37600122876635, -4.317832434213287, -5.709900952583599, 12.550748390052734, -2.4962614646123624, -7.9037746097370665, 13.92044107606261, -3.815971428761303, -9.600788381953025, 12.182851957603733, -5.399738366646453, -0.7383294304210776, -1.7460147757421733, -0.8337274719171925, -0.7898477623788906, 1.5824278877828857, -1.067187683424488, -0.7323456803407338, 0.12705143312132916, 1.9338735684771207, 3.600733320493169, -0.18476937993944098, -1.9459067697163266, 3.536982317501444, -1.7064740506405862, 0.991103484562488, 5.96622407490085, 1.7455880887846553, 2.0544078235574563, 2.993083198103683, 2.9296656940757564, 2.8670892740358385, 5.666641157513453, 6.036155934725647, 0.5781980996935894, 6.006917900710946, 3.94978838944513, -1.9747633361415282, 3.09818800682571, 7.260166750137629, -3.105362517718533, 1.4368216829354918, 4.4057850239794405, -3.0302999917687488, -0.1422429904789313, 5.543966809962176, 1.3752954665736656, 1.3886365016394087, 8.468741236437648, 1.098594341528996, -3.259097700804017, 8.600851436192118, 0.18289283885052265, -2.834160839026359, 6.5457133726725, -2.3845572220157987, -0.05136688701401315, 9.76893379677678, -4.496901909896192, -0.4893772341398215, 11.823277982493284, -1.928807806083074, -3.204274279906583, 12.82253776298417, -5.69126440101211, -4.677452831211578, 9.863310255545194, -5.41692475789143, -4.722686582151516, 13.89799647812489, -1.2629821301569057, -6.488375158615121, 11.088200784934656, -1.2490781412921685, -9.061695208611747, 14.863877991597079, -2.3774096003197966, -7.1413835481938275, 15.426835799887883, -5.023418815934188, -11.20405941001734, 13.225657267575567, -6.191922541978735, -10.361729442860481, 10.638357557830131, -4.246046753765703, -8.570007185966324, 11.334241815741382, -6.979872366771479], "name": "C12H26", "identifiers": {"molecule_hash": "fb0c60ae2c9cab444c352dadb8664591d00efc8e", "molecular_formula": "C12H26"}, "molecular_charge": 0.0, "molecular_multiplicity": 1, "connectivity": [[0, 1, 1.0], [0, 12, 1.0], [0, 13, 1.0], [0, 14, 1.0], [1, 2, 1.0], [1, 15, 1.0], [1, 16, 1.0], [2, 3, 1.0], [2, 17, 1.0], [2, 18, 1.0], [3, 4, 1.0], [3, 19, 1.0], [3, 20, 1.0], [4, 5, 1.0], [4, 21, 1.0], [4, 22, 1.0], [5, 6, 1.0], [5, 23, 1.0], [5, 24, 1.0], [6, 7, 1.0], [6, 25, 1.0], [6, 26, 1.0], [7, 8, 1.0], [7, 27, 1.0], [7, 28, 1.0], [8, 9, 1.0], [8, 29, 1.0], [8, 30, 1.0], [9, 10, 1.0], [9, 31, 1.0], [9, 32, 1.0], [10, 11, 1.0], [10, 33, 1.0], [10, 34, 1.0], [11, 35, 1.0], [11, 36, 1.0], [11, 37, 1.0]], "fix_com": true, "fix_orientation": true, "provenance": {"creator": "QCElemental", "version": "v0.22.0", "routine": "qcelemental.molparse.from_schema"}, "id": "177319"}