{"schema_name": "qcschema_molecule", "schema_version": 2, "validated": true, "symbols": ["C", "C", "C", "C", "C", "C", "C", "C", "C", "C", "C", "C", "H", "H", "H", "H", "H", "H", "H", "H", "H", "H", "H", "H", "H", "H", "H", "H", "H", "H", "H", "H", "H", "H", "H", "H", "H", "H"], "geometry": [0.0, 0.0, -0.0, 2.899637296669285, 2.2204451095064923e-16, -2.042865640567136e-19, 4.099541017486333, 2.6425187911487007, -0.10890129566931188, 3.5385512181589456, 4.104803604185122, -2.5535144028426737, 4.796823185399352, 6.730143700151296, -2.734332159102497, 7.41027317013263, 6.784903608238115, -4.008848164655195, 9.550576510785886, 5.323954774904044, -2.6975507077166303, 10.254305424320947, 6.15412306780236, 1.3721662694976544e-15, 11.239681902724852, 8.88773165437994, 0.2557453879208077, 9.243950725235262, 10.948447507689718, 0.7540901375409157, 7.70944655435034, 10.63550265903458, 3.2027044323684826, 9.316119462552825, 10.559690414845807, 5.613660721822576, -0.7731449595855322, 0.7549959108915468, -1.763805848336301, -0.7438155363284014, -1.918020072338787, 0.23102063278427415, -0.7404895357815451, 1.1537782212090992, 1.5543416586660543, 3.5894359883425535, -1.1270992498884262, -1.6008177462718334, 3.5704951154807962, -0.9606295298750887, 1.71090910204834, 3.431642135000955, 3.7612433809574504, 1.5093835191110148, 6.143424836250424, 2.4447374025838187, 0.13726608644700627, 4.104904618159502, 2.95349721058953, -4.187436495983164, 1.4881861158850422, 4.345020546549839, -2.7156720814939934, 3.5620609116465554, 7.983351214280495, -3.830760384153844, 4.9025883094083085, 7.5704014145638805, -0.8431604001884742, 7.987630548856142, 8.760465305977823, -4.249948592032831, 7.2042315347719015, 6.0275658077821985, -5.930740028408238, 9.0792244033996, 3.3053827388086883, -2.668012837312398, 11.247466611394104, 5.481518559412989, -3.883016290714322, 8.652437228345594, 5.857484818650239, 1.2761597960291768, 11.731879543798877, 4.860995674757264, 0.6648767464126663, 12.291043515880647, 9.38813120366368, -1.4621568213177958, 12.629458823950268, 8.953725698185265, 1.790217643764516, 7.928551919079015, 11.066446211191982, -0.8386735512239829, 10.220199391346785, 12.779527336186348, 0.824698339040487, 6.551140568349599, 8.919750148426878, 3.1020033998444805, 6.3680188440226475, 12.211522921820633, 3.3299181389095796, 10.53855168486047, 12.227813831538194, 5.748884940229557, 10.532277812168742, 8.886873584797629, 5.6725340298605085, 8.120216033295435, 10.516369175821604, 7.302721965146126], "name": "C12H26", "identifiers": {"molecule_hash": "1f395a08d811cbe455ff717d451e36748a6c7e45", "molecular_formula": "C12H26"}, "molecular_charge": 0.0, "molecular_multiplicity": 1, "connectivity": [[0, 1, 1.0], [0, 12, 1.0], [0, 13, 1.0], [0, 14, 1.0], [1, 2, 1.0], [1, 15, 1.0], [1, 16, 1.0], [2, 3, 1.0], [2, 17, 1.0], [2, 18, 1.0], [3, 4, 1.0], [3, 19, 1.0], [3, 20, 1.0], [4, 5, 1.0], [4, 21, 1.0], [4, 22, 1.0], [5, 6, 1.0], [5, 23, 1.0], [5, 24, 1.0], [6, 7, 1.0], [6, 25, 1.0], [6, 26, 1.0], [7, 8, 1.0], [7, 27, 1.0], [7, 28, 1.0], [8, 9, 1.0], [8, 29, 1.0], [8, 30, 1.0], [9, 10, 1.0], [9, 31, 1.0], [9, 32, 1.0], [10, 11, 1.0], [10, 33, 1.0], [10, 34, 1.0], [11, 35, 1.0], [11, 36, 1.0], [11, 37, 1.0]], "fix_com": true, "fix_orientation": true, "provenance": {"creator": "QCElemental", "version": "v0.22.0", "routine": "qcelemental.molparse.from_schema"}, "id": "169951"}