{"schema_name": "qcschema_molecule", "schema_version": 2, "validated": true, "symbols": ["C", "C", "C", "C", "C", "C", "C", "C", "C", "C", "C", "C", "H", "H", "H", "H", "H", "H", "H", "H", "H", "H", "H", "H", "H", "H", "H", "H", "H", "H", "H", "H", "H", "H", "H", "H", "H", "H"], "geometry": [5.137982013494373, 2.864620151729357, -8.881784197001252e-16, 4.89298853184097, -5.462260073032994e-16, -8.292848005792464e-16, 2.446537364956368, -0.9751417205371081, 1.1828707254849882, 0.0, 0.0, -0.0, -0.36883053511851605, -0.7804937156990408, -2.747953352664603, -2.601079697928755, 0.4122338762500519, -4.140320162167933, -5.226742067773614, -0.03807332396048957, -3.0116580140593676, -6.125076936254201, 1.728185785919178, -0.9016035694980296, -6.35117797132804, 4.526411576816868, -1.6384506173995688, -4.102768593327034, 6.209062090265087, -0.9606002709695192, -3.710149982768384, 6.592422130887339, 1.8648432622150477, -1.4001814615914723, 8.194118710038653, 2.456530383824898, 7.000142609102387, 3.461018140684973, -0.6869215378359468, 3.7173085107732935, 3.7608456785974544, -1.2177341243612163, 4.894934223944844, 3.6401598304534772, 1.9114203248634218, 5.07569334289388, -0.7073925593155398, -1.9452304914570848, 6.4897267222803805, -0.8237810077166285, 1.0420046041323532, 2.4437255016453707, -0.47353828946111665, 3.2008284761979198, 2.4501711386601563, -3.0535259769018204, 1.111064493524978, -1.5855734761415154, -0.7112723335351526, 1.134388728488846, -0.07657486315745282, 2.0727485091224467, 0.15892648076294458, -0.5545283278937149, -2.8533720435937924, -2.8262306108205975, 1.3523482492448011, -0.3321397807744966, -3.8228775563488426, -2.5930978414480084, -0.35688748196813025, -6.069417036314741, -2.277705624214094, 2.4510789588716024, -4.371569066336815, -6.619012088773794, 0.096402425267053, -4.5504835795291525, -5.336242859838883, -2.003733738252812, -2.3358649136698166, -4.9207295317547795, 1.5439617673205792, 0.7750089969188086, -7.993230036831148, 1.0468201281949585, -0.3051228145565812, -6.712263890083624, 4.658604406237143, -3.6822578110803654, -8.035165226519439, 5.332844027904103, -0.7251917928195133, -4.370662513313648, 8.071034234822516, -1.847266979699402, -2.3538061642185895, 5.4464393597659555, -1.7833963591528352, -5.409904363935175, 7.475298981490803, 2.6759277125377827, -3.5201383945211093, 4.7507753511127575, 2.809547429952415, -1.1700463749731305, 8.485998995577706, 4.495278971592796, 0.33265032954867624, 7.291378093239513, 1.7520537003669547, -1.5304889304093747, 10.063054200617895, 1.5633473401500835], "name": "C12H26", "identifiers": {"molecule_hash": "aeb812800ffef799f3bc6d6321b551b1fcc9949c", "molecular_formula": "C12H26"}, "molecular_charge": 0.0, "molecular_multiplicity": 1, "connectivity": [[0, 1, 1.0], [0, 12, 1.0], [0, 13, 1.0], [0, 14, 1.0], [1, 2, 1.0], [1, 15, 1.0], [1, 16, 1.0], [2, 3, 1.0], [2, 17, 1.0], [2, 18, 1.0], [3, 4, 1.0], [3, 19, 1.0], [3, 20, 1.0], [4, 5, 1.0], [4, 21, 1.0], [4, 22, 1.0], [5, 6, 1.0], [5, 23, 1.0], [5, 24, 1.0], [6, 7, 1.0], [6, 25, 1.0], [6, 26, 1.0], [7, 8, 1.0], [7, 27, 1.0], [7, 28, 1.0], [8, 9, 1.0], [8, 29, 1.0], [8, 30, 1.0], [9, 10, 1.0], [9, 31, 1.0], [9, 32, 1.0], [10, 11, 1.0], [10, 33, 1.0], [10, 34, 1.0], [11, 35, 1.0], [11, 36, 1.0], [11, 37, 1.0]], "fix_com": true, "fix_orientation": true, "provenance": {"creator": "QCElemental", "version": "v0.22.0", "routine": "qcelemental.molparse.from_schema"}, "id": "179711"}