{"schema_name": "qcschema_molecule", "schema_version": 2, "validated": true, "symbols": ["C", "C", "C", "C", "C", "C", "C", "C", "C", "C", "C", "C", "H", "H", "H", "H", "H", "H", "H", "H", "H", "H", "H", "H", "H", "H", "H", "H", "H", "H", "H", "H", "H", "H", "H", "H", "H", "H"], "geometry": [8.278657287772084, 2.637453685899747, 1.3877787807814457e-15, 9.481178171804581, 1.018821503217372e-15, -7.346594823616708e-16, 8.912340781484989, -1.559762839882086, 2.3857854550926856, 6.096443231551035, -2.038583520542948, 2.9157015823594965, 4.72655660220568, -3.4769864728402258, 0.80424503868256, 2.0010316759751214, -4.235500956823537, 1.4616293973040082, 0.21448870872514053, -2.0244417935583567, 2.0736834637270234, 0.0, 0.0, 0.0, -0.8507875399798863, -0.9802815295457261, -2.601532997901314, -3.3851734395377275, -2.3985517642918244, -2.626485906223863, -5.647340946149592, -0.8336410650951149, -1.7120574639076693, -8.158121899988343, -2.260718608756444, -1.936805237539208, 8.829930580123994, 3.7083399427247796, 1.6864845210020325, 8.868847981983865, 3.7258278752598097, -1.6589290170082092, 6.211952955031847, 2.5398263290044234, -0.02715721884935146, 8.862176756720352, -1.0381420197267457, -1.6833549415612703, 11.537927815201968, 0.19372886264305636, -0.1776669186239685, 9.74187444981627, -0.5938648332237064, 4.025321325345892, 9.887731992956377, -3.385660071398981, 2.2348329134990803, 5.143695924894011, -0.23434446274049114, 3.2709512179722147, 5.932216008641222, -3.1206516275323093, 4.679544883834914, 5.8016537833251425, -5.1958530475035225, 0.3581564189976285, 4.728110749104361, -2.345230231191329, -0.9305568095525503, 1.2200546704745308, -5.334968436166154, -0.11275612147768022, 2.0351642469959, -5.520454165916206, 3.090976302350551, 0.8290861289524987, -1.1053400996125227, 3.826315921211486, -1.6661204533918885, -2.796531517620959, 2.480493851281239, -1.3118180455529878, 1.467507497114797, 0.648305804231982, 1.8273153805786495, 0.9519068070001948, -0.22758114434687726, 0.6128154910054356, -2.225167952402022, -3.379578112161263, -0.9727679565161435, 0.6331091660609867, -3.901228789268968, -3.242740667669204, -4.119894202491163, -1.4775778840369598, -3.7589722394526923, -3.0433176937510464, -4.563495378514989, -5.360519039187156, -0.26893752644679586, 0.2609970624461889, -5.747085642437667, 0.9266749576073747, -2.8076167356903348, -8.543062772762573, -2.790522881892505, -3.902293183503716, -8.125904245991126, -4.003529556247983, -0.8167587253158409, -9.74671937181411, -1.113086508024092, -1.2696010031560387], "name": "C12H26", "identifiers": {"molecule_hash": "d867984b27fd093d6d83c09de23060e6b8e6fb7f", "molecular_formula": "C12H26"}, "molecular_charge": 0.0, "molecular_multiplicity": 1, "connectivity": [[0, 1, 1.0], [0, 12, 1.0], [0, 13, 1.0], [0, 14, 1.0], [1, 2, 1.0], [1, 15, 1.0], [1, 16, 1.0], [2, 3, 1.0], [2, 17, 1.0], [2, 18, 1.0], [3, 4, 1.0], [3, 19, 1.0], [3, 20, 1.0], [4, 5, 1.0], [4, 21, 1.0], [4, 22, 1.0], [5, 6, 1.0], [5, 23, 1.0], [5, 24, 1.0], [6, 7, 1.0], [6, 25, 1.0], [6, 26, 1.0], [7, 8, 1.0], [7, 27, 1.0], [7, 28, 1.0], [8, 9, 1.0], [8, 29, 1.0], [8, 30, 1.0], [9, 10, 1.0], [9, 31, 1.0], [9, 32, 1.0], [10, 11, 1.0], [10, 33, 1.0], [10, 34, 1.0], [11, 35, 1.0], [11, 36, 1.0], [11, 37, 1.0]], "fix_com": true, "fix_orientation": true, "provenance": {"creator": "QCElemental", "version": "v0.22.0", "routine": "qcelemental.molparse.from_schema"}, "id": "176000"}