{"schema_name": "qcschema_molecule", "schema_version": 2, "validated": true, "symbols": ["C", "C", "C", "C", "C", "C", "C", "C", "C", "C", "C", "C", "H", "H", "H", "H", "H", "H", "H", "H", "H", "H", "H", "H", "H", "H", "H", "H", "H", "H", "H", "H", "H", "H", "H", "H", "H", "H"], "geometry": [0.0, 0.0, 0.0, 2.899009700005558, 2.459487977777916e-16, 3.374829020929093e-17, 4.0788960695995335, 2.268540505033299, -1.3831319111515454, 3.307189736167227, 4.8870260222333, -0.3871322535916262, 4.180212946334341, 5.425629060811705, 2.3258381308618494, 3.131936451350898, 7.837467782955889, 3.568752603230489, 3.8425182275094856, 10.372684867523839, 2.323307024271318, 2.326265017242625, 11.265473099088398, 8.881784197001252e-16, -0.5211570368742446, 11.72640691162611, 0.4540988537051982, -2.301261847010159, 9.484518651236508, -0.06476054762902717, -2.463683132115037, 8.702076087432417, -2.851423074438337, -4.214650183093317, 6.432647076324451, -3.2705274996020797, -0.7456153036959399, -1.74314026351284, 0.8306972943192281, -0.7680275820568045, 1.5825190542217917, 1.0898892319125735, -0.7460730135597249, 0.15067793946530672, -1.9276890771652835, 3.5854131109926892, -0.07986423685047628, 1.9536156064936283, 3.577091815993402, -1.73671050669879, -0.9071777429988683, 3.56048672217161, 2.154677477515189, -3.3899446059504648, 6.146341138405993, 2.097813322129286, -1.3105367558135421, 4.100244726224135, 6.312883230346816, -1.6599366840220857, 1.2519369889159504, 5.095652044670705, -0.5131739426936495, 6.256145692755782, 5.499662323799271, 2.355612735392865, 3.6550628464269406, 3.827693891675004, 3.5374975620401083, 3.8532399254955556, 7.875030661536469, 5.513157666774382, 1.0752820995125156, 7.687761761472106, 3.751358966731276, 3.674892458739852, 11.857068117870408, 3.764310470232822, 5.855099751062362, 10.31266114317903, 1.813391178751088, 2.585180837246376, 9.965560901176698, -1.5839395172467219, 3.1826473521282983, 13.052167972917747, -0.6111069408841061, -0.7924006899072231, 12.366791434707011, 2.4094332422053544, -1.139993463585157, 13.303797719781805, -0.7432548694095269, -4.205883949732951, 9.993906669825822, 0.5851053057682538, -1.7426739516416463, 7.8412133023915995, 1.0629177891916255, -3.129788518152496, 10.316248640092699, -3.97314613559317, -0.5769120582534135, 8.240928126896613, -3.5705954092585723, -4.32731567048857, 5.920925113315306, -5.273374726881402, -3.5385202179269015, 4.771083853546548, -2.234353584963057, -6.137024960358662, 6.838026627358294, -2.6127983180760594], "name": "C12H26", "identifiers": {"molecule_hash": "a104d163faf670658e0a31293352e99993b65b69", "molecular_formula": "C12H26"}, "molecular_charge": 0.0, "molecular_multiplicity": 1, "connectivity": [[0, 1, 1.0], [0, 12, 1.0], [0, 13, 1.0], [0, 14, 1.0], [1, 2, 1.0], [1, 15, 1.0], [1, 16, 1.0], [2, 3, 1.0], [2, 17, 1.0], [2, 18, 1.0], [3, 4, 1.0], [3, 19, 1.0], [3, 20, 1.0], [4, 5, 1.0], [4, 21, 1.0], [4, 22, 1.0], [5, 6, 1.0], [5, 23, 1.0], [5, 24, 1.0], [6, 7, 1.0], [6, 25, 1.0], [6, 26, 1.0], [7, 8, 1.0], [7, 27, 1.0], [7, 28, 1.0], [8, 9, 1.0], [8, 29, 1.0], [8, 30, 1.0], [9, 10, 1.0], [9, 31, 1.0], [9, 32, 1.0], [10, 11, 1.0], [10, 33, 1.0], [10, 34, 1.0], [11, 35, 1.0], [11, 36, 1.0], [11, 37, 1.0]], "fix_com": true, "fix_orientation": true, "provenance": {"creator": "QCElemental", "version": "v0.22.0", "routine": "qcelemental.molparse.from_schema"}, "id": "169189"}