{"schema_name": "qcschema_molecule", "schema_version": 2, "validated": true, "symbols": ["C", "C", "C", "C", "C", "C", "C", "C", "C", "C", "C", "C", "H", "H", "H", "H", "H", "H", "H", "H", "H", "H", "H", "H", "H", "H", "H", "H", "H", "H", "H", "H", "H", "H", "H", "H", "H", "H"], "geometry": [9.529931729215624, 2.8659028388804932, 1.1102230246251565e-15, 9.907445509929104, 1.6793559862285204e-15, -5.78970718087263e-16, 8.464003396562555, -1.3985676612895113, -2.089998073518889, 5.57322236735004, -1.175915722398041, -2.0201355329564237, 4.354156049589055, -2.2747759453394782, 0.3661838973257952, 1.4633319135340974, -2.497749876683679, 0.24532280717433486, 0.0, -0.0, 0.0, 0.12507141018100787, 1.8184035506422065, 2.2780440550354526, -2.0934617877306794, 1.6353598915488898, 4.143831153114621, -2.3731810257329906, -0.8375481961483586, 5.633259827746555, -0.19388287404259974, -1.5027724956815, 7.426724521198178, 0.21360167083414194, 0.39838733284141137, 9.56638114552842, 10.010418785932197, 3.6747738441449505, -1.8255549734085215, 7.590890980234883, 3.3847065934334397, 0.42034067480133985, 10.72354286856394, 3.758134904867045, 1.4102673475318759, 9.393416015338882, -0.7561621188256988, 1.8386348520763263, 11.909151007319096, -0.4014690866650818, -0.2332691573736256, 8.97259259483502, -3.3898177695542566, -2.0137479538988687, 9.125368707665979, -0.7105416792860566, -3.9121313689429282, 5.028956113362884, 0.7889246356566785, -2.2513069251782456, 4.822487395396562, -2.1654634504837906, -3.6598172152820547, 4.90072245920397, -1.1654258770324488, 2.0043103232097526, 5.118072540712787, -4.158199599751429, 0.6843575967193346, 0.8217911030894849, -3.5156975117011653, 1.9071625008638224, 0.9755327732465107, -3.681664574845405, -1.3644247998586807, 0.671397642317292, 0.9825866880404949, -1.6713117433426228, -1.9703678301860732, -0.4431508689335829, -0.3849248708944937, 1.9036033759270172, 1.59560947396076, 3.277585623224262, 0.13891080069782635, 3.7448186709311746, 1.565478730935332, -3.836249482151193, 1.9457088549869872, 3.0971682786893386, -1.9544425456230976, 3.2027189709315946, 5.46414745342866, -4.104151575616484, -0.716531935160313, 6.738225092236518, -2.6564673894505626, -2.3953987667895023, 4.325927566300136, -0.5864427709056006, -3.344654155704972, 8.249097725270087, 1.5538230662208057, -1.7190097685181212, 6.3714492502652185, 0.8076546671371492, 2.2306421370534273, 8.863205776981887, 1.6629511967607238, -0.2617213073365732, 10.859968632656635, -1.5097531433267781, 0.6737901430596898, 10.648847612067708], "name": "C12H26", "identifiers": {"molecule_hash": "796a86b272d97496cb32024a2d1790b0e94860cf", "molecular_formula": "C12H26"}, "molecular_charge": 0.0, "molecular_multiplicity": 1, "connectivity": [[0, 1, 1.0], [0, 12, 1.0], [0, 13, 1.0], [0, 14, 1.0], [1, 2, 1.0], [1, 15, 1.0], [1, 16, 1.0], [2, 3, 1.0], [2, 17, 1.0], [2, 18, 1.0], [3, 4, 1.0], [3, 19, 1.0], [3, 20, 1.0], [4, 5, 1.0], [4, 21, 1.0], [4, 22, 1.0], [5, 6, 1.0], [5, 23, 1.0], [5, 24, 1.0], [6, 7, 1.0], [6, 25, 1.0], [6, 26, 1.0], [7, 8, 1.0], [7, 27, 1.0], [7, 28, 1.0], [8, 9, 1.0], [8, 29, 1.0], [8, 30, 1.0], [9, 10, 1.0], [9, 31, 1.0], [9, 32, 1.0], [10, 11, 1.0], [10, 33, 1.0], [10, 34, 1.0], [11, 35, 1.0], [11, 36, 1.0], [11, 37, 1.0]], "fix_com": true, "fix_orientation": true, "provenance": {"creator": "QCElemental", "version": "v0.22.0", "routine": "qcelemental.molparse.from_schema"}, "id": "167214"}