{"schema_name": "qcschema_molecule", "schema_version": 2, "validated": true, "symbols": ["C", "C", "C", "C", "C", "C", "C", "C", "C", "C", "C", "C", "H", "H", "H", "H", "H", "H", "H", "H", "H", "H", "H", "H", "H", "H", "H", "H", "H", "H", "H", "H", "H", "H", "H", "H", "H", "H"], "geometry": [0.0, 0.0, 0.0, 2.8906170289718673, 4.858962192937505e-15, -8.350227839564473e-16, 4.088833041039304, 0.49268020766587106, -2.5940195639043795, 3.490002212207225, 3.0506604810904268, -3.820861658236516, 4.412169964026105, 5.353080029450579, -2.329884549632158, 3.9949486590660666, 7.839378089699758, -3.7527353338465814, 4.922388565926525, 10.193885504617368, -2.330084677510794, 3.3683492544338263, 11.007910549869347, 6.106226635438361e-16, 1.364836260449887, 13.052979941058345, -0.48964707867141133, -0.865555719869495, 12.34271503325016, -2.2024577515746695, -2.593081760399395, 10.22314692089128, -1.2368379692967324, -3.964383606172311, 10.833741765141816, 1.2340609038060535, -0.7392448871479945, -1.3441294847285457, -1.3654610389247606, -0.7288672643791537, -0.521845388650775, 1.8455480947242733, -0.7676615935043386, 1.8443364277583496, -0.46378038296486923, 3.573251081684676, 1.3739106287707434, 1.3648098281247771, 3.5499394539382663, -1.8286494184872943, 0.6661506854952765, 6.129649948553813, 0.31180436662018657, -2.4148276663970383, 3.49579656199935, -0.9991385640334931, -3.879947976004219, 4.362367643306322, 3.0786041872093137, -5.682789192628981, 1.4680117059944178, 3.216869682159275, -4.147933140957522, 3.464342859243978, 5.424899262396961, -0.5109414215677857, 6.418811772304906, 5.139782704411456, -1.9240025439201909, 4.996131165273817, 7.734990756537552, -5.545928316963789, 2.0061624094629713, 8.025939252109232, -4.22500573000167, 6.8617242031622405, 9.84485896294528, -1.7456911139329936, 5.016026342458601, 11.77151855410069, -3.6448592363041894, 2.5030230493712584, 9.373091516316988, 0.8893850233787706, 4.6606638708172925, 11.77090880945589, 1.402244269730092, 2.3050504830447283, 14.684482092332718, -1.316335861587422, 0.6416528268329935, 13.691635695749067, 1.3237247449436391, -2.009511759834047, 14.029485267466367, -2.4816604565062437, -0.1642878383911901, 11.832766177111623, -4.063691067798563, -1.5244259316265678, 8.485249652121256, -1.0051448344299858, -3.99459332041397, 9.833287465042222, -2.6882573261499774, -2.6616839063606257, 11.04690802402632, 2.8031068208088596, -5.278095192802004, 9.336566896841397, 1.72627373169455, -5.037807444408671, 12.577016279400079, 1.0722743583959793], "name": "C12H26", "identifiers": {"molecule_hash": "d1df652f1c28a33afc531bc063b577d45bd80e47", "molecular_formula": "C12H26"}, "molecular_charge": 0.0, "molecular_multiplicity": 1, "connectivity": [[0, 1, 1.0], [0, 12, 1.0], [0, 13, 1.0], [0, 14, 1.0], [1, 2, 1.0], [1, 15, 1.0], [1, 16, 1.0], [2, 3, 1.0], [2, 17, 1.0], [2, 18, 1.0], [3, 4, 1.0], [3, 19, 1.0], [3, 20, 1.0], [4, 5, 1.0], [4, 21, 1.0], [4, 22, 1.0], [5, 6, 1.0], [5, 23, 1.0], [5, 24, 1.0], [6, 7, 1.0], [6, 25, 1.0], [6, 26, 1.0], [7, 8, 1.0], [7, 27, 1.0], [7, 28, 1.0], [8, 9, 1.0], [8, 29, 1.0], [8, 30, 1.0], [9, 10, 1.0], [9, 31, 1.0], [9, 32, 1.0], [10, 11, 1.0], [10, 33, 1.0], [10, 34, 1.0], [11, 35, 1.0], [11, 36, 1.0], [11, 37, 1.0]], "fix_com": true, "fix_orientation": true, "provenance": {"creator": "QCElemental", "version": "v0.22.0", "routine": "qcelemental.molparse.from_schema"}, "id": "165242"}