{"schema_name": "qcschema_molecule", "schema_version": 2, "validated": true, "symbols": ["C", "C", "C", "C", "C", "C", "C", "C", "C", "C", "C", "C", "H", "H", "H", "H", "H", "H", "H", "H", "H", "H", "H", "H", "H", "H", "H", "H", "H", "H", "H", "H", "H", "H", "H", "H", "H", "H"], "geometry": [0.0, -0.0, 0.0, 2.8897789919516184, 5.871814537712496e-20, 1.1102228693491101e-16, 4.127894450576608, 2.622349511346018, -3.322361804612879e-05, 3.5966963337048474, 4.236727283027877, -2.3714217466061824, 1.5004511623084587, 6.227460060050343, -2.0918079013524116, 2.300913844501394, 8.530162378380385, -0.5270161854097641, 0.18151993589902038, 10.435046500482144, 5.547645676173829e-15, -0.904363792905069, 11.724565054054672, -2.3581220835580727, -2.8333349995405115, 13.833470780741731, -1.7893448187125518, -1.855402475722768, 16.56868231570821, -1.7104000564105424, 0.009512986466253169, 17.284512796984355, 0.4062027189061174, 2.804924832367675, 16.921317357175806, -0.24432336995120243, -0.7242143004460692, -1.9163349423481295, 0.11677731942032606, -0.7646724180913502, 0.8419597467373968, -1.7059965695295896, -0.7429129256266016, 1.0454438232760863, 1.6036493096634639, 3.5641903179636105, -1.0564558498937189, -1.630249763315998, 3.547978099154872, -1.0243996828922548, 1.655722022663612, 6.154701659442344, 2.347158230351396, 0.18282859952224056, 3.547901840113549, 3.6358167244086705, 1.6910182654494799, 5.319531393430976, 5.205993489408693, -2.932682694524064, 3.1314432130656833, 2.987557922777297, -3.9359476966131215, 0.9433315758809993, 6.8466880249746405, -3.968238290827583, -0.16871766599371746, 5.378803550757613, -1.2463021031408812, 3.057022413497849, 7.900429088707078, 1.2762343473412332, 3.8496763145857273, 9.485480010653449, -1.4891463855742901, 0.8968277115512511, 11.853693009602287, 1.297757842295361, -1.3493380148832594, 9.484501854775914, 0.9939249919555051, -1.8290544168284968, 10.299047151942744, -3.5079863438344687, 0.623725085611372, 12.469855855244743, -3.5144301977949484, -4.292921594553646, 13.780469154148832, -3.233826280123222, -3.792526635476579, 13.415146244172268, -0.017889789254992374, -3.5105920288542016, 17.772831954933228, -1.5306540773049726, -1.0213265526341568, 17.03724522303144, -3.5321472982602136, -0.267408250134817, 19.26800970288887, 0.8629555621274335, -0.4527634099066626, 16.248124840058352, 2.1192307714134913, 3.997559155472606, 17.507325954800883, 1.3198139848299115, 3.3198844993247283, 18.056564209084637, -1.8757097039641824, 3.2654958867085586, 14.974077835611276, -0.6772049056733364], "name": "C12H26", "identifiers": {"molecule_hash": "834a57c69a49f8beef1939f2fafe9b7d051a5f36", "molecular_formula": "C12H26"}, "molecular_charge": 0.0, "molecular_multiplicity": 1, "connectivity": [[0, 1, 1.0], [0, 12, 1.0], [0, 13, 1.0], [0, 14, 1.0], [1, 2, 1.0], [1, 15, 1.0], [1, 16, 1.0], [2, 3, 1.0], [2, 17, 1.0], [2, 18, 1.0], [3, 4, 1.0], [3, 19, 1.0], [3, 20, 1.0], [4, 5, 1.0], [4, 21, 1.0], [4, 22, 1.0], [5, 6, 1.0], [5, 23, 1.0], [5, 24, 1.0], [6, 7, 1.0], [6, 25, 1.0], [6, 26, 1.0], [7, 8, 1.0], [7, 27, 1.0], [7, 28, 1.0], [8, 9, 1.0], [8, 29, 1.0], [8, 30, 1.0], [9, 10, 1.0], [9, 31, 1.0], [9, 32, 1.0], [10, 11, 1.0], [10, 33, 1.0], [10, 34, 1.0], [11, 35, 1.0], [11, 36, 1.0], [11, 37, 1.0]], "fix_com": true, "fix_orientation": true, "provenance": {"creator": "QCElemental", "version": "v0.22.0", "routine": "qcelemental.molparse.from_schema"}, "id": "167880"}