{"schema_name": "qcschema_molecule", "schema_version": 2, "validated": true, "symbols": ["C", "C", "C", "C", "C", "C", "C", "C", "C", "C", "C", "C", "H", "H", "H", "H", "H", "H", "H", "H", "H", "H", "H", "H", "H", "H", "H", "H", "H", "H", "H", "H", "H", "H", "H", "H", "H", "H"], "geometry": [0.0, 0.0, 0.0, 2.8906170289718673, 3.684260121789638e-15, 3.2761263707483913e-15, 4.088833041039304, 2.334552629517208, -1.2335052918243363, 3.490002212207225, 4.889326454867661, -4.440892098500626e-16, 4.412169964026105, 5.160750969419446, 2.7295562364519084, 3.9949486590660666, 7.823974086879098, 3.784745804807717, 4.922388565926525, 8.181293524104609, 6.512375339157186, 3.3683492544338263, 6.8683075273961745, 8.602351212490568, 1.364836260449887, 8.52695850859161, 9.894999656194036, -0.865555719869495, 9.422303825163866, 8.271252938085818, -2.593081760399395, 7.345211535737669, 7.217365767625276, -3.964383606172311, 5.795254650211871, 9.236227069928413, -0.7392448871479945, 0.22840672211645752, -1.9023664972423497, -0.7288672643791537, -1.7678420816745355, 0.7437101275746613, -0.7676615935043386, 1.5131910305855936, 1.1519210074196842, 3.573251081684676, -0.20931608735318585, 1.925233247783332, 3.5499394539382663, -1.6615495411391874, -1.0133945696814752, 6.129649948553813, 2.081663352777764, -1.2630488142356244, 3.49579656199935, 2.4086573137925673, -3.201662710429023, 4.362367643306322, 6.361802132853859, -1.139899281418999, 1.4680117059944178, 5.248628036658472, -0.07418643172362316, 3.464342859243978, 3.784112689498254, 3.9205974412845674, 6.418811772304906, 4.7104810326635596, 2.8161179802159118, 4.996131165273817, 9.160168767948676, 2.5843202284778553, 2.0061624094629713, 8.309442716631757, 3.6358679893678896, 6.8617242031622405, 7.506834890923695, 6.604249797362245, 5.016026342458601, 10.193103246657836, 6.9249039072742535, 2.5030230493712584, 5.153246151962341, 7.879714740417273, 4.6606638708172925, 6.248563119653586, 10.073531760620114, 2.3050504830447283, 10.19095511154803, 10.654162957968799, 0.6416528268329935, 7.508347653478234, 11.52553038866299, -2.009511759834047, 10.692940642258982, 9.415206631432403, -0.1642878383911901, 10.558622752418547, 6.711439940043564, -1.5244259316265678, 6.079801669852954, 6.003814575106263, -3.99459332041397, 8.236202099713548, 6.007099532588889, -2.6616839063606257, 4.702096001112751, 10.381805138629877, -5.278095192802004, 4.476453505453435, 8.373342607910347, -5.037807444408671, 7.009389711822593, 10.49759813765814], "name": "C12H26", "identifiers": {"molecule_hash": "d1df652f1c28a33afc531bc063b577d45bd80e47", "molecular_formula": "C12H26"}, "molecular_charge": 0.0, "molecular_multiplicity": 1, "connectivity": [[0, 1, 1.0], [0, 12, 1.0], [0, 13, 1.0], [0, 14, 1.0], [1, 2, 1.0], [1, 15, 1.0], [1, 16, 1.0], [2, 3, 1.0], [2, 17, 1.0], [2, 18, 1.0], [3, 4, 1.0], [3, 19, 1.0], [3, 20, 1.0], [4, 5, 1.0], [4, 21, 1.0], [4, 22, 1.0], [5, 6, 1.0], [5, 23, 1.0], [5, 24, 1.0], [6, 7, 1.0], [6, 25, 1.0], [6, 26, 1.0], [7, 8, 1.0], [7, 27, 1.0], [7, 28, 1.0], [8, 9, 1.0], [8, 29, 1.0], [8, 30, 1.0], [9, 10, 1.0], [9, 31, 1.0], [9, 32, 1.0], [10, 11, 1.0], [10, 33, 1.0], [10, 34, 1.0], [11, 35, 1.0], [11, 36, 1.0], [11, 37, 1.0]], "fix_com": true, "fix_orientation": true, "provenance": {"creator": "QCElemental", "version": "v0.22.0", "routine": "qcelemental.molparse.from_schema"}, "id": "165242"}