{"schema_name": "qcschema_molecule", "schema_version": 2, "validated": true, "symbols": ["C", "C", "C", "C", "C", "C", "C", "C", "C", "C", "C", "C", "H", "H", "H", "H", "H", "H", "H", "H", "H", "H", "H", "H", "H", "H", "H", "H", "H", "H", "H", "H", "H", "H", "H", "H", "H", "H"], "geometry": [11.203696479928889, 2.8375501167753714, 0.0, 10.65235616490538, -3.2522708354977137e-16, 8.557990745046614e-16, 9.384926514057272, -0.9743611327091266, 2.4190153698841956, 6.782899682290846, 0.14124661134667554, 3.045017521146022, 4.729820326308273, -0.39925076313620445, 1.0784800504216092, 2.118876628535962, 0.5330836172031982, 1.9115356464961923, 0.0, 0.0, -0.0, 0.027099106630647185, 1.577837036617295, -2.452889211650487, -1.6549176627778628, 3.9456374831983623, -2.431255300974688, -0.9244677918624378, 6.075813983666002, -0.603241053414464, 1.6445928300747392, 7.336475241060786, -1.0722799457033252, 1.8623138389114033, 8.691119190758041, -3.6171126295955154, 12.332295520422939, 3.3713315995744897, 1.6306417319967128, 12.245795248528125, 3.377567032723544, -1.6828635582404785, 9.48371184166576, 3.9537638986014603, 0.041146833674714445, 9.505912934465155, -0.47264477817377026, -1.6366430172035542, 12.422259224542263, -1.015547715832742, -0.2419245500941064, 9.207959675289022, -3.0189597880565833, 2.2846333304179938, 10.644368283909223, -0.6149453405646488, 4.005033689709556, 6.182492512929072, -0.6307734773108669, 4.853904652258784, 6.937964056509662, 2.170922462602622, 3.3268292299527458, 5.239749071051873, 0.4672223540441519, -0.7107335585142415, 4.639983886009731, -2.4259647572834577, 0.730331952503193, 1.635570117647346, -0.39291547689302, 3.6829036757401425, 2.216371129848119, 2.5401201510612306, 2.3303605681370057, 0.09193610582562801, -1.99346776854877, -0.49192691123580823, -1.8151850161942247, 0.2573042579721883, 0.930174224691073, 1.9511472045843459, 2.085500802979358, -2.955626569052299, -0.6428237682063037, 0.3915210212093731, -3.989896061732224, -3.576361254789084, 3.3611791091980825, -1.9888987371467621, -1.73149510820862, 4.697224765679355, -4.341345684700706, -2.381521144479826, 7.524271594918916, -0.7069207085075193, -0.9773469006123818, 5.371705716543539, 1.3248277427957427, 3.1545428970238807, 5.954448168073331, -0.9108926142214471, 1.9675076758489076, 8.701454554020273, 0.42951920038412217, 1.7530637593742568, 7.38528429440221, -5.194208408253212, 3.6532874291972393, 9.6814104717437, -3.763334942379603, 0.3634186740145049, 10.07585545859781, -3.8478471263879968], "name": "C12H26", "identifiers": {"molecule_hash": "d1df652f1c28a33afc531bc063b577d45bd80e47", "molecular_formula": "C12H26"}, "molecular_charge": 0.0, "molecular_multiplicity": 1, "connectivity": [[0, 1, 1.0], [0, 12, 1.0], [0, 13, 1.0], [0, 14, 1.0], [1, 2, 1.0], [1, 15, 1.0], [1, 16, 1.0], [2, 3, 1.0], [2, 17, 1.0], [2, 18, 1.0], [3, 4, 1.0], [3, 19, 1.0], [3, 20, 1.0], [4, 5, 1.0], [4, 21, 1.0], [4, 22, 1.0], [5, 6, 1.0], [5, 23, 1.0], [5, 24, 1.0], [6, 7, 1.0], [6, 25, 1.0], [6, 26, 1.0], [7, 8, 1.0], [7, 27, 1.0], [7, 28, 1.0], [8, 9, 1.0], [8, 29, 1.0], [8, 30, 1.0], [9, 10, 1.0], [9, 31, 1.0], [9, 32, 1.0], [10, 11, 1.0], [10, 33, 1.0], [10, 34, 1.0], [11, 35, 1.0], [11, 36, 1.0], [11, 37, 1.0]], "fix_com": true, "fix_orientation": true, "provenance": {"creator": "QCElemental", "version": "v0.22.0", "routine": "qcelemental.molparse.from_schema"}, "id": "165242"}