{"schema_name": "qcschema_molecule", "schema_version": 2, "validated": true, "symbols": ["C", "C", "C", "C", "C", "C", "C", "C", "C", "C", "C", "C", "H", "H", "H", "H", "H", "H", "H", "H", "H", "H", "H", "H", "H", "H", "H", "H", "H", "H", "H", "H", "H", "H", "H", "H", "H", "H"], "geometry": [6.451221111876304, 2.851065639041046, 0.0, 5.926952709121295, 1.3565404213423711e-15, -3.632497051847281e-16, 4.246486609889408, -0.8951383351705744, -2.1971053856359264, 1.6399323648182398, 0.37724631442555934, -2.35927306659081, 0.0, -0.0, 0.0, -2.7018018345366923, 1.0419272270639313, -0.23634050248921823, -2.8926266767455573, 3.886560699234915, -0.8291008168970384, -1.6821420016106476, 5.7157014130947985, 1.094353616453068, -3.420777740775353, 6.604269421869983, 3.2505055466032666, -4.361172691711445, 4.574901532982735, 5.106019103238147, -2.2857985431047507, 3.0988922165602446, 6.503584607048958, -0.49539910188163916, 4.763653871820899, 8.06074521390027, 7.272981644101341, 3.458630841196887, -1.8029306998909456, 4.723621564791728, 3.950384662850035, 0.2985829179899653, 7.779489887150985, 3.3636795157793813, 1.502618028404184, 5.068760131598939, -0.5400604884847027, 1.8073537219035323, 7.7288054054802835, -1.0211123133016158, -0.09872189138835447, 3.9883813414467193, -2.9488238462514955, -2.0435608866907353, 5.255069981926962, -0.5695810022266607, -3.9819386727974333, 1.8869955299709797, 2.4000830957372874, -2.7261453646826928, 0.6333381321804115, -0.3788571596696433, -4.0097886368742195, 0.935203153051901, 0.8576667107257958, 1.6358849959560668, -0.11402055043194492, -2.0291766826426203, 0.42265555521301756, -3.7321141594078258, 0.608150917320435, 1.5053228340365352, -3.678104178385092, 0.008142364231001897, -1.7488157584619515, -2.035814710555281, 4.2148252671218005, -2.685730778401563, -4.895995817608582, 4.3811774252686355, -1.050529085851292, 0.05020070341769012, 4.891007984225638, 1.8753960803987981, -1.0673598246979599, 7.413041187558282, 0.07560677911236091, -5.0771010704695785, 7.531435995360951, 2.4111766929680383, -2.432036642645868, 8.082898825687902, 4.315562647684761, -5.570179212682011, 5.506226572650978, 6.5137027492914, -5.587588273659545, 3.235507661347026, 4.108849409542611, -3.197086490608125, 1.7234848517638506, 7.759766624990405, -1.1797561536163603, 1.9848668274864285, 5.154161002413739, 0.6128121692350591, 6.0316837297430075, 6.8585263294569705, 0.8401938591620517, 3.6100988249182184, 9.142627417574591, -1.5476422566113417, 5.938363645277749, 9.405217441876484], "name": "C12H26", "identifiers": {"molecule_hash": "2d5442e97dde3bc45bdb466c83ef7691211e6b8d", "molecular_formula": "C12H26"}, "molecular_charge": 0.0, "molecular_multiplicity": 1, "connectivity": [[0, 1, 1.0], [0, 12, 1.0], [0, 13, 1.0], [0, 14, 1.0], [1, 2, 1.0], [1, 15, 1.0], [1, 16, 1.0], [2, 3, 1.0], [2, 17, 1.0], [2, 18, 1.0], [3, 4, 1.0], [3, 19, 1.0], [3, 20, 1.0], [4, 5, 1.0], [4, 21, 1.0], [4, 22, 1.0], [5, 6, 1.0], [5, 23, 1.0], [5, 24, 1.0], [6, 7, 1.0], [6, 25, 1.0], [6, 26, 1.0], [7, 8, 1.0], [7, 27, 1.0], [7, 28, 1.0], [8, 9, 1.0], [8, 29, 1.0], [8, 30, 1.0], [9, 10, 1.0], [9, 31, 1.0], [9, 32, 1.0], [10, 11, 1.0], [10, 33, 1.0], [10, 34, 1.0], [11, 35, 1.0], [11, 36, 1.0], [11, 37, 1.0]], "fix_com": true, "fix_orientation": true, "provenance": {"creator": "QCElemental", "version": "v0.22.0", "routine": "qcelemental.molparse.from_schema"}, "id": "173724"}