{"schema_name": "qcschema_molecule", "schema_version": 2, "validated": true, "symbols": ["C", "C", "C", "C", "C", "C", "C", "C", "C", "C", "C", "C", "H", "H", "H", "H", "H", "H", "H", "H", "H", "H", "H", "H", "H", "H", "H", "H", "H", "H", "H", "H", "H", "H", "H", "H", "H", "H"], "geometry": [0.0, 0.0, 0.0, 2.902587712336768, 4.9817312269639185e-17, 2.1638401506244055e-16, 4.1437942045243, 2.0957272326181315, 1.6034806590322572, 4.673065612909342, 4.5988387127731984, 0.21693844637910897, 2.3864584267717714, 6.012843187854364, -0.8825319064894799, 0.45940034980759226, 6.882666044315786, 1.1016198115793556, -1.9088683824805406, 8.151761690885703, 3.552713678800501e-15, -1.4050112190871866, 10.664605738201432, -1.358670866260572, -3.780448516853658, 11.91543972837054, -2.4656392612072766, -5.709900952583599, 12.787531353414611, -0.4812985929319771, -7.9037746097370665, 14.348583741788662, -1.567948437332011, -9.600788381953025, 12.88314019410297, -3.4064284798321145, -0.7383294304210776, -1.5923036798061285, -1.099198838161362, -0.7898477623788906, 1.731203885085704, -0.8036794634368203, -0.7323456803407338, -0.18018540548424505, 1.9296482231648067, 3.600733320493169, 0.1250946611233562, -1.950652251414759, 3.536982317501444, -1.8416662485323911, 0.7089465647270079, 5.96622407490085, 1.39895930676825, 2.304470034347908, 2.993083198103683, 2.4397145678112286, 3.2940757143613757, 5.666641157513453, 5.868910880697397, 1.524918550364132, 6.006917900710946, 4.212249251872042, -1.3256978521774099, 3.09818800682571, 7.659708335269644, -1.9188970334168356, 1.4368216829354918, 4.829337671781593, -2.2959001218577324, -0.1422429904789313, 5.256930013168853, 2.234209579915186, 1.3886365016394087, 8.188676744708772, 2.423233547895194, -3.259097700804017, 8.463849071894446, 1.5399201622624383, -2.834160839026359, 6.840314289493064, -1.320067090419389, -0.05136688701401315, 10.356871321421176, -2.8964479530209566, -0.4893772341398215, 11.97952041551548, -0.035950220656564724, -3.204274279906583, 13.560860699630133, -3.593191095754551, -4.677452831211578, 10.595467120957657, -3.789992020902603, -4.722686582151516, 13.92293273560604, 0.9494071870684984, -6.488375158615121, 11.14625357238185, 0.5190608348202725, -9.061695208611747, 15.052805142882033, 0.0016392684315915673, -7.1413835481938275, 16.026877477144446, -2.5221414967412574, -11.20405941001734, 14.03804050055961, -4.023845651846875, -10.361729442860481, 11.17572148480925, -2.511337065664173, -8.570007185966324, 12.294928613646412, -5.100822108195828], "name": "C12H26", "identifiers": {"molecule_hash": "fb0c60ae2c9cab444c352dadb8664591d00efc8e", "molecular_formula": "C12H26"}, "molecular_charge": 0.0, "molecular_multiplicity": 1, "connectivity": [[0, 1, 1.0], [0, 12, 1.0], [0, 13, 1.0], [0, 14, 1.0], [1, 2, 1.0], [1, 15, 1.0], [1, 16, 1.0], [2, 3, 1.0], [2, 17, 1.0], [2, 18, 1.0], [3, 4, 1.0], [3, 19, 1.0], [3, 20, 1.0], [4, 5, 1.0], [4, 21, 1.0], [4, 22, 1.0], [5, 6, 1.0], [5, 23, 1.0], [5, 24, 1.0], [6, 7, 1.0], [6, 25, 1.0], [6, 26, 1.0], [7, 8, 1.0], [7, 27, 1.0], [7, 28, 1.0], [8, 9, 1.0], [8, 29, 1.0], [8, 30, 1.0], [9, 10, 1.0], [9, 31, 1.0], [9, 32, 1.0], [10, 11, 1.0], [10, 33, 1.0], [10, 34, 1.0], [11, 35, 1.0], [11, 36, 1.0], [11, 37, 1.0]], "fix_com": true, "fix_orientation": true, "provenance": {"creator": "QCElemental", "version": "v0.22.0", "routine": "qcelemental.molparse.from_schema"}, "id": "177319"}