{"schema_name": "qcschema_molecule", "schema_version": 2, "validated": true, "symbols": ["C", "C", "C", "C", "C", "C", "C", "C", "C", "C", "C", "C", "H", "H", "H", "H", "H", "H", "H", "H", "H", "H", "H", "H", "H", "H", "H", "H", "H", "H", "H", "H", "H", "H", "H", "H", "H", "H"], "geometry": [0.0, 0.0, -0.0, 2.8985629847746393, 1.019405413214861e-15, 4.432710861618306e-16, 4.080075140728704, 1.1422793541572578, 2.3960309067380203, 3.3787175613569276, 3.9131648672673025, 2.92693491913398, 4.015848485624243, 5.77786928967729, 0.791144743441687, 6.811334647568595, 5.84236076126046, -2.220446049250313e-16, 8.694245590146835, 6.442219350321384, 2.1327699859717586, 8.207552201438943, 8.93308918395061, 3.559269625530658, 8.323352531688835, 11.383236879963611, 1.9811160310395004, 10.936956938087251, 12.654395979211406, 1.8382325957906631, 13.065526213159986, 11.142472927075637, 0.566008407949441, 12.565106483173544, 10.50004606908568, -2.214927005446118, -0.7438775920196581, -0.9772019982447695, 1.6692481051402943, -0.7673383019062971, 1.921651139277465, 0.009006134005668631, -0.7461842620582835, -0.958555764279125, -1.6761035130555642, 3.576359141982114, -1.9495101419719667, -0.19780597035427666, 3.5852661265355663, 1.011391390982636, -1.6738883607053847, 6.1416820122560845, 0.9639685673036705, 2.2716365050963203, 3.5084377400929547, -0.001098971910630464, 4.031320858599264, 1.350444798921909, 4.045858192257169, 3.3321801836143576, 4.333266810881981, 4.50551191543304, 4.66883075047755, 3.4218408022830866, 7.675786276250795, 1.3756100784647, 2.873698760581898, 5.329420826078537, -0.8797282292589821, 7.337000339906435, 4.018605089534582, -0.8332583181261193, 7.021473011562009, 7.226969092753146, -1.5276760491911063, 10.603560276675768, 6.440112388958277, 1.3349158367467993, 8.664304612412556, 4.8969914711274045, 3.5149519825427564, 6.346256827344479, 8.807483659055661, 4.459331258199585, 9.567074633941619, 9.076750886870334, 5.120810201458976, 7.598293174718612, 11.039027319077903, 0.07218933286820306, 7.024399095154169, 12.764530229418149, 2.8185601532369837, 10.727602988681967, 14.46062391750195, 0.8354115135038755, 11.532534245504182, 13.135843585934692, 3.767498322455878, 14.811083724303318, 12.255377188996665, 0.6933100904407477, 13.42988473571078, 9.403161786639865, 1.6307310549057823, 12.192838106633694, 12.215822095016215, -3.3160176355191284, 10.932107696068167, 9.251383268294127, -2.4371388936524805, 14.19467707998265, 9.547890651695472, -3.06554512118858], "name": "C12H26", "identifiers": {"molecule_hash": "4e9c7270ecca3deb78b91e55c173b6a94232d73a", "molecular_formula": "C12H26"}, "molecular_charge": 0.0, "molecular_multiplicity": 1, "connectivity": [[0, 1, 1.0], [0, 12, 1.0], [0, 13, 1.0], [0, 14, 1.0], [1, 2, 1.0], [1, 15, 1.0], [1, 16, 1.0], [2, 3, 1.0], [2, 17, 1.0], [2, 18, 1.0], [3, 4, 1.0], [3, 19, 1.0], [3, 20, 1.0], [4, 5, 1.0], [4, 21, 1.0], [4, 22, 1.0], [5, 6, 1.0], [5, 23, 1.0], [5, 24, 1.0], [6, 7, 1.0], [6, 25, 1.0], [6, 26, 1.0], [7, 8, 1.0], [7, 27, 1.0], [7, 28, 1.0], [8, 9, 1.0], [8, 29, 1.0], [8, 30, 1.0], [9, 10, 1.0], [9, 31, 1.0], [9, 32, 1.0], [10, 11, 1.0], [10, 33, 1.0], [10, 34, 1.0], [11, 35, 1.0], [11, 36, 1.0], [11, 37, 1.0]], "fix_com": true, "fix_orientation": true, "provenance": {"creator": "QCElemental", "version": "v0.22.0", "routine": "qcelemental.molparse.from_schema"}, "id": "172456"}