{"schema_name": "qcschema_molecule", "schema_version": 2, "validated": true, "symbols": ["C", "C", "C", "C", "C", "C", "C", "C", "C", "C", "C", "C", "H", "H", "H", "H", "H", "H", "H", "H", "H", "H", "H", "H", "H", "H", "H", "H", "H", "H", "H", "H", "H", "H", "H", "H", "H", "H"], "geometry": [6.320896840447185, 2.8383377634779405, 0.0, 5.8651014869926, 2.051503826459166e-16, 7.738622655177768e-16, 4.213898026957375, -0.9281496278808441, -2.179027281116833, 1.6142385677183315, 0.309523852976341, -2.3627167783649736, 0.0, -0.0, 0.0, -2.7199915239584236, 0.9263623796496645, -0.28162539020405236, -3.012935989050842, 3.66664826316861, -1.160579655149775, -1.8218656572468457, 5.714740592678861, 0.5104401986879332, -3.578698103279993, 6.879558982583892, 2.48607246471849, -4.573250463004035, 5.108409528718401, 4.535410326192104, -2.551912858130684, 3.8141157132015584, 6.136788638011261, -0.7736716850336559, 5.6319475036183535, 7.478218495637402, 7.129142345907678, 3.4713946543380834, -1.8049503541453684, 4.561868662982997, 3.899459717637817, 0.2962069203739548, 7.634956740083059, 3.3906046108769994, 1.5044512723403602, 5.014728865429758, -0.5606374130903744, 1.8118049367303075, 7.688726026347691, -0.9894129931107822, -0.09114964024075772, 3.9748823401333064, -2.986315065340656, -2.0036852934330733, 5.226018491800593, -0.6174161186101077, -3.9685486759739366, 1.8435564167188139, 2.331219614790916, -2.7879938640331696, 0.6016808024326912, -0.4952186028796717, -3.9917389875524716, 0.9154571707199589, 0.9779224693509665, 1.5901868903520837, -0.04066675956363364, -2.008941908652238, 0.5380445882673646, -3.7111071870347643, 0.6358817817281185, 1.518584495882314, -3.691748726053452, -0.2897572883392835, -1.6609013972090474, -2.2127877875251922, 3.8142024939236228, -3.0703313548955284, -5.039080512592211, 4.079677839737945, -1.385964023002661, -0.10451429730958517, 4.982302716325837, 1.4286291443406822, -1.1656409238111234, 7.260660591673824, -0.7097520653265978, -5.206696697170669, 7.717457101599185, 1.5002364128019492, -2.593319495499195, 8.47295237190644, 3.3850973522505434, -5.816914336062613, 6.205680297099943, 5.790867197328828, -5.789121184153549, 3.6605384953884843, 3.672831909027271, -3.497031529888833, 2.6134680320112396, 7.543678236389698, -1.4393016989934866, 2.518737947110473, 4.952084395270265, 0.3830996630668214, 6.708653278706475, 6.134201603346223, 0.5254095389974169, 4.6215225430889255, 8.73784388910809, -1.8263287127979668, 7.002703328537539, 8.629387809982724], "name": "C12H26", "identifiers": {"molecule_hash": "58efefbfbbd33c256e63a202190b95b7b45a00c6", "molecular_formula": "C12H26"}, "molecular_charge": 0.0, "molecular_multiplicity": 1, "connectivity": [[0, 1, 1.0], [0, 12, 1.0], [0, 13, 1.0], [0, 14, 1.0], [1, 2, 1.0], [1, 15, 1.0], [1, 16, 1.0], [2, 3, 1.0], [2, 17, 1.0], [2, 18, 1.0], [3, 4, 1.0], [3, 19, 1.0], [3, 20, 1.0], [4, 5, 1.0], [4, 21, 1.0], [4, 22, 1.0], [5, 6, 1.0], [5, 23, 1.0], [5, 24, 1.0], [6, 7, 1.0], [6, 25, 1.0], [6, 26, 1.0], [7, 8, 1.0], [7, 27, 1.0], [7, 28, 1.0], [8, 9, 1.0], [8, 29, 1.0], [8, 30, 1.0], [9, 10, 1.0], [9, 31, 1.0], [9, 32, 1.0], [10, 11, 1.0], [10, 33, 1.0], [10, 34, 1.0], [11, 35, 1.0], [11, 36, 1.0], [11, 37, 1.0]], "fix_com": true, "fix_orientation": true, "provenance": {"creator": "QCElemental", "version": "v0.22.0", "routine": "qcelemental.molparse.from_schema"}, "id": "176607"}