{"schema_name": "qcschema_molecule", "schema_version": 2, "validated": true, "symbols": ["C", "C", "C", "C", "C", "C", "C", "C", "C", "C", "C", "C", "H", "H", "H", "H", "H", "H", "H", "H", "H", "H", "H", "H", "H", "H", "H", "H", "H", "H", "H", "H", "H", "H", "H", "H", "H", "H"], "geometry": [6.4259270773058335, 2.739191115163872, 4.440892098500626e-16, 7.386055955329876, 1.16341251774994e-15, 1.1001223820607567e-15, 5.604575177613029, -1.939682785773408, -1.2521075604259952, 3.653936177668883, -3.1842551349035486, 0.5126138830218508, 1.743913815294678, -1.430741016430169, 1.8217429628407593, 0.0, -0.0, 0.0, -1.8016813875568125, 1.8780220789199802, 1.288349334055371, -3.7739532318823734, 0.6527973234401714, 3.0270879115011726, -5.560191080975639, 2.5438287820755563, 4.317832434213285, -7.3070392356506275, 3.976078452769601, 2.496261464612357, -9.325325010131563, 5.593379355566845, 3.815971428761298, -8.246895327309375, 7.769628676505369, 5.399738366646448, 7.8294253198226205, 4.013510787847375, 0.8337274719171929, 4.671310658701579, 2.9611341964534827, 1.0671876834244878, 6.0637797462541805, 3.388283999722068, -1.9338735684771207, 7.79135926393996, -0.5977258920115402, 1.9459067697163277, 9.206314173814558, -0.034208458174840806, -0.9911034845624858, 6.75213415091654, -3.4685859775448957, -2.054407823557455, 4.651245607770574, -1.0544870197736622, -2.867089274035838, 2.6039998906559054, -4.605117773785126, -0.5781980996935884, 4.685476686338543, -4.236102672473963, 1.9747633361415295, 0.5992902422492491, -2.586134542277602, 3.1053625177185333, 2.743436051377824, -0.07410909456042836, 3.030299991768749, 1.1469974634505253, 1.0395725725890914, -1.3752954665736663, -1.1067413248378237, -1.3725963558481347, -1.0985943415289974, -2.7688095855251396, 2.9698010716402163, -0.18289283885052499, -0.6888000648146841, 3.248591656808491, 2.384557222015797, -2.8100713314275194, -0.44373827091495766, 4.496901909896191, -4.893656161077047, -0.7099287200877469, 1.928807806083071, -6.73470804186998, 1.5215985708608948, 5.691264401012106, -4.42936912029618, 3.890711261613599, 5.416924757891429, -8.251891635893411, 2.5987899696415555, 1.262982130156903, -6.18433006631689, 5.194516677624262, 1.2490781412921639, -10.598673962336896, 6.374043030147055, 2.377409600319792, -10.494733036793475, 4.3756149851452335, 5.023418815934184, -9.76133357652442, 8.937703029126094, 6.1919225419787285, -7.041052749201397, 8.998627425865546, 4.2460467537656985, -7.1050906748841935, 7.077580135887285, 6.979872366771476], "name": "C12H26", "identifiers": {"molecule_hash": "fb0c60ae2c9cab444c352dadb8664591d00efc8e", "molecular_formula": "C12H26"}, "molecular_charge": 0.0, "molecular_multiplicity": 1, "connectivity": [[0, 1, 1.0], [0, 12, 1.0], [0, 13, 1.0], [0, 14, 1.0], [1, 2, 1.0], [1, 15, 1.0], [1, 16, 1.0], [2, 3, 1.0], [2, 17, 1.0], [2, 18, 1.0], [3, 4, 1.0], [3, 19, 1.0], [3, 20, 1.0], [4, 5, 1.0], [4, 21, 1.0], [4, 22, 1.0], [5, 6, 1.0], [5, 23, 1.0], [5, 24, 1.0], [6, 7, 1.0], [6, 25, 1.0], [6, 26, 1.0], [7, 8, 1.0], [7, 27, 1.0], [7, 28, 1.0], [8, 9, 1.0], [8, 29, 1.0], [8, 30, 1.0], [9, 10, 1.0], [9, 31, 1.0], [9, 32, 1.0], [10, 11, 1.0], [10, 33, 1.0], [10, 34, 1.0], [11, 35, 1.0], [11, 36, 1.0], [11, 37, 1.0]], "fix_com": true, "fix_orientation": true, "provenance": {"creator": "QCElemental", "version": "v0.22.0", "routine": "qcelemental.molparse.from_schema"}, "id": "177319"}