{"schema_name": "qcschema_molecule", "schema_version": 2, "validated": true, "symbols": ["C", "C", "C", "C", "C", "C", "C", "C", "C", "C", "C", "C", "H", "H", "H", "H", "H", "H", "H", "H", "H", "H", "H", "H", "H", "H", "H", "H", "H", "H", "H", "H", "H", "H", "H", "H", "H", "H"], "geometry": [9.142363131264414, 2.844238649586097, 1.2490009027033011e-15, 8.72131085300545, -2.1874521962966965e-15, 5.063270794109153e-16, 5.951932400284703, -0.7847445017180743, -0.17020157642026268, 4.363065315039428, -0.009101815102835836, 2.1045279768022245, 1.6737825442959098, -1.050022823466295, 2.0948562841501635, 0.0, 0.0, -0.0, -2.653973502660946, -1.1311681931898965, -0.07391101168818023, -4.223104557531611, -0.773412606218146, 2.323854479150583, -4.532322934699937, 1.967969358514047, 3.179237160234645, -5.614674794579958, 3.7620718126767083, 1.1959437575110283, -8.202848655704615, 3.008919594663742, 0.18827006668275703, -9.296256434830767, 4.942703128858005, -1.6324936361904006, 11.162833538825973, 3.305920605001457, 0.016778299936055507, 8.312461318396261, 3.7215966712348756, -1.6891228083550385, 8.287600629911058, 3.7524983201300404, 1.656303622936792, 9.751870086627044, -0.8384040357101084, -1.5963973637965685, 9.558332338667816, -0.8244258067138992, 1.7170889967725924, 5.84916931808884, -2.8520461285170975, -0.3764653944756212, 5.136752617113292, 0.00666830949286798, -1.912072364984784, 5.326614827700954, -0.6555637543287769, 3.8306834356823427, 4.2812372085412465, 2.0645228055019897, 2.2391166451385547, 0.801841337372044, -0.6416676362832908, 3.9355465510487835, 1.7414475371871077, -3.1262985072903255, 1.9414676111339995, -0.11968015421535338, 2.068552304206858, 0.20286433363453232, 0.8987258960890914, -0.33289148696611215, -1.8416468931724228, -2.508322568780393, -3.166971716570417, -0.4698760386155678, -3.6781304063120577, -0.31788154004455865, -1.6899727996507132, -6.094402703102617, -1.6209877483732409, 2.015736487660185, -3.3787514296885255, -1.8585453347824687, 3.880705253060033, -5.7564621486910585, 1.999627589179225, 4.85936078672408, -2.6936612105360678, 2.7037437892657303, 3.8116456619872245, -5.742394897508829, 5.666735006268829, 2.020169359451027, -4.2904133888745015, 3.9326501883883984, -0.40094896048581896, -8.073874734872845, 1.165784458184777, -0.7640353364372042, -9.506598510940782, 2.735420485713865, 1.7867681005419116, -8.052318266185832, 5.213427354984038, -3.271826647218274, -9.521398146895002, 6.791537363253408, -0.7168045854663769, -11.154074245947903, 4.3625799950507504, -2.344128184170724], "name": "C12H26", "identifiers": {"molecule_hash": "dc3267d3839f5207c0f572e9993455d5435ee538", "molecular_formula": "C12H26"}, "molecular_charge": 0.0, "molecular_multiplicity": 1, "connectivity": [[0, 1, 1.0], [0, 12, 1.0], [0, 13, 1.0], [0, 14, 1.0], [1, 2, 1.0], [1, 15, 1.0], [1, 16, 1.0], [2, 3, 1.0], [2, 17, 1.0], [2, 18, 1.0], [3, 4, 1.0], [3, 19, 1.0], [3, 20, 1.0], [4, 5, 1.0], [4, 21, 1.0], [4, 22, 1.0], [5, 6, 1.0], [5, 23, 1.0], [5, 24, 1.0], [6, 7, 1.0], [6, 25, 1.0], [6, 26, 1.0], [7, 8, 1.0], [7, 27, 1.0], [7, 28, 1.0], [8, 9, 1.0], [8, 29, 1.0], [8, 30, 1.0], [9, 10, 1.0], [9, 31, 1.0], [9, 32, 1.0], [10, 11, 1.0], [10, 33, 1.0], [10, 34, 1.0], [11, 35, 1.0], [11, 36, 1.0], [11, 37, 1.0]], "fix_com": true, "fix_orientation": true, "provenance": {"creator": "QCElemental", "version": "v0.22.0", "routine": "qcelemental.molparse.from_schema"}, "id": "178405"}