{"schema_name": "qcschema_molecule", "schema_version": 2, "validated": true, "symbols": ["C", "C", "C", "C", "C", "C", "C", "C", "C", "C", "C", "C", "H", "H", "H", "H", "H", "H", "H", "H", "H", "H", "H", "H", "H", "H", "H", "H", "H", "H", "H", "H", "H", "H", "H", "H", "H", "H"], "geometry": [9.006068020359313, 2.8209729693600685, 4.440892098500626e-16, 9.673558950925157, 1.9632635451223224e-15, -1.0372930685322519e-15, 8.31277574482687, -1.5389810264092074, -2.0572597044863596, 5.411220509514727, -1.4240007260783087, -1.9727444233757474, 4.269836267312985, -2.380118485907599, 0.5134058509760239, 1.3676759121790294, -2.515898635930224, 0.5286162641332037, 0.0, -0.0, 0.0, 0.5335819985187998, 2.1998722843422276, 1.840260318664205, -1.2237693739979276, 2.358979740432051, 4.152791282033155, -1.1067719619078777, 0.1608779607461952, 6.050228348909077, 1.4981896337819356, -0.32879639287429896, 7.239078553392571, 2.5951401942077874, 1.9460212774521737, 8.66161667880068, 9.356655835487746, 3.6706959429655774, -1.8574294085679741, 7.014896392331119, 3.139804750747476, 0.4645816537740852, 10.139910161867602, 3.8541960938334037, 1.3898862681792146, 9.263012918284927, -0.8024560786475633, 1.8660663183124777, 11.718137123560577, -0.21335419176509046, -0.2706835651285686, 8.915728328266928, -3.519873190409105, -1.9146664441103132, 8.94854755085738, -0.8720743761624886, -3.91733701171242, 4.792310872509086, 0.519885777472049, -2.3273713499428217, 4.655806753127164, -2.5539860364502536, -3.5416960846676404, 4.918102157624462, -1.1861073447289483, 2.075585601952053, 5.017371807561025, -4.275251885609555, 0.9119738214075568, 0.7518726779322438, -3.291492030931053, 2.3458498247401924, 0.7632755144812615, -3.885165479975519, -0.9098785319008944, 0.49015751000958274, 0.6069816981838982, -1.918405071757292, -2.044213258493355, -0.3561225891270693, -0.03915295442308775, 2.5112737789719404, 2.156287595927752, 2.4550720184839037, 0.3248338333734506, 3.9801801874042253, 0.7992547819544387, -3.1783191519224, 2.525734448062417, 3.4749669794801394, -0.8251014783947175, 4.131468332590656, 5.151614890690991, -2.462577895668059, 0.5566409650149033, 7.572003055973523, -1.7722548770424549, -1.5781938582355546, 5.141834040729673, 1.3276142893757987, -1.928596780375171, 8.547408472271334, 2.8385182353012013, -0.9320064426980572, 5.7813463162056475, 2.9930208119839943, 3.5276806065201094, 7.388271883038537, 4.369018801112589, 1.4481065147898753, 9.605228083744327, 1.2790558123402351, 2.626298070245359, 10.110723184659104], "name": "C12H26", "identifiers": {"molecule_hash": "2d5442e97dde3bc45bdb466c83ef7691211e6b8d", "molecular_formula": "C12H26"}, "molecular_charge": 0.0, "molecular_multiplicity": 1, "connectivity": [[0, 1, 1.0], [0, 12, 1.0], [0, 13, 1.0], [0, 14, 1.0], [1, 2, 1.0], [1, 15, 1.0], [1, 16, 1.0], [2, 3, 1.0], [2, 17, 1.0], [2, 18, 1.0], [3, 4, 1.0], [3, 19, 1.0], [3, 20, 1.0], [4, 5, 1.0], [4, 21, 1.0], [4, 22, 1.0], [5, 6, 1.0], [5, 23, 1.0], [5, 24, 1.0], [6, 7, 1.0], [6, 25, 1.0], [6, 26, 1.0], [7, 8, 1.0], [7, 27, 1.0], [7, 28, 1.0], [8, 9, 1.0], [8, 29, 1.0], [8, 30, 1.0], [9, 10, 1.0], [9, 31, 1.0], [9, 32, 1.0], [10, 11, 1.0], [10, 33, 1.0], [10, 34, 1.0], [11, 35, 1.0], [11, 36, 1.0], [11, 37, 1.0]], "fix_com": true, "fix_orientation": true, "provenance": {"creator": "QCElemental", "version": "v0.22.0", "routine": "qcelemental.molparse.from_schema"}, "id": "173724"}