{"schema_name": "qcschema_molecule", "schema_version": 2, "validated": true, "symbols": ["C", "C", "C", "C", "C", "C", "C", "C", "C", "C", "C", "C", "H", "H", "H", "H", "H", "H", "H", "H", "H", "H", "H", "H", "H", "H", "H", "H", "H", "H", "H", "H", "H", "H", "H", "H", "H", "H"], "geometry": [0.0, -0.0, 0.0, 2.873023891693333, -3.5489084165278644e-17, -1.597179666539452e-15, 3.9819535464679445, -2.1624108953143226, -1.5453971478606405, 6.856312866607218, -2.443292715027176, -1.465245087535675, 8.388472160721212, -0.7449317123487518, -3.233091586981452, 8.507782365212444, 2.0799295006943135, -2.6435029636234626, 9.473073155947555, 2.695396830484923, 2.3314683517128287e-15, 10.291374055505836, 5.442845145277025, 0.3416937734691221, 8.269299919902599, 7.4306538784583624, -0.1928208450718385, 5.961430522862619, 7.259441752708344, 1.5186460159609503, 3.964741782231351, 9.281995101054179, 1.0285267711666695, 4.812472621881886, 11.960190808694698, 1.6411264402409662, -0.7485985131339038, 0.19142627998012163, -1.9262890404219388, -0.7496001702804174, -1.7711260709364633, 0.7805001665759481, -0.7666040827470515, 1.5598947379791483, 1.128597914116514, 3.5693019843629026, -0.14157658820377533, 1.9559693060469385, 3.5540758622429633, 1.8221996980695918, -0.7186395213041183, 3.1341492599737366, -3.9292537497443467, -0.8485027020959897, 3.35994295012295, -1.989798429078658, -3.5255624600236946, 7.316952599009028, -4.403180069951215, -1.9732858314510766, 7.515721689586881, -2.2137341427705457, 0.4947448161132769, 10.340170215459882, -1.464633126934602, -3.2536649720584774, 7.676358003853404, -0.9968531863379992, -5.1707004860300545, 6.653272578850361, 2.9658049204245596, -2.9468578510197143, 9.773145338593638, 2.965935513929101, -4.0381895354388675, 11.102090907487124, 1.4722528317478156, 0.4221272831524729, 8.026871166701902, 2.2023693442339334, 1.4094972536618005, 10.988861808107286, 5.698699566144123, 2.28353515098153, 11.91734600129936, 5.805903317668849, -0.9024843643875599, 7.655827969781724, 7.29584614992746, -2.176972204649794, 9.139789795795911, 9.305743809335217, -0.0004750860134254964, 6.573548936023103, 7.365597805336353, 3.5070825075605567, 5.080047208301393, 5.392030255947969, 1.2944892880971335, 3.36960463063608, 9.180925070915695, -0.9625939029393514, 2.274576302333809, 8.83574577856314, 2.150061418538602, 3.277675717518651, 13.320774294749738, 1.3423164228165771, 6.405996422536825, 12.560832123786966, 0.4586668140602417, 5.412855054401841, 12.117357606280782, 3.6224289047049827], "name": "C12H26", "identifiers": {"molecule_hash": "e776ffb1a319ff18e1a7ef036433a38356782831", "molecular_formula": "C12H26"}, "molecular_charge": 0.0, "molecular_multiplicity": 1, "connectivity": [[0, 1, 1.0], [0, 12, 1.0], [0, 13, 1.0], [0, 14, 1.0], [1, 2, 1.0], [1, 15, 1.0], [1, 16, 1.0], [2, 3, 1.0], [2, 17, 1.0], [2, 18, 1.0], [3, 4, 1.0], [3, 19, 1.0], [3, 20, 1.0], [4, 5, 1.0], [4, 21, 1.0], [4, 22, 1.0], [5, 6, 1.0], [5, 23, 1.0], [5, 24, 1.0], [6, 7, 1.0], [6, 25, 1.0], [6, 26, 1.0], [7, 8, 1.0], [7, 27, 1.0], [7, 28, 1.0], [8, 9, 1.0], [8, 29, 1.0], [8, 30, 1.0], [9, 10, 1.0], [9, 31, 1.0], [9, 32, 1.0], [10, 11, 1.0], [10, 33, 1.0], [10, 34, 1.0], [11, 35, 1.0], [11, 36, 1.0], [11, 37, 1.0]], "fix_com": true, "fix_orientation": true, "provenance": {"creator": "QCElemental", "version": "v0.22.0", "routine": "qcelemental.molparse.from_schema"}, "id": "178315"}