{"schema_name": "qcschema_molecule", "schema_version": 2, "validated": true, "symbols": ["C", "C", "C", "C", "C", "C", "C", "C", "C", "C", "C", "C", "H", "H", "H", "H", "H", "H", "H", "H", "H", "H", "H", "H", "H", "H", "H", "H", "H", "H", "H", "H", "H", "H", "H", "H", "H", "H"], "geometry": [0.0, 0.0, 0.0, 2.8724198705306967, -7.219735029776586e-16, -3.636238319042882e-16, 3.986248672417667, 2.1453262207922257, 1.5617460983487188, 6.8605724743592305, 2.093724852509574, 1.7960489715363934, 8.308578935937122, 2.143644377924734, -0.7024703601679843, 7.738865305574345, 4.322938429801958, -2.512265132215415, 8.503344622042643, 6.963793949527686, -1.601071190891507, 6.581340034444553, 8.408379173178384, 1.7763568394002505e-15, 4.1891231642634645, 9.165595956631927, -1.4109608800782572, 2.3451309495722925, 10.651938385940941, 0.224562752128028, -0.13477614067805205, 11.338390241194567, -1.075459203352561, 0.1540186500231515, 13.131909791186416, -3.304000902190173, -0.747928176289125, 1.7780378394190228, -0.7668932406484742, -0.7680993066367791, -1.5481790498139154, -1.143479025957618, -0.75016698370431, -0.20540318307729544, 1.9241383258105422, 3.5742615637000275, -1.8173432671729717, 0.7312560495899587, 3.558749195729295, 0.13037204821570525, -1.9577664276688589, 3.3724059484732174, 3.9580848917129203, 0.744987558984918, 3.1628714761805514, 2.0862236551048903, 3.470405276001593, 7.41539423709595, 0.37411403951131295, 2.8260372991075515, 7.472392458782013, 3.6762334081351202, 2.9937351243307626, 10.344537279273153, 2.152524140228315, -0.2792375473184733, 7.9604771665077205, 0.3612094624665557, -1.7128248117576557, 8.762970986098342, 3.92922522900351, -4.274776014855928, 5.727436935708873, 4.3006738014993005, -3.0395636916139646, 10.289127889476752, 6.808081955956906, -0.5462947861891347, 8.937976460978074, 8.136337531213885, -3.2621979980816596, 6.062577026745332, 7.315089783470245, 1.6872643868919233, 7.492830078911362, 10.13509536682568, 0.7152882803064546, 4.721083505895097, 10.279759270703105, -3.0841123306392353, 3.22051696174409, 7.473206591675623, -2.139045205792321, 1.9244831060500482, 9.538026885221251, 1.929489002120707, 3.272547548371703, 12.391042624818336, 0.896299652371054, -1.0781923007413914, 9.594683996694457, -1.7065709875964692, -1.4051896982895151, 12.19703972395872, 0.32533471362367017, -1.6897000976458425, 13.646419565125502, -4.098912703595931, 1.2726241982073139, 12.291936626601382, -4.834345215492252, 1.101772905696702, 14.888242710341697, -2.730977389789536], "name": "C12H26", "identifiers": {"molecule_hash": "2ba5a4895ea1c9a1997be58b2a08760cc0b6c66e", "molecular_formula": "C12H26"}, "molecular_charge": 0.0, "molecular_multiplicity": 1, "connectivity": [[0, 1, 1.0], [0, 12, 1.0], [0, 13, 1.0], [0, 14, 1.0], [1, 2, 1.0], [1, 15, 1.0], [1, 16, 1.0], [2, 3, 1.0], [2, 17, 1.0], [2, 18, 1.0], [3, 4, 1.0], [3, 19, 1.0], [3, 20, 1.0], [4, 5, 1.0], [4, 21, 1.0], [4, 22, 1.0], [5, 6, 1.0], [5, 23, 1.0], [5, 24, 1.0], [6, 7, 1.0], [6, 25, 1.0], [6, 26, 1.0], [7, 8, 1.0], [7, 27, 1.0], [7, 28, 1.0], [8, 9, 1.0], [8, 29, 1.0], [8, 30, 1.0], [9, 10, 1.0], [9, 31, 1.0], [9, 32, 1.0], [10, 11, 1.0], [10, 33, 1.0], [10, 34, 1.0], [11, 35, 1.0], [11, 36, 1.0], [11, 37, 1.0]], "fix_com": true, "fix_orientation": true, "provenance": {"creator": "QCElemental", "version": "v0.22.0", "routine": "qcelemental.molparse.from_schema"}, "id": "180451"}