{"schema_name": "qcschema_molecule", "schema_version": 2, "validated": true, "symbols": ["C", "C", "C", "C", "C", "C", "C", "C", "C", "C", "C", "C", "H", "H", "H", "H", "H", "H", "H", "H", "H", "H", "H", "H", "H", "H", "H", "H", "H", "H", "H", "H", "H", "H", "H", "H", "H", "H"], "geometry": [0.0, 0.0, 0.0, 2.8912102479805517, -8.736361946361746e-17, 2.0413575034895156e-16, 4.1022333352792035, 2.4720173355555177, 0.9053499433590411, 3.5925871595486845, 4.754646325040936, -0.8054367517689147, 4.945332431571048, 7.209411189033719, 4.440892098500626e-16, 7.44144396216312, 7.777873549605756, -1.3716774630717499, 9.647457569019792, 5.949781211255836, -0.9294452482664863, 10.739457549955294, 5.828947234002957, 1.7590700257305452, 12.025016491609382, 8.279781678869309, 2.686449187060405, 10.41914702770909, 10.009944175508588, 4.378954486831143, 9.778391500208924, 8.967977514401564, 7.009550738127237, 12.064770096529678, 8.575192923394653, 8.73487417055514, -0.7697732043224447, 1.3523349547621963, -1.3345650853147175, -0.7270325275275447, -1.8490662882037647, -0.5120546673999151, -0.7371413884174166, 0.4658830854187149, 1.8594876706250487, 3.572923734935838, -0.4372090511040714, -1.890394647632839, 3.5477320807327537, -1.5252749328333817, 1.2103910692938151, 3.4276678977007737, 2.8974201618081485, 2.8028051440606356, 6.1244712571398, 2.1726761884222694, 1.0756229795711694, 4.11082890307408, 4.287167213843932, -2.741322493570528, 1.5717612351241201, 5.107121989230668, -0.8355889635847629, 3.6933481427503416, 8.794975441891461, -0.37018698136912853, 5.233027110672377, 7.198474731329609, 2.0342706369010717, 8.03544491335518, 9.681514813528267, -0.8801276724422591, 7.05585698942078, 7.824769700863245, -3.391373757137175, 9.083021911806242, 4.057658595919838, -1.4944730138349416, 11.168644010591104, 6.477052328822886, -2.2093121756908736, 9.285690568037253, 5.244174054279059, 3.082665014495932, 12.129700174461478, 4.317066875936285, 1.7706490681572389, 12.64315121114109, 9.365939525987683, 1.054432131908439, 13.743663677810245, 7.793374911475073, 3.6959706530633865, 8.666216725593403, 10.478343654229434, 3.4201616145056892, 11.425353052483338, 11.787986736408083, 4.61985159814699, 8.744427528920271, 7.201332986442976, 6.8420854089590915, 8.49118231009283, 10.287633233529274, 7.917452333520487, 13.149070721017681, 10.308230760611906, 8.930869493637955, 13.327667292508195, 7.125819175091264, 8.022251834021151, 11.467958274510266, 7.9985490628270455, 10.611351155126332], "name": "C12H26", "identifiers": {"molecule_hash": "2b8cfa59ecd223256fbfb42cffd89f08b76fbd38", "molecular_formula": "C12H26"}, "molecular_charge": 0.0, "molecular_multiplicity": 1, "connectivity": [[0, 1, 1.0], [0, 12, 1.0], [0, 13, 1.0], [0, 14, 1.0], [1, 2, 1.0], [1, 15, 1.0], [1, 16, 1.0], [2, 3, 1.0], [2, 17, 1.0], [2, 18, 1.0], [3, 4, 1.0], [3, 19, 1.0], [3, 20, 1.0], [4, 5, 1.0], [4, 21, 1.0], [4, 22, 1.0], [5, 6, 1.0], [5, 23, 1.0], [5, 24, 1.0], [6, 7, 1.0], [6, 25, 1.0], [6, 26, 1.0], [7, 8, 1.0], [7, 27, 1.0], [7, 28, 1.0], [8, 9, 1.0], [8, 29, 1.0], [8, 30, 1.0], [9, 10, 1.0], [9, 31, 1.0], [9, 32, 1.0], [10, 11, 1.0], [10, 33, 1.0], [10, 34, 1.0], [11, 35, 1.0], [11, 36, 1.0], [11, 37, 1.0]], "fix_com": true, "fix_orientation": true, "provenance": {"creator": "QCElemental", "version": "v0.22.0", "routine": "qcelemental.molparse.from_schema"}, "id": "165109"}