{"schema_name": "qcschema_molecule", "schema_version": 2, "validated": true, "symbols": ["C", "C", "C", "C", "C", "C", "C", "C", "C", "C", "C", "C", "H", "H", "H", "H", "H", "H", "H", "H", "H", "H", "H", "H", "H", "H", "H", "H", "H", "H", "H", "H", "H", "H", "H", "H", "H", "H"], "geometry": [8.680745461331597, 1.1965608464081685, 3.0531133177191805e-16, 6.051309674274957, -7.782060578101389e-16, -9.859600103602713e-16, 4.3390898641132924, 1.0764742202303357, -2.069556518490101, 1.753923460296505, -0.21702395749553266, -2.300342609082106, 0.0, 0.0, 0.0, -0.8747202316464004, 2.6636539824367063, 0.758834378514557, -2.602655146399049, 4.01067014717664, -1.166436847039189, -1.307455095745878, 5.815067078331059, -3.035629448620831, -0.3351165687084663, 8.265682052409986, -1.8399106041246043, 0.8743791902631042, 10.043715139439241, -3.7767413020626073, 2.014300659061626, 12.460863259253024, -2.6582837909372277, 0.08497447489583543, 14.27150331631564, -1.4934943530623004, 8.571377065226352, 3.2250223282966806, 0.2987312111183449, 9.85662212710907, 0.4100428163477332, 1.4860063618202974, 9.638877627672905, 0.8821973611046124, -1.7882222887886583, 6.2281010699830865, -2.033238033255223, -0.2534793789620793, 5.190913468271358, 0.2787759116903711, 1.8431596244015427, 4.100677408049057, 3.0940201049154488, -1.7622170357932003, 5.304527282154272, 0.8940161709360459, -3.876505510499747, 2.0624569651846376, -2.2163836061793485, -2.6725475793204763, 0.7937913601412736, 0.5138821759980979, -3.961658545854809, -1.6713041186525888, -1.1405446678001618, -0.3681259762786331, 0.9120021088591699, -0.8640927127313476, 1.6248409144150706, -1.9078605288994845, 2.4652474070850867, 2.5229010586414753, 0.7480442032371741, 3.8375265267013234, 1.2069612467070057, -3.6435637589919776, 2.5897412823268, -2.2265928291833723, -4.022824147848123, 5.087827341812788, -0.1431029257580484, 0.23963877596998362, 4.865081050296313, -3.992688276714049, -2.6652727402549443, 6.305306226169031, -4.500547325745172, -1.9010213165049183, 9.208564613274431, -0.9017251137362772, 1.0431272892599917, 7.8412109551212135, -0.3748371491415955, 2.3581976090537404, 9.023539439607223, -4.769973736439835, -0.521997394757193, 10.551295228903559, -5.200684750479705, 3.4190093511836617, 11.957895844115013, -1.2430797810360548, 3.03040380132592, 13.449821713889701, -4.145451453688956, 0.994903618322863, 15.999720007460292, -0.8648557721929142, -0.857821951108626, 13.448396625376072, 0.13029702047221559, -1.3584803804501027, 14.78894701738195, -2.859738953340945], "name": "C12H26", "identifiers": {"molecule_hash": "cdc53521003e53bb74f221469c9a93563da01284", "molecular_formula": "C12H26"}, "molecular_charge": 0.0, "molecular_multiplicity": 1, "connectivity": [[0, 1, 1.0], [0, 12, 1.0], [0, 13, 1.0], [0, 14, 1.0], [1, 2, 1.0], [1, 15, 1.0], [1, 16, 1.0], [2, 3, 1.0], [2, 17, 1.0], [2, 18, 1.0], [3, 4, 1.0], [3, 19, 1.0], [3, 20, 1.0], [4, 5, 1.0], [4, 21, 1.0], [4, 22, 1.0], [5, 6, 1.0], [5, 23, 1.0], [5, 24, 1.0], [6, 7, 1.0], [6, 25, 1.0], [6, 26, 1.0], [7, 8, 1.0], [7, 27, 1.0], [7, 28, 1.0], [8, 9, 1.0], [8, 29, 1.0], [8, 30, 1.0], [9, 10, 1.0], [9, 31, 1.0], [9, 32, 1.0], [10, 11, 1.0], [10, 33, 1.0], [10, 34, 1.0], [11, 35, 1.0], [11, 36, 1.0], [11, 37, 1.0]], "fix_com": true, "fix_orientation": true, "provenance": {"creator": "QCElemental", "version": "v0.22.0", "routine": "qcelemental.molparse.from_schema"}, "id": "166539"}