{"schema_name": "qcschema_molecule", "schema_version": 2, "validated": true, "symbols": ["C", "C", "C", "C", "C", "C", "C", "C", "C", "C", "C", "C", "H", "H", "H", "H", "H", "H", "H", "H", "H", "H", "H", "H", "H", "H", "H", "H", "H", "H", "H", "H", "H", "H", "H", "H", "H", "H"], "geometry": [0.0, 0.0, 0.0, 2.8740931707934507, -1.3958418182432102e-16, -7.725372731385524e-16, 4.050133529704572, 1.5577514745715548, -2.126295837649664, 3.26192111491717, 4.33262490877734, -2.2053126663474414, 3.8110616795764636, 5.780794239867399, 0.2222369775972839, 3.453459006978042, 8.635260108199171, 0.0, 0.8135645707458323, 9.482958516103668, -0.8087952457951282, -1.3405547337880512, 8.531346161695234, 0.8605706622610998, -1.1048400209278582, 9.198806127399916, 3.6609652122131884, -0.8030145497563801, 12.00965157820474, 4.234629648265806, -2.9505689382803055, 13.664498061688175, 3.269877415353369, -2.68517970455715, 16.41228295378854, 4.06300975408383, -0.7538369685775784, -0.6324981947546243, -1.8284414626320584, -0.7549978278129967, -1.2605637676978962, 1.4614899217925619, -0.7654018926641302, 1.8947010635349544, 0.364114080926912, 3.562763332020716, 0.689238403449205, 1.836018551796935, 3.56269791682603, -1.9529181245062859, -0.15905722944455303, 3.57207843161271, 0.6779086947480015, -3.948688971664172, 6.1203496120248, 1.4495571571708807, -1.962303828132023, 1.2366555731324556, 4.467862821189175, -2.656081592296563, 4.249542730312284, 5.25783563510066, -3.7849556717674107, 5.769811338635119, 5.3999125253459, 0.8094697013815362, 2.6134414996012474, 5.047925691441263, 1.7575585029058343, 3.93334890799017, 9.512285657410224, 1.8220925012577398, 4.831295937943529, 9.382413912436771, -1.3661703195151456, 0.4569212320820094, 8.869687360907093, -2.761251788668773, 0.7769463424545525, 11.560699286562006, -0.8675733148097313, -3.131465984684011, 9.276336951944337, 0.11723332419568466, -1.4909040295752107, 6.464690370772975, 0.6866924397373986, 0.5071680250338035, 8.175077429943324, 4.481550242999023, -2.7870311309840297, 8.484225385281853, 4.651991407807493, 0.9942593262501029, 12.703338585945085, 3.44633553957483, -0.6394499750018185, 12.252994840867494, 6.293087960988453, -3.041908393758915, 13.554671917676934, 1.1960425384390527, -4.7610426611379495, 12.907087607018127, 3.9616981651473466, -2.6612421681897445, 16.597183577103777, 6.130007407131592, -0.9157424157116762, 17.229512674652877, 3.349537506120847, -4.245617685123685, 17.572001992100958, 3.3457160596371036], "name": "C12H26", "identifiers": {"molecule_hash": "1412c309f7a7e9e6b457c50240155e82bb82d5a5", "molecular_formula": "C12H26"}, "molecular_charge": 0.0, "molecular_multiplicity": 1, "connectivity": [[0, 1, 1.0], [0, 12, 1.0], [0, 13, 1.0], [0, 14, 1.0], [1, 2, 1.0], [1, 15, 1.0], [1, 16, 1.0], [2, 3, 1.0], [2, 17, 1.0], [2, 18, 1.0], [3, 4, 1.0], [3, 19, 1.0], [3, 20, 1.0], [4, 5, 1.0], [4, 21, 1.0], [4, 22, 1.0], [5, 6, 1.0], [5, 23, 1.0], [5, 24, 1.0], [6, 7, 1.0], [6, 25, 1.0], [6, 26, 1.0], [7, 8, 1.0], [7, 27, 1.0], [7, 28, 1.0], [8, 9, 1.0], [8, 29, 1.0], [8, 30, 1.0], [9, 10, 1.0], [9, 31, 1.0], [9, 32, 1.0], [10, 11, 1.0], [10, 33, 1.0], [10, 34, 1.0], [11, 35, 1.0], [11, 36, 1.0], [11, 37, 1.0]], "fix_com": true, "fix_orientation": true, "provenance": {"creator": "QCElemental", "version": "v0.22.0", "routine": "qcelemental.molparse.from_schema"}, "id": "171068"}