{"schema_name": "qcschema_molecule", "schema_version": 2, "validated": true, "symbols": ["C", "C", "C", "C", "C", "C", "C", "C", "C", "C", "C", "C", "H", "H", "H", "H", "H", "H", "H", "H", "H", "H", "H", "H", "H", "H", "H", "H", "H", "H", "H", "H", "H", "H", "H", "H", "H", "H"], "geometry": [9.02080419104241, 2.131731555474818, 8.326672684688674e-16, 7.059382389312891, -2.257405628461367e-15, -1.7808905785453778e-16, 5.4871076467644855, -0.06345608634015434, -2.43391416135893, 3.589415251630318, -2.255647333049988, -2.5920813954123685, 1.6222694312890433, -2.372442656459943, -0.4531286667699481, 0.0, 0.0, -0.0, -1.8283284804053435, 0.7339946177768428, -2.148874853357359, -0.7374421191505371, 2.3447189266854993, -4.311281851435301, 0.0857742051637369, 5.007815497769717, -3.515492596751809, 1.2134227260504304, 6.53288161687129, -5.707081611743328, 2.2352583118896847, 9.14421830390914, -4.9552855494125305, 0.21115833239056947, 10.97723040838795, -3.981122212568871, 8.106901642901684, 3.9811570932430507, -0.1960024329539608, 10.119422082901561, 2.1551312525938364, 1.7544498056125086, 10.350032828571734, 1.9245159198744235, -1.575472780770359, 8.013720826113143, -1.8264049796540072, 0.24901164741502912, 5.810263377717341, 0.22591071268860102, 1.637840464532387, 4.499960356103519, 1.7463017108624397, -2.6407584333423477, 6.774373073662986, -0.19017717092970726, -4.057326036398517, 4.64130715701837, -4.0454106438501425, -2.5895939717465666, 2.623694498082153, -2.1774973908005055, -4.42276913286352, 0.3543153462777635, -3.972854719016122, -0.8263201001509717, 2.592755481010045, -2.83102631101311, 1.3206687858425241, -1.1284820947814032, -0.36091963530508064, 1.7013856883752698, 1.2152868031068766, 1.6064989692024383, 0.48238364539513257, -2.6456767822958405, -1.0007310336852184, -2.943434471386596, -3.419967921980475, 1.782567569467124, -1.3278451379973994, 0.8587841042655496, 1.3765633684867198, -5.202483168124377, -2.186273382784838, 2.5205459295028607, -5.787138150761118, -1.547561599976523, 6.004353345863912, -2.715547904630337, 1.4908012436206712, 4.896786766461179, -1.993644015984826, 2.7556294932831893, 5.431845843774631, -6.554028752526656, -0.21774953989883805, 6.758749720099219, -7.195454257982764, 3.705765277383353, 8.90861709834962, -3.5092671208756956, 3.1745315746863407, 9.989462776442224, -6.599438230783779, 1.017116358404266, 12.846324095540686, -3.603863602247743, -0.6515063313203884, 10.307246597344909, -2.2242379529060283, -1.3054343878453585, 11.214733228244466, -5.373590382856141], "name": "C12H26", "identifiers": {"molecule_hash": "1c3a263ed5d8bb65410e411e4d83f3d22949cf8e", "molecular_formula": "C12H26"}, "molecular_charge": 0.0, "molecular_multiplicity": 1, "connectivity": [[0, 1, 1.0], [0, 12, 1.0], [0, 13, 1.0], [0, 14, 1.0], [1, 2, 1.0], [1, 15, 1.0], [1, 16, 1.0], [2, 3, 1.0], [2, 17, 1.0], [2, 18, 1.0], [3, 4, 1.0], [3, 19, 1.0], [3, 20, 1.0], [4, 5, 1.0], [4, 21, 1.0], [4, 22, 1.0], [5, 6, 1.0], [5, 23, 1.0], [5, 24, 1.0], [6, 7, 1.0], [6, 25, 1.0], [6, 26, 1.0], [7, 8, 1.0], [7, 27, 1.0], [7, 28, 1.0], [8, 9, 1.0], [8, 29, 1.0], [8, 30, 1.0], [9, 10, 1.0], [9, 31, 1.0], [9, 32, 1.0], [10, 11, 1.0], [10, 33, 1.0], [10, 34, 1.0], [11, 35, 1.0], [11, 36, 1.0], [11, 37, 1.0]], "fix_com": true, "fix_orientation": true, "provenance": {"creator": "QCElemental", "version": "v0.22.0", "routine": "qcelemental.molparse.from_schema"}, "id": "172548"}