{"schema_name": "qcschema_molecule", "schema_version": 2, "validated": true, "symbols": ["C", "C", "C", "C", "C", "C", "C", "C", "C", "C", "C", "C", "H", "H", "H", "H", "H", "H", "H", "H", "H", "H", "H", "H", "H", "H", "H", "H", "H", "H", "H", "H", "H", "H", "H", "H", "H", "H"], "geometry": [0.0, 0.0, 0.0, 2.898658038092878, -4.477283607421168e-16, 1.1375679987726764e-15, 4.0818826077475885, 2.3575501491022997, -1.22079697053507, 3.3493683842365938, 4.889829167491964, -6.661338147750939e-16, 4.089850310560353, 5.110468295203986, 2.794073380994707, 3.6493175518243826, 7.745890397061233, 3.932697890830812, 0.8963466034175481, 8.679441442100694, 3.8636907821539843, -1.0346499295932134, 6.925407098802804, 5.1439833274119895, -0.49565659954614827, 6.322083840889828, 7.936518464370696, -0.25659077090734383, 8.630749802666585, 9.6824090682714, -2.618953999543349, 10.30720473836076, 9.788548246348135, -2.362081893352415, 12.482428466100181, 11.68420151920018, -0.7456882564188769, 0.24630102762924544, -1.9178671709804218, -0.7454552601990312, -1.782749051895813, 0.742314750006598, -0.768551329503525, 1.5259182522168797, 1.1672350901969235, 3.5864554054715354, -0.20586877183831648, 1.9440005901455195, 3.5756380304826463, -1.6727845023799528, -1.0211785349834726, 3.5471594091781933, 2.407569740903197, -3.225973291300032, 6.147889569084292, 2.1631670833518295, -1.1771409887229385, 1.3124618540027662, 5.196703254154757, -0.21458889456526764, 4.265798614014814, 6.421896586003829, -1.0592026341314202, 6.099834834091625, 4.631627837917501, 2.994086727020897, 3.0607238190004593, 3.6979922558636353, 3.905928659878965, 4.325717931272194, 7.7437343800851774, 5.892269645392461, 4.832640890394227, 9.120439032298687, 2.9240339008373373, 0.3150355639039399, 8.969480449891126, 1.8959120107744878, 0.8186827670436414, 10.552814559922426, 4.748422122169788, -2.9141305656614445, 7.781446698157274, 4.972245161854446, -1.1427086263348913, 5.137946846912526, 4.099804026455649, 1.244232490130735, 5.203673244448836, 8.074988429839701, -2.014265272043537, 5.098885128512206, 8.646962352824179, 1.368726627403881, 9.785049579999804, 9.108621732850928, 0.1750018479632396, 7.9635187659180975, 11.599694883503654, -3.013781565019568, 11.086123486808834, 7.909320257599255, -4.26202365460224, 9.140555129523957, 10.28670727821975, -2.0397138243772175, 11.768068570054297, 13.601956372178975, -0.7629537802260011, 13.707173759908262, 11.198691057342883, -4.065334945434899, 13.65843676789121, 11.726585138579402], "name": "C12H26", "identifiers": {"molecule_hash": "d867984b27fd093d6d83c09de23060e6b8e6fb7f", "molecular_formula": "C12H26"}, "molecular_charge": 0.0, "molecular_multiplicity": 1, "connectivity": [[0, 1, 1.0], [0, 12, 1.0], [0, 13, 1.0], [0, 14, 1.0], [1, 2, 1.0], [1, 15, 1.0], [1, 16, 1.0], [2, 3, 1.0], [2, 17, 1.0], [2, 18, 1.0], [3, 4, 1.0], [3, 19, 1.0], [3, 20, 1.0], [4, 5, 1.0], [4, 21, 1.0], [4, 22, 1.0], [5, 6, 1.0], [5, 23, 1.0], [5, 24, 1.0], [6, 7, 1.0], [6, 25, 1.0], [6, 26, 1.0], [7, 8, 1.0], [7, 27, 1.0], [7, 28, 1.0], [8, 9, 1.0], [8, 29, 1.0], [8, 30, 1.0], [9, 10, 1.0], [9, 31, 1.0], [9, 32, 1.0], [10, 11, 1.0], [10, 33, 1.0], [10, 34, 1.0], [11, 35, 1.0], [11, 36, 1.0], [11, 37, 1.0]], "fix_com": true, "fix_orientation": true, "provenance": {"creator": "QCElemental", "version": "v0.22.0", "routine": "qcelemental.molparse.from_schema"}, "id": "176000"}