{"schema_name": "qcschema_molecule", "schema_version": 2, "validated": true, "symbols": ["C", "C", "C", "C", "C", "C", "C", "C", "C", "C", "C", "C", "H", "H", "H", "H", "H", "H", "H", "H", "H", "H", "H", "H", "H", "H", "H", "H", "H", "H", "H", "H", "H", "H", "H", "H", "H", "H"], "geometry": [0.0, 0.0, 0.0, 2.899637296669285, 2.2186460670402269e-16, 8.938840438366008e-18, 4.099541017486333, 2.6447618141852485, 1.3877787807814457e-17, 3.5385512181589456, 4.206466391545788, -2.3823284683796007, 4.796823185399352, 6.837025327843314, -2.454891290346137, 7.41027317013263, 6.944218546134805, -3.7260715725626268, 9.550576510785886, 5.430514470558597, -2.476042578587805, 10.254305424320947, 6.1489037547675185, 0.2534035285134144, 11.239681902724852, 8.869663338854075, 0.6214916886796635, 9.243950725235262, 10.908111545323782, 1.2042662824091834, 7.70944655435034, 10.494607423100057, 3.637918020854451, 9.316119462552825, 10.319585407465649, 6.043707916101012, -0.7731449595855322, 0.8269824572607347, -1.7312220861204641, -0.7438155363284014, -1.9259059556413483, 0.1518478866883463, -0.7404895357815451, 1.088797786771111, 1.6005316476482132, 3.5894359883425535, -1.0602277322595732, -1.6458697796683694, 3.5704951154807962, -1.030263590240226, 1.669902986333401, 3.431642135000955, 3.695902761051426, 1.6629771975023067, 6.143424836250424, 2.437011921647028, 0.23781471743988486, 4.104904618159502, 3.123415157549241, -4.062271277800578, 1.4881861158850422, 4.453156646206734, -2.5344573952802922, 3.5620609116465554, 8.13431676679606, -3.4987872854428934, 4.9025883094083085, 7.598699114140224, -0.530724797650677, 7.987630548856142, 8.928032373957699, -3.8856213585122017, 7.2042315347719015, 6.266659287209626, -5.677517787707772, 9.0792244033996, 3.4124381279553835, -2.5296469265402504, 11.247466611394104, 5.636757617447518, -3.6540148868455975, 8.652437228345594, 5.799969647402205, 1.5162665711979466, 11.731879543798877, 4.829495951804164, 0.8644702941317972, 12.291043515880647, 9.440375219367546, -1.0743490051565892, 12.629458823950268, 8.87241764511727, 2.1573799435891368, 7.928551919079015, 11.091594162977556, -0.3822878425090625, 10.220199391346785, 12.734731055767579, 1.3502115478764876, 6.551140568349599, 8.784456530469425, 3.4666541891716185, 6.3680188440226475, 12.064052883145289, 3.829918395300816, 10.53855168486047, 11.980726066110492, 6.247504468471837, 10.532277812168742, 8.64576311339962, 6.033651018999845, 8.120216033295435, 10.206751750975492, 7.729552861346971], "name": "C12H26", "identifiers": {"molecule_hash": "1f395a08d811cbe455ff717d451e36748a6c7e45", "molecular_formula": "C12H26"}, "molecular_charge": 0.0, "molecular_multiplicity": 1, "connectivity": [[0, 1, 1.0], [0, 12, 1.0], [0, 13, 1.0], [0, 14, 1.0], [1, 2, 1.0], [1, 15, 1.0], [1, 16, 1.0], [2, 3, 1.0], [2, 17, 1.0], [2, 18, 1.0], [3, 4, 1.0], [3, 19, 1.0], [3, 20, 1.0], [4, 5, 1.0], [4, 21, 1.0], [4, 22, 1.0], [5, 6, 1.0], [5, 23, 1.0], [5, 24, 1.0], [6, 7, 1.0], [6, 25, 1.0], [6, 26, 1.0], [7, 8, 1.0], [7, 27, 1.0], [7, 28, 1.0], [8, 9, 1.0], [8, 29, 1.0], [8, 30, 1.0], [9, 10, 1.0], [9, 31, 1.0], [9, 32, 1.0], [10, 11, 1.0], [10, 33, 1.0], [10, 34, 1.0], [11, 35, 1.0], [11, 36, 1.0], [11, 37, 1.0]], "fix_com": true, "fix_orientation": true, "provenance": {"creator": "QCElemental", "version": "v0.22.0", "routine": "qcelemental.molparse.from_schema"}, "id": "169951"}