{"schema_name": "qcschema_molecule", "schema_version": 2, "validated": true, "symbols": ["C", "C", "C", "C", "C", "C", "C", "C", "C", "C", "C", "C", "H", "H", "H", "H", "H", "H", "H", "H", "H", "H", "H", "H", "H", "H", "H", "H", "H", "H", "H", "H", "H", "H", "H", "H", "H", "H"], "geometry": [7.295179496016239, 1.651353132576059, 3.3306690738754696e-16, 4.916562934632222, -5.162253185604527e-16, 4.210055577590139e-16, 2.4661689400450184, 1.5534741404108454, -0.07439019809168756, 0.0, 0.0, 0.0, -1.0686768170232903, -0.7931393512957773, -2.5884424535147197, 0.5884199531901178, -2.535346640478102, -4.216922679468637, 1.0679545659781635, -5.148710832395405, -3.0544369958104562, 2.68924058387773, -6.89612663626035, -4.7189194645445625, 5.481123857081884, -6.122387884877263, -4.970677719762899, 7.026337262114987, -6.499748145842194, -2.5433875911491954, 9.708480897844781, -5.395143657632255, -2.6572326028014936, 11.412090984175773, -6.607759588118507, -4.66499864509486, 7.394502119068347, 2.8144636643359426, -1.7118282633965254, 7.317779275830199, 2.933663550836971, 1.627262472517934, 9.012742613761159, 0.49879753427425555, 0.07906938025562257, 4.904630737726834, -1.1929296404859309, 1.6980895403619178, 4.993903824719418, -1.2954232655740159, -1.6070159082792193, 2.4923246478055434, 2.8501625405274265, 1.545017912932833, 2.4685407825923487, 2.7627474139954757, -1.7633332691880308, -1.4638403056799651, 1.128606755769218, 0.93828159826372, 0.27312470753737284, -1.6668876690807015, 1.203202869386208, -2.8997079294869534, -1.722266081093813, -2.2803574186593982, -1.4768826127280548, 0.9287698045528341, -3.6731477074340377, 2.3820233838610787, -1.591108576738909, -4.635415956398787, -0.34626688593471844, -2.7962613681041786, -6.052105608335033, -0.7658020770049911, -6.0600546375934154, -2.7165941552595605, 1.9459019070626016, -4.947079375261724, -1.1907387593148546, 2.604753870556722, -8.826109423403196, -3.9603808516831416, 1.838076620273596, -6.98388246242094, -6.609564149419125, 5.613680092674031, -4.139659599211785, -5.567417319720808, 6.334648088576987, -7.2281026603121745, -6.500544068000537, 7.1352295187311805, -8.531036283735887, -2.121849975655584, 6.034364088936025, -5.635177188354392, -0.9451675504598764, 9.584091627217235, -3.352393415552151, -3.0016296550263037, 10.597285273676615, -5.611438630841908, -0.7961259495794071, 13.333657113324477, -5.843124799014747, -4.57295879793814, 10.70158505361046, -6.2728719669595385, -6.578830996440889, 11.536313680566, -8.658488561151252, -4.392035868109078], "name": "C12H26", "identifiers": {"molecule_hash": "de93e9e9a958a9a43c7d130b8330a4c7b92cab4a", "molecular_formula": "C12H26"}, "molecular_charge": 0.0, "molecular_multiplicity": 1, "connectivity": [[0, 1, 1.0], [0, 12, 1.0], [0, 13, 1.0], [0, 14, 1.0], [1, 2, 1.0], [1, 15, 1.0], [1, 16, 1.0], [2, 3, 1.0], [2, 17, 1.0], [2, 18, 1.0], [3, 4, 1.0], [3, 19, 1.0], [3, 20, 1.0], [4, 5, 1.0], [4, 21, 1.0], [4, 22, 1.0], [5, 6, 1.0], [5, 23, 1.0], [5, 24, 1.0], [6, 7, 1.0], [6, 25, 1.0], [6, 26, 1.0], [7, 8, 1.0], [7, 27, 1.0], [7, 28, 1.0], [8, 9, 1.0], [8, 29, 1.0], [8, 30, 1.0], [9, 10, 1.0], [9, 31, 1.0], [9, 32, 1.0], [10, 11, 1.0], [10, 33, 1.0], [10, 34, 1.0], [11, 35, 1.0], [11, 36, 1.0], [11, 37, 1.0]], "fix_com": true, "fix_orientation": true, "provenance": {"creator": "QCElemental", "version": "v0.22.0", "routine": "qcelemental.molparse.from_schema"}, "id": "169339"}