{"schema_name": "qcschema_molecule", "schema_version": 2, "validated": true, "symbols": ["C", "C", "C", "C", "C", "C", "C", "C", "C", "C", "C", "C", "H", "H", "H", "H", "H", "H", "H", "H", "H", "H", "H", "H", "H", "H", "H", "H", "H", "H", "H", "H", "H", "H", "H", "H", "H", "H"], "geometry": [0.0, 0.0, -0.0, 2.8897789919516184, -2.1833591180331896e-17, 1.0885424171913762e-16, 4.127894450576608, 2.5708733029020694, 0.5170371564848227, 3.5966963337048474, 4.621142854392683, -1.4894757098808076, 1.5004511623084587, 6.517659253921972, -0.8228225479700255, 2.300913844501394, 8.466611665103082, 1.1652910252638142, 0.18151993589902038, 10.230182508817391, 2.0575619804786824, -0.904363792905069, 11.959354726226842, -4.440892098500626e-16, -2.8333349995405115, 13.91470739297818, 0.9734407479076737, -1.855402475722768, 16.580654253892863, 1.5901592828065034, 0.009512986466253169, 16.86508375503837, 3.806354320541301, 2.804924832367675, 16.637288134984402, 3.0969853930670608, -0.7242143004460692, -1.9017387972300828, -0.26337444960603895, -0.7646724180913502, 1.1618151920963848, -1.506487958726146, -0.7429129256266016, 0.708714931447989, 1.7783045413969163, 3.5641903179636105, -0.7142657414025704, -1.8065540966783042, 3.547978099154872, -1.3307603757582405, 1.421227268579808, 6.154701659442344, 2.2650283251880516, 0.6420473044919437, 3.547901840113549, 3.2310056085010896, 2.3747228860244016, 5.319531393430976, 5.682048464919341, -1.848599805483703, 3.1314432130656833, 3.7049877201402563, -3.2695951746406524, 0.9433315758809993, 7.494721207950347, -2.5403161337165576, -0.16871766599371746, 5.518948652914751, -0.16125239975440953, 3.057022413497849, 7.493680090506536, 2.8089700240779396, 3.8496763145857273, 9.592885156230372, 0.4104173114650127, 0.8968277115512511, 11.36508837694875, 3.6095677812277884, -1.3493380148832594, 9.10231906492135, 2.844547409211315, -1.8290544168284968, 10.788551000247178, -1.4083705980794652, 0.623725085611372, 12.918012316437654, -0.9866521464628657, -4.292921594553646, 14.147566328784844, -0.45313297286373677, -3.792526635476579, 13.155303505760665, 2.627633625224423, -3.5105920288542016, 17.725721703654102, 2.003808296038321, -1.0213265526341568, 17.399226736656196, -0.10343255165915499, -0.267408250134817, 18.719578420442684, 4.645242079130309, -0.4527634099066626, 15.511270972222961, 5.281398745304177, 3.997559155472606, 16.903378501890604, 4.745963154515617, 3.3198844993247283, 18.07192103127611, 1.7214726746776983, 3.2654958867085586, 14.81363214043229, 2.288649453097697], "name": "C12H26", "identifiers": {"molecule_hash": "834a57c69a49f8beef1939f2fafe9b7d051a5f36", "molecular_formula": "C12H26"}, "molecular_charge": 0.0, "molecular_multiplicity": 1, "connectivity": [[0, 1, 1.0], [0, 12, 1.0], [0, 13, 1.0], [0, 14, 1.0], [1, 2, 1.0], [1, 15, 1.0], [1, 16, 1.0], [2, 3, 1.0], [2, 17, 1.0], [2, 18, 1.0], [3, 4, 1.0], [3, 19, 1.0], [3, 20, 1.0], [4, 5, 1.0], [4, 21, 1.0], [4, 22, 1.0], [5, 6, 1.0], [5, 23, 1.0], [5, 24, 1.0], [6, 7, 1.0], [6, 25, 1.0], [6, 26, 1.0], [7, 8, 1.0], [7, 27, 1.0], [7, 28, 1.0], [8, 9, 1.0], [8, 29, 1.0], [8, 30, 1.0], [9, 10, 1.0], [9, 31, 1.0], [9, 32, 1.0], [10, 11, 1.0], [10, 33, 1.0], [10, 34, 1.0], [11, 35, 1.0], [11, 36, 1.0], [11, 37, 1.0]], "fix_com": true, "fix_orientation": true, "provenance": {"creator": "QCElemental", "version": "v0.22.0", "routine": "qcelemental.molparse.from_schema"}, "id": "167880"}