{"schema_name": "qcschema_molecule", "schema_version": 2, "validated": true, "symbols": ["C", "C", "C", "C", "C", "C", "C", "C", "C", "C", "C", "C", "H", "H", "H", "H", "H", "H", "H", "H", "H", "H", "H", "H", "H", "H", "H", "H", "H", "H", "H", "H", "H", "H", "H", "H", "H", "H"], "geometry": [4.004431238024969, 2.666831221843349, 5.551115123125783e-17, 2.8937100076468303, 5.327306929907305e-16, 5.97618184326488e-16, -0.0, 0.0, -0.0, -1.2135219271539328, -2.623860747814223, -0.22848282038327977, -0.6868741816245137, -4.475161098373288, 1.9418287208505642, -1.6526300834899372, -3.7402480860606255, 4.580623149782773, -4.553090101878933, -3.631544011515307, 4.86767021132721, -5.794789967456826, -1.0277427550417944, 4.542596529233735, -5.2759262354963266, 0.8144055761799491, 6.714685263806404, -6.606904380520354, 3.3590592594555444, 6.355756842423603, -6.031687958745951, 5.327954017360385, 8.40161917717532, -7.013797525704655, 4.64712789200174, 11.033992243678199, 3.398769960107549, 3.7213866169311913, 1.6543715124453673, 6.055569687107871, 2.619033853040445, 0.007610934882849085, 3.4093854227746823, 3.718312082698582, -1.6597858537169476, 3.573406366354978, -1.021056208142109, -1.6507637543889597, 3.599116043234594, -1.017047375106329, 1.6380634917529617, -0.6717999482726078, 0.949969616282264, 1.6935265014998335, -0.6531859104809974, 1.1420823981927184, -1.5809557140280885, -0.5533876806241094, -3.4916740304130536, -1.9726993641063688, -3.241695456319734, -2.3978609357200567, -0.45538431448723327, -1.5147838879723452, -6.289952010670919, 1.4411134390180989, 1.3362800727093642, -4.80628400566535, 2.067194359497595, -0.9284898029408699, -5.149523469886123, 5.8876193401042185, -0.8086236849148696, -1.9650667622715634, 5.17099872357637, -5.39862188365894, -4.943243106899912, 3.529394539286197, -5.062237894141209, -4.336439692159459, 6.729994171899477, -5.210449137393395, -0.1719600110784304, 2.7711236417052563, -7.828284132392605, -1.2996190516393251, 4.397778280894343, -5.8822530608023005, -0.053954420322048335, 8.475252193666888, -3.2547005654456274, 1.1410404069634754, 6.899424406936076, -6.05976404192885, 4.136454748879496, 4.532221833141282, -8.640360380745523, 3.0569293960050516, 6.261447248727253, -4.001268125961184, 5.64163332626275, 8.490981998611185, -6.861962546085161, 7.11934242740456, 7.832634333941966, -6.668696924606454, 6.175985842401521, 12.358148346857629, -6.104132621290811, 2.9693674149027194, 11.782789741993728, -9.03751351863393, 4.298948878825697, 10.998226817194501], "name": "C12H26", "identifiers": {"molecule_hash": "cdc53521003e53bb74f221469c9a93563da01284", "molecular_formula": "C12H26"}, "molecular_charge": 0.0, "molecular_multiplicity": 1, "connectivity": [[0, 1, 1.0], [0, 12, 1.0], [0, 13, 1.0], [0, 14, 1.0], [1, 2, 1.0], [1, 15, 1.0], [1, 16, 1.0], [2, 3, 1.0], [2, 17, 1.0], [2, 18, 1.0], [3, 4, 1.0], [3, 19, 1.0], [3, 20, 1.0], [4, 5, 1.0], [4, 21, 1.0], [4, 22, 1.0], [5, 6, 1.0], [5, 23, 1.0], [5, 24, 1.0], [6, 7, 1.0], [6, 25, 1.0], [6, 26, 1.0], [7, 8, 1.0], [7, 27, 1.0], [7, 28, 1.0], [8, 9, 1.0], [8, 29, 1.0], [8, 30, 1.0], [9, 10, 1.0], [9, 31, 1.0], [9, 32, 1.0], [10, 11, 1.0], [10, 33, 1.0], [10, 34, 1.0], [11, 35, 1.0], [11, 36, 1.0], [11, 37, 1.0]], "fix_com": true, "fix_orientation": true, "provenance": {"creator": "QCElemental", "version": "v0.22.0", "routine": "qcelemental.molparse.from_schema"}, "id": "166539"}