{"schema_name": "qcschema_molecule", "schema_version": 2, "validated": true, "symbols": ["C", "C", "C", "C", "C", "C", "C", "C", "C", "C", "C", "C", "H", "H", "H", "H", "H", "H", "H", "H", "H", "H", "H", "H", "H", "H", "H", "H", "H", "H", "H", "H", "H", "H", "H", "H", "H", "H"], "geometry": [0.0, 0.0, 0.0, 2.8740931707934507, -7.342840476222022e-17, -7.816046645062906e-16, 4.050133529704572, 1.73281078939632, -1.9862251669656792, 3.26192111491717, 4.504361277541883, -1.8291451658880349, 3.8110616795764636, 5.74099684747901, 0.712689634505624, 3.453459006978042, 8.604022815459059, 0.7338314025141766, 0.8135645707458323, 9.5173868245314, 8.881784197001252e-16, -1.3405547337880512, 8.427352776166863, 1.5824583348224932, -1.1048400209278582, 8.85441846578548, 4.429443993017918, -0.8030145497563801, 11.606345462079371, 5.2399011729914315, -2.9505689382803055, 13.337191110832785, 4.419269041644874, -2.68517970455715, 16.007635104199, 5.443041281105095, -0.7538369685775784, -0.4748277508831384, -1.8755774459166383, -0.7549978278129967, -1.3802023873451812, 1.3490793801332104, -0.7654018926641302, 1.8569044396499947, 0.5238101622705267, 3.562763332020716, 0.5307187996930041, 1.8879489545493915, 3.56269791682603, -1.9323368029607728, -0.3244424189082949, 3.57207843161271, 1.0110192088237087, -3.8767957068623926, 6.1203496120248, 1.6110716815302226, -1.8320208248757157, 1.2366555731324556, 4.6774166873756435, -2.266790847555414, 4.249542730312284, 5.560464478402408, -3.32444879452274, 5.769811338635119, 5.311589426212082, 1.2654304588535255, 2.6134414996012474, 4.880306518931606, 2.1801775062418685, 3.93334890799017, 9.323032904518055, 2.6238629866259373, 4.831295937943529, 9.464572117605105, -0.5639031803982102, 0.4569212320820094, 9.072255463112466, -1.9975099831258833, 0.7769463424545525, 11.592606558727942, 0.11800265006824073, -3.131465984684011, 9.232818037293127, 0.9051198752345564, -1.4909040295752107, 6.382949242782611, 1.2335830174002158, 0.5071680250338035, 7.764659035742916, 5.160063335342816, -2.7870311309840297, 8.058204447265709, 5.35615958804841, 0.9942593262501029, 12.36451299041398, 4.5134087329181405, -0.6394499750018185, 11.673878996216072, 7.311592701783139, -3.041908393758915, 13.403998421819804, 2.3436029649809815, -4.7610426611379495, 12.523729033750904, 5.04422183653311, -2.6612421681897445, 16.016211730026054, 7.518274757053461, -0.9157424157116762, 16.88254001841138, 4.8015988001573655, -4.245617685123685, 17.224115160543633, 4.826896197189733], "name": "C12H26", "identifiers": {"molecule_hash": "1412c309f7a7e9e6b457c50240155e82bb82d5a5", "molecular_formula": "C12H26"}, "molecular_charge": 0.0, "molecular_multiplicity": 1, "connectivity": [[0, 1, 1.0], [0, 12, 1.0], [0, 13, 1.0], [0, 14, 1.0], [1, 2, 1.0], [1, 15, 1.0], [1, 16, 1.0], [2, 3, 1.0], [2, 17, 1.0], [2, 18, 1.0], [3, 4, 1.0], [3, 19, 1.0], [3, 20, 1.0], [4, 5, 1.0], [4, 21, 1.0], [4, 22, 1.0], [5, 6, 1.0], [5, 23, 1.0], [5, 24, 1.0], [6, 7, 1.0], [6, 25, 1.0], [6, 26, 1.0], [7, 8, 1.0], [7, 27, 1.0], [7, 28, 1.0], [8, 9, 1.0], [8, 29, 1.0], [8, 30, 1.0], [9, 10, 1.0], [9, 31, 1.0], [9, 32, 1.0], [10, 11, 1.0], [10, 33, 1.0], [10, 34, 1.0], [11, 35, 1.0], [11, 36, 1.0], [11, 37, 1.0]], "fix_com": true, "fix_orientation": true, "provenance": {"creator": "QCElemental", "version": "v0.22.0", "routine": "qcelemental.molparse.from_schema"}, "id": "171068"}