{"schema_name": "qcschema_molecule", "schema_version": 2, "validated": true, "symbols": ["C", "C", "C", "C", "C", "C", "C", "C", "C", "C", "C", "C", "H", "H", "H", "H", "H", "H", "H", "H", "H", "H", "H", "H", "H", "H", "H", "H", "H", "H", "H", "H", "H", "H", "H", "H", "H", "H"], "geometry": [-0.0, 0.0, 0.0, 2.875235384594872, 3.9560350050848487e-16, -6.430965199128784e-16, 4.05707036301869, 2.4588536671525265, 0.9335706996747489, 3.5224648104846854, 4.737958935894569, -0.7458312204656843, 4.94598527165706, 7.132364330874991, -1.5543122344752192e-15, 4.152392664912626, 8.246776118406332, 2.5339328974866357, 5.660016669268107, 10.576292651180538, 3.3270295226102515, 5.5359029831531466, 12.814376092395108, 1.5063101649094608, 2.8693569757334405, 13.741749535134051, 0.8964073034203084, 1.2530966688851395, 14.433836032520775, 3.1838645787692617, 2.3771441696799966, 16.47979191709319, 4.866680730472878, 0.6243276669255629, 17.249622434056846, 7.007996931573967, -0.7525844114402336, -1.8409795354501757, -0.583218193172745, -0.7463679520488524, 0.41144594682017444, 1.8934827941806531, -0.7732958394185675, 1.4218692983780026, -1.295838530557706, 3.553684828974303, -1.5607270805919147, 1.1905022198898383, 3.5681991503989567, -0.40255468357293533, -1.9200074080820406, 6.117133983864839, 2.206058119979545, 1.0716768880329204, 3.393565172887072, 2.8288551549533616, 2.869500946968839, 4.020854376496953, 4.2433354085402355, -2.7036128163331385, 1.4831780754207144, 5.145135192924327, -0.7615195517820585, 4.669720316545001, 8.554656406754262, -1.4886030402207306, 6.989968550104705, 6.73268768321219, 0.03766014140991536, 2.1236666545228147, 8.709088161362075, 2.463759810626928, 4.3500850870058025, 6.809439326860396, 4.018914012330408, 7.652543763681531, 10.037291302060394, 3.5756493258711552, 5.0054762637851935, 11.18391409349823, 5.204357753479662, 6.648375493187691, 14.37471206897868, 2.3080792229886695, 6.4856894434240635, 12.321330609223844, -0.27386999640364795, 3.0173041817259767, 15.397185128285635, -0.352583921630345, 1.872259208855529, 12.291871906276253, -0.21067551487601266, -0.6123296743207991, 15.063309875935868, 2.515022753567214, 0.8904310949803325, 12.736481351783763, 4.332904340908604, 4.181522154236702, 15.820126812264103, 5.660235405783559, 2.8386171990669586, 18.14381554182832, 3.705720166393259, 0.1743584872959527, 15.629773956019724, 8.225250044387089, -1.1716050706221637, 17.990265883682746, 6.277629806677122, 1.4702573858230892, 18.716132652440983, 8.203071945797952], "name": "C12H26", "identifiers": {"molecule_hash": "dc3267d3839f5207c0f572e9993455d5435ee538", "molecular_formula": "C12H26"}, "molecular_charge": 0.0, "molecular_multiplicity": 1, "connectivity": [[0, 1, 1.0], [0, 12, 1.0], [0, 13, 1.0], [0, 14, 1.0], [1, 2, 1.0], [1, 15, 1.0], [1, 16, 1.0], [2, 3, 1.0], [2, 17, 1.0], [2, 18, 1.0], [3, 4, 1.0], [3, 19, 1.0], [3, 20, 1.0], [4, 5, 1.0], [4, 21, 1.0], [4, 22, 1.0], [5, 6, 1.0], [5, 23, 1.0], [5, 24, 1.0], [6, 7, 1.0], [6, 25, 1.0], [6, 26, 1.0], [7, 8, 1.0], [7, 27, 1.0], [7, 28, 1.0], [8, 9, 1.0], [8, 29, 1.0], [8, 30, 1.0], [9, 10, 1.0], [9, 31, 1.0], [9, 32, 1.0], [10, 11, 1.0], [10, 33, 1.0], [10, 34, 1.0], [11, 35, 1.0], [11, 36, 1.0], [11, 37, 1.0]], "fix_com": true, "fix_orientation": true, "provenance": {"creator": "QCElemental", "version": "v0.22.0", "routine": "qcelemental.molparse.from_schema"}, "id": "178405"}