{"schema_name": "qcschema_molecule", "schema_version": 2, "validated": true, "symbols": ["C", "C", "C", "C", "C", "C", "C", "C", "C", "C", "C", "C", "H", "H", "H", "H", "H", "H", "H", "H", "H", "H", "H", "H", "H", "H", "H", "H", "H", "H", "H", "H", "H", "H", "H", "H", "H", "H"], "geometry": [5.105584803570124, 2.864991401384409, -4.440892098500626e-16, 4.877033224282314, 2.6309112784581906e-16, 7.401695836971992e-16, 2.43817321427339, -0.9852191025112884, 1.1883180311474122, 0.0, 0.0, -0.0, -0.2324857227978579, -0.5323388289572676, -2.8203391294239566, -2.840371101015613, 0.03444113421512096, -3.917124735892471, -3.749239382509883, 2.755226211658654, -3.5808629567848227, -1.9776949955919056, 4.774865890866978, -4.636923862961834, -1.323101311388038, 4.486182837087484, -7.435395422606416, -3.5847807817821167, 4.363821523718558, -9.221697561310338, -5.3203703135762535, 6.656653232489775, -9.11258597230503, -7.423891319874328, 6.5582269907722415, -11.0658713627115, 4.900634663562431, 3.637572903857647, 1.9164121649533463, 6.946335329110792, 3.47554390089585, -0.7306563296094623, 3.647895454635924, 3.7491104790906484, -1.1839706330070974, 5.040185272598673, -0.7038732697922949, -1.948903311993335, 6.485271319985878, -0.819087817666089, 1.0276333363613188, 2.4337617635050353, -0.5052933561148212, 3.2115403486326644, 2.44381832718592, -3.06246237132494, 1.0912482012860067, -0.16292015288863312, 2.0446963708500348, 0.340376566629979, -1.6147573053956215, -0.8619436716728404, 0.9880765756793507, 0.21565383534194948, -2.5330610717461495, -3.1709027083114285, 1.2080578994416897, 0.5541682576159033, -3.856166824594888, -2.8337387454560625, -0.4475024143421378, -5.9388011793585935, -4.231449087410652, -1.236801299982726, -3.038523878446335, -4.058933194172547, 3.137708055507932, -1.5626508978665758, -5.61871482888997, 2.9410961466647967, -4.470984514723887, -2.833233861378209, 6.639716358492493, -4.312407658697898, -0.20840252360129294, 4.784549443685526, -3.544488472411727, -0.17078247495269247, 2.777128630604746, -7.702313382832115, -0.10639160460332489, 6.076656391095211, -7.994445377020172, -4.700408536090443, 2.649835895154936, -8.83384368318824, -2.8831669032454084, 4.143766836304492, -11.166571294694261, -6.1532936615930796, 6.814728419595453, -7.214574721998101, -4.190706332853404, 8.382760917670872, -9.385557028761879, -6.6553939073131465, 6.47290736049324, -12.991844579407534, -8.613224299489712, 4.878046137558572, -10.80073979437692, -8.654414618057855, 8.221785975361252, -10.952694065815894], "name": "C12H26", "identifiers": {"molecule_hash": "1412c309f7a7e9e6b457c50240155e82bb82d5a5", "molecular_formula": "C12H26"}, "molecular_charge": 0.0, "molecular_multiplicity": 1, "connectivity": [[0, 1, 1.0], [0, 12, 1.0], [0, 13, 1.0], [0, 14, 1.0], [1, 2, 1.0], [1, 15, 1.0], [1, 16, 1.0], [2, 3, 1.0], [2, 17, 1.0], [2, 18, 1.0], [3, 4, 1.0], [3, 19, 1.0], [3, 20, 1.0], [4, 5, 1.0], [4, 21, 1.0], [4, 22, 1.0], [5, 6, 1.0], [5, 23, 1.0], [5, 24, 1.0], [6, 7, 1.0], [6, 25, 1.0], [6, 26, 1.0], [7, 8, 1.0], [7, 27, 1.0], [7, 28, 1.0], [8, 9, 1.0], [8, 29, 1.0], [8, 30, 1.0], [9, 10, 1.0], [9, 31, 1.0], [9, 32, 1.0], [10, 11, 1.0], [10, 33, 1.0], [10, 34, 1.0], [11, 35, 1.0], [11, 36, 1.0], [11, 37, 1.0]], "fix_com": true, "fix_orientation": true, "provenance": {"creator": "QCElemental", "version": "v0.22.0", "routine": "qcelemental.molparse.from_schema"}, "id": "171068"}