{"schema_name": "qcschema_molecule", "schema_version": 2, "validated": true, "symbols": ["C", "C", "C", "C", "C", "C", "C", "C", "C", "C", "C", "C", "H", "H", "H", "H", "H", "H", "H", "H", "H", "H", "H", "H", "H", "H", "H", "H", "H", "H", "H", "H", "H", "H", "H", "H", "H", "H"], "geometry": [0.0, 0.0, 0.0, 2.8968008058730894, 3.4534117725248887e-16, 2.913555309221228e-16, 4.008083740293255, 2.6767635169135335, 0.0, 6.906225192069459, 2.7840244053476, 0.1456948521336341, 8.324126957118647, 1.408702198031461, -1.9888931671705365, 7.676703689451047, 2.162112599575112, -4.72362966889474, 8.374523107972378, 4.882846181167946, -5.5045605901072925, 6.450566128484541, 6.968869172820807, -4.866307116013206, 3.9334163724076863, 6.743623615776494, -6.286261532859664, 2.047602907859486, 8.820782770777019, -5.558526906332109, -0.5659421444017025, 8.560120761539347, -6.795402871671644, -0.544323783947616, 8.810823313143686, -9.683756933440193, -0.7421740533292085, 0.9793046817494819, -1.6685771351183443, -0.7610930489696983, -1.9251624187826828, -0.009485286969137863, -0.747531523584843, 0.9670338825607109, 1.6727054925001332, 3.594655110503819, -1.033401809647815, 1.6593986475626112, 3.5763326063853245, -1.043010454101363, -1.6565690650330422, 3.3446948104273906, 3.6771808446850365, -1.6886526904230998, 3.2297302084948347, 3.7229233431113373, 1.6150207510041423, 7.5110618127375375, 1.9552285569722736, 1.950412442394883, 7.502604148792232, 4.766422281850906, 0.21331421751584378, 10.360387672556016, 1.6853729593536242, -1.696671049224255, 8.004479417983797, -0.6306347211726211, -1.7954250185849165, 8.7063958771529, 0.8590017299947716, -5.964630934875769, 5.67162464995389, 1.804002088992506, -5.100285799574093, 10.204519212468128, 5.366796836069426, -4.652761118284662, 8.680584971137073, 4.919277857084389, -7.55685443100927, 6.082220069302051, 7.017500059427109, -2.8312495380529823, 7.302179139744313, 8.804118352821646, -5.329766615886609, 4.306003013005114, 6.797334132277651, -8.32564365035413, 3.063778663785578, 4.898231479846701, -5.911148774952809, 1.8136188267192965, 8.808272823431123, -3.4962233649472547, 2.8504341956450374, 10.676106119468301, -6.035769804765911, -1.3882444209288993, 6.7285189621540935, -6.268220006053341, -1.823931772902268, 10.005626627983492, -6.003010667726372, -2.4654878575219024, 8.747668296965353, -10.452225316947608, 0.5328213564140872, 7.288739627568194, -10.579709237765844, 0.3077837428136796, 10.608384003520973, -10.265235222822236], "name": "C12H26", "identifiers": {"molecule_hash": "1c3a263ed5d8bb65410e411e4d83f3d22949cf8e", "molecular_formula": "C12H26"}, "molecular_charge": 0.0, "molecular_multiplicity": 1, "connectivity": [[0, 1, 1.0], [0, 12, 1.0], [0, 13, 1.0], [0, 14, 1.0], [1, 2, 1.0], [1, 15, 1.0], [1, 16, 1.0], [2, 3, 1.0], [2, 17, 1.0], [2, 18, 1.0], [3, 4, 1.0], [3, 19, 1.0], [3, 20, 1.0], [4, 5, 1.0], [4, 21, 1.0], [4, 22, 1.0], [5, 6, 1.0], [5, 23, 1.0], [5, 24, 1.0], [6, 7, 1.0], [6, 25, 1.0], [6, 26, 1.0], [7, 8, 1.0], [7, 27, 1.0], [7, 28, 1.0], [8, 9, 1.0], [8, 29, 1.0], [8, 30, 1.0], [9, 10, 1.0], [9, 31, 1.0], [9, 32, 1.0], [10, 11, 1.0], [10, 33, 1.0], [10, 34, 1.0], [11, 35, 1.0], [11, 36, 1.0], [11, 37, 1.0]], "fix_com": true, "fix_orientation": true, "provenance": {"creator": "QCElemental", "version": "v0.22.0", "routine": "qcelemental.molparse.from_schema"}, "id": "172548"}