{"schema_name": "qcschema_molecule", "schema_version": 2, "validated": true, "symbols": ["C", "C", "C", "C", "C", "C", "C", "C", "C", "C", "C", "C", "H", "H", "H", "H", "H", "H", "H", "H", "H", "H", "H", "H", "H", "H", "H", "H", "H", "H", "H", "H", "H", "H", "H", "H", "H", "H"], "geometry": [11.522058069458653, 1.7017272709381526, 6.661338147750939e-16, 9.20723829729796, -2.438714331102801e-15, -1.0962318937338196e-15, 9.649422110619883, -2.4736967540403763, 1.4068745673707452, 7.496594682404922, -4.3980330205587865, 1.3092812869750496, 5.323744659244903, -4.029098498321856, 3.180065491183746, 3.5358224566811307, -1.7984610381482806, 2.7686274502906745, 2.2961426962723075, -1.7418528389536188, 0.16888056514583294, 0.0, 0.0, 0.0, 0.47394876270578234, 2.7691636703118108, 0.658010930286451, 2.371115564856761, 4.084864917000689, -1.0608206253025505, 2.802424295989052, 6.8691726955121215, -0.4449409122447672, 0.5134545169229203, 8.551581854319915, -0.8885341407212937, 12.083536235653135, 2.201819540310515, 1.934498181127055, 13.144050349177949, 0.7609181129168694, -0.8899368838151606, 11.175704173104435, 3.4671210234819188, -1.0286450028884215, 8.657345090831983, -0.4275185225168123, -1.9609967907277042, 7.607988049568649, 1.0256035388329912, 0.8313978073615743, 11.351108992343377, -3.3571147346627113, 0.6006475043982019, 10.122028499476635, -2.066432498100923, 3.3939643831579147, 8.302891930273459, -6.27251774130955, 1.6935267609731597, 6.756862154935496, -4.5050712194688245, -0.6324746627013111, 4.177458868078529, -5.764882003200621, 3.1555054349548226, 6.118331527091824, -3.9076950293693486, 5.098083258127609, 4.517590760503518, -0.0029710707434680295, 3.126890997502143, 2.0443064355105163, -1.9058973359677975, 4.2160866531688495, 1.6910232442879132, -3.668991519868836, -0.3290536403570373, 3.700503935880103, -1.2105516615807461, -1.2687380809445212, -0.7852842785838301, -0.10936382446997861, -1.9219955100967123, -1.4785074849958946, -0.7339471543188396, 1.2644810932738335, 1.1215544078634343, 2.923964749254339, 2.629817495162933, -1.343007163567371, 3.7710793835289103, 0.5835271768510517, 1.7413788439064828, 3.908042333392306, -3.038699078741353, 4.193489882946257, 3.0939700702679627, -0.9541073105159733, 3.4155720894076684, 7.039891367573628, 1.5359351155492438, 4.386382856257309, 7.5680550789466725, -1.592231836986373, 0.9568358040875307, 10.53965624366241, -0.5050636160201822, -1.0816466032681253, 8.031016453048926, 0.329235517121206, -0.13671659628677135, 8.42236953669863, -2.8560964964690942], "name": "C12H26", "identifiers": {"molecule_hash": "e776ffb1a319ff18e1a7ef036433a38356782831", "molecular_formula": "C12H26"}, "molecular_charge": 0.0, "molecular_multiplicity": 1, "connectivity": [[0, 1, 1.0], [0, 12, 1.0], [0, 13, 1.0], [0, 14, 1.0], [1, 2, 1.0], [1, 15, 1.0], [1, 16, 1.0], [2, 3, 1.0], [2, 17, 1.0], [2, 18, 1.0], [3, 4, 1.0], [3, 19, 1.0], [3, 20, 1.0], [4, 5, 1.0], [4, 21, 1.0], [4, 22, 1.0], [5, 6, 1.0], [5, 23, 1.0], [5, 24, 1.0], [6, 7, 1.0], [6, 25, 1.0], [6, 26, 1.0], [7, 8, 1.0], [7, 27, 1.0], [7, 28, 1.0], [8, 9, 1.0], [8, 29, 1.0], [8, 30, 1.0], [9, 10, 1.0], [9, 31, 1.0], [9, 32, 1.0], [10, 11, 1.0], [10, 33, 1.0], [10, 34, 1.0], [11, 35, 1.0], [11, 36, 1.0], [11, 37, 1.0]], "fix_com": true, "fix_orientation": true, "provenance": {"creator": "QCElemental", "version": "v0.22.0", "routine": "qcelemental.molparse.from_schema"}, "id": "178315"}