{"schema_name": "qcschema_molecule", "schema_version": 2, "validated": true, "symbols": ["C", "C", "C", "C", "C", "C", "C", "C", "C", "C", "C", "C", "H", "H", "H", "H", "H", "H", "H", "H", "H", "H", "H", "H", "H", "H", "H", "H", "H", "H", "H", "H", "H", "H", "H", "H", "H", "H"], "geometry": [0.0, 0.0, 0.0, 2.889070912378351, -1.0881003325640654e-15, 3.1294829805914337e-16, 3.9966081276524816, -1.3397991064025365, -2.311620786708873, 6.886922909860964, -1.5718792992020092, -2.3661071202220025, 8.335465433710253, 0.9563362150112679, -2.5189582767145553, 9.354274351183935, 1.9802255547967003, 6.661338147750939e-16, 11.637394717160817, 0.5142783335561462, 1.0131801766057538, 12.827799444641887, 1.6503118676758328, 3.4020512855381484, 11.147777933854801, 1.7668540617962232, 5.764726970416177, 10.269008325728942, -0.8137974736583993, 6.738119791985259, 8.663961110697056, -0.7011259546884712, 9.149321638985851, 10.084709404278346, 0.18591947597602587, 11.50577127442642, -0.7399509172386579, 0.9471930487290692, -1.664563680860399, -0.7416523704562081, -1.9142820611361673, 0.007700740960025265, -0.7446899140488717, 0.9655584772822225, 1.6500596876978746, 3.5692268134048963, -0.9152118210483833, 1.7115425152890333, 3.556658975889594, 1.939926640408737, 0.07423864726967944, 3.197579414427664, -3.2325387776413086, -2.4145037356436694, 3.3724975504499257, -0.3657177469929733, -4.013684728401479, 7.378135897392109, -2.7184658168338807, -3.997374887992946, 7.50538061019331, -2.645319578948257, -0.7267962208207531, 9.92311752085797, 0.7486365095283973, -3.8066772709073655, 7.11333598880966, 2.3726349510104505, -3.3708650639331053, 7.853637547002723, 1.9986226461774335, 1.3977851272196804, 9.911680163805945, 3.942154436915998, -0.2690555687625189, 13.082621852813752, 0.4703404098535981, -0.4494298831049359, 11.12804060120788, -1.4443310345787101, 1.353271168867019, 14.520050846361837, 0.5737467924812161, 3.8577925945780116, 13.4680452518813, 3.5563827111167257, 2.969564235772963, 9.505138828669617, 2.948363188239098, 5.40463272665877, 12.216540882139519, 2.722393368964755, 7.234322363217119, 11.910267113868167, -2.0102996054673876, 7.073752607890944, 9.165823902593075, -1.7513273074521987, 5.281779223875221, 7.042012793108173, 0.5219135334434184, 8.828697979359974, 7.902699443290995, -2.575156389224403, 9.510787037541835, 8.878328639970363, 0.0857469894882339, 13.162465975770186, 10.729445814771589, 2.1241508847387713, 11.333731178804435, 11.729195935033172, -0.9918898027026115, 11.860948624922468], "name": "C12H26", "identifiers": {"molecule_hash": "81c4cc60f28096e8598125baa105516d9f9d269d", "molecular_formula": "C12H26"}, "molecular_charge": 0.0, "molecular_multiplicity": 1, "connectivity": [[0, 1, 1.0], [0, 12, 1.0], [0, 13, 1.0], [0, 14, 1.0], [1, 2, 1.0], [1, 15, 1.0], [1, 16, 1.0], [2, 3, 1.0], [2, 17, 1.0], [2, 18, 1.0], [3, 4, 1.0], [3, 19, 1.0], [3, 20, 1.0], [4, 5, 1.0], [4, 21, 1.0], [4, 22, 1.0], [5, 6, 1.0], [5, 23, 1.0], [5, 24, 1.0], [6, 7, 1.0], [6, 25, 1.0], [6, 26, 1.0], [7, 8, 1.0], [7, 27, 1.0], [7, 28, 1.0], [8, 9, 1.0], [8, 29, 1.0], [8, 30, 1.0], [9, 10, 1.0], [9, 31, 1.0], [9, 32, 1.0], [10, 11, 1.0], [10, 33, 1.0], [10, 34, 1.0], [11, 35, 1.0], [11, 36, 1.0], [11, 37, 1.0]], "fix_com": true, "fix_orientation": true, "provenance": {"creator": "QCElemental", "version": "v0.22.0", "routine": "qcelemental.molparse.from_schema"}, "id": "166189"}