{"schema_name": "qcschema_molecule", "schema_version": 2, "validated": true, "symbols": ["C", "C", "C", "C", "C", "C", "C", "C", "C", "C", "C", "C", "H", "H", "H", "H", "H", "H", "H", "H", "H", "H", "H", "H", "H", "H", "H", "H", "H", "H", "H", "H", "H", "H", "H", "H", "H", "H"], "geometry": [0.0, 0.0, 0.0, 2.888890862841865, -1.4988944591707147e-16, 7.257096665919165e-17, 4.001464958801044, 2.294934125420782, 1.3671188131743284, 6.890213176810929, 2.2737227513048595, 1.620434626669541, 8.396724481882814, 2.355274487613401, -0.8572045770604586, 8.089615828378099, 4.714437098895488, -2.523353935398192, 9.104436823541825, 7.197536940165337, -1.3782624824138892, 7.178190264573752, 8.876000273638237, 3.1086244689504383e-15, 5.278149069410405, 10.184626437124148, -1.7487254039290763, 3.440829329588486, 11.897030806641952, -0.3108372820875145, 1.402117801788656, 13.138230192496696, -1.9528033546084291, 2.408212684678209, 15.039440098072093, -3.884286038273464, -0.7406304061199459, 1.6753496756362636, -0.9276463938076176, -0.7444987050427923, -1.6386031162005383, -0.9849938872236614, -0.7418736361487159, -0.03021807032730084, 1.913972564955886, 3.5701320355757176, -1.7211535894824748, 0.896161078721227, 3.5565464877296087, -0.05704941142676634, -1.9406742056511797, 3.382810169733439, 4.0082297764886965, 0.41650126776697305, 3.1983077440004517, 2.38109643439962, 3.2586630374672145, 7.4375119531618035, 0.5708737837097899, 2.6362780748735513, 7.461377724400928, 3.8407459450274937, 2.818039501999337, 10.390333180566568, 2.1561644864379534, -0.39298922332045116, 7.924532370809925, 0.7055440669900328, -1.9858924034440737, 9.112147225593077, 4.343537245933037, -4.265633515622609, 6.126383199158262, 4.9335843721096335, -3.0799965204621023, 10.640400074799041, 6.749929859479506, -0.08716795554261347, 9.950906693000537, 8.321602437754445, -2.8763697703963644, 6.163521297965244, 7.7886369225791, 1.4142214581769914, 8.211006483236488, 10.3247974388007, 1.031632200552091, 6.312881695116404, 11.279690451857364, -3.145665064066508, 4.19950041983136, 8.784077430382379, -2.798083132939121, 2.5128250953445557, 10.78663345492993, 1.1502623345387013, 4.5015589482825265, 13.361654109135724, 0.6714311723183881, 0.33189385208897626, 11.677298048028309, -2.9271149509688468, 0.06765169898799761, 14.097221865709436, -0.7192283593058226, 0.8641887350307351, 15.948431583781078, -4.884093502133323, 3.60726106196186, 14.147043787739968, -5.28748950340617, 3.5077069651946364, 16.51109020486505, -2.9659764492603315], "name": "C12H26", "identifiers": {"molecule_hash": "cdc53521003e53bb74f221469c9a93563da01284", "molecular_formula": "C12H26"}, "molecular_charge": 0.0, "molecular_multiplicity": 1, "connectivity": [[0, 1, 1.0], [0, 12, 1.0], [0, 13, 1.0], [0, 14, 1.0], [1, 2, 1.0], [1, 15, 1.0], [1, 16, 1.0], [2, 3, 1.0], [2, 17, 1.0], [2, 18, 1.0], [3, 4, 1.0], [3, 19, 1.0], [3, 20, 1.0], [4, 5, 1.0], [4, 21, 1.0], [4, 22, 1.0], [5, 6, 1.0], [5, 23, 1.0], [5, 24, 1.0], [6, 7, 1.0], [6, 25, 1.0], [6, 26, 1.0], [7, 8, 1.0], [7, 27, 1.0], [7, 28, 1.0], [8, 9, 1.0], [8, 29, 1.0], [8, 30, 1.0], [9, 10, 1.0], [9, 31, 1.0], [9, 32, 1.0], [10, 11, 1.0], [10, 33, 1.0], [10, 34, 1.0], [11, 35, 1.0], [11, 36, 1.0], [11, 37, 1.0]], "fix_com": true, "fix_orientation": true, "provenance": {"creator": "QCElemental", "version": "v0.22.0", "routine": "qcelemental.molparse.from_schema"}, "id": "166539"}