{"schema_name": "qcschema_molecule", "schema_version": 2, "validated": true, "symbols": ["C", "C", "C", "C", "C", "C", "C", "C", "C", "C", "C", "C", "H", "H", "H", "H", "H", "H", "H", "H", "H", "H", "H", "H", "H", "H", "H", "H", "H", "H", "H", "H", "H", "H", "H", "H", "H", "H"], "geometry": [-0.0, 0.0, 0.0, 2.8995787099154615, -4.3256053221293115e-17, -6.230005839468627e-16, 4.084731897346602, 2.645477948282329, 0.16826256335611914, 3.4989748455538763, 4.3538372643478, -2.103077496879417, 5.000916304843736, 6.838492457664571, -2.1494241845014357, 4.387663268177395, 8.638211373192952, 0.03992637353841544, 5.897761177176065, 11.120396313916732, -5.551115123125783e-15, 5.533347028327614, 12.771296377886495, -2.3651126039247505, 2.780106230110219, 13.502227115289713, -2.9455008423679256, 1.3824319000459724, 14.881751188797363, -0.8055399195020169, 2.5889550935315064, 17.39374813606519, -0.007395005354846607, 1.0457337418802126, 18.784662860013768, 2.011335350291465, -0.7460544384527583, -1.9309812561449662, 0.011738622910995741, -0.7409144219103014, 0.971965861998431, 1.673892686939927, -0.7681271260730126, 0.9528095050764432, -1.6678550983456248, 3.573253887335246, -1.134094708129762, 1.6001090703574303, 3.588911773040331, -0.9494057295235828, -1.7122447081424461, 6.144782570763081, 2.447194018139989, 0.33517859496235214, 3.4475861250187503, 3.5537625194889113, 1.9203010931761146, 3.9021785819231427, 3.2984863216882427, -3.845091165517178, 1.4726781772933946, 4.793701286459431, -2.1523644461032068, 4.626798548333061, 7.795240099442142, -3.949005043933837, 7.034382591531347, 6.412766619432588, -2.1347183027664363, 2.3536148620215713, 9.047637962441113, 0.02732110331835491, 4.762989024182088, 7.687333331816488, 1.841715560200696, 7.917005659342258, 10.677841097056248, 0.1844943720880854, 5.404664434005932, 12.220999728132364, 1.686661692805308, 6.67304592725985, 14.48835386202024, -2.145894229970205, 6.31395807811162, 11.795384081402494, -4.018130915704902, 2.763884068038182, 14.702117263759204, -4.6388029499119, 1.7090587820211462, 11.799586685052272, -3.4483933009956176, -0.5672817741751501, 15.243063844461409, -1.4185088246276936, 1.2316992254102779, 13.644872098826056, 0.8529301293153669, 4.503212604829947, 17.05781862494641, 0.7116088765977606, 2.804653208480026, 18.607886077012466, -1.6772032237716474, 0.8453889591447536, 17.630710076497436, 3.720479454567084, -0.8605158254956482, 19.219737611278546, 1.3265394173434921, 1.9426116837562493, 20.56868741501266, 2.557932155732025], "name": "C12H26", "identifiers": {"molecule_hash": "878a758bf5a464b198206430813c3f95987db405", "molecular_formula": "C12H26"}, "molecular_charge": 0.0, "molecular_multiplicity": 1, "connectivity": [[0, 1, 1.0], [0, 12, 1.0], [0, 13, 1.0], [0, 14, 1.0], [1, 2, 1.0], [1, 15, 1.0], [1, 16, 1.0], [2, 3, 1.0], [2, 17, 1.0], [2, 18, 1.0], [3, 4, 1.0], [3, 19, 1.0], [3, 20, 1.0], [4, 5, 1.0], [4, 21, 1.0], [4, 22, 1.0], [5, 6, 1.0], [5, 23, 1.0], [5, 24, 1.0], [6, 7, 1.0], [6, 25, 1.0], [6, 26, 1.0], [7, 8, 1.0], [7, 27, 1.0], [7, 28, 1.0], [8, 9, 1.0], [8, 29, 1.0], [8, 30, 1.0], [9, 10, 1.0], [9, 31, 1.0], [9, 32, 1.0], [10, 11, 1.0], [10, 33, 1.0], [10, 34, 1.0], [11, 35, 1.0], [11, 36, 1.0], [11, 37, 1.0]], "fix_com": true, "fix_orientation": true, "provenance": {"creator": "QCElemental", "version": "v0.22.0", "routine": "qcelemental.molparse.from_schema"}, "id": "168550"}