{"schema_name": "qcschema_molecule", "schema_version": 2, "validated": true, "symbols": ["C", "C", "C", "C", "C", "C", "C", "C", "C", "C", "C", "C", "H", "H", "H", "H", "H", "H", "H", "H", "H", "H", "H", "H", "H", "H", "H", "H", "H", "H", "H", "H", "H", "H", "H", "H", "H", "H"], "geometry": [5.1466536361151975, 2.889014920524226, -2.220446049250313e-16, 4.90785366702765, 1.1925336274534192e-15, -6.809802852776073e-16, 2.452589697112891, -0.9853865575354999, -1.2054887787187096, 0.0, -0.0, 0.0, -0.26935180151142246, -0.647624735641374, 2.811742192035893, -2.8230820611386527, 0.10140714882339763, 3.977338747383933, -3.4933711817868884, 2.929450118137616, 3.796773080133823, -1.6519776341280166, 4.80202417262146, 5.066986475640539, -2.20248806059587, 5.4089147068974635, 7.858047319722282, -1.9759649193936004, 3.2168269852343983, 9.7525250678319, 0.6221624472390543, 1.9220676320683734, 9.863444409952555, 2.806665376133801, 3.7092980611246595, 10.523342152480383, 4.951068453711777, 3.6538905439880267, -1.9161671829090965, 3.696624702587043, 3.7802431679750947, 1.1770227580584145, 6.989825911430499, 3.4835828698745512, 0.730846620293236, 5.06855278339858, -0.7019853318203294, 1.9432137544084163, 6.51280741229099, -0.8133799112624348, -1.0303524169484546, 2.45880344271584, -3.059447314563015, -1.1276955482809994, 2.4505711014978706, -0.4809115722337154, -3.2190326130616467, -0.11603745252004782, 2.0506912406531415, -0.2621161567535233, -1.6145692543859398, -0.7953808340546081, -1.0342444160239719, 1.2680173338507212, 0.24141111936727966, 3.8758983057262144, -0.009798245159084784, -2.692292150319698, 3.059054804717186, -2.85247779956668, -0.511211780430739, 5.95393442924602, -4.323489187298435, -0.97194687701553, 3.0254204735071912, -3.662684162016437, 3.4228830856555454, 1.7925734375868678, -5.387781036458578, 3.2106070694032525, 4.5963518253518565, 0.3000759671739166, 4.141178539431027, 4.857397314402229, -1.7351572635981807, 6.59550790813944, 4.0310029848017, -4.124034337658488, 6.182160960676021, 7.989454656493085, -0.9404890966675046, 6.943233500923164, 8.450942719327138, -2.4269287272590416, 3.953796195728668, 11.640419231021971, -3.423641079266253, 1.7921317607973841, 9.343996274907854, 0.5357364373425804, 0.4064999572374184, 11.276161498552176, 1.0252366963869943, 0.9900715630971493, 8.059492948108591, 3.0992988036574136, 5.137589631189621, 9.055108160195335, 4.58205329947894, 2.6665154405295506, 10.736811200064192, 2.4435401183932113, 4.707642206993068, 12.302727803184299], "name": "C12H26", "identifiers": {"molecule_hash": "2d5442e97dde3bc45bdb466c83ef7691211e6b8d", "molecular_formula": "C12H26"}, "molecular_charge": 0.0, "molecular_multiplicity": 1, "connectivity": [[0, 1, 1.0], [0, 12, 1.0], [0, 13, 1.0], [0, 14, 1.0], [1, 2, 1.0], [1, 15, 1.0], [1, 16, 1.0], [2, 3, 1.0], [2, 17, 1.0], [2, 18, 1.0], [3, 4, 1.0], [3, 19, 1.0], [3, 20, 1.0], [4, 5, 1.0], [4, 21, 1.0], [4, 22, 1.0], [5, 6, 1.0], [5, 23, 1.0], [5, 24, 1.0], [6, 7, 1.0], [6, 25, 1.0], [6, 26, 1.0], [7, 8, 1.0], [7, 27, 1.0], [7, 28, 1.0], [8, 9, 1.0], [8, 29, 1.0], [8, 30, 1.0], [9, 10, 1.0], [9, 31, 1.0], [9, 32, 1.0], [10, 11, 1.0], [10, 33, 1.0], [10, 34, 1.0], [11, 35, 1.0], [11, 36, 1.0], [11, 37, 1.0]], "fix_com": true, "fix_orientation": true, "provenance": {"creator": "QCElemental", "version": "v0.22.0", "routine": "qcelemental.molparse.from_schema"}, "id": "173724"}