{"schema_name": "qcschema_molecule", "schema_version": 2, "validated": true, "symbols": ["C", "C", "C", "C", "C", "C", "C", "C", "C", "C", "C", "C", "H", "H", "H", "H", "H", "H", "H", "H", "H", "H", "H", "H", "H", "H", "H", "H", "H", "H", "H", "H", "H", "H", "H", "H", "H", "H"], "geometry": [6.655446901279156, 2.8330514533714948, 4.440892098500626e-16, 6.040567479541872, -2.8286616508966947e-16, -9.583260488047933e-16, 4.285270045368341, -0.8263901300731943, 2.1650570482732174, 1.7135327885095986, 0.5214471847024639, 2.281308677458273, -0.0, -0.0, 0.0, -2.4225381034528843, 1.5984646343232685, -0.19210925883195878, -4.370838886499624, 1.294194338824398, 1.9514696323449787, -3.9565852859650317, 2.755839782980016, 4.438603867386674, -3.94150225574184, 5.666281067122716, 4.202845227025101, -1.3505017923912774, 6.925484545668487, 3.7964287115756807, 0.45970292596855966, 6.6988043176477285, 6.049395650898787, 3.030851045661668, 7.932500370707039, 5.540442249764307, 8.059429193470297, 3.2913086362370705, -1.4503007383781825, 4.977282075407599, 3.9831853219564, -0.3782147051020621, 7.420580530785809, 3.430431348306037, 1.8311258152710086, 5.214502338873913, -0.5230966380062513, -1.8270545059077286, 7.805953696868855, -1.0770246634493212, 0.14953118566654508, 5.2701920410445275, -0.50967669426828, 3.964676867722931, 3.9721604649301874, -2.874012196391413, 2.031067480553964, 0.7546990572620683, -0.08196825152856468, 4.012944840295863, 2.0105945553544515, 2.5600760546276744, 2.479353665024584, -0.5182658281957365, -2.011780678711303, 0.001803013286463817, 1.080114379852014, 0.3029507731938696, -1.743236003763703, -3.3579320140522686, 1.0633838825977335, -1.9644318998716674, -1.9221664512925556, 3.5944017983570364, -0.4189288936487654, -6.223395127377137, 1.8677975601237244, 1.2118767156409358, -4.547457690098062, -0.7269105317536045, 2.3964890771837224, -2.234047698261576, 2.117040093207388, 5.382252495700614, -5.507732204594269, 2.2161770198589323, 5.7042374272279766, -5.212038829509411, 6.219594270494412, 2.657989459887916, -4.766032606848254, 6.478479358299722, 5.9248382173849885, -1.6542853696529818, 8.940382021026764, 3.399829623004815, -0.42716083554581186, 6.153491831597683, 2.1125047036221165, -0.4169595528339447, 7.570686715136079, 7.716367763504847, 0.7506290676007821, 4.704964023703328, 6.528701645224708, 4.285544320577293, 7.775472959858686, 7.179660683475985, 3.9808930773304825, 7.034433863827093, 3.933427271070756, 2.8212253967607324, 9.945127997829802, 5.095636491305262], "name": "C12H26", "identifiers": {"molecule_hash": "a104d163faf670658e0a31293352e99993b65b69", "molecular_formula": "C12H26"}, "molecular_charge": 0.0, "molecular_multiplicity": 1, "connectivity": [[0, 1, 1.0], [0, 12, 1.0], [0, 13, 1.0], [0, 14, 1.0], [1, 2, 1.0], [1, 15, 1.0], [1, 16, 1.0], [2, 3, 1.0], [2, 17, 1.0], [2, 18, 1.0], [3, 4, 1.0], [3, 19, 1.0], [3, 20, 1.0], [4, 5, 1.0], [4, 21, 1.0], [4, 22, 1.0], [5, 6, 1.0], [5, 23, 1.0], [5, 24, 1.0], [6, 7, 1.0], [6, 25, 1.0], [6, 26, 1.0], [7, 8, 1.0], [7, 27, 1.0], [7, 28, 1.0], [8, 9, 1.0], [8, 29, 1.0], [8, 30, 1.0], [9, 10, 1.0], [9, 31, 1.0], [9, 32, 1.0], [10, 11, 1.0], [10, 33, 1.0], [10, 34, 1.0], [11, 35, 1.0], [11, 36, 1.0], [11, 37, 1.0]], "fix_com": true, "fix_orientation": true, "provenance": {"creator": "QCElemental", "version": "v0.22.0", "routine": "qcelemental.molparse.from_schema"}, "id": "169189"}