{"schema_name": "qcschema_molecule", "schema_version": 2, "validated": true, "symbols": ["C", "C", "C", "C", "C", "C", "C", "C", "C", "C", "C", "C", "H", "H", "H", "H", "H", "H", "H", "H", "H", "H", "H", "H", "H", "H", "H", "H", "H", "H", "H", "H", "H", "H", "H", "H", "H", "H"], "geometry": [0.0, 0.0, 0.0, 2.888890862841865, -1.6567045158131695e-16, 1.6932001417986773e-17, 4.001464958801044, 1.6889855849388271, 2.069556518490104, 6.890213176810929, 1.5824182158810975, 2.3003426090821075, 8.396724481882814, 2.5064152886016244, 4.052314039881821e-15, 8.089615828378099, 5.29314676054954, -0.7588343785145464, 9.104436823541825, 7.234885663045653, 1.1664368470392041, 7.178190264573752, 8.340763436777948, 3.0356294486208495, 5.278149069410405, 10.168548823256184, 1.8399106041246271, 3.440829329588486, 11.285928715325888, 3.776741302062633, 1.402117801788656, 13.01384112472724, 2.6582837909372588, 2.408212684678209, 15.460980276424772, 1.4934943530623368, -0.7406304061199459, 1.8915824145679143, -0.29873121111834033, -0.7444987050427923, -1.2029207051670903, -1.4860063618202999, -0.7418736361487159, -0.6829825452071048, 1.7882222887886574, 3.5701320355757176, -1.9238561697913388, 0.2534793789620742, 3.5565464877296087, 0.610109503941666, -1.8431596244015416, 3.382810169733439, 3.6240820032033376, 1.7622170357932077, 3.1983077440004517, 1.1230360852308867, 3.876505510499749, 7.4375119531618035, -0.3651690036878915, 2.6725475793204727, 7.461377724400928, 2.645361528247005, 3.9616585458548133, 10.390333180566568, 2.160548330357633, 0.3681259762786356, 7.924532370809925, 1.3421822049798298, -1.6248409144150688, 9.112147225593077, 5.540479703483826, -2.5229010586414633, 6.126383199158262, 5.689453213774638, -1.2069612467069932, 10.640400074799041, 6.372710234538806, 2.2265928291833843, 9.950906693000537, 8.803527232918078, 0.1431029257580675, 6.163521297965244, 6.835300122856402, 3.992688276714063, 8.211006483236488, 9.349373290130691, 4.500547325745193, 6.312881695116404, 11.67533799100771, 0.901725113736304, 4.19950041983136, 9.211339893490786, 0.3748371491416168, 2.5128250953445557, 9.742787859896469, 4.769973736439858, 4.5015589482825265, 12.326292973861685, 5.200684750479733, 0.33189385208897626, 11.974224162619072, 1.243079781036083, 0.06765169898799761, 13.493116245292406, 4.145451453688989, 0.8641887350307351, 16.657096500093623, 0.8648557721929531, 3.60726106196186, 15.102298363736509, -0.13029702047218095, 3.5077069651946364, 16.529821812999128, 2.859738953340983], "name": "C12H26", "identifiers": {"molecule_hash": "cdc53521003e53bb74f221469c9a93563da01284", "molecular_formula": "C12H26"}, "molecular_charge": 0.0, "molecular_multiplicity": 1, "connectivity": [[0, 1, 1.0], [0, 12, 1.0], [0, 13, 1.0], [0, 14, 1.0], [1, 2, 1.0], [1, 15, 1.0], [1, 16, 1.0], [2, 3, 1.0], [2, 17, 1.0], [2, 18, 1.0], [3, 4, 1.0], [3, 19, 1.0], [3, 20, 1.0], [4, 5, 1.0], [4, 21, 1.0], [4, 22, 1.0], [5, 6, 1.0], [5, 23, 1.0], [5, 24, 1.0], [6, 7, 1.0], [6, 25, 1.0], [6, 26, 1.0], [7, 8, 1.0], [7, 27, 1.0], [7, 28, 1.0], [8, 9, 1.0], [8, 29, 1.0], [8, 30, 1.0], [9, 10, 1.0], [9, 31, 1.0], [9, 32, 1.0], [10, 11, 1.0], [10, 33, 1.0], [10, 34, 1.0], [11, 35, 1.0], [11, 36, 1.0], [11, 37, 1.0]], "fix_com": true, "fix_orientation": true, "provenance": {"creator": "QCElemental", "version": "v0.22.0", "routine": "qcelemental.molparse.from_schema"}, "id": "166539"}