{"schema_name": "qcschema_molecule", "schema_version": 2, "validated": true, "symbols": ["C", "C", "C", "C", "C", "C", "C", "C", "C", "C", "C", "C", "H", "H", "H", "H", "H", "H", "H", "H", "H", "H", "H", "H", "H", "H", "H", "H", "H", "H", "H", "H", "H", "H", "H", "H", "H", "H"], "geometry": [-0.0, 0.0, 0.0, 2.890992722935847, 7.312205686236828e-16, 9.380362595198987e-16, 4.092277085613918, 2.6297822222584752, 0.19296573719681906, 3.5921647942113855, 4.337465744796638, -2.092337064857459, 5.095371513462916, 6.8168574653547545, -2.0984944895553537, 4.3591386319399685, 8.670735114101076, -9.992007221626409e-15, 5.89338466528689, 11.133023656185356, 0.017244963245237277, 5.651250782587407, 12.82409280305785, -2.329026633969017, 2.9716832721638236, 13.73187148170658, -2.975671282959841, 1.6087006869250757, 15.26726529168678, -0.928269754314542, 2.8950162281112597, 17.762211280322997, -0.22737868414630846, 1.352892361471616, 19.31777503752659, 1.6560892412435841, -0.7287883781648881, -1.9179947297783593, 0.002115368142919627, -0.7373013043403054, 0.9484433712220082, 1.6658141465127547, -0.766959331178751, 0.9468051169881593, -1.6488520234420603, 3.5496049916911465, -1.1344328080881327, 1.5816841556299706, 3.5728586610860686, -0.9361002753294231, -1.699226731486778, 6.125144078770526, 2.4022354468085285, 0.41034470051865934, 3.4278949328645933, 3.53595353077451, 1.9130773381147435, 4.061230343594384, 3.2929494542124984, -3.801385910236624, 1.5881985933856484, 4.77402912255435, -2.2204724203363915, 4.829251001641216, 7.715889006632766, -3.9251596709199226, 7.1045501773158755, 6.392940566920247, -1.9560315450827306, 2.3521412295683795, 9.091802546916753, -0.14456804267345885, 4.615097825802921, 7.769258772634231, 1.8265676868912681, 7.881071325684604, 10.663385910719164, 0.26025327096547146, 5.369146732625054, 12.210605357145889, 1.6859276247989614, 6.876677446504196, 14.451455010608626, -2.0678271071747942, 6.400113112268746, 11.834486338745469, -3.9650653944247374, 3.081305002923391, 14.87208214170134, -4.6839688827719375, 1.8034783238641658, 12.113238337216318, -3.460920525934346, -0.2912677434244113, 15.676861545372148, -1.6008266417021277, 1.3696973733244882, 14.129669044696225, 0.7667782198403222, 4.7524965798874215, 17.398615894176906, 0.5685038586615394, 3.2046620025778516, 18.868958209993906, -1.9330014094759065, 1.0531447198530008, 18.280843551881784, 3.402708042161869, -0.4918322697309705, 19.793136741519483, 0.890803055629726, 2.3049316387110874, 21.072820425838565, 2.1283315426911975], "name": "C12H26", "identifiers": {"molecule_hash": "1e8fff9884aa1bb219426cf190af4b6ac4ee96cb", "molecular_formula": "C12H26"}, "molecular_charge": 0.0, "molecular_multiplicity": 1, "connectivity": [[0, 1, 1.0], [0, 12, 1.0], [0, 13, 1.0], [0, 14, 1.0], [1, 2, 1.0], [1, 15, 1.0], [1, 16, 1.0], [2, 3, 1.0], [2, 17, 1.0], [2, 18, 1.0], [3, 4, 1.0], [3, 19, 1.0], [3, 20, 1.0], [4, 5, 1.0], [4, 21, 1.0], [4, 22, 1.0], [5, 6, 1.0], [5, 23, 1.0], [5, 24, 1.0], [6, 7, 1.0], [6, 25, 1.0], [6, 26, 1.0], [7, 8, 1.0], [7, 27, 1.0], [7, 28, 1.0], [8, 9, 1.0], [8, 29, 1.0], [8, 30, 1.0], [9, 10, 1.0], [9, 31, 1.0], [9, 32, 1.0], [10, 11, 1.0], [10, 33, 1.0], [10, 34, 1.0], [11, 35, 1.0], [11, 36, 1.0], [11, 37, 1.0]], "fix_com": true, "fix_orientation": true, "provenance": {"creator": "QCElemental", "version": "v0.22.0", "routine": "qcelemental.molparse.from_schema"}, "id": "165088"}