{"schema_name": "qcschema_molecule", "schema_version": 2, "validated": true, "symbols": ["C", "C", "C", "C", "C", "C", "C", "C", "C", "C", "C", "C", "H", "H", "H", "H", "H", "H", "H", "H", "H", "H", "H", "H", "H", "H", "H", "H", "H", "H", "H", "H", "H", "H", "H", "H", "H", "H"], "geometry": [9.52406769248797, 0.846094837470622, 4.440892098500626e-16, 6.761667601488072, -1.988443422844991e-15, 3.075179367598205e-15, 6.095064442378117, -1.6054097785297068, 2.3116207867088843, 3.399442146983124, -2.6737735727085132, 2.3661071202220185, 1.273996188568613, -0.680628167182914, 2.5189582767145593, 0.0, 0.0, 0.0, -1.7536992633632855, -2.0703088549007345, -1.0131801766057436, -3.2246102810628274, -1.3327070762533253, -3.402051285538143, -1.6523796355547367, -0.7292626653562586, -5.7647269704161745, -0.056368555605945225, -2.9394090415699914, -6.738119791985243, 1.4453085973308348, -2.3616226086933776, -9.149321638985837, -0.172927824258176, -1.929550631333477, -11.50577127442641, 9.954180130079486, 1.9684607860418104, 1.6645636808603936, 10.79382009950263, -0.7670551472088933, -0.0077007409600167165, 9.953332837250333, 1.9874088506281795, -1.6500596876978806, 6.379362438545754, -1.0742753322475558, -1.7115425152890251, 5.555221879445856, 1.6593606939048102, -0.07423864726968554, 7.4133686204847535, -3.1811586295923826, 2.414503735643689, 6.406541014977969, -0.49125949600640306, 4.013684728401486, 3.265556243900117, -3.9139450957205844, 3.9973748879929683, 3.122468907862247, -3.8812708961394957, 0.7267962208207748, -0.18321851786932308, -1.3441819455785757, 3.8066772709073717, 2.0277635785041026, 1.031486668789185, 3.3708650639331013, 1.4294538575332236, 0.4570677632669528, -1.3977851272196815, -1.1075379813098596, 1.7126662834290756, 0.2690555687625097, -3.1226929781535326, -2.535570312182201, 0.44942988310494847, -0.693078314901507, -3.7938736132048314, -1.3532711688669996, -4.5273817906358165, -2.857663981086001, -3.8577925945779974, -4.394997536765555, 0.3022896899794919, -2.969564235772966, -0.42777915026471947, 0.8815075532593107, -5.404632726658772, -2.954122602223064, -0.1286172991875949, -7.234322363217119, -1.2752583841235332, -4.564110659407577, -7.07375260789092, 1.2730124183093243, -3.512753865297494, -5.281779223875202, 2.6379628753585775, -0.7172024350268504, -8.82869797935997, 2.722022422331564, -3.9305430033854734, -9.510787037541814, 1.0098959486500654, -1.672029762694505, -13.162465975770175, -1.3570273536736202, -0.2651184947270435, -11.333731178804433, -1.400378274434539, -3.537324259409701, -11.86094862492245], "name": "C12H26", "identifiers": {"molecule_hash": "81c4cc60f28096e8598125baa105516d9f9d269d", "molecular_formula": "C12H26"}, "molecular_charge": 0.0, "molecular_multiplicity": 1, "connectivity": [[0, 1, 1.0], [0, 12, 1.0], [0, 13, 1.0], [0, 14, 1.0], [1, 2, 1.0], [1, 15, 1.0], [1, 16, 1.0], [2, 3, 1.0], [2, 17, 1.0], [2, 18, 1.0], [3, 4, 1.0], [3, 19, 1.0], [3, 20, 1.0], [4, 5, 1.0], [4, 21, 1.0], [4, 22, 1.0], [5, 6, 1.0], [5, 23, 1.0], [5, 24, 1.0], [6, 7, 1.0], [6, 25, 1.0], [6, 26, 1.0], [7, 8, 1.0], [7, 27, 1.0], [7, 28, 1.0], [8, 9, 1.0], [8, 29, 1.0], [8, 30, 1.0], [9, 10, 1.0], [9, 31, 1.0], [9, 32, 1.0], [10, 11, 1.0], [10, 33, 1.0], [10, 34, 1.0], [11, 35, 1.0], [11, 36, 1.0], [11, 37, 1.0]], "fix_com": true, "fix_orientation": true, "provenance": {"creator": "QCElemental", "version": "v0.22.0", "routine": "qcelemental.molparse.from_schema"}, "id": "166189"}