{"schema_name": "qcschema_molecule", "schema_version": 2, "validated": true, "symbols": ["C", "C", "C", "C", "C", "C", "C", "C", "C", "C", "C", "C", "H", "H", "H", "H", "H", "H", "H", "H", "H", "H", "H", "H", "H", "H", "H", "H", "H", "H", "H", "H", "H", "H", "H", "H", "H", "H"], "geometry": [4.062235647903501, 2.6239417344839326, -4.440892098500626e-16, 2.887076001821304, -6.486976772491207e-16, -1.8775391969941163e-16, 0.0, 0.0, -0.0, -1.2591458142042482, 1.4000776837049362, -2.188598616611197, -0.7094354161940923, 0.2673632865286417, -4.779202910024454, -1.627672481383285, 1.7723129177483177, -7.067474761285721, -4.467129951614277, 2.3072282215104245, -7.216150892874932, -5.4963030907009225, 4.612545414574242, -5.8000570304064505, -4.440869714060483, 7.17363810509915, -6.666658117943807, -2.2450019474550715, 8.237116377775678, -5.119623118735943, -2.940439758274364, 9.003757009804497, -2.433943717555914, -0.6844489346298348, 9.957676876748199, -0.9332697218279895, 6.123073983016487, 2.525942933742394, 0.19630444669022207, 3.660015755399445, 3.6498648745371822, -1.7578710597637313, 3.335096287266669, 3.7735809440834664, 1.569604955887129, 3.599951798016735, -1.074487411107135, -1.6294145722995905, 3.534957123333309, -1.0404167670089568, 1.6768257499902444, -0.659742868166207, 0.8428226797302664, 1.7827385312324968, -0.6694980869428633, -1.9688409884069813, 0.016968509445160818, -3.3077426029621737, 1.3930074241546329, -1.8569503442816406, -0.6890543439888266, 3.4004758812001907, -2.160129597134619, -1.5348583847279478, -1.6433117675321087, -4.852913984148021, 1.3409036957148501, -0.0007198327852113717, -4.987002500222103, -1.0903131892757414, 0.692727972178937, -8.758263766463154, -0.5702637609784, 3.554790451843581, -7.207463177297825, -4.971015540383764, 2.5497148831279466, -9.21909452458741, -5.500723002840022, 0.6139510759595059, -6.586067156276613, -5.2249154780012415, 4.402327963476271, -3.7561445458447915, -7.553863415472989, 4.615755370327507, -6.076606598919357, -3.8648241327422737, 7.026254125597149, -8.65950916120946, -5.96963923146628, 8.58148376956322, -6.634683093510066, -1.4798300506610667, 9.902172987166221, -6.102976426415846, -0.6834402369557344, 6.868479145090088, -5.04337641490067, -4.414887984646061, 10.469258350504859, -2.5032454010659064, -3.7885211528678715, 7.390750215481158, -1.434343667899169, -1.22615172495401, 10.540424192830946, 0.9802651526538289, 0.7676407097680871, 8.483591697647494, -0.7531514703132149, 0.2023327725231432, 11.58871755678678, -1.86117077140318], "name": "C12H26", "identifiers": {"molecule_hash": "aeb812800ffef799f3bc6d6321b551b1fcc9949c", "molecular_formula": "C12H26"}, "molecular_charge": 0.0, "molecular_multiplicity": 1, "connectivity": [[0, 1, 1.0], [0, 12, 1.0], [0, 13, 1.0], [0, 14, 1.0], [1, 2, 1.0], [1, 15, 1.0], [1, 16, 1.0], [2, 3, 1.0], [2, 17, 1.0], [2, 18, 1.0], [3, 4, 1.0], [3, 19, 1.0], [3, 20, 1.0], [4, 5, 1.0], [4, 21, 1.0], [4, 22, 1.0], [5, 6, 1.0], [5, 23, 1.0], [5, 24, 1.0], [6, 7, 1.0], [6, 25, 1.0], [6, 26, 1.0], [7, 8, 1.0], [7, 27, 1.0], [7, 28, 1.0], [8, 9, 1.0], [8, 29, 1.0], [8, 30, 1.0], [9, 10, 1.0], [9, 31, 1.0], [9, 32, 1.0], [10, 11, 1.0], [10, 33, 1.0], [10, 34, 1.0], [11, 35, 1.0], [11, 36, 1.0], [11, 37, 1.0]], "fix_com": true, "fix_orientation": true, "provenance": {"creator": "QCElemental", "version": "v0.22.0", "routine": "qcelemental.molparse.from_schema"}, "id": "179711"}