{"schema_name": "qcschema_molecule", "schema_version": 2, "validated": true, "symbols": ["C", "C", "C", "C", "C", "C", "C", "C", "C", "C", "C", "C", "H", "H", "H", "H", "H", "H", "H", "H", "H", "H", "H", "H", "H", "H", "H", "H", "H", "H", "H", "H", "H", "H", "H", "H", "H", "H"], "geometry": [7.2482940012966255, 1.6531470659857521, 4.440892098500626e-16, 4.879160152052578, 5.153860571191275e-16, -6.725800289889382e-16, 2.443261804165852, 1.5466646264290147, 0.21859867445008047, 0.0, 0.0, 0.0, -0.4506125875866098, -1.9868681240919726, 2.065000332987844, -0.7447933148088812, -1.028600747727406, 4.791022888093428, -3.114474156653108, 0.5939917300750641, 5.2996359713034735, -2.7747048588127066, 3.473201473279426, 5.151377693082242, -1.2455647782761987, 4.602123491831285, 7.334944776446096, -1.0143421986985866, 7.481491617295275, 7.157828659812195, 0.6244843771770858, 8.695549115251012, 9.215323505055053, -0.4451039409210935, 8.470221052894344, 11.891638036240604, 7.383032483713676, 2.754311596926794, 1.727755764922101, 8.949575863359717, 0.5160498416671178, -0.14886698882720323, 7.235118707132103, 2.968460173313949, -1.576184774861424, 4.82492748381762, -1.1127545680004818, -1.728698927552503, 5.00273569741918, -1.3438315848840108, 1.547281744648884, 2.4679159442523013, 2.592438015354384, 1.9870838019060517, 2.4335588892237494, 2.9640951089925176, -1.2717776834447991, 0.007333174885838845, -0.9669192414746832, -1.8155390035209633, -1.5963874730337384, 1.289675673767198, -0.06581610696589707, -2.146925151057463, -3.0397245072323127, 1.571407936191489, 1.080263019117413, -3.355613706500757, 2.0266927965071053, -0.8318788147509633, -2.690681793767766, 5.994591750675946, 0.9479671291904712, -0.023736285378193278, 5.371512632047624, -4.594295207884587, 0.030620159520874157, 3.988452378120139, -3.834931579474368, 0.14726861668715907, 7.1719979798223035, -1.9055538543662316, 4.0007606116346475, 3.368629144127354, -4.639469677888091, 4.340749283253661, 5.152106719277696, -2.1404977536104424, 4.07645119013609, 9.108089107294218, 0.6401894016557583, 3.7845883439594, 7.376652423471676, -0.2210984356113297, 7.966386349075306, 5.323536518798624, -2.892979084533982, 8.320140617015943, 7.20794218243574, 2.506544729287646, 7.86858536523027, 9.160872543454161, 0.8622753361817272, 10.686762352633538, 8.767330892460347, 0.7295788563341272, 9.484974027726182, 13.233385839990952, -0.5465389696931817, 6.520239222841668, 12.516417955671283, -2.3375640563453115, 9.260938566151738, 11.997914735201935], "name": "C12H26", "identifiers": {"molecule_hash": "cdc53521003e53bb74f221469c9a93563da01284", "molecular_formula": "C12H26"}, "molecular_charge": 0.0, "molecular_multiplicity": 1, "connectivity": [[0, 1, 1.0], [0, 12, 1.0], [0, 13, 1.0], [0, 14, 1.0], [1, 2, 1.0], [1, 15, 1.0], [1, 16, 1.0], [2, 3, 1.0], [2, 17, 1.0], [2, 18, 1.0], [3, 4, 1.0], [3, 19, 1.0], [3, 20, 1.0], [4, 5, 1.0], [4, 21, 1.0], [4, 22, 1.0], [5, 6, 1.0], [5, 23, 1.0], [5, 24, 1.0], [6, 7, 1.0], [6, 25, 1.0], [6, 26, 1.0], [7, 8, 1.0], [7, 27, 1.0], [7, 28, 1.0], [8, 9, 1.0], [8, 29, 1.0], [8, 30, 1.0], [9, 10, 1.0], [9, 31, 1.0], [9, 32, 1.0], [10, 11, 1.0], [10, 33, 1.0], [10, 34, 1.0], [11, 35, 1.0], [11, 36, 1.0], [11, 37, 1.0]], "fix_com": true, "fix_orientation": true, "provenance": {"creator": "QCElemental", "version": "v0.22.0", "routine": "qcelemental.molparse.from_schema"}, "id": "166539"}