{"schema_name": "qcschema_molecule", "schema_version": 2, "validated": true, "symbols": ["C", "C", "C", "C", "C", "C", "C", "C", "C", "C", "C", "C", "H", "H", "H", "H", "H", "H", "H", "H", "H", "H", "H", "H", "H", "H", "H", "H", "H", "H", "H", "H", "H", "H", "H", "H", "H", "H"], "geometry": [10.59250882004342, 2.1956379578468366, 1.1102230246251565e-16, 8.737288396501366, 1.4721630977195949e-15, 6.297092628197038e-16, 6.6256341968593375, 0.24352320667362148, -1.951592594327276, 4.984904138065861, 2.607486387233029, -1.698725028535622, 3.7631682560633966, 2.972617677633526, 0.8916483259703678, 2.1336546852465124, 0.7658983148062295, 1.7915527533798141, 0.0, -0.0, 0.0, -1.808755164673501, 2.1273729261179333, -0.7525685612435551, -3.289584257837936, 3.3876827277398776, 1.3964248825389434, -5.898130465238561, 2.260870397538034, 1.9204991415652382, -5.975015902946696, -0.4978815014364302, 2.7571753731463096, -4.607638194932492, -1.0154968940395706, 5.231516279134475, 11.425969081568903, 2.4741573998802937, -1.8813141398957893, 9.675580468379605, 3.9759378196998427, 0.5423476432437702, 12.146409018258126, 1.8701762873144105, 1.3323156832490992, 9.765676506524777, -1.7683820818853224, -0.35907648367833295, 7.913077740869731, -0.2064143194200747, 1.8981660254393762, 5.422220635161737, -1.4483372451893939, -1.8460330226418868, 7.460671740574842, 0.22194025597251787, -3.8558209617261294, 6.1204149853640795, 4.29089508895613, -2.1371434840465295, 3.508056899647413, 2.542887093324574, -3.1599860388640106, 2.620652428969788, 4.707839246385357, 0.848879343204791, 5.240438669805486, 3.323479157564542, 2.311127476270493, 3.3383946038601775, -0.8970822569596113, 2.1150204923880263, 1.352356857410352, 1.243601266140983, 3.6569653545159015, -1.050835848289536, -1.5668218597528019, 0.8642030513486623, 0.8287005076190582, -0.7837235720867641, -1.7386409143431405, -0.7139223969978502, 3.578343147379234, -1.7574489917594212, -3.15641755704396, 1.392203212927501, -2.1564438582801153, -2.1530902779080763, 3.397151980362234, 3.1361699132855847, -3.57273042199461, 5.38916342327567, 0.9245213906306963, -6.835413251395208, 3.419719815093916, 3.3718461184247834, -7.050397421605445, 2.4614341507898225, 0.20065434022229306, -7.96476007444157, -1.0629501974623299, 2.9507327063911446, -5.199679509527465, -1.707414448391448, 1.254867389354473, -5.365875041097799, 0.1629969356166463, 6.763407590180064, -2.577010673320982, -0.6157281216123424, 5.092245532719684, -4.8089241587827685, -2.9968279701435145, 5.806029406563057], "name": "C12H26", "identifiers": {"molecule_hash": "7e8f0e522a3402ad8dc135ce06e05e0016895c08", "molecular_formula": "C12H26"}, "molecular_charge": 0.0, "molecular_multiplicity": 1, "connectivity": [[0, 1, 1.0], [0, 12, 1.0], [0, 13, 1.0], [0, 14, 1.0], [1, 2, 1.0], [1, 15, 1.0], [1, 16, 1.0], [2, 3, 1.0], [2, 17, 1.0], [2, 18, 1.0], [3, 4, 1.0], [3, 19, 1.0], [3, 20, 1.0], [4, 5, 1.0], [4, 21, 1.0], [4, 22, 1.0], [5, 6, 1.0], [5, 23, 1.0], [5, 24, 1.0], [6, 7, 1.0], [6, 25, 1.0], [6, 26, 1.0], [7, 8, 1.0], [7, 27, 1.0], [7, 28, 1.0], [8, 9, 1.0], [8, 29, 1.0], [8, 30, 1.0], [9, 10, 1.0], [9, 31, 1.0], [9, 32, 1.0], [10, 11, 1.0], [10, 33, 1.0], [10, 34, 1.0], [11, 35, 1.0], [11, 36, 1.0], [11, 37, 1.0]], "fix_com": true, "fix_orientation": true, "provenance": {"creator": "QCElemental", "version": "v0.22.0", "routine": "qcelemental.molparse.from_schema"}, "id": "177685"}