{"schema_name": "qcschema_molecule", "schema_version": 2, "validated": true, "symbols": ["C", "C", "C", "C", "C", "C", "C", "C", "C", "C", "C", "C", "H", "H", "H", "H", "H", "H", "H", "H", "H", "H", "H", "H", "H", "H", "H", "H", "H", "H", "H", "H", "H", "H", "H", "H", "H", "H"], "geometry": [8.286644695872363, 2.579351832160265, 0.0, 9.554460013784649, 5.72958157963911e-17, 1.8301300600453307e-15, 8.873804780257972, -1.6449848533662874, 2.2718996141537984, 6.055493329794126, -2.1519736606959734, 2.62901018992865, 4.785983831467752, -3.3878596283099434, 0.35905896714999386, 2.099452606866958, -4.309890508228369, 0.8666546476418333, 0.25086999448027736, -2.2769607027629357, 1.7564432214425503, 0.0, 0.0, 0.0, -0.744240373401551, -0.6284623027703142, -2.7192674137852606, -3.172623160957841, -2.1583875235490626, -3.007932452324835, -5.510695254870379, -0.91465344007905, -1.8819670799630388, -7.918610333627793, -2.3939184855656293, -2.3953208216125184, 8.683569976947265, 3.614428009595827, 1.7557306034762714, 8.947544473481006, 3.745471523563185, -1.5806238873354692, 6.224404025404015, 2.418573471700694, -0.1721190787151861, 9.077441652698512, -1.0018305219954076, -1.7575748572056933, 11.616337613609351, 0.24617262323534272, -0.037745230597843585, 9.612696089777206, -0.7491192392386234, 3.9967883534825406, 9.86885299040306, -3.462672724762065, 2.097876975774512, 5.08195593570552, -0.37379970834319376, 3.09107595340895, 5.807292889769093, -3.374447004811472, 4.293533795159308, 5.937228237694404, -5.004569560443155, -0.263434961877414, 4.773796353993873, -2.0593783923968014, -1.2420630338391234, 1.3639132956333566, -5.206152997166975, -0.8582177206085368, 2.163145990869701, -5.813865350860667, 2.300913195814604, 0.817006566124835, -1.601293746477888, 3.6374924177823402, -1.6152402805831758, -3.1533975515844084, 2.023451379736583, -1.388266876969598, 1.3131902912554922, 0.8143531921502405, 1.7946928531132045, 1.049665633289178, -0.034414044229393814, 0.8070413109611059, -1.662180386936309, -3.6384530518476925, -0.9374857930705288, 1.1509670953374802, -3.777006849108928, -2.9282163222280726, -4.040903037171282, -2.1539984443161244, -3.503162756759114, -2.5031109455083382, -5.031575028664632, -5.266130658064216, -0.6926671099763384, 0.17037451002102122, -5.695335636988854, 1.0119469546601214, -2.6463102595159267, -8.259326655638926, -2.5880618651790392, -4.433325061039446, -7.803535404981914, -4.308986375561889, -1.6034318635277414, -9.577875148032538, -1.4707397375064826, -1.565256692811487], "name": "C12H26", "identifiers": {"molecule_hash": "1412c309f7a7e9e6b457c50240155e82bb82d5a5", "molecular_formula": "C12H26"}, "molecular_charge": 0.0, "molecular_multiplicity": 1, "connectivity": [[0, 1, 1.0], [0, 12, 1.0], [0, 13, 1.0], [0, 14, 1.0], [1, 2, 1.0], [1, 15, 1.0], [1, 16, 1.0], [2, 3, 1.0], [2, 17, 1.0], [2, 18, 1.0], [3, 4, 1.0], [3, 19, 1.0], [3, 20, 1.0], [4, 5, 1.0], [4, 21, 1.0], [4, 22, 1.0], [5, 6, 1.0], [5, 23, 1.0], [5, 24, 1.0], [6, 7, 1.0], [6, 25, 1.0], [6, 26, 1.0], [7, 8, 1.0], [7, 27, 1.0], [7, 28, 1.0], [8, 9, 1.0], [8, 29, 1.0], [8, 30, 1.0], [9, 10, 1.0], [9, 31, 1.0], [9, 32, 1.0], [10, 11, 1.0], [10, 33, 1.0], [10, 34, 1.0], [11, 35, 1.0], [11, 36, 1.0], [11, 37, 1.0]], "fix_com": true, "fix_orientation": true, "provenance": {"creator": "QCElemental", "version": "v0.22.0", "routine": "qcelemental.molparse.from_schema"}, "id": "171068"}