{"schema_name": "qcschema_molecule", "schema_version": 2, "validated": true, "symbols": ["C", "C", "C", "C", "C", "C", "C", "C", "C", "C", "C", "C", "H", "H", "H", "H", "H", "H", "H", "H", "H", "H", "H", "H", "H", "H", "H", "H", "H", "H", "H", "H", "H", "H", "H", "H", "H", "H"], "geometry": [8.294718431412573, 2.598651503231467, -1.1102230246251565e-16, 9.579414115612007, 1.0938814076930497e-15, 1.98267984047855e-15, 9.029686128918296, -1.5928825370247557, -2.3691845409839263, 6.218593535364785, -2.112490648306716, -2.886051958153236, 4.8715328229311, -3.523176846553258, -0.7428640912686751, 2.1307628163095145, -4.2800778058907945, -1.339926099168398, 0.34961104079719185, -2.078183743943008, -2.0173324722450223, 0.0, -0.0, 0.0, -2.1575250681410316, -0.4425022771762773, 1.900177833953119, -1.9056183583119468, -2.7341743022716267, 3.6694685364627606, 0.4639123724090033, -2.7634281100707425, 5.3497777422969754, 0.7148623785732651, -0.451694893727953, 7.080276027286404, 8.79091121617023, 3.6763212402650316, -1.6992367739779948, 6.232420786535942, 2.436675169194908, 0.054280394793687736, 8.872267278599299, 3.714553218831288, 1.645032691320858, 9.01349973696895, -1.0454264106161177, 1.6975016475534552, 11.631196963195695, 0.2575615750849507, 0.1514552375878027, 10.032490021846915, -3.4023636435437705, -2.201909621597201, 9.84047231713259, -0.6313964613820513, -4.020556135050532, 5.249795664427668, -0.322270835407246, -3.265588308559883, 6.058733918247025, -3.224143034829698, -4.6318468873529, 4.915757435036657, -2.3716654889941644, 0.9771308567634782, 5.943418859583107, -5.242547803561274, -0.2911780827610684, 1.372219164444708, -5.338851050800663, 0.26839827593529786, 2.1448776009107258, -5.604264509594408, -2.9386096687800896, 1.0464293198398642, -1.2006891264790223, -3.7590002557809203, -1.511524307485183, -2.8597856380957563, -2.499450500281025, 1.7788691730081376, 0.3241154088839168, 1.0108073490119887, -0.40802936421135083, 1.7845195516548493, -0.9725053014353207, -3.93049422994667, -0.6359376250566857, 0.8387255884377716, -2.3760696031007313, 1.2711834463421634, 3.0463977207015898, -3.5824562592793256, -2.7852783124102136, 4.892677177151363, -1.9666952264155122, -4.481286589562112, 2.557584193184867, 0.41721162311344906, -4.479369012368086, 6.513199533582805, 2.1613193528227512, -2.923374531630878, 4.17565973942599, 0.9758863853065578, 1.2921222050676686, 5.997533868699669, 2.3404386045437993, -0.6442105912294234, 8.34732241405613, -0.9754535410296382, -0.21081024055971342, 8.254827412341523], "name": "C12H26", "identifiers": {"molecule_hash": "2d5442e97dde3bc45bdb466c83ef7691211e6b8d", "molecular_formula": "C12H26"}, "molecular_charge": 0.0, "molecular_multiplicity": 1, "connectivity": [[0, 1, 1.0], [0, 12, 1.0], [0, 13, 1.0], [0, 14, 1.0], [1, 2, 1.0], [1, 15, 1.0], [1, 16, 1.0], [2, 3, 1.0], [2, 17, 1.0], [2, 18, 1.0], [3, 4, 1.0], [3, 19, 1.0], [3, 20, 1.0], [4, 5, 1.0], [4, 21, 1.0], [4, 22, 1.0], [5, 6, 1.0], [5, 23, 1.0], [5, 24, 1.0], [6, 7, 1.0], [6, 25, 1.0], [6, 26, 1.0], [7, 8, 1.0], [7, 27, 1.0], [7, 28, 1.0], [8, 9, 1.0], [8, 29, 1.0], [8, 30, 1.0], [9, 10, 1.0], [9, 31, 1.0], [9, 32, 1.0], [10, 11, 1.0], [10, 33, 1.0], [10, 34, 1.0], [11, 35, 1.0], [11, 36, 1.0], [11, 37, 1.0]], "fix_com": true, "fix_orientation": true, "provenance": {"creator": "QCElemental", "version": "v0.22.0", "routine": "qcelemental.molparse.from_schema"}, "id": "173724"}