{"schema_name": "qcschema_molecule", "schema_version": 2, "validated": true, "symbols": ["C", "C", "C", "C", "C", "C", "C", "C", "C", "C", "C", "C", "H", "H", "H", "H", "H", "H", "H", "H", "H", "H", "H", "H", "H", "H", "H", "H", "H", "H", "H", "H", "H", "H", "H", "H", "H", "H"], "geometry": [0.0, 0.0, 0.0, 2.8988674747645518, -2.475990059627202e-16, 1.8013618921927277e-17, 4.083162188892633, 1.4908671905464506, 2.197105385635926, 3.3031616738526286, 4.284554167565124, 2.35927306659081, 3.970773678502919, 5.8292182586130235, 4.440892098500626e-16, 3.4346561786036136, 8.674903330068524, 0.236340502489218, 0.6714414464115221, 9.377041532416307, 0.8291008168970397, -1.3464566315005855, 8.51732283016834, -1.094353616453068, -1.9059351002281426, 10.387988803224395, -3.2505055466032653, 0.26004194788641755, 10.945859862909078, -5.106019103238145, 1.3363748199853651, 8.637767813767583, -6.503584607048957, -0.6247340121153462, 7.177968623257188, -8.060745213900269, -0.7461642768598631, -0.6983299500462803, 1.8029306998909451, -0.7687501617012154, 1.897926684590196, -0.29858291798996517, -0.7443821347790868, -1.213658174040836, -1.5026180284041843, 3.5852290179937443, 0.7463696559432477, -1.8073537219035323, 3.577271648827648, -1.9568115066010077, 0.09872189138835386, 6.149661841952804, 1.3733014985960927, 2.043560886690735, 3.580568078716568, 0.5577931550055799, 3.9819386727974337, 1.2689990559014868, 4.407400800132075, 2.726145364682693, 4.228842550429362, 5.137806373808218, 4.0097886368742195, 2.9581156051151147, 5.064547904428998, -1.6358849959560662, 5.987110519757318, 5.574376272469559, -0.42265555521301845, 4.047614495638447, 9.609776302858876, -1.5053228340365346, 4.627961150670354, 9.44814368912072, 1.7488157584619515, 0.19363303224612238, 8.593725828954698, 2.6857307784015645, 0.5472958565859614, 11.43682829146721, 1.0505290858512923, -0.8486613485618544, 6.664398019074047, -1.8753960803987983, -3.1269926593167594, 8.219647018799904, -0.07560677911236002, -2.5182620825049185, 12.18468034443679, -2.4111766929680387, -3.5389987858111143, 9.68296619947654, -4.315562647684759, -0.43727344141788915, 12.30336284452709, -6.513702749291401, 1.7991501760702153, 11.909818879131928, -4.10884940954261, 2.8539109586457823, 9.285282454730012, -7.759766624990405, 2.2319992158892, 7.348489226220212, -5.154161002413738, -2.0722774223445732, 6.3173583644791576, -6.85852632945697, 0.26825333245433125, 5.6557756636549925, -9.142627417574591, -1.589771861296672, 8.425310059343573, -9.405217441876484], "name": "C12H26", "identifiers": {"molecule_hash": "2d5442e97dde3bc45bdb466c83ef7691211e6b8d", "molecular_formula": "C12H26"}, "molecular_charge": 0.0, "molecular_multiplicity": 1, "connectivity": [[0, 1, 1.0], [0, 12, 1.0], [0, 13, 1.0], [0, 14, 1.0], [1, 2, 1.0], [1, 15, 1.0], [1, 16, 1.0], [2, 3, 1.0], [2, 17, 1.0], [2, 18, 1.0], [3, 4, 1.0], [3, 19, 1.0], [3, 20, 1.0], [4, 5, 1.0], [4, 21, 1.0], [4, 22, 1.0], [5, 6, 1.0], [5, 23, 1.0], [5, 24, 1.0], [6, 7, 1.0], [6, 25, 1.0], [6, 26, 1.0], [7, 8, 1.0], [7, 27, 1.0], [7, 28, 1.0], [8, 9, 1.0], [8, 29, 1.0], [8, 30, 1.0], [9, 10, 1.0], [9, 31, 1.0], [9, 32, 1.0], [10, 11, 1.0], [10, 33, 1.0], [10, 34, 1.0], [11, 35, 1.0], [11, 36, 1.0], [11, 37, 1.0]], "fix_com": true, "fix_orientation": true, "provenance": {"creator": "QCElemental", "version": "v0.22.0", "routine": "qcelemental.molparse.from_schema"}, "id": "173724"}