{"schema_name": "qcschema_molecule", "schema_version": 2, "validated": true, "symbols": ["C", "C", "C", "C", "C", "C", "C", "C", "C", "C", "C", "C", "H", "H", "H", "H", "H", "H", "H", "H", "H", "H", "H", "H", "H", "H", "H", "H", "H", "H", "H", "H", "H", "H", "H", "H", "H", "H"], "geometry": [5.276442732247614, 2.869136790289881, -2.220446049250313e-16, 4.924349257248513, 2.3281091010110282e-15, -5.469456797909247e-16, 2.4625260490843575, -0.9049578472484471, -1.2361579072292412, 0.0, -0.0, 0.0, -0.35642958975176875, -0.8934797998233818, 2.731810515914608, -3.003648648543444, -0.41097478705327384, 3.8183689037573503, -3.795803877659135, 2.373712628310054, 4.059789919955966, -2.3169618853199507, 3.9921300968521614, 5.98474973941383, -3.5479304286046895, 4.252263216852932, 8.602688476674754, -3.7736352370275457, 1.846645166579847, 10.207049463104559, -1.2786134821929849, 0.5892411330257659, 10.983052651636815, 0.4117883593664753, 2.2272002836580604, 12.661806431336288, 5.14359955205037, 3.630176992083649, -1.9028824389580823, 3.8660999029931147, 3.815563699589766, 1.1493179952310626, 7.118614650534937, 3.3772439846251943, 0.7469064905353962, 5.04562216255723, -0.702557420953494, 1.9256924840759326, 6.494609359213024, -0.8570944228474849, -1.0109842669957532, 2.4659442346841587, -2.961301870328933, -1.2676479334950619, 2.4614313239038745, -0.3045938118206455, -3.2035204562977246, -0.10468028188470524, 2.0470849753290086, -0.0935347145093941, -1.5697214893377291, -0.6970201484847894, -1.13203404637204, 1.0615608906349852, -0.031308302463813664, 3.9396242051998387, -0.0032883008993949137, -2.9186313938252906, 2.81016753100734, -3.129647071567578, -1.3279005002126612, 5.649454592786723, -4.3760782259991915, -1.360950440665091, 2.6163403331290827, -3.655856433049621, 3.249676975079448, 2.209753295184797, -5.793777989241374, 2.4355037998379774, 4.540602290502184, -0.3947227645350166, 3.2996798930501585, 6.178155990865475, -2.1370789693388903, 5.892478110559123, 5.226240906995973, -5.437131805249844, 5.02341216730608, 8.347001061403816, -2.509653042820994, 5.672148973601009, 9.663386583691368, -4.814976504899485, 2.3230726247609006, 11.915989911638349, -4.9312939142837, 0.469889686119334, 9.21677781344001, -1.7265984537110302, -1.1439367827090807, 11.992177414307118, -0.22489625360370002, 0.013979243301725397, 9.317641510313537, 1.0837199701140472, 3.896768054977634, 11.679175474997992, 2.0604923306101397, 1.1748089980064673, 13.281462665942112, -0.5952126863643814, 2.852624066391927, 14.338805584716402], "name": "C12H26", "identifiers": {"molecule_hash": "796a86b272d97496cb32024a2d1790b0e94860cf", "molecular_formula": "C12H26"}, "molecular_charge": 0.0, "molecular_multiplicity": 1, "connectivity": [[0, 1, 1.0], [0, 12, 1.0], [0, 13, 1.0], [0, 14, 1.0], [1, 2, 1.0], [1, 15, 1.0], [1, 16, 1.0], [2, 3, 1.0], [2, 17, 1.0], [2, 18, 1.0], [3, 4, 1.0], [3, 19, 1.0], [3, 20, 1.0], [4, 5, 1.0], [4, 21, 1.0], [4, 22, 1.0], [5, 6, 1.0], [5, 23, 1.0], [5, 24, 1.0], [6, 7, 1.0], [6, 25, 1.0], [6, 26, 1.0], [7, 8, 1.0], [7, 27, 1.0], [7, 28, 1.0], [8, 9, 1.0], [8, 29, 1.0], [8, 30, 1.0], [9, 10, 1.0], [9, 31, 1.0], [9, 32, 1.0], [10, 11, 1.0], [10, 33, 1.0], [10, 34, 1.0], [11, 35, 1.0], [11, 36, 1.0], [11, 37, 1.0]], "fix_com": true, "fix_orientation": true, "provenance": {"creator": "QCElemental", "version": "v0.22.0", "routine": "qcelemental.molparse.from_schema"}, "id": "167214"}