{"schema_name": "qcschema_molecule", "schema_version": 2, "validated": true, "symbols": ["C", "C", "C", "C", "C", "C", "C", "C", "C", "C", "C", "C", "H", "H", "H", "H", "H", "H", "H", "H", "H", "H", "H", "H", "H", "H", "H", "H", "H", "H", "H", "H", "H", "H", "H", "H", "H", "H"], "geometry": [9.473455034383623, 2.0709336553807693, -2.248201624865942e-15, 7.459274254904663, 1.07031021026783e-15, -4.07477685539579e-15, 5.695591975594687, 0.16334169236367088, -2.2882967284727695, 3.7806094525660456, -2.003872756769349, -2.5016240796911013, 1.840557159677648, -2.218525072315653, -0.3556873364124832, 0.0, 0.0, -0.0, -1.8895607523072333, 0.42213319887629125, -2.1813401008058646, -1.141135016937186, 2.381274353491275, -4.188551423290042, -1.235044579783004, 5.12311133579665, -3.2643163482722213, -0.5499011691958793, 7.019750327342281, -5.340113507123205, -0.46839726724865116, 9.784421951177553, -4.478184786945434, -3.0248620205341608, 10.867355655656443, -3.6724590689464893, 8.617165859150326, 3.9369140557538858, 0.02727196123998482, 10.694959407392425, 1.9214575372232336, 1.6416745746101469, 10.657266198159942, 1.954455890324974, -1.6732019190632095, 8.37526872190183, -1.8412032847745647, 0.022101891252148148, 6.37333143629019, 0.12482337033426885, 1.7379247285732065, 4.722505928824388, 1.9727658474246363, -2.2586787220632156, 6.840988734403902, 0.16971437492530062, -3.9966440764839684, 4.818908385542294, -3.7771831565772196, -2.5936785201456916, 2.797119534447401, -1.8440924343460716, -4.2969697001852065, 0.7334602716271634, -3.922792455100727, -0.6710054283885584, 2.830628375433283, -2.522769940937505, 1.4179265188462162, -1.0678932429445205, -0.38777271489236564, 1.7111141511142365, 1.0419875164443195, 1.7252187518533169, 0.38735142329046296, -2.240803843144333, -1.3788724055467132, -3.1084147413746934, -3.6969548131979773, 0.9991962562732779, -1.3909700194373857, 0.7319562722638786, 1.9749472052084787, -4.922282826925349, -2.4279201244788116, 2.192047863718714, -5.781776136602317, -3.121145415337976, 5.514103302701892, -2.5494554267893363, 0.047205391879491465, 5.38068355651441, -1.6782319765431464, 1.2931822537209077, 6.521713970769677, -6.104305571247297, -1.8828494069187376, 6.836483527875724, -6.897284767604317, 0.8715293492337226, 9.974145920185446, -2.929770566499187, 0.2732072621919359, 10.924681242364295, -6.018315803653649, -2.861066914041557, 12.8619167629827, -3.219924434695337, -3.771523606347612, 9.920918534782569, -2.014200523717821, -4.410914972274874, 10.681662712285029, -5.176556657781216], "name": "C12H26", "identifiers": {"molecule_hash": "cdc53521003e53bb74f221469c9a93563da01284", "molecular_formula": "C12H26"}, "molecular_charge": 0.0, "molecular_multiplicity": 1, "connectivity": [[0, 1, 1.0], [0, 12, 1.0], [0, 13, 1.0], [0, 14, 1.0], [1, 2, 1.0], [1, 15, 1.0], [1, 16, 1.0], [2, 3, 1.0], [2, 17, 1.0], [2, 18, 1.0], [3, 4, 1.0], [3, 19, 1.0], [3, 20, 1.0], [4, 5, 1.0], [4, 21, 1.0], [4, 22, 1.0], [5, 6, 1.0], [5, 23, 1.0], [5, 24, 1.0], [6, 7, 1.0], [6, 25, 1.0], [6, 26, 1.0], [7, 8, 1.0], [7, 27, 1.0], [7, 28, 1.0], [8, 9, 1.0], [8, 29, 1.0], [8, 30, 1.0], [9, 10, 1.0], [9, 31, 1.0], [9, 32, 1.0], [10, 11, 1.0], [10, 33, 1.0], [10, 34, 1.0], [11, 35, 1.0], [11, 36, 1.0], [11, 37, 1.0]], "fix_com": true, "fix_orientation": true, "provenance": {"creator": "QCElemental", "version": "v0.22.0", "routine": "qcelemental.molparse.from_schema"}, "id": "166539"}