{"schema_name": "qcschema_molecule", "schema_version": 2, "validated": true, "symbols": ["C", "C", "C", "C", "C", "C", "C", "C", "C", "C", "C", "C", "H", "H", "H", "H", "H", "H", "H", "H", "H", "H", "H", "H", "H", "H", "H", "H", "H", "H", "H", "H", "H", "H", "H", "H", "H", "H"], "geometry": [9.017857616615471, 2.7985215231101708, 0.0, 9.675267647345823, 1.2534331826834498e-15, 8.140679940927143e-17, 8.25048197622306, -1.5449877229088418, -1.9796699769010178, 5.37395444945892, -1.3888464804307847, -1.82150525013479, 4.293443319560665, -2.219511713857516, 0.713547552467184, 1.4127291720279143, -2.3996927649310997, 0.7830802662220684, 0.0, -0.0, 0.0, 0.5172037288952737, 2.392719508791719, 1.553393618013975, -1.2993170794021944, 2.8612501049396775, 3.750463532461931, -1.294880119368674, 0.9039609518157881, 5.870579080982617, 1.2424924022200432, 0.5165304571036562, 7.188552142080102, 2.346211553972425, 2.9091262147520722, 8.338933698528274, 9.303084690322647, 3.6392279266378242, -1.8771589875618222, 7.03716746682614, 3.122957145464886, 0.5286837692470858, 10.194811134782801, 3.8491488880137785, 1.343907838210236, 9.324762009589927, -0.7894526215539903, 1.8905013592810516, 11.712653147760689, -0.22786710798359222, -0.33164693906169046, 8.832179253272814, -3.5347159609518393, -1.816795498377767, 8.84678701108471, -0.9249091007807202, -3.8726181482907687, 4.767198859457322, 0.5564271867666488, -2.2319428733051274, 4.5543979698252395, -2.56247857516011, -3.3306480164876735, 4.9536115062449815, -0.9234928849303808, 2.1993475706688246, 5.081998864019498, -4.078417223904648, 1.2131912401648757, 0.8293050170600293, -2.9927833817244576, 2.684475712992383, 0.8164693400297044, -3.931454430882272, -0.491220256284576, 0.44921726663469763, 0.38550088173246255, -1.9896617470416855, -2.0427546217583297, -0.3909625794467048, 0.030902935581081148, 2.4807600771669955, 2.390831485260602, 2.2413433099557336, 0.38713110806238304, 4.03695780145004, 0.292865849382125, -3.22896410891835, 2.992617458241554, 2.986571942782012, -0.8911417976060411, 4.733688140912226, 4.553886200168498, -2.7013055768495216, 1.4838995470466787, 7.289209963873409, -1.965332164429193, -0.9200368674045096, 5.1342098283539945, 0.999022258219457, -0.9123254709403059, 8.676246843943686, 2.6122275914486304, -0.2942973186872351, 5.852208204134789, 2.8384066571657156, 4.305177534248329, 6.8854615184079755, 4.072268230793459, 2.5013804981000454, 9.411173661559221, 0.9989016090848191, 3.811437219764814, 9.636176891835374], "name": "C12H26", "identifiers": {"molecule_hash": "58efefbfbbd33c256e63a202190b95b7b45a00c6", "molecular_formula": "C12H26"}, "molecular_charge": 0.0, "molecular_multiplicity": 1, "connectivity": [[0, 1, 1.0], [0, 12, 1.0], [0, 13, 1.0], [0, 14, 1.0], [1, 2, 1.0], [1, 15, 1.0], [1, 16, 1.0], [2, 3, 1.0], [2, 17, 1.0], [2, 18, 1.0], [3, 4, 1.0], [3, 19, 1.0], [3, 20, 1.0], [4, 5, 1.0], [4, 21, 1.0], [4, 22, 1.0], [5, 6, 1.0], [5, 23, 1.0], [5, 24, 1.0], [6, 7, 1.0], [6, 25, 1.0], [6, 26, 1.0], [7, 8, 1.0], [7, 27, 1.0], [7, 28, 1.0], [8, 9, 1.0], [8, 29, 1.0], [8, 30, 1.0], [9, 10, 1.0], [9, 31, 1.0], [9, 32, 1.0], [10, 11, 1.0], [10, 33, 1.0], [10, 34, 1.0], [11, 35, 1.0], [11, 36, 1.0], [11, 37, 1.0]], "fix_com": true, "fix_orientation": true, "provenance": {"creator": "QCElemental", "version": "v0.22.0", "routine": "qcelemental.molparse.from_schema"}, "id": "176607"}