{"schema_name": "qcschema_molecule", "schema_version": 2, "validated": true, "symbols": ["C", "C", "C", "C", "C", "C", "C", "C", "C", "C", "C", "C", "H", "H", "H", "H", "H", "H", "H", "H", "H", "H", "H", "H", "H", "H", "H", "H", "H", "H", "H", "H", "H", "H", "H", "H", "H", "H"], "geometry": [0.0, 0.0, 0.0, 2.8905755855817374, -1.4004450707451898e-16, -2.7691882069952703e-16, 4.08853891943579, 2.225245070849977, -1.421729214903173, 3.487842395318264, 4.878450120186899, -0.4136809992257562, 4.437564571514672, 5.377303402537102, 2.273837933066022, 3.907331494541352, 8.044774809746377, 3.2843328203492943, 5.257128175726002, 10.201097402878153, 1.8522210134930783, 3.598875770331187, 11.701653309522428, 8.881784197001252e-16, 1.7524166340069296, 13.508054664707593, 1.310605752598759, -0.08991424182724495, 14.858140860112295, -0.472352222734016, 1.1417101222001715, 16.697405306501143, -2.3359325310321646, -0.7966746721096161, 18.128018622938374, -3.9300787157491497, -0.7287141746486225, -1.7027872869914662, 0.8826799456930885, -0.7671480331716887, 1.6003125660783544, 1.0275769159288461, -0.7393568385489782, 0.07546601777300499, -1.914549995028966, 3.5728521751139772, -0.053619754658471463, 1.9356311319496706, 3.5499682772717547, -1.7382276423555507, -0.8753993999496237, 3.4976579915845347, 2.1318096254698466, -3.3897252346605975, 6.129697169746361, 1.9724223252769746, -1.4286218918562295, 4.340188224804712, 6.234978650673065, -1.6977555027594833, 1.4625353389086073, 5.21931090393811, -0.49520450005857297, 6.4641430468057814, 5.0244581887756485, 2.3483660965690114, 3.5762583208685603, 4.03088086583133, 3.5635584345754765, 4.482223580951627, 8.083561521868026, 5.255153065674266, 1.8771692589251194, 8.363178871970176, 3.2915463223098573, 6.052572144902821, 11.525200710856094, 3.207337360511856, 6.863444741581103, 9.423569236019272, 0.8334058719849966, 2.546715341005905, 10.410328625139757, -1.2037796884843566, 4.82778491688609, 12.777047146317923, -1.244434736222857, 0.6529707189921949, 12.469377548437429, 2.700610760541166, 2.8242449296863734, 14.911419272881531, 2.3676001006414884, -1.4526462471884716, 15.896418292803911, 0.6655714668899302, -1.1727000839544761, 13.455808066442392, -1.5195636264020473, 2.2953497896019384, 18.04505612642144, -1.2951608838736828, 2.418880754351048, 15.686566627189283, -3.585244196987138, 0.11985002955188873, 19.415948397626373, -5.238077357411566, -1.9483522153135857, 16.83395256124776, -5.032172105175414, -2.060339597053846, 19.232111419339095, -2.747295844349873], "name": "C12H26", "identifiers": {"molecule_hash": "8279c58ef3d089092106215723ea66274f32ac83", "molecular_formula": "C12H26"}, "molecular_charge": 0.0, "molecular_multiplicity": 1, "connectivity": [[0, 1, 1.0], [0, 12, 1.0], [0, 13, 1.0], [0, 14, 1.0], [1, 2, 1.0], [1, 15, 1.0], [1, 16, 1.0], [2, 3, 1.0], [2, 17, 1.0], [2, 18, 1.0], [3, 4, 1.0], [3, 19, 1.0], [3, 20, 1.0], [4, 5, 1.0], [4, 21, 1.0], [4, 22, 1.0], [5, 6, 1.0], [5, 23, 1.0], [5, 24, 1.0], [6, 7, 1.0], [6, 25, 1.0], [6, 26, 1.0], [7, 8, 1.0], [7, 27, 1.0], [7, 28, 1.0], [8, 9, 1.0], [8, 29, 1.0], [8, 30, 1.0], [9, 10, 1.0], [9, 31, 1.0], [9, 32, 1.0], [10, 11, 1.0], [10, 33, 1.0], [10, 34, 1.0], [11, 35, 1.0], [11, 36, 1.0], [11, 37, 1.0]], "fix_com": true, "fix_orientation": true, "provenance": {"creator": "QCElemental", "version": "v0.22.0", "routine": "qcelemental.molparse.from_schema"}, "id": "166437"}