{"schema_name": "qcschema_molecule", "schema_version": 2, "validated": true, "symbols": ["C", "C", "C", "C", "C", "C", "C", "C", "C", "C", "C", "C", "H", "H", "H", "H", "H", "H", "H", "H", "H", "H", "H", "H", "H", "H", "H", "H", "H", "H", "H", "H", "H", "H", "H", "H", "H", "H"], "geometry": [-0.0, 0.0, 0.0, 2.875235384594872, 1.843935566670411e-16, -7.321709361879236e-16, 4.05707036301869, 2.6256804637105113, 0.15270137605659953, 3.5224648104846854, 4.295803001639919, -2.133212520764395, 4.94598527165706, 6.803668976802589, -2.140259190479478, 4.152392664912626, 8.627098273847302, -0.05751216795541514, 5.660016669268107, 11.087249058613937, 1.1102230246251565e-15, 5.5359029831531466, 12.675834135351618, -2.4084090024976166, 2.8693569757334405, 13.377451647515043, -3.2684879926931343, 1.2530966688851395, 14.724056846348248, -1.2941276038868572, 2.3771441696799966, 17.180699342651216, -0.3028086202043261, 0.6243276669255629, 18.557612134707924, 1.5088164130233392, -0.7525844114402336, -1.9311483277206434, -0.0039047580959697403, -0.7463679520488524, 0.9606752625648481, 1.6827560426006147, -0.7732958394185675, 0.9674909174462187, -1.6627901622294323, 3.553684828974303, -1.1315584464939044, 1.6039763208426412, 3.5681991503989567, -0.9601531827788587, -1.7107263328645084, 6.117133983864839, 2.4259775157395063, 0.3603010882553396, 3.393565172887072, 3.5595587456970676, 1.8883852118391498, 4.020854376496953, 3.2364888035334194, -3.852344464688347, 1.4831780754207144, 4.679506812298322, -2.2703621241705894, 4.669720316545001, 7.713718973366288, -3.987057166495742, 6.989968550104705, 6.4337123926631445, -1.984400809922436, 2.1236666545228147, 9.047047307748795, -0.2631805809568698, 4.3500850870058025, 7.701610041207421, 1.7903453739074122, 7.652543763681531, 10.647692721730273, 0.3989041083170751, 5.0054762637851935, 12.230211445029449, 1.6084781897255747, 6.648375493187691, 14.404854485459538, -2.111810601917109, 6.4856894434240635, 11.671319380272408, -3.958597817460654, 3.0173041817259767, 14.581802749265835, -4.956677705681079, 1.872259208855529, 11.662181499698622, -3.8894757745689663, -0.6123296743207991, 15.123817243394091, -2.121036505542368, 0.8904310949803325, 13.449725355250544, 0.31129587233173417, 4.181522154236702, 16.789562520076565, 0.6521254399604651, 2.8386171990669586, 18.419658681417538, -1.9096016410718035, 0.1743584872959527, 17.37768423353863, 3.156051787975765, -1.1716050706221637, 19.0449565479147, 0.5898581552553513, 1.4702573858230892, 20.315152801163414, 2.208750207037264], "name": "C12H26", "identifiers": {"molecule_hash": "dc3267d3839f5207c0f572e9993455d5435ee538", "molecular_formula": "C12H26"}, "molecular_charge": 0.0, "molecular_multiplicity": 1, "connectivity": [[0, 1, 1.0], [0, 12, 1.0], [0, 13, 1.0], [0, 14, 1.0], [1, 2, 1.0], [1, 15, 1.0], [1, 16, 1.0], [2, 3, 1.0], [2, 17, 1.0], [2, 18, 1.0], [3, 4, 1.0], [3, 19, 1.0], [3, 20, 1.0], [4, 5, 1.0], [4, 21, 1.0], [4, 22, 1.0], [5, 6, 1.0], [5, 23, 1.0], [5, 24, 1.0], [6, 7, 1.0], [6, 25, 1.0], [6, 26, 1.0], [7, 8, 1.0], [7, 27, 1.0], [7, 28, 1.0], [8, 9, 1.0], [8, 29, 1.0], [8, 30, 1.0], [9, 10, 1.0], [9, 31, 1.0], [9, 32, 1.0], [10, 11, 1.0], [10, 33, 1.0], [10, 34, 1.0], [11, 35, 1.0], [11, 36, 1.0], [11, 37, 1.0]], "fix_com": true, "fix_orientation": true, "provenance": {"creator": "QCElemental", "version": "v0.22.0", "routine": "qcelemental.molparse.from_schema"}, "id": "178405"}