{"schema_name": "qcschema_molecule", "schema_version": 2, "validated": true, "symbols": ["C", "C", "C", "C", "C", "C", "C", "C", "C", "C", "C", "C", "H", "H", "H", "H", "H", "H", "H", "H", "H", "H", "H", "H", "H", "H", "H", "H", "H", "H", "H", "H", "H", "H", "H", "H", "H", "H"], "geometry": [3.986200577137157, 2.651496224747442, 6.661338147750939e-16, 2.8799302429101354, -2.2757619989864916e-16, 4.4128007673274376e-16, 0.0, 0.0, 0.0, -1.2746758153045348, -2.582680260272957, 0.22852721887156613, -1.5380597915932102, -4.132958303298314, -2.19726962214981, 0.8534400146474233, -5.260030003452989, -3.3600802697212484, 2.3624055971872915, -6.935547140563054, -1.567216789875598, 4.293607449323598, -8.62796114876146, -2.8867005793396916, 6.277947133467386, -7.264862403595485, -4.477370587820597, 7.956435654219234, -5.464481993772317, -2.985391959340893, 9.980911727552837, -4.145635449248039, -4.560144406071007, 11.99415336987103, -5.90416726122996, -5.618956067960009, 3.384520647883236, 3.7136746444891098, -1.6785087098824003, 3.363801570146726, 3.7234045040773953, 1.6648124823119188, 6.058256103491245, 2.61763545072982, 0.011225359506233712, 3.5551129873083323, -1.036153930814567, 1.6736715126276076, 3.60026792904082, -1.0384954615307072, -1.6441797596779586, -0.6262326108712439, 1.1799166452172747, 1.5943014383756304, -0.6934601131745497, 0.9633072947722554, -1.7114026516964733, -3.196258311815324, -2.2800734730117056, 0.9547521467990381, -0.3044701052350865, -3.7019754982830086, 1.689676289515083, -2.841001100743582, -5.704097565802986, -1.7955432850409636, -2.492752533547708, -2.9630266940930787, -3.6272070492362714, 2.069908291104923, -3.758120206389835, -4.121971264917017, 0.2830671303769803, -6.39313795391163, -5.009941442363039, 1.0432584712530701, -8.15028527905339, -0.51259191121218, 3.3054288898945448, -5.7619704463678865, -0.1338000269518771, 5.2591564128259485, -9.78657383064313, -1.455606439323721, 3.272486568419305, -9.963742990057906, -4.1100460999562145, 5.3482321441222505, -6.21223571850732, -6.013269241833647, 7.453896951853583, -8.698715702745886, -5.411136353464886, 8.86745800745095, -6.507843022512581, -1.429347687482656, 6.773375735253616, -4.015858617812275, -2.0819717764660766, 9.065729175615186, -3.118938696836998, -6.121329723152568, 10.898474462599754, -2.697089780867086, -3.3882093198206245, 13.44639069997691, -4.8470505011084795, -6.653164595868686, 11.197036073847814, -7.298249854776155, -6.930228960591111, 12.944168217009132, -6.951080430231848, -4.098375741235759], "name": "C12H26", "identifiers": {"molecule_hash": "e776ffb1a319ff18e1a7ef036433a38356782831", "molecular_formula": "C12H26"}, "molecular_charge": 0.0, "molecular_multiplicity": 1, "connectivity": [[0, 1, 1.0], [0, 12, 1.0], [0, 13, 1.0], [0, 14, 1.0], [1, 2, 1.0], [1, 15, 1.0], [1, 16, 1.0], [2, 3, 1.0], [2, 17, 1.0], [2, 18, 1.0], [3, 4, 1.0], [3, 19, 1.0], [3, 20, 1.0], [4, 5, 1.0], [4, 21, 1.0], [4, 22, 1.0], [5, 6, 1.0], [5, 23, 1.0], [5, 24, 1.0], [6, 7, 1.0], [6, 25, 1.0], [6, 26, 1.0], [7, 8, 1.0], [7, 27, 1.0], [7, 28, 1.0], [8, 9, 1.0], [8, 29, 1.0], [8, 30, 1.0], [9, 10, 1.0], [9, 31, 1.0], [9, 32, 1.0], [10, 11, 1.0], [10, 33, 1.0], [10, 34, 1.0], [11, 35, 1.0], [11, 36, 1.0], [11, 37, 1.0]], "fix_com": true, "fix_orientation": true, "provenance": {"creator": "QCElemental", "version": "v0.22.0", "routine": "qcelemental.molparse.from_schema"}, "id": "178315"}