{"schema_name": "qcschema_molecule", "schema_version": 2, "validated": true, "symbols": ["C", "C", "C", "C", "C", "C", "C", "C", "C", "C", "C", "C", "H", "H", "H", "H", "H", "H", "H", "H", "H", "H", "H", "H", "H", "H", "H", "H", "H", "H", "H", "H", "H", "H", "H", "H", "H", "H"], "geometry": [0.0, 0.0, 0.0, 2.874512917057605, 7.527797243516483e-16, -4.3035536117705487e-16, 4.05222323648084, 1.4838915552877037, -2.177959761866031, 3.276186267920685, 4.257174549241478, -2.3521989510243104, 3.8519055794191175, 5.810870174763686, 4.440892098500626e-16, 3.271977577916653, 8.609898076774371, -0.33839687644216765, 3.7911087948962456, 10.225511716867612, 1.998696050546749, 2.0860820995310103, 9.79284722430156, 4.298841818463133, -0.37682157731358357, 11.303507655573101, 4.352173774666366, -2.353676519624076, 10.67818907973823, 2.3410817663949306, -3.1663330829816307, 7.911691960672724, 2.2267724218366753, -4.220176596457841, 6.896117356457251, 4.700927389542576, -0.7519302390233715, -0.695498215330755, -1.8063003733445686, -0.7539182778967453, -1.2122668008391493, 1.5024617374368863, -0.7689836088773335, 1.904499344384866, 0.2987318599372688, 3.5645293541379695, 0.7482343293520054, 1.81229719820489, 3.5619385481360872, -1.957516047369412, -0.09411602008728004, 6.122293676945948, 1.3716001445369033, -2.016457586909279, 3.5663681497845534, 0.5460772123635695, -3.9691405223455094, 4.240923464254045, 5.113747661221838, -3.9823707878850687, 1.243185768750592, 4.396949740881378, -2.772568588728725, 2.767382682497995, 5.057137886807224, 1.606205053685708, 5.857469850809956, 5.581148136721224, 0.512790834921141, 4.42733510593367, 9.333727198860554, -1.9082833991029715, 1.300927925958312, 8.826718334725228, -0.9538784613064091, 5.763904532772957, 9.89074437800504, 2.563743410870216, 3.694879967040625, 12.235813983542688, 1.474371741740062, 1.6818262311727796, 7.765007681721, 4.520341556627674, 3.1548704561117686, 10.318203281325536, 5.999457932859849, 0.0871114081289811, 13.325603867853557, 4.208825545458789, -1.23585309829537, 11.064669505182687, 6.229402477387282, -4.032835233110259, 11.850701791191398, 2.7051284036109955, -1.665996501364074, 11.26334380885854, 0.47072252623005095, -1.56033304917187, 6.730929379201497, 1.6332019295918054, -4.595113471571885, 7.705446166384759, 0.7332331844918689, -2.784271879712381, 6.883616085935401, 6.1982387426237775, -4.905280753498778, 4.951919268144896, 4.485337865028962, -5.80840731610582, 8.052560790777507, 5.37302508681373], "name": "C12H26", "identifiers": {"molecule_hash": "acfa6f6ecbf86a22313868f9aea68dff35501d32", "molecular_formula": "C12H26"}, "molecular_charge": 0.0, "molecular_multiplicity": 1, "connectivity": [[0, 1, 1.0], [0, 12, 1.0], [0, 13, 1.0], [0, 14, 1.0], [1, 2, 1.0], [1, 15, 1.0], [1, 16, 1.0], [2, 3, 1.0], [2, 17, 1.0], [2, 18, 1.0], [3, 4, 1.0], [3, 19, 1.0], [3, 20, 1.0], [4, 5, 1.0], [4, 21, 1.0], [4, 22, 1.0], [5, 6, 1.0], [5, 23, 1.0], [5, 24, 1.0], [6, 7, 1.0], [6, 25, 1.0], [6, 26, 1.0], [7, 8, 1.0], [7, 27, 1.0], [7, 28, 1.0], [8, 9, 1.0], [8, 29, 1.0], [8, 30, 1.0], [9, 10, 1.0], [9, 31, 1.0], [9, 32, 1.0], [10, 11, 1.0], [10, 33, 1.0], [10, 34, 1.0], [11, 35, 1.0], [11, 36, 1.0], [11, 37, 1.0]], "fix_com": true, "fix_orientation": true, "provenance": {"creator": "QCElemental", "version": "v0.22.0", "routine": "qcelemental.molparse.from_schema"}, "id": "179949"}