{"schema_name": "qcschema_molecule", "schema_version": 2, "validated": true, "symbols": ["C", "C", "C", "C", "C", "C", "C", "C", "C", "C", "C", "C", "H", "H", "H", "H", "H", "H", "H", "H", "H", "H", "H", "H", "H", "H", "H", "H", "H", "H", "H", "H", "H", "H", "H", "H", "H", "H"], "geometry": [4.084171497289983, 2.648079032750758, 9.43689570931383e-16, 2.905466778960819, -7.744593505229987e-15, -6.569100534738658e-16, 0.0, 0.0, -0.0, -1.2419777975101611, 1.3205248655328077, 2.2727237582435857, -0.4728662756827955, 0.280782675370284, 4.875042285477568, -0.982581586276503, -2.552247902296123, 5.273715189947189, -3.7429198253367892, -3.3845917364339053, 4.897379827049417, -5.700667990240998, -1.980434838271552, 6.53193473053691, -5.409584929694823, -2.2367548043238554, 9.422743085207827, -6.854334212465484, -4.4544998641174045, 10.631666360072346, -6.076353715501745, -7.130704503837704, 9.814385544700379, -3.3269537951586816, -7.806754021375298, 10.431225131107418, 3.394288556450561, 3.769399164880354, -1.6004279249677609, 3.6332897746793664, 3.6886955621193844, 1.7307383372795058, 6.146683483011112, 2.5467865395739993, -0.14396955315665422, 3.559409897209408, -1.0329905783291802, -1.6746383160142537, 3.608984935515334, -1.0648067689538352, 1.6332864852656201, -0.6656692935221622, -1.9603152948394178, -0.10742408052857577, -0.6665886826360531, 0.9224189328919516, -1.7358166324268676, -0.803536749222379, 3.3454960818656283, 2.2181100061631, -3.2995038504295655, 1.191523634477555, 2.0578153907104904, -1.4594619987724093, 1.3701284546376689, 6.336715434991424, 1.545804366750543, 0.6324248633763754, 5.189279646101698, 0.2078194721511042, -3.657504364150566, 3.98604983411784, -0.35257318265219073, -3.062690810069652, 7.180972363009957, -3.860556197940766, -5.42214811692421, 5.238823724462401, -4.2630748862856604, -3.1202888112811227, 2.9077478488293345, -5.6366355188761075, 0.028420046030187995, 6.03122517746229, -7.597744769602273, -2.624134677995196, 5.98962567733722, -3.4051919252253144, -2.3353006840534016, 9.933516836636382, -6.115026001720075, -0.5009285644968324, 10.309210323386157, -6.652326168647631, -4.3152601475100925, 12.693642018469834, -8.876800908950614, -4.206179216649011, 10.236020446578905, -7.328704550127064, -8.483933205662613, 10.764186632742796, -6.418750742292343, -7.377121294108161, 7.7861750692667115, -2.94209609509742, -7.570579140656815, 12.453841670984744, -1.988732950434608, -6.614953257270287, 9.39972241106584, -2.9138094047423326, -9.77436457637846, 9.937796449140894], "name": "C12H26", "identifiers": {"molecule_hash": "4e9c7270ecca3deb78b91e55c173b6a94232d73a", "molecular_formula": "C12H26"}, "molecular_charge": 0.0, "molecular_multiplicity": 1, "connectivity": [[0, 1, 1.0], [0, 12, 1.0], [0, 13, 1.0], [0, 14, 1.0], [1, 2, 1.0], [1, 15, 1.0], [1, 16, 1.0], [2, 3, 1.0], [2, 17, 1.0], [2, 18, 1.0], [3, 4, 1.0], [3, 19, 1.0], [3, 20, 1.0], [4, 5, 1.0], [4, 21, 1.0], [4, 22, 1.0], [5, 6, 1.0], [5, 23, 1.0], [5, 24, 1.0], [6, 7, 1.0], [6, 25, 1.0], [6, 26, 1.0], [7, 8, 1.0], [7, 27, 1.0], [7, 28, 1.0], [8, 9, 1.0], [8, 29, 1.0], [8, 30, 1.0], [9, 10, 1.0], [9, 31, 1.0], [9, 32, 1.0], [10, 11, 1.0], [10, 33, 1.0], [10, 34, 1.0], [11, 35, 1.0], [11, 36, 1.0], [11, 37, 1.0]], "fix_com": true, "fix_orientation": true, "provenance": {"creator": "QCElemental", "version": "v0.22.0", "routine": "qcelemental.molparse.from_schema"}, "id": "172456"}