{"schema_name": "qcschema_molecule", "schema_version": 2, "validated": true, "symbols": ["C", "C", "C", "C", "C", "C", "C", "C", "C", "C", "C", "C", "H", "H", "H", "H", "H", "H", "H", "H", "H", "H", "H", "H", "H", "H", "H", "H", "H", "H", "H", "H", "H", "H", "H", "H", "H", "H"], "geometry": [4.0961439776281106, 2.6308414190559524, 4.440892098500626e-16, 2.8975980453219337, -4.583573692875223e-16, 3.18023271212657e-16, 0.0, 0.0, -0.0, -1.1903216042065172, 1.0918469243897386, 2.4041441276465245, -4.063339425257355, 0.7488707734803499, 2.5917277582907428, -5.580391446440851, 2.2490373754534563, 0.6345272968156165, -8.452313624496254, 1.8714534336788886, 0.7975196714382291, -9.73044877152, 2.719817367018578, 3.2612532745496767, -9.400367592352524, 5.513977693590339, 3.972595638652315, -10.365132194270988, 7.451261859697452, 2.043044389909619, -13.209433986530572, 7.333541907684614, 1.5266135838981576, -14.107318842881352, 9.437213029209456, -0.23796756922453977, 6.138864271814672, 2.5010836164271004, -0.14246919233099875, 3.430097129997567, 3.7444852989912163, -1.5919402369319786, 3.6646199886364395, 3.670233283239561, 1.7137185124867316, 3.5487993965500526, -1.0204104235966855, -1.6604613974334135, 3.5776501027344936, -1.0591072012916054, 1.6261665054543948, -0.6507457307357114, -1.9374238973333295, -0.2334480596387789, -0.6615285763125807, 1.0314556907288732, -1.6491855886063234, -0.32299732618800325, 0.1812663557915506, 4.03217249093033, -0.7471985885505232, 3.0920999147654173, 2.5638837710164966, -4.647301360371612, 1.3073452046684366, 4.479286576415722, -4.521055172525885, -1.250462029757621, 2.41862441572591, -5.120853717495614, 4.2451431731656175, 0.8095215683860597, -4.98999151087148, 1.6987960733546472, -1.2531131995414264, -8.86632004208477, -0.12417500857858887, 0.5207946885415652, -9.32408566113197, 2.844688406442502, -0.7878310030771577, -11.732830247506609, 2.2854493406416516, 3.1198450064483843, -9.033819261713186, 1.5795365469114437, 4.820485632506701, -10.366874901079173, 5.833832691851289, 5.7597538199025475, -7.414710716403789, 5.8930849349404095, 4.338091679718436, -9.904394081732468, 9.32920823819092, 2.7437723580170505, -9.346476362227987, 7.249824798649352, 0.2692916320409653, -13.702519451538372, 5.51702169973849, 0.706256989282799, -14.228674486509153, 7.457617373524517, 3.3086551757589597, -13.15827466430954, 9.334240350123876, -2.05578619735541, -13.722995313474243, 11.289265397882888, 0.560053801990005, -16.126295785222243, 9.31082684022164, -0.5805088503094362], "name": "C12H26", "identifiers": {"molecule_hash": "1e8fff9884aa1bb219426cf190af4b6ac4ee96cb", "molecular_formula": "C12H26"}, "molecular_charge": 0.0, "molecular_multiplicity": 1, "connectivity": [[0, 1, 1.0], [0, 12, 1.0], [0, 13, 1.0], [0, 14, 1.0], [1, 2, 1.0], [1, 15, 1.0], [1, 16, 1.0], [2, 3, 1.0], [2, 17, 1.0], [2, 18, 1.0], [3, 4, 1.0], [3, 19, 1.0], [3, 20, 1.0], [4, 5, 1.0], [4, 21, 1.0], [4, 22, 1.0], [5, 6, 1.0], [5, 23, 1.0], [5, 24, 1.0], [6, 7, 1.0], [6, 25, 1.0], [6, 26, 1.0], [7, 8, 1.0], [7, 27, 1.0], [7, 28, 1.0], [8, 9, 1.0], [8, 29, 1.0], [8, 30, 1.0], [9, 10, 1.0], [9, 31, 1.0], [9, 32, 1.0], [10, 11, 1.0], [10, 33, 1.0], [10, 34, 1.0], [11, 35, 1.0], [11, 36, 1.0], [11, 37, 1.0]], "fix_com": true, "fix_orientation": true, "provenance": {"creator": "QCElemental", "version": "v0.22.0", "routine": "qcelemental.molparse.from_schema"}, "id": "165088"}