{"schema_name": "qcschema_molecule", "schema_version": 2, "validated": true, "symbols": ["C", "C", "C", "C", "C", "C", "C", "C", "C", "C", "C", "C", "H", "H", "H", "H", "H", "H", "H", "H", "H", "H", "H", "H", "H", "H", "H", "H", "H", "H", "H", "H", "H", "H", "H", "H", "H", "H"], "geometry": [0.0, 0.0, 0.0, 2.8988674747645518, -2.470165835939894e-16, 2.4750063635174648e-17, 4.083162188892633, 1.550150304812193, 2.1556880776051353, 3.3031616738526286, 4.347217543562941, 2.2417121685174184, 3.970773678502919, 5.827056109409978, -0.15875328133713484, 3.4346561786036136, 8.678122182773805, 0.0, 0.6714414464115221, 9.3961432210863, 0.5734183761213858, -1.3464566315005855, 8.484359928146185, -1.3259089866269091, -1.9059351002281426, 10.295611270020121, -3.532206995781618, 0.26004194788641755, 10.80274223849079, -5.402225407163585, 1.3363748199853651, 8.457444914026402, -6.736413813878441, -0.6247340121153462, 6.955779380307876, -8.253240586119162, -0.7461642768598631, -0.6489698050987205, 1.8212803243353348, -0.7687501617012154, 1.8890910883977647, -0.3501604185670949, -0.7443821347790868, -1.2541303989747952, -1.469007843773727, 3.5852290179937443, 0.6968712354613047, -1.8270100220245173, 3.577271648827648, -1.953397096339767, 0.15197719637092078, 6.149661841952804, 1.428446579698294, 2.005402321881258, 3.580568078716568, 0.666030618482268, 3.9652707363980833, 1.2689990559014868, 4.480010032646659, 2.6051027752799074, 4.228842550429362, 5.2451035055790936, 3.8683780144799504, 2.9581156051151147, 5.018117592986522, -1.773206423180751, 5.987110519757318, 5.560798021326967, -0.5743116849152003, 4.047614495638447, 9.565215832136081, -1.766477712939794, 4.627961150670354, 9.492266577019487, 1.4908557804547322, 0.19363303224612238, 8.66368163405851, 2.450692551295215, 0.5472958565859614, 11.461196363486703, 0.7386681571067752, -0.8486613485618544, 6.610851438625693, -2.056199083608846, -3.1269926593167594, 8.214539142202138, -0.2994330976075483, -2.5182620825049185, 12.114494722516751, -2.74212066819283, -3.5389987858111143, 9.561844341027678, -4.577668422270667, -0.43727344141788915, 12.121404759546037, -6.8463572391068475, 1.7991501760702153, 11.793500686605661, -4.431678097409348, 2.8539109586457823, 9.070508444795266, -8.009764346803829, 2.2319992158892, 7.205394824056651, -5.352378441042331, -2.0722774223445732, 6.12822963702714, -7.028029712015415, 0.26825333245433125, 5.40468698100634, -9.29326600778861, -1.589771861296672, 8.166042720059389, -9.63118429993003], "name": "C12H26", "identifiers": {"molecule_hash": "2d5442e97dde3bc45bdb466c83ef7691211e6b8d", "molecular_formula": "C12H26"}, "molecular_charge": 0.0, "molecular_multiplicity": 1, "connectivity": [[0, 1, 1.0], [0, 12, 1.0], [0, 13, 1.0], [0, 14, 1.0], [1, 2, 1.0], [1, 15, 1.0], [1, 16, 1.0], [2, 3, 1.0], [2, 17, 1.0], [2, 18, 1.0], [3, 4, 1.0], [3, 19, 1.0], [3, 20, 1.0], [4, 5, 1.0], [4, 21, 1.0], [4, 22, 1.0], [5, 6, 1.0], [5, 23, 1.0], [5, 24, 1.0], [6, 7, 1.0], [6, 25, 1.0], [6, 26, 1.0], [7, 8, 1.0], [7, 27, 1.0], [7, 28, 1.0], [8, 9, 1.0], [8, 29, 1.0], [8, 30, 1.0], [9, 10, 1.0], [9, 31, 1.0], [9, 32, 1.0], [10, 11, 1.0], [10, 33, 1.0], [10, 34, 1.0], [11, 35, 1.0], [11, 36, 1.0], [11, 37, 1.0]], "fix_com": true, "fix_orientation": true, "provenance": {"creator": "QCElemental", "version": "v0.22.0", "routine": "qcelemental.molparse.from_schema"}, "id": "173724"}