{"schema_name": "qcschema_molecule", "schema_version": 2, "validated": true, "symbols": ["C", "C", "C", "C", "C", "C", "C", "C", "C", "C", "C", "C", "H", "H", "H", "H", "H", "H", "H", "H", "H", "H", "H", "H", "H", "H", "H", "H", "H", "H", "H", "H", "H", "H", "H", "H", "H", "H"], "geometry": [0.0, 0.0, 0.0, 2.8988674747645518, -2.478758361821301e-16, -1.3686784041597707e-17, 4.083162188892633, 1.1987166746988343, 2.369184540983928, 3.3031616738526286, 3.9489590922647384, 2.8860519581532373, 3.970773678502919, 5.781689930154592, 0.7428640912686777, 3.4346561786036136, 8.574054039246437, 1.3399260991683994, 0.6714414464115221, 9.194927175441112, 2.017332472245024, -1.3464566315005855, 8.587339403514381, -4.440892098500626e-16, -1.9059351002281426, 10.717528720921031, -1.900177833953118, 0.26004194788641755, 11.507314190591417, -3.669468536462759, 1.3363748199853651, 9.396144084337323, -5.349777742296974, -0.6247340121153462, 8.1466887959044, -7.080276027286404, -0.7461642768598631, -0.9223980776767431, 1.6992367739779946, -0.7687501617012154, 1.9205028241936994, -0.054280394793687625, -0.7443821347790868, -1.012271972933692, -1.6450326913208577, 3.5852290179937443, 0.970609754713347, -1.6975016475534532, 3.577271648827648, -1.95343763535277, -0.15145523758780188, 6.149661841952804, 1.1016769589930426, 2.2019096215972027, 3.580568078716568, 0.04579478789548164, 4.020556135050532, 1.2689990559014868, 4.024050616155664, 3.2655883085598845, 4.228842550429362, 4.584915883554373, 4.631846887352903, 2.9581156051151147, 5.231728250302285, -0.9771308567634762, 5.987110519757318, 5.582788180608649, 0.2911780827610708, 4.047614495638447, 9.723258702263081, -0.2683982759352954, 4.627961150670354, 9.148242942875353, 2.9386096687800913, 0.19363303224612238, 8.181392944623521, 3.759000255780921, 0.5472958565859614, 11.209701152366609, 2.499450500281026, -0.8486613485618544, 6.849056863408027, -1.0108073490119887, -3.1269926593167594, 8.162263591516393, 0.9725053014353198, -2.5182620825049185, 12.39260858447955, -0.838725588437772, -3.5389987858111143, 10.1539832732579, -3.0463977207015893, -0.43727344141788915, 13.03314124953759, -4.892677177151362, 1.7991501760702153, 12.336336259149101, -2.557584193184865, 2.8539109586457823, 10.198464598858434, -6.513199533582803, 2.2319992158892, 7.945409699141638, -4.175659739425987, -2.0722774223445732, 7.139887086705899, -5.9975338686996675, 0.26825333245433125, 6.77477992040884, -8.347322414056128, -1.589771861296672, 9.555196969058702, -8.254827412341522], "name": "C12H26", "identifiers": {"molecule_hash": "2d5442e97dde3bc45bdb466c83ef7691211e6b8d", "molecular_formula": "C12H26"}, "molecular_charge": 0.0, "molecular_multiplicity": 1, "connectivity": [[0, 1, 1.0], [0, 12, 1.0], [0, 13, 1.0], [0, 14, 1.0], [1, 2, 1.0], [1, 15, 1.0], [1, 16, 1.0], [2, 3, 1.0], [2, 17, 1.0], [2, 18, 1.0], [3, 4, 1.0], [3, 19, 1.0], [3, 20, 1.0], [4, 5, 1.0], [4, 21, 1.0], [4, 22, 1.0], [5, 6, 1.0], [5, 23, 1.0], [5, 24, 1.0], [6, 7, 1.0], [6, 25, 1.0], [6, 26, 1.0], [7, 8, 1.0], [7, 27, 1.0], [7, 28, 1.0], [8, 9, 1.0], [8, 29, 1.0], [8, 30, 1.0], [9, 10, 1.0], [9, 31, 1.0], [9, 32, 1.0], [10, 11, 1.0], [10, 33, 1.0], [10, 34, 1.0], [11, 35, 1.0], [11, 36, 1.0], [11, 37, 1.0]], "fix_com": true, "fix_orientation": true, "provenance": {"creator": "QCElemental", "version": "v0.22.0", "routine": "qcelemental.molparse.from_schema"}, "id": "173724"}