{"schema_name": "qcschema_molecule", "schema_version": 2, "validated": true, "symbols": ["C", "C", "C", "C", "C", "C", "C", "C", "C", "C", "C", "C", "H", "H", "H", "H", "H", "H", "H", "H", "H", "H", "H", "H", "H", "H", "H", "H", "H", "H", "H", "H", "H", "H", "H", "H", "H", "H"], "geometry": [6.76216382910728, 2.797179285652702, -3.3306690738754696e-16, 6.033154328416385, 1.940293265259702e-16, 4.570247841522871e-16, 4.292063150877508, -0.7844729903903638, 2.1818791294119437, 1.6996678794780342, 0.509999406235721, 2.28595091431503, 0.0, 0.0, -0.0, -2.6502896131322236, 1.1218849405253137, 0.3124022448654161, -4.42388981762867, 0.6257057375215782, -1.9316862896689804, -3.8543966528898688, 2.083233537305806, -4.393039537072674, -5.352748876566659, 4.544177610474794, -4.760221067149171, -4.821498877002522, 6.710618200733622, -2.9062648559105724, -2.132271686872495, 7.7949763021912695, -2.945779349865627, -1.3739860305556995, 9.014458741895954, -5.455062414771274, 7.613901754580386, 3.3391355440081627, 1.7884285962969506, 8.121718681980163, 3.196062448967503, -1.4839544105981803, 5.140226619429211, 4.013198340097045, -0.3107905590765306, 5.169017961258332, -0.4802230599471752, -1.7997165566744548, 7.746647194542337, -1.1279224124622313, 0.11897361381495154, 4.007059390654621, -2.8191833452584363, 2.089759183391503, 5.268682777957888, -0.4261561804695635, 3.956322862484897, 0.7358252599001942, -0.1403071197379743, 3.9820302952340136, 1.9358288597300266, 2.5379840336345114, 2.5195171853915586, 0.8777568439420746, 0.7507248826862712, -1.6964797079074687, -0.1600747826648873, -2.0319530370566192, -0.28703696158022035, -3.502661486667666, 0.3094064486100152, 1.9982685177775534, -2.4966334702921342, 3.1370588126579153, 0.6709816584630304, -4.3776230227529895, -1.3904701936542065, -2.3282365084743484, -6.355042760395356, 1.0322431007138895, -1.355750619269508, -1.8421621713631608, 2.453030573421536, -4.556106936875574, -4.3157885605201045, 0.8679994727114171, -5.98327728019917, -7.356714971000241, 4.094836044399092, -4.653317151697313, -5.036739472419155, 5.209159115197364, -6.677805609537254, -6.1374500397159215, 8.23575451625749, -3.3234160890069275, -5.264663060558006, 6.101423792411412, -0.99615972420331, -0.7703133218531657, 6.335665007651633, -2.464662042449072, -1.9934084463723698, 9.207113371959409, -1.4593645039218193, -1.2857281781002752, 7.6452412703855135, -6.978816173969245, 0.47582205719845216, 9.889951215904599, -5.308887336570422, -2.712516479039908, 10.47259146186126, -6.002424145511947], "name": "C12H26", "identifiers": {"molecule_hash": "d1df652f1c28a33afc531bc063b577d45bd80e47", "molecular_formula": "C12H26"}, "molecular_charge": 0.0, "molecular_multiplicity": 1, "connectivity": [[0, 1, 1.0], [0, 12, 1.0], [0, 13, 1.0], [0, 14, 1.0], [1, 2, 1.0], [1, 15, 1.0], [1, 16, 1.0], [2, 3, 1.0], [2, 17, 1.0], [2, 18, 1.0], [3, 4, 1.0], [3, 19, 1.0], [3, 20, 1.0], [4, 5, 1.0], [4, 21, 1.0], [4, 22, 1.0], [5, 6, 1.0], [5, 23, 1.0], [5, 24, 1.0], [6, 7, 1.0], [6, 25, 1.0], [6, 26, 1.0], [7, 8, 1.0], [7, 27, 1.0], [7, 28, 1.0], [8, 9, 1.0], [8, 29, 1.0], [8, 30, 1.0], [9, 10, 1.0], [9, 31, 1.0], [9, 32, 1.0], [10, 11, 1.0], [10, 33, 1.0], [10, 34, 1.0], [11, 35, 1.0], [11, 36, 1.0], [11, 37, 1.0]], "fix_com": true, "fix_orientation": true, "provenance": {"creator": "QCElemental", "version": "v0.22.0", "routine": "qcelemental.molparse.from_schema"}, "id": "165242"}