{"schema_name": "qcschema_molecule", "schema_version": 2, "validated": true, "symbols": ["C", "C", "C", "C", "C", "C", "C", "C", "C", "C", "C", "C", "H", "H", "H", "H", "H", "H", "H", "H", "H", "H", "H", "H", "H", "H", "H", "H", "H", "H", "H", "H", "H", "H", "H", "H", "H", "H"], "geometry": [-0.0, 0.0, 0.0, 2.8956491352646796, -2.5269257928952127e-17, -6.15755511251733e-16, 4.0225858589017545, 2.0015641707015215, -1.7739788687265805, 6.934335272676852, 2.045788175486636, -1.9173826208436402, 8.264512151208892, 3.7851696351094937, 1.6653345369377348e-16, 7.896857678195475, 3.1650667931897183, 2.8130955270966007, 8.993315855563711, 0.6042492781294441, 3.61993623566951, 8.65804829863913, 0.02054528940986955, 6.448260395129219, 5.92341598233035, -0.5052555414383411, 7.28610624404093, 4.869312047617567, -3.034266268216995, 6.329658524206445, 2.0361361445326094, -3.4104088318717407, 6.838222501227493, 1.328254093111252, -3.4730831091955463, 9.648707181481335, -0.7448957230339929, 1.8263999424846635, 0.6343821465028442, -0.7498503566043151, -0.3536294281809673, -1.8988113606986046, -0.7535953692701838, -1.459539892494223, 1.2595621299249087, 3.585763899375928, -1.8712403596918112, -0.5735265644898808, 3.5708818220471032, 0.2903393786580943, 1.9303800257030823, 3.2616149165572343, 1.660443730041248, -3.6737492832684, 3.331003827069879, 3.880323528796743, -1.220035062132057, 7.493169032271104, 2.6896966832166624, -3.806837746045639, 7.660583904013549, 0.11028880217093173, -1.7524164016472015, 10.298473100621111, 3.779507820667098, -0.416939568355295, 7.617847128985975, 5.728820621453751, -0.33501312338300415, 5.885023703472596, 3.270860695954711, 3.2875079201185504, 8.813447991478702, 4.652578496694497, 3.934159082056653, 11.019374294988197, 0.5900303154549157, 3.17023215184724, 8.15714244131863, -0.9146845716856837, 2.489240929172034, 9.82809496473108, -1.61976040051698, 6.9459956996414745, 9.407278767307718, 1.6150133804514297, 7.5450938892735175, 4.683802736664472, 1.0360172966286276, 6.6594342402487205, 5.85286830722051, -0.47694226662319766, 9.356328745570702, 5.938281719041053, -4.58530092892955, 7.205602761483959, 5.191109273615115, -3.196244162858078, 4.291028905495139, 0.9733597208706909, -1.898807624262674, 5.893511627885863, 1.42938258270877, -5.182574041738296, 5.948416178057217, -0.6862686616691248, -3.8773025245973516, 9.901410203917212, 1.720913354654856, -1.6679732812524244, 10.579899899783966, 2.395717520604858, -4.940547626119383, 10.64995590147416], "name": "C12H26", "identifiers": {"molecule_hash": "de93e9e9a958a9a43c7d130b8330a4c7b92cab4a", "molecular_formula": "C12H26"}, "molecular_charge": 0.0, "molecular_multiplicity": 1, "connectivity": [[0, 1, 1.0], [0, 12, 1.0], [0, 13, 1.0], [0, 14, 1.0], [1, 2, 1.0], [1, 15, 1.0], [1, 16, 1.0], [2, 3, 1.0], [2, 17, 1.0], [2, 18, 1.0], [3, 4, 1.0], [3, 19, 1.0], [3, 20, 1.0], [4, 5, 1.0], [4, 21, 1.0], [4, 22, 1.0], [5, 6, 1.0], [5, 23, 1.0], [5, 24, 1.0], [6, 7, 1.0], [6, 25, 1.0], [6, 26, 1.0], [7, 8, 1.0], [7, 27, 1.0], [7, 28, 1.0], [8, 9, 1.0], [8, 29, 1.0], [8, 30, 1.0], [9, 10, 1.0], [9, 31, 1.0], [9, 32, 1.0], [10, 11, 1.0], [10, 33, 1.0], [10, 34, 1.0], [11, 35, 1.0], [11, 36, 1.0], [11, 37, 1.0]], "fix_com": true, "fix_orientation": true, "provenance": {"creator": "QCElemental", "version": "v0.22.0", "routine": "qcelemental.molparse.from_schema"}, "id": "169339"}