{"schema_name": "qcschema_molecule", "schema_version": 2, "validated": true, "symbols": ["C", "C", "C", "C", "C", "C", "C", "C", "C", "C", "C", "C", "H", "H", "H", "H", "H", "H", "H", "H", "H", "H", "H", "H", "H", "H", "H", "H", "H", "H", "H", "H", "H", "H", "H", "H", "H", "H"], "geometry": [0.0, 0.0, 0.0, 2.899009700005558, 1.924268075656919e-16, 1.568492331841878e-16, 4.0788960695995335, 2.656939951640319, 3.3306690738754696e-16, 3.307189736167227, 4.374156610950722, 2.2135150025767736, 4.180212946334341, 3.4217251862076585, 4.810277587267455, 3.131936451350898, 4.833966046566642, 7.127037859628413, 3.8425182275094856, 7.646923172165857, 7.3834214893218295, 2.326265017242625, 9.618652471941406, 5.864504136779158, -0.5211570368742446, 9.775813874195318, 6.492171279553501, -2.301261847010159, 8.13175589374705, 4.882093204629806, -2.463683132115037, 8.914355145305128, 2.0954746775550457, -4.214650183093317, 7.194852629779044, 0.5562321187782389, -0.7456153036959399, -1.9207615990202584, -0.19816874828801712, -0.7680275820568045, 0.783814476847581, 1.7543830712527315, -0.7460730135597249, 1.1321547874804194, -1.5674548021710288, 3.5854131109926892, -1.085189502263248, 1.6264550342511224, 3.577091815993402, -1.0105804773183769, -1.6786488436636922, 3.56048672217161, 3.6044148038196835, -1.7727248476651363, 6.146341138405993, 2.4733790829161766, -0.026893029470985375, 4.100244726224135, 6.254165698961471, 1.8690360844269573, 1.2519369889159504, 4.617898989936695, 2.214503595517091, 6.256145692755782, 3.4694361817309294, 4.874239388443961, 3.6550628464269406, 1.42662346136754, 5.012970679076584, 3.8532399254955556, 3.853832574434997, 8.806758192835566, 1.0752820995125156, 4.611084508820548, 7.205017324819073, 3.674892458739852, 8.16416695758413, 9.386504970265284, 5.855099751062362, 7.86112245342938, 6.916799924343287, 2.585180837246376, 9.333321905157764, 3.8354101063719073, 3.1826473521282983, 11.462288870067788, 6.272836228180724, -0.7924006899072231, 9.304690257145442, 8.495036089197596, -1.139993463585157, 11.745927305141649, 6.290997799403556, -4.205883949732951, 8.228377254342163, 5.702133504597358, -1.7426739516416463, 6.141634650736247, 4.989463307517037, -3.129788518152496, 10.876502154296485, 1.9780235353951943, -0.5769120582534135, 8.8950010679388, 1.2413718099996105, -4.32731567048857, 7.800564441902033, -1.4202216711953808, -3.5385202179269015, 5.236777259587285, 0.5759696291292882, -6.137024960358662, 7.198576353968651, 1.3288422342345716], "name": "C12H26", "identifiers": {"molecule_hash": "a104d163faf670658e0a31293352e99993b65b69", "molecular_formula": "C12H26"}, "molecular_charge": 0.0, "molecular_multiplicity": 1, "connectivity": [[0, 1, 1.0], [0, 12, 1.0], [0, 13, 1.0], [0, 14, 1.0], [1, 2, 1.0], [1, 15, 1.0], [1, 16, 1.0], [2, 3, 1.0], [2, 17, 1.0], [2, 18, 1.0], [3, 4, 1.0], [3, 19, 1.0], [3, 20, 1.0], [4, 5, 1.0], [4, 21, 1.0], [4, 22, 1.0], [5, 6, 1.0], [5, 23, 1.0], [5, 24, 1.0], [6, 7, 1.0], [6, 25, 1.0], [6, 26, 1.0], [7, 8, 1.0], [7, 27, 1.0], [7, 28, 1.0], [8, 9, 1.0], [8, 29, 1.0], [8, 30, 1.0], [9, 10, 1.0], [9, 31, 1.0], [9, 32, 1.0], [10, 11, 1.0], [10, 33, 1.0], [10, 34, 1.0], [11, 35, 1.0], [11, 36, 1.0], [11, 37, 1.0]], "fix_com": true, "fix_orientation": true, "provenance": {"creator": "QCElemental", "version": "v0.22.0", "routine": "qcelemental.molparse.from_schema"}, "id": "169189"}