{"schema_name": "qcschema_molecule", "schema_version": 2, "validated": true, "symbols": ["C", "C", "C", "C", "C", "C", "C", "C", "C", "C", "C", "C", "H", "H", "H", "H", "H", "H", "H", "H", "H", "H", "H", "H", "H", "H", "H", "H", "H", "H", "H", "H", "H", "H", "H", "H", "H", "H"], "geometry": [9.077363230780099, 2.753422384035021, 6.106226635438361e-16, 9.957242275749199, -2.9543949024545803e-16, -1.372904865843236e-15, 9.266330631337457, -1.4782090806432842, 2.396772142220487, 6.434695070965487, -1.7899050707755553, 2.940838281013137, 4.991590959041821, -3.2816792259854277, 0.9209345540366708, 2.292315678809539, -4.019800940251085, 1.6839044491949657, 0.46252646178929235, -1.828230364045135, 2.205307206136969, 0.0, 0.0, 0.0, -1.0784267087005657, -1.1730967309460711, -2.42584760732916, -3.6309834312006175, -2.5246678881217544, -2.171319080723903, -5.821742874916392, -0.8297299194095151, -1.3355452138604436, -8.357280360300596, -2.214020541347836, -1.3261835753042528, 9.786725602325554, 3.755625253120022, 1.6462319074014113, 9.756852252246288, 3.7358214573515642, -1.668176810606607, 7.032437330582029, 2.9066272806013007, 0.011564995117455457, 9.211323445007583, -0.9557491862675818, -1.6573365670560873, 12.001830296647505, -0.0375618839679279, -0.20171129015095088, 10.141388275661313, -0.5499885866568149, 4.010368431801158, 10.121039201353048, -3.3451740556457255, 2.280799824601746, 5.573759331910985, 0.05421072149831879, 3.2058958289605974, 6.241257809297793, -2.7649723147671974, 4.741742349004164, 6.028890192923649, -5.011177452893001, 0.515105970424738, 4.95082278260149, -2.225520709493283, -0.8387635963540687, 1.5084920849961954, -5.227513257782086, 0.2187854557197717, 2.387635033492734, -5.1845676519602835, 3.3762735105057033, 1.1459134140015328, -0.7381312130231199, 3.80619991900151, -1.3297898031579294, -2.6275847631345655, 2.812827012180253, -1.2581067800928256, 1.485140130470531, 0.6552493153116126, 1.7586958192005564, 0.946709211869063, -0.48082451303199814, 0.28390806558891113, -2.4979134987013794, -3.2057476644603176, -1.2671531814802597, 0.3218753000572959, -3.8257596491796644, -3.4662917550868566, -4.107893931084849, -0.8710768178281858, -4.098853750778471, -3.346103834138243, -3.9978587432615447, -5.459869008254701, -0.08489153495010578, 0.5432985851658826, -5.938063236335724, 0.7968489456397295, -2.588795958756173, -8.827644124704475, -2.9129924217430663, -3.198299068892878, -8.31685118619716, -3.8244183450789637, -0.05308908967798992, -9.878421901153128, -0.9778417379109801, -0.7199159790910484], "name": "C12H26", "identifiers": {"molecule_hash": "2b3250c6831909eb6628c98d1124d2acca3ffa9c", "molecular_formula": "C12H26"}, "molecular_charge": 0.0, "molecular_multiplicity": 1, "connectivity": [[0, 1, 1.0], [0, 12, 1.0], [0, 13, 1.0], [0, 14, 1.0], [1, 2, 1.0], [1, 15, 1.0], [1, 16, 1.0], [2, 3, 1.0], [2, 17, 1.0], [2, 18, 1.0], [3, 4, 1.0], [3, 19, 1.0], [3, 20, 1.0], [4, 5, 1.0], [4, 21, 1.0], [4, 22, 1.0], [5, 6, 1.0], [5, 23, 1.0], [5, 24, 1.0], [6, 7, 1.0], [6, 25, 1.0], [6, 26, 1.0], [7, 8, 1.0], [7, 27, 1.0], [7, 28, 1.0], [8, 9, 1.0], [8, 29, 1.0], [8, 30, 1.0], [9, 10, 1.0], [9, 31, 1.0], [9, 32, 1.0], [10, 11, 1.0], [10, 33, 1.0], [10, 34, 1.0], [11, 35, 1.0], [11, 36, 1.0], [11, 37, 1.0]], "fix_com": true, "fix_orientation": true, "provenance": {"creator": "QCElemental", "version": "v0.22.0", "routine": "qcelemental.molparse.from_schema"}, "id": "167344"}