{"schema_name": "qcschema_molecule", "schema_version": 2, "validated": true, "symbols": ["C", "C", "C", "C", "C", "C", "C", "C", "C", "C", "C", "C", "H", "H", "H", "H", "H", "H", "H", "H", "H", "H", "H", "H", "H", "H", "H", "H", "H", "H", "H", "H", "H", "H", "H", "H", "H", "H"], "geometry": [0.0, 0.0, 0.0, 2.898658038092878, -9.206749860634901e-16, 8.042880123944948e-16, 4.0818826077475885, 2.654880025311855, -2.220446049250313e-16, 3.3493683842365938, 4.342199034606588, 2.248496571293087, 4.089850310560353, 3.2533255326123993, 4.831108075123197, 3.6493175518243826, 5.070021718885301, 7.054063404440157, 0.8963466034175481, 5.930752543954136, 7.422060661927937, -1.0346499295932134, 3.7844404191519017, 7.752408572226452, -0.49565659954614827, 1.9645904726768197, 9.954770399220905, -0.25659077090734383, 3.2118851868315934, 12.566729131646998, -2.618953999543349, 4.651781588970852, 13.431867864823694, -2.362081893352415, 5.711713195729514, 16.11545587075703, -0.7456882564188769, 1.1006122418995972, -1.5898211769618653, -0.7454552601990312, -1.9244319300268056, -0.16058367540345098, -0.768551329503525, 0.8182937535047379, 1.738177091441135, 3.5864554054715354, -1.0767251091036347, 1.6316198347440225, 3.5756380304826463, -1.0158732844441074, -1.6760116532012177, 3.5471594091781933, 3.621340599584084, -1.75760860128125, 6.147889569084292, 2.462192253695932, -0.05061663430358232, 1.3124618540027662, 4.7133798457046305, 2.1990505986717928, 4.265798614014814, 6.1897390707337046, 2.0124105489962103, 6.099834834091625, 2.7361397971831556, 4.788535346863962, 3.0607238190004593, 1.48777205803119, 5.168941837923207, 4.325717931272194, 4.167034707494186, 8.793184034800214, 4.832640890394227, 6.754444834275977, 6.790423946694786, 0.3150355639039399, 7.093155303936719, 5.808029762992996, 0.8186827670436414, 7.1874924726159675, 9.069143275001835, -2.9141305656614445, 4.623579550145895, 7.993537815593315, -1.1427086263348913, 2.677310820815282, 6.003240593694851, 1.244232490130735, 0.907762007359584, 9.563452384731791, -2.014265272043537, 0.551697981210598, 10.0231839663078, 1.368726627403881, 4.500756028583263, 12.587985554741868, 0.1750018479632396, 1.7377517767548971, 13.962477261857787, -3.013781565019568, 6.207594208664088, 12.121272830961459, -4.26202365460224, 3.386720281418028, 13.337774193585588, -2.0397138243772175, 4.195513384136038, 17.48994918413702, -0.7629537802260011, 7.022547628113801, 16.247495766825182, -4.065334945434899, 6.73652664385319, 16.69385823383827], "name": "C12H26", "identifiers": {"molecule_hash": "d867984b27fd093d6d83c09de23060e6b8e6fb7f", "molecular_formula": "C12H26"}, "molecular_charge": 0.0, "molecular_multiplicity": 1, "connectivity": [[0, 1, 1.0], [0, 12, 1.0], [0, 13, 1.0], [0, 14, 1.0], [1, 2, 1.0], [1, 15, 1.0], [1, 16, 1.0], [2, 3, 1.0], [2, 17, 1.0], [2, 18, 1.0], [3, 4, 1.0], [3, 19, 1.0], [3, 20, 1.0], [4, 5, 1.0], [4, 21, 1.0], [4, 22, 1.0], [5, 6, 1.0], [5, 23, 1.0], [5, 24, 1.0], [6, 7, 1.0], [6, 25, 1.0], [6, 26, 1.0], [7, 8, 1.0], [7, 27, 1.0], [7, 28, 1.0], [8, 9, 1.0], [8, 29, 1.0], [8, 30, 1.0], [9, 10, 1.0], [9, 31, 1.0], [9, 32, 1.0], [10, 11, 1.0], [10, 33, 1.0], [10, 34, 1.0], [11, 35, 1.0], [11, 36, 1.0], [11, 37, 1.0]], "fix_com": true, "fix_orientation": true, "provenance": {"creator": "QCElemental", "version": "v0.22.0", "routine": "qcelemental.molparse.from_schema"}, "id": "176000"}