{"schema_name": "qcschema_molecule", "schema_version": 2, "validated": true, "symbols": ["C", "C", "C", "C", "C", "C", "C", "C", "C", "C", "C", "C", "H", "H", "H", "H", "H", "H", "H", "H", "H", "H", "H", "H", "H", "H", "H", "H", "H", "H", "H", "H", "H", "H", "H", "H", "H", "H"], "geometry": [0.0, 0.0, 0.0, 2.8740931707934507, -1.691586640421505e-16, -7.666048060007127e-16, 4.050133529704572, 1.4749185916075138, -2.1845683312422723, 3.26192111491717, 4.244708261534601, -2.3701253829639928, 3.8110616795764636, 5.785064504212176, 4.440892098500626e-16, 3.453459006978042, 8.628885962617723, -0.33172907680031427, 0.8135645707458323, 9.444888249057463, -1.1724921878546333, -1.3405547337880512, 8.558108096596708, 0.5321982735619959, -1.1048400209278582, 9.332654334186014, 3.304884798767489, -0.8030145497563801, 12.163462638859112, 3.770145344801169, -2.9505689382803055, 13.780026013805738, 2.74253325379202, -2.68517970455715, 16.556251308916732, 3.4295222135147716, -0.7538369685775784, -0.7022720701514861, -1.8027939671867848, -0.7549978278129967, -1.2034892021024428, 1.5088364869517075, -0.7654018926641302, 1.9072901605791026, 0.2910591476794331, 3.562763332020716, 0.7592614746335699, 1.8081857516496973, 3.56269791682603, -1.957586857461941, -0.08391721370498684, 3.57207843161271, 0.5257168650421253, -3.9718165329188455, 6.1203496120248, 1.3731039968277956, -2.0165410186015187, 1.2366555731324556, 4.362529769123331, -2.8257568238285966, 4.249542730312284, 5.10855303743079, -3.9841449354579597, 5.769811338635119, 5.427022861947249, 0.6014310723134804, 2.6134414996012474, 5.111717290008961, 1.5623418398266045, 3.93334890799017, 9.575260989117721, 1.455326939760377, 4.831295937943529, 9.323005940401172, -1.7255933476505065, 0.4569212320820094, 8.757064906808084, -3.0999483122484257, 0.7769463424545525, 11.518837330983958, -1.31104461907884, -3.131465984684011, 9.273993187016007, -0.239209668472252, -1.4909040295752107, 6.486298170558922, 0.43784031262699585, 0.5071680250338035, 8.341204607711148, 4.164191309052892, -2.7870311309840297, 8.656671971555433, 4.3226305444095425, 0.9942593262501029, 12.826354773536398, 2.95578468496571, -0.6394499750018185, 12.48570327829944, 5.817736011656586, -3.041908393758915, 13.590613236304216, 0.6744482269293055, -4.7610426611379495, 13.049751383674543, 3.4629397440985232, -2.6612421681897445, 16.820420492892104, 5.487891028971591, -0.9157424157116762, 17.345469293212297, 2.6851822115386623, -4.245617685123685, 17.687558997719904, 2.6682066382293748], "name": "C12H26", "identifiers": {"molecule_hash": "1412c309f7a7e9e6b457c50240155e82bb82d5a5", "molecular_formula": "C12H26"}, "molecular_charge": 0.0, "molecular_multiplicity": 1, "connectivity": [[0, 1, 1.0], [0, 12, 1.0], [0, 13, 1.0], [0, 14, 1.0], [1, 2, 1.0], [1, 15, 1.0], [1, 16, 1.0], [2, 3, 1.0], [2, 17, 1.0], [2, 18, 1.0], [3, 4, 1.0], [3, 19, 1.0], [3, 20, 1.0], [4, 5, 1.0], [4, 21, 1.0], [4, 22, 1.0], [5, 6, 1.0], [5, 23, 1.0], [5, 24, 1.0], [6, 7, 1.0], [6, 25, 1.0], [6, 26, 1.0], [7, 8, 1.0], [7, 27, 1.0], [7, 28, 1.0], [8, 9, 1.0], [8, 29, 1.0], [8, 30, 1.0], [9, 10, 1.0], [9, 31, 1.0], [9, 32, 1.0], [10, 11, 1.0], [10, 33, 1.0], [10, 34, 1.0], [11, 35, 1.0], [11, 36, 1.0], [11, 37, 1.0]], "fix_com": true, "fix_orientation": true, "provenance": {"creator": "QCElemental", "version": "v0.22.0", "routine": "qcelemental.molparse.from_schema"}, "id": "171068"}