{"schema_name": "qcschema_molecule", "schema_version": 2, "validated": true, "symbols": ["C", "C", "C", "C", "C", "C", "C", "C", "C", "C", "C", "C", "H", "H", "H", "H", "H", "H", "H", "H", "H", "H", "H", "H", "H", "H", "H", "H", "H", "H", "H", "H", "H", "H", "H", "H", "H", "H"], "geometry": [8.178390157281818, 2.5149854199970862, -1.6653345369377348e-16, 9.579020528662232, 1.6915259338008926e-15, 2.452228618831328e-15, 8.308365948937448, -2.1342546858021896, -1.4869959941140598, 6.417596390035175, -3.757095583525285, -0.02329482349502876, 4.061722393310762, -2.4497384492395717, 1.008630527233202, 2.4084184614381745, -1.2280917034413663, -1.0065871050829538, 0.0, -0.0, 0.0, -1.9482799560700523, -1.8582131898422825, 1.0243486785240836, -4.331385437002878, -0.6247325110635848, 2.0802106182495126, -5.919691594665553, 0.7718220293601817, 0.1242843155811052, -8.469561064891968, 1.6894035281864235, 1.1095782651537351, -8.289859491507169, 3.674583087925681, 3.1816408020879456, 9.282625403987666, 3.9818517807534675, 0.9636290948253573, 6.33922622774289, 2.406838234532706, 0.9461370805694782, 7.838940399941178, 3.1682859552359215, -1.9415305544649928, 9.904406247296816, -0.6278523276651843, 1.9574418517227883, 11.467456087074785, 0.3237692550681875, -0.8014286644173038, 9.78433363787285, -3.416441317863978, -2.1863110044435308, 7.414754253874937, -1.3440658483312906, -3.1913878175888306, 5.8127420119043745, -5.316254468827842, -1.260542776417608, 7.4213123639252965, -4.652935025852349, 1.5623865907928114, 2.9549806636682905, -3.8653812718599743, 2.0497203025966013, 4.6004938310133445, -1.0208109842287607, 2.4210795423312725, 3.513808411322414, 0.21225795631653316, -2.013852640384831, 1.9038090384615052, -2.657994983080267, -2.4344125558047462, -0.8573317140164369, 1.1161432397450823, -1.5258665645297107, 0.496894952632963, 1.3630876520100725, 1.4950427416735423, -1.0871168097913222, -3.0105711871235967, 2.5210243670706056, -2.4772344290409434, -3.1869741358991264, -0.48970328294313376, -5.5110286246535685, -2.093779780103594, 2.9616705363596765, -3.794527899900865, 0.6728284994724842, 3.6141199973342872, -6.240491401967257, -0.4925733504913248, -1.4961802864609406, -4.861023774886541, 2.3999392236410015, -0.6197031049467441, -9.559551650168407, 2.4641874176774, -0.47950842459505544, -9.556031845945714, 0.05755610299824235, 1.806334093634234, -10.168186323049795, 4.345098264538817, 3.7456377706211748, -7.200670504607553, 5.32327921361583, 2.543701046549098, -7.361471909297492, 2.9359476100964983, 4.882090742334953], "name": "C12H26", "identifiers": {"molecule_hash": "75eae738f46be0826777d10031b40bfeee7fdb20", "molecular_formula": "C12H26"}, "molecular_charge": 0.0, "molecular_multiplicity": 1, "connectivity": [[0, 1, 1.0], [0, 12, 1.0], [0, 13, 1.0], [0, 14, 1.0], [1, 2, 1.0], [1, 15, 1.0], [1, 16, 1.0], [2, 3, 1.0], [2, 17, 1.0], [2, 18, 1.0], [3, 4, 1.0], [3, 19, 1.0], [3, 20, 1.0], [4, 5, 1.0], [4, 21, 1.0], [4, 22, 1.0], [5, 6, 1.0], [5, 23, 1.0], [5, 24, 1.0], [6, 7, 1.0], [6, 25, 1.0], [6, 26, 1.0], [7, 8, 1.0], [7, 27, 1.0], [7, 28, 1.0], [8, 9, 1.0], [8, 29, 1.0], [8, 30, 1.0], [9, 10, 1.0], [9, 31, 1.0], [9, 32, 1.0], [10, 11, 1.0], [10, 33, 1.0], [10, 34, 1.0], [11, 35, 1.0], [11, 36, 1.0], [11, 37, 1.0]], "fix_com": true, "fix_orientation": true, "provenance": {"creator": "QCElemental", "version": "v0.22.0", "routine": "qcelemental.molparse.from_schema"}, "id": "177525"}