{"schema_name": "qcschema_molecule", "schema_version": 2, "validated": true, "symbols": ["C", "C", "C", "C", "C", "C", "C", "C", "C", "C", "C", "C", "H", "H", "H", "H", "H", "H", "H", "H", "H", "H", "H", "H", "H", "H", "H", "H", "H", "H", "H", "H", "H", "H", "H", "H", "H", "H"], "geometry": [-0.0, 0.0, 0.0, 2.890992722935847, 7.979057723029804e-16, 8.820101601897845e-16, 4.092277085613918, 2.636852349343557, -5.551115123125783e-16, 3.5921647942113855, 4.172717878525134, -2.4041441276465267, 5.095371513462916, 6.645011064893891, -2.5917277582907468, 4.3591386319399685, 8.647486486170491, -0.6345272968156223, 5.89338466528689, 11.104434946975426, -0.7975196714382355, 5.651250782587407, 12.619268931376975, -3.2612532745496843, 2.9716832721638236, 13.477291933697172, -3.972595638652325, 1.6087006869250757, 15.15839845908458, -2.0430443899096296, 2.8950162281112597, 17.69794625368422, -1.526613583898171, 1.352892361471616, 19.387171929176404, 0.237967569224526, -0.7287883781648881, -1.9126972545273582, 0.14246919233100055, -0.7373013043403054, 1.0678051700445836, 1.5919402369319782, -0.766959331178751, 0.8236029290405663, -1.7137185124867325, 3.5496049916911465, -1.0156429056863867, 1.6604613974334157, 3.5728586610860686, -1.0579403135382026, -1.6261665054543921, 6.125144078770526, 2.4258235547125038, 0.23344805963877907, 3.4278949328645933, 3.6664723056008666, 1.649185588606322, 4.061230343594384, 3.0059334573354435, -4.032172490930331, 1.5881985933856484, 4.598733721492235, -2.5638837710165, 4.829251001641216, 7.407956085941279, -4.479286576415727, 7.1045501773158755, 6.232656290313769, -2.4186244157259127, 2.3521412295683795, 9.056845383542889, -0.8095215683860664, 4.615097825802921, 7.882096085438462, 1.253113199541422, 7.881071325684604, 10.653839858865869, -0.5207946885415713, 5.369146732625054, 12.301242110234666, 0.7878310030771503, 6.876677446504196, 14.261382401595966, -3.1198450064483936, 6.400113112268746, 11.512590010541249, -4.820485632506707, 3.081305002923391, 14.48943158506936, -5.759753819902558, 1.8034783238641658, 11.827488088321985, -4.338091679718445, -0.2912677434244113, 15.517678534398527, -2.7437723580170625, 1.3696973733244882, 14.147896598716748, -0.26929163204097617, 4.7524965798874215, 17.39356871764698, -0.706256989282811, 3.2046620025778516, 18.676907648415877, -3.3086551757589744, 1.0531447198530008, 18.480838890573498, 2.055786197355395, -0.4918322697309705, 19.805255158449338, -0.5600538019900219, 2.3049316387110874, 21.172070407259792, 0.5805088503094229], "name": "C12H26", "identifiers": {"molecule_hash": "1e8fff9884aa1bb219426cf190af4b6ac4ee96cb", "molecular_formula": "C12H26"}, "molecular_charge": 0.0, "molecular_multiplicity": 1, "connectivity": [[0, 1, 1.0], [0, 12, 1.0], [0, 13, 1.0], [0, 14, 1.0], [1, 2, 1.0], [1, 15, 1.0], [1, 16, 1.0], [2, 3, 1.0], [2, 17, 1.0], [2, 18, 1.0], [3, 4, 1.0], [3, 19, 1.0], [3, 20, 1.0], [4, 5, 1.0], [4, 21, 1.0], [4, 22, 1.0], [5, 6, 1.0], [5, 23, 1.0], [5, 24, 1.0], [6, 7, 1.0], [6, 25, 1.0], [6, 26, 1.0], [7, 8, 1.0], [7, 27, 1.0], [7, 28, 1.0], [8, 9, 1.0], [8, 29, 1.0], [8, 30, 1.0], [9, 10, 1.0], [9, 31, 1.0], [9, 32, 1.0], [10, 11, 1.0], [10, 33, 1.0], [10, 34, 1.0], [11, 35, 1.0], [11, 36, 1.0], [11, 37, 1.0]], "fix_com": true, "fix_orientation": true, "provenance": {"creator": "QCElemental", "version": "v0.22.0", "routine": "qcelemental.molparse.from_schema"}, "id": "165088"}