{"schema_name": "qcschema_molecule", "schema_version": 2, "validated": true, "symbols": ["C", "C", "C", "C", "C", "C", "C", "C", "C", "C", "C", "C", "H", "H", "H", "H", "H", "H", "H", "H", "H", "H", "H", "H", "H", "H", "H", "H", "H", "H", "H", "H", "H", "H", "H", "H", "H", "H"], "geometry": [0.0, 0.0, 0.0, 2.8740931707934507, 5.406997490884041e-16, -5.691584696195361e-16, 4.050133529704572, 2.635853494740582, 4.440892098500626e-16, 3.26192111491717, 4.339505213930617, 2.1917429262528256, 3.8110616795764636, 3.2370915940269294, 4.794602103384166, 3.453459006978042, 5.103314426881708, 6.965909775229434, 0.8135645707458323, 6.256732633021205, 7.171746560402941, -1.3405547337880512, 4.347695829513393, 7.390669128668145, -1.1048400209278582, 2.483126899809019, 9.584090006566624, -0.8030145497563801, 3.681531268451108, 12.190576147469987, -2.9505689382803055, 5.437770079249054, 12.95535650433988, -2.68517970455715, 6.421865736349357, 15.640675192628368, -0.7538369685775784, 1.1011736735859108, -1.590807558833321, -0.7549978278129967, -1.9239328041243935, -0.15315472290462684, -0.7654018926641302, 0.8260167438113344, 1.7436076172789154, 3.562763332020716, -1.0737533291878179, 1.6410568202806999, 3.56269791682603, -1.0258378808406654, -1.6693846307834688, 3.57207843161271, 3.585971000418407, -1.7867615334776505, 6.1203496120248, 2.439622791574269, 0.009638497719373085, 1.2366555731324556, 4.783056098225879, 2.0344389828956198, 4.249542730312284, 6.160561175574219, 2.0045475811230453, 5.769811338635119, 2.5382858552320187, 4.834397728359893, 2.6134414996012474, 1.5654604356612454, 5.110763084102866, 3.93334890799017, 4.151774493527635, 8.750221029562928, 4.831295937943529, 6.646936715566184, 6.761238382535364, 0.4569212320820094, 7.469309955835948, 5.523157982921683, 0.7769463424545525, 7.5320627373525895, 8.813085859758194, -3.131465984684011, 5.387611589406799, 7.552338198200573, -1.4909040295752107, 3.2665964548262654, 5.620775364491433, 0.5071680250338035, 1.2161667178090552, 9.243220330630818, -2.7870311309840297, 1.2613768724063217, 9.593332728115616, 0.9942593262501029, 4.727393053581675, 12.284290569562636, -0.6394499750018185, 2.1648221554239377, 13.603396035198301, -3.041908393758915, 7.0457898866597635, 11.641155158430731, -4.7610426611379495, 4.432071986166806, 12.753223151674568, -2.6612421681897445, 4.8637293316958115, 17.011397076418305, -0.9157424157116762, 7.48038203076008, 15.878267952922826, -4.245617685123685, 7.685870980017956, 16.15228953556218], "name": "C12H26", "identifiers": {"molecule_hash": "1412c309f7a7e9e6b457c50240155e82bb82d5a5", "molecular_formula": "C12H26"}, "molecular_charge": 0.0, "molecular_multiplicity": 1, "connectivity": [[0, 1, 1.0], [0, 12, 1.0], [0, 13, 1.0], [0, 14, 1.0], [1, 2, 1.0], [1, 15, 1.0], [1, 16, 1.0], [2, 3, 1.0], [2, 17, 1.0], [2, 18, 1.0], [3, 4, 1.0], [3, 19, 1.0], [3, 20, 1.0], [4, 5, 1.0], [4, 21, 1.0], [4, 22, 1.0], [5, 6, 1.0], [5, 23, 1.0], [5, 24, 1.0], [6, 7, 1.0], [6, 25, 1.0], [6, 26, 1.0], [7, 8, 1.0], [7, 27, 1.0], [7, 28, 1.0], [8, 9, 1.0], [8, 29, 1.0], [8, 30, 1.0], [9, 10, 1.0], [9, 31, 1.0], [9, 32, 1.0], [10, 11, 1.0], [10, 33, 1.0], [10, 34, 1.0], [11, 35, 1.0], [11, 36, 1.0], [11, 37, 1.0]], "fix_com": true, "fix_orientation": true, "provenance": {"creator": "QCElemental", "version": "v0.22.0", "routine": "qcelemental.molparse.from_schema"}, "id": "171068"}