{"schema_name": "qcschema_molecule", "schema_version": 2, "validated": true, "symbols": ["C", "C", "C", "C", "C", "C", "C", "C", "C", "C", "C", "C", "H", "H", "H", "H", "H", "H", "H", "H", "H", "H", "H", "H", "H", "H", "H", "H", "H", "H", "H", "H", "H", "H", "H", "H", "H", "H"], "geometry": [11.822797496040058, 1.8650474197474718, -5.551115123125783e-16, 9.634180288035418, -4.0404851778296516e-15, 7.407478170619849e-16, 7.021559345381826, 1.2183436452813579, 0.09794173124540287, 6.47364383971655, 2.6602573320690426, 2.5335596854536084, 3.842122967948556, 3.8649788953374093, 2.6868555837650203, 1.810624369620611, 2.2589860764874796, 3.96710033061174, 1.0966976939097552, -0.21289974280591056, 2.664567033536201, -0.0, 0.0, 0.0, -2.5131732474052435, 1.432609655140207, -0.19128921605316063, -2.3467588132755943, 4.261858201045581, -0.766109304970809, -1.1685434630577896, 4.949663734347443, -3.3105264121732696, -2.545407922387599, 3.8630657823502252, -5.588407527043141, 11.90395725924998, 2.9718953200861487, 1.7510866464943666, 13.64025690072992, 0.8876781778154603, -0.19373395949629557, 11.66062628949123, 3.205017653387673, -1.5777906507347486, 9.835721590588507, -1.3062529476877551, 1.6068273793709351, 9.752276155810444, -1.1775028956741658, -1.7067909415251388, 6.814336479770173, 2.521195574364162, -1.5141873839304398, 5.593344256577478, -0.259680386682153, -0.18148256447133265, 6.746027569429979, 1.3902673438164905, 4.162917015758211, 7.899697186158028, 4.1530787951538874, 2.744826638215711, 3.9811488968404865, 5.639687881321191, 3.754335907891612, 3.2277712957324036, 4.416932272978818, 0.776420887499834, 0.10062698059109443, 3.413696983329576, 4.2156291152656635, 2.457247459557904, 1.8132880668985232, 5.893161925257883, 2.7557337019092536, -1.4641252356528633, 2.612771909033312, -0.29448444493397297, -1.1931950223548358, 3.860601910215588, 1.3983254972038694, 0.8469650014038977, -1.2830471762586835, -0.2816652032712184, -1.9328976781416016, -0.7030623297909111, -3.5706805065444405, 1.1738419242738376, 1.581397738315956, -3.6845720454730375, 0.544392588156628, -1.6573144057006775, -1.2967309450127948, 5.236546991545334, 0.7350949132885473, -4.273187906452455, 5.044765416560683, -0.7048959280053505, 0.8223861967267407, 4.35093182242338, -3.3590422730179292, -1.126318607068085, 7.020747543395305, -3.463401417426435, -4.55306695357194, 4.3932359187457015, -5.573282751222926, -2.4503084163059734, 1.7921235863261487, -5.636730188513832, -1.7270902781727668, 4.557371332349179, -7.361408517058137], "name": "C12H26", "identifiers": {"molecule_hash": "b8f7474d47b88d7fa597576b69eac001879f4eb3", "molecular_formula": "C12H26"}, "molecular_charge": 0.0, "molecular_multiplicity": 1, "connectivity": [[0, 1, 1.0], [0, 12, 1.0], [0, 13, 1.0], [0, 14, 1.0], [1, 2, 1.0], [1, 15, 1.0], [1, 16, 1.0], [2, 3, 1.0], [2, 17, 1.0], [2, 18, 1.0], [3, 4, 1.0], [3, 19, 1.0], [3, 20, 1.0], [4, 5, 1.0], [4, 21, 1.0], [4, 22, 1.0], [5, 6, 1.0], [5, 23, 1.0], [5, 24, 1.0], [6, 7, 1.0], [6, 25, 1.0], [6, 26, 1.0], [7, 8, 1.0], [7, 27, 1.0], [7, 28, 1.0], [8, 9, 1.0], [8, 29, 1.0], [8, 30, 1.0], [9, 10, 1.0], [9, 31, 1.0], [9, 32, 1.0], [10, 11, 1.0], [10, 33, 1.0], [10, 34, 1.0], [11, 35, 1.0], [11, 36, 1.0], [11, 37, 1.0]], "fix_com": true, "fix_orientation": true, "provenance": {"creator": "QCElemental", "version": "v0.22.0", "routine": "qcelemental.molparse.from_schema"}, "id": "181437"}