{"schema_name": "qcschema_molecule", "schema_version": 2, "validated": true, "symbols": ["C", "C", "C", "C", "C", "C", "C", "C", "C", "C", "C", "C", "H", "H", "H", "H", "H", "H", "H", "H", "H", "H", "H", "H", "H", "H", "H", "H", "H", "H", "H", "H", "H", "H", "H", "H", "H", "H"], "geometry": [11.115038717695695, 2.601097967430877, -6.661338147750939e-16, 9.858066251315392, 8.246284959658171e-16, 1.5889415568552277e-15, 7.3076675535949445, -0.0032002634381599337, -1.3671188131743268, 6.069855438142945, -2.613398983131243, -1.6204346266695375, 5.340936490942866, -3.9343471904494014, 0.8572045770604635, 3.3504196370990273, -2.6313481090635307, 2.523353935398196, 0.6731333128687269, -2.464661540831859, 1.3782624824138938, -0.0, 0.0, -0.0, -0.35154162440819525, 2.2801485621305613, 1.7487254039290772, -1.093927301785286, 4.679510155785905, 0.31083728208751404, -1.3244230089618738, 7.055176870205939, 1.952803354608427, -3.4739908127456136, 6.976536706352409, 3.8842860382734608, 9.92884070244578, 3.9969003183176692, 0.9276463938076152, 12.91433881425813, 2.558463981657477, 0.9849938872236621, 11.465039788516952, 3.2559176939287844, -1.9139725649558872, 11.11134575478078, -1.3622590429906332, -0.896161078721224, 9.618931696843873, -0.6259659205149177, 1.9406742056511814, 6.034231493109889, 1.2992882531564443, -0.416501267766972, 7.579546948046136, 0.757435687623621, -3.2586630374672128, 7.364932917122607, -3.847094602185817, -2.6362780748735473, 4.410423087871916, -2.4458433059300697, -2.8180395019993325, 4.652780822205182, -5.815985362792803, 0.39298922332045727, 7.031773271653858, -4.227001989631845, 1.985892403444079, 3.2394611503072364, -3.7133949534408215, 4.265633515622614, 4.007317361243787, -0.7683415970502021, 3.079996520462105, 0.40784338506965867, -4.042367616785517, 0.08716795554261791, -0.7072559056583646, -2.737718472891573, 2.87636977039637, 1.420527721763515, 0.4404692506024491, -1.4142214581769892, -1.7538512708747933, -0.29954680263101785, -1.0316322005520877, -1.7877326750544085, 1.8249650067292378, 3.1456650640665096, 1.3788099414606063, 2.641954985538758, 2.7980831329391225, 0.3096314542277385, 5.031926040619297, -1.1502623345387026, -2.874173376945671, 4.36171674166502, -0.6714311723183881, 0.45663065953943827, 7.383124828226412, 2.9271149509688423, -1.6072457884402236, 8.67396533205742, 0.7192283593058177, -3.620614667318744, 8.762251387774537, 4.88409350213332, -3.1922081246853966, 5.508651594202788, 5.287489503406168, -5.27743039785172, 6.626897788918485, 2.9659764492603284], "name": "C12H26", "identifiers": {"molecule_hash": "cdc53521003e53bb74f221469c9a93563da01284", "molecular_formula": "C12H26"}, "molecular_charge": 0.0, "molecular_multiplicity": 1, "connectivity": [[0, 1, 1.0], [0, 12, 1.0], [0, 13, 1.0], [0, 14, 1.0], [1, 2, 1.0], [1, 15, 1.0], [1, 16, 1.0], [2, 3, 1.0], [2, 17, 1.0], [2, 18, 1.0], [3, 4, 1.0], [3, 19, 1.0], [3, 20, 1.0], [4, 5, 1.0], [4, 21, 1.0], [4, 22, 1.0], [5, 6, 1.0], [5, 23, 1.0], [5, 24, 1.0], [6, 7, 1.0], [6, 25, 1.0], [6, 26, 1.0], [7, 8, 1.0], [7, 27, 1.0], [7, 28, 1.0], [8, 9, 1.0], [8, 29, 1.0], [8, 30, 1.0], [9, 10, 1.0], [9, 31, 1.0], [9, 32, 1.0], [10, 11, 1.0], [10, 33, 1.0], [10, 34, 1.0], [11, 35, 1.0], [11, 36, 1.0], [11, 37, 1.0]], "fix_com": true, "fix_orientation": true, "provenance": {"creator": "QCElemental", "version": "v0.22.0", "routine": "qcelemental.molparse.from_schema"}, "id": "166539"}