{"schema_name": "qcschema_molecule", "schema_version": 2, "validated": true, "symbols": ["C", "C", "C", "C", "C", "C", "C", "C", "C", "C", "C", "C", "H", "H", "H", "H", "H", "H", "H", "H", "H", "H", "H", "H", "H", "H", "H", "H", "H", "H", "H", "H", "H", "H", "H", "H", "H", "H"], "geometry": [10.71116308503957, 2.863453689985796, 7.771561172376096e-16, 10.459255412195397, 1.309611986969141e-15, 2.446497094500931e-16, 9.321511388747986, -1.0821676939746485, 2.422167642394919, 6.711509700541745, -0.07352287050969919, 3.1251740746711216, 4.692592990674822, -0.4738548163211422, 1.1147083626078977, 2.0716052232470417, 0.33889011071120273, 1.9837624090997847, 0.0, 0.0, -0.0, 0.13287217512124194, 1.6999226341107798, -2.3404258526634862, -1.1383830365254597, 4.2841751402346375, -2.1029749545176624, 0.030509077452781225, 6.16583370989331, -0.2491890706938673, 2.82824131020298, 6.735502979633727, -0.6677041874617051, 3.4406782973745993, 7.739538500060428, -3.2907280802832557, 11.80218594278866, 3.5223070747223533, 1.6393349968572386, 11.675296957248769, 3.5354656435547422, -1.7071088569112352, 8.859529619735778, 3.798301703519345, 0.07215933332166302, 9.320954844240312, -0.5925412798651629, -1.6351039961825373, 12.330767324351491, -0.8547238165933434, -0.283145297003926, 9.219020856370234, -3.151216720175465, 2.2421238702672706, 10.623228355848788, -0.7089525676466278, 4.000179946154486, 6.101049943456671, -0.9882818710880742, 4.889387901759926, 6.83334993694191, 1.956610784233459, 3.564549844144924, 5.217587518970534, 0.5686711852711572, -0.6062556787373325, 4.6434327446992505, -2.4828401828596105, 0.5673732101913103, 1.562697761473286, -0.7761593328619679, 3.6633460608706128, 2.149977772574614, 2.3106576507087446, 2.629406155893563, 0.046423283323957606, -1.984499079689642, -0.6187721676340545, -1.8567479944632057, 0.2599448622517412, 0.9002259300646804, 2.108493268488377, 1.9319377722160513, -2.946815515087904, -0.7993831189335865, 0.7090200450822737, -3.9086780109988473, -3.1285531981142536, 3.9935323307334496, -1.5743871125041953, -1.188327560986988, 5.150918199788889, -3.9911562041947932, -1.0382143306310636, 7.94549686846726, -0.38154962634543366, -0.24441982226940284, 5.499684156773202, 1.698684750879675, 3.9553019980699275, 5.024148926954729, -0.3116651110846643, 3.4404946421290528, 8.115939612650934, 0.7585323776773464, 3.0409382987597584, 6.333254509075071, -4.762629298303025, 5.442664202121989, 8.251167217415224, -3.4521010905509355, 2.3208300186614883, 9.432420110012021, -3.7285011238162538], "name": "C12H26", "identifiers": {"molecule_hash": "acfa6f6ecbf86a22313868f9aea68dff35501d32", "molecular_formula": "C12H26"}, "molecular_charge": 0.0, "molecular_multiplicity": 1, "connectivity": [[0, 1, 1.0], [0, 12, 1.0], [0, 13, 1.0], [0, 14, 1.0], [1, 2, 1.0], [1, 15, 1.0], [1, 16, 1.0], [2, 3, 1.0], [2, 17, 1.0], [2, 18, 1.0], [3, 4, 1.0], [3, 19, 1.0], [3, 20, 1.0], [4, 5, 1.0], [4, 21, 1.0], [4, 22, 1.0], [5, 6, 1.0], [5, 23, 1.0], [5, 24, 1.0], [6, 7, 1.0], [6, 25, 1.0], [6, 26, 1.0], [7, 8, 1.0], [7, 27, 1.0], [7, 28, 1.0], [8, 9, 1.0], [8, 29, 1.0], [8, 30, 1.0], [9, 10, 1.0], [9, 31, 1.0], [9, 32, 1.0], [10, 11, 1.0], [10, 33, 1.0], [10, 34, 1.0], [11, 35, 1.0], [11, 36, 1.0], [11, 37, 1.0]], "fix_com": true, "fix_orientation": true, "provenance": {"creator": "QCElemental", "version": "v0.22.0", "routine": "qcelemental.molparse.from_schema"}, "id": "179949"}