{"schema_name": "qcschema_molecule", "schema_version": 2, "validated": true, "symbols": ["C", "C", "C", "C", "C", "C", "C", "C", "C", "C", "C", "C", "H", "H", "H", "H", "H", "H", "H", "H", "H", "H", "H", "H", "H", "H", "H", "H", "H", "H", "H", "H", "H", "H", "H", "H", "H", "H"], "geometry": [5.932844660502571, 2.6909648248664673, 6.661338147750939e-16, 4.910286392547863, 6.369059621451222e-16, 7.618575502744991e-16, 2.452116897203593, -0.3992175854665025, -1.4760729192586097, 0.0, -0.0, 0.0, -0.5115817053767672, 2.6424778351889286, 1.039129416263744, -0.6508598349639427, 4.697692903784947, -0.9717483504583397, -1.257041600718817, 7.329385776048879, 0.04247184778193169, -3.928364774245209, 7.621855075134301, 1.080034122055415, -4.513891978636925, 10.23756058592135, 2.1434029798318, -4.477210510953704, 12.355550074354003, 0.1910956953258709, -5.412150936236978, 14.89559062524435, 1.1854169161841828, -3.7676662903775275, 16.03251399486013, 3.251754061473835, 7.770733520234483, 2.788763813232608, 0.9550985969668409, 4.670462802750047, 4.026864586819761, 0.9545464996006752, 6.204955120170274, 3.3748222069309595, -1.9416136587278219, 4.648668112678688, -0.6567401470517552, 1.9575242703503326, 6.370060443304259, -1.235032593441332, -0.8105908381112401, 2.4180194415179774, -2.352828860442189, -2.1787570671479854, 2.473302199459382, 0.7963647015624328, -3.178431849171673, -1.5882844792679416, -0.538829423626823, -1.2307002114745793, -0.03169760845395997, -1.3476376681965845, 1.5834227442994862, -2.3023801864632603, 2.575962961314405, 2.0886085010608895, 0.9353409950202917, 3.147705298183415, 2.445643011046843, 1.1581331712671648, 4.781088606580734, -1.987458645000486, -2.076607355446229, 4.165725823249836, -2.393787242216714, -0.9622476206721671, 8.706752271402529, -1.4823298504864626, 0.11293410211080834, 7.824115181209573, 1.53192635523458, -4.248540068027678, 6.218292720689039, 2.5757177562269176, -5.292806755561953, 7.173791516000326, -0.4283719754067863, -6.393246717639694, 10.192729579954769, 3.0337093664039863, -3.1681400735933156, 10.659453248313739, 3.6717082392423084, -5.658890462988874, 11.78985059991211, -1.42480353265843, -2.5533799826521317, 12.595114666674823, -0.5615963647712388, -5.528641679546814, 16.23130584659265, -0.40072961334087775, -7.3569602894647925, 14.674982901493262, 1.8910104773207301, -4.4612836671694565, 17.900409716756535, 3.8224162867959293, -1.8079360783647749, 16.261783885694943, 2.604922159796804, -3.7270343422420478, 14.84352266861487, 4.949889669162272], "name": "C12H26", "identifiers": {"molecule_hash": "75eae738f46be0826777d10031b40bfeee7fdb20", "molecular_formula": "C12H26"}, "molecular_charge": 0.0, "molecular_multiplicity": 1, "connectivity": [[0, 1, 1.0], [0, 12, 1.0], [0, 13, 1.0], [0, 14, 1.0], [1, 2, 1.0], [1, 15, 1.0], [1, 16, 1.0], [2, 3, 1.0], [2, 17, 1.0], [2, 18, 1.0], [3, 4, 1.0], [3, 19, 1.0], [3, 20, 1.0], [4, 5, 1.0], [4, 21, 1.0], [4, 22, 1.0], [5, 6, 1.0], [5, 23, 1.0], [5, 24, 1.0], [6, 7, 1.0], [6, 25, 1.0], [6, 26, 1.0], [7, 8, 1.0], [7, 27, 1.0], [7, 28, 1.0], [8, 9, 1.0], [8, 29, 1.0], [8, 30, 1.0], [9, 10, 1.0], [9, 31, 1.0], [9, 32, 1.0], [10, 11, 1.0], [10, 33, 1.0], [10, 34, 1.0], [11, 35, 1.0], [11, 36, 1.0], [11, 37, 1.0]], "fix_com": true, "fix_orientation": true, "provenance": {"creator": "QCElemental", "version": "v0.22.0", "routine": "qcelemental.molparse.from_schema"}, "id": "177525"}