{"schema_name": "qcschema_molecule", "schema_version": 2, "validated": true, "symbols": ["C", "C", "C", "C", "C", "C", "C", "C", "C", "C", "C", "C", "H", "H", "H", "H", "H", "H", "H", "H", "H", "H", "H", "H", "H", "H", "H", "H", "H", "H", "H", "H", "H", "H", "H", "H", "H", "H"], "geometry": [0.0, 0.0, -0.0, 2.8897789919516184, -3.529574899079695e-17, 1.0526234724371752e-16, 4.127894450576608, 2.4858685337019946, 0.8349698161675079, 3.5966963337048474, 4.77131001439912, -0.8989437788450216, 1.5004511623084587, 6.569392597164719, 3.774758283725532e-15, 2.300913844501394, 8.253984114344302, 2.2165654741901704, 0.18151993589902038, 9.891909235956911, 3.322698772807282, -0.904363792905069, 11.865175942745296, 1.4979203301319517, -2.8333349995405115, 13.683206031523405, 2.708605069176797, -1.855402475722768, 16.250914242404146, 3.6543793341492714, 0.009512986466253169, 16.2555233934077, 5.888747106502169, 2.804924832367675, 16.118370761811075, 5.156432778206016, -0.7242143004460692, -1.8537748893055987, -0.49949495830831137, -0.7646724180913502, 1.3413550291700438, -1.349106072958335, -0.7429129256266016, 0.480399566755661, 1.8530677678571819, 3.5641903179636105, -0.4823683814703075, -1.881790104693997, 3.547978099154872, -1.498290804607838, 1.2433562608804578, 6.154701659442344, 2.166774418566696, 0.9206881525003553, 3.547901840113549, 2.908125490348215, 2.7607086336592124, 5.319531393430976, 5.868841721741444, -1.1223603893908396, 3.1314432130656833, 4.085331137592662, -2.779794256530398, 0.9433315758809993, 7.753877954004652, -1.581590566019535, -0.16871766599371746, 5.495684469459786, 0.5312709121292163, 3.057022413497849, 7.082841956426743, 3.725440070019037, 3.8496763145857273, 9.465936945099543, 1.6087031241266028, 0.8968277115512511, 10.823487654479399, 5.004630693314472, -1.3493380148832594, 8.674356950924272, 3.962220818030371, -1.8290544168284968, 10.879991915541144, -0.046003741461074554, 0.623725085611372, 12.939863296693321, 0.6391107326932826, -4.292921594553646, 14.092910913946259, 1.3224312798922524, -3.792526635476579, 12.722593177625951, 4.254655289646213, -3.5105920288542016, 17.33515447008404, 4.208191666380161, -1.0213265526341568, 17.275164500890543, 2.076651341339158, -0.267408250134817, 17.99034261539437, 6.953305889542879, -0.4527634099066626, 14.727621068270498, 7.182609383090672, 3.997559155472606, 16.17582969023432, 6.825753062829857, 3.3198844993247283, 17.713990310676348, 3.9714411998172894, 3.2654958867085586, 14.410320715302312, 4.126047793390424], "name": "C12H26", "identifiers": {"molecule_hash": "834a57c69a49f8beef1939f2fafe9b7d051a5f36", "molecular_formula": "C12H26"}, "molecular_charge": 0.0, "molecular_multiplicity": 1, "connectivity": [[0, 1, 1.0], [0, 12, 1.0], [0, 13, 1.0], [0, 14, 1.0], [1, 2, 1.0], [1, 15, 1.0], [1, 16, 1.0], [2, 3, 1.0], [2, 17, 1.0], [2, 18, 1.0], [3, 4, 1.0], [3, 19, 1.0], [3, 20, 1.0], [4, 5, 1.0], [4, 21, 1.0], [4, 22, 1.0], [5, 6, 1.0], [5, 23, 1.0], [5, 24, 1.0], [6, 7, 1.0], [6, 25, 1.0], [6, 26, 1.0], [7, 8, 1.0], [7, 27, 1.0], [7, 28, 1.0], [8, 9, 1.0], [8, 29, 1.0], [8, 30, 1.0], [9, 10, 1.0], [9, 31, 1.0], [9, 32, 1.0], [10, 11, 1.0], [10, 33, 1.0], [10, 34, 1.0], [11, 35, 1.0], [11, 36, 1.0], [11, 37, 1.0]], "fix_com": true, "fix_orientation": true, "provenance": {"creator": "QCElemental", "version": "v0.22.0", "routine": "qcelemental.molparse.from_schema"}, "id": "167880"}