{"schema_name": "qcschema_molecule", "schema_version": 2, "validated": true, "symbols": ["C", "C", "C", "C", "C", "C", "C", "C", "C", "C", "C", "C", "H", "H", "H", "H", "H", "H", "H", "H", "H", "H", "H", "H", "H", "H", "H", "H", "H", "H", "H", "H", "H", "H", "H", "H", "H", "H"], "geometry": [7.990415229228466, 2.4996523020491046, 5.551115123125783e-16, 9.465797822547572, 5.449722867153318e-16, -9.672643749875694e-16, 8.291902221146557, -2.1341591568571174, -1.6034806590322572, 6.405299267751631, -3.8622866411763463, -0.2169384463791083, 4.025305735749588, -2.6118419735184895, 0.8825319064894817, 2.296709343202561, -1.3944270297589672, -1.1016198115793527, 0.0, -0.0, 0.0, -1.907902488402367, -1.7111882836149115, 1.3586708662605758, -4.192529021984172, -0.30130544144808075, 2.465639261207282, -5.9242962843782925, 0.9170182647631145, 0.48129859293198285, -8.38378826513113, 2.0128582984417287, 1.567948437332019, -7.984367171870877, 4.219177251993789, 3.4064284798321207, 8.98638415610125, 3.9448537597199462, 1.0991988381613615, 6.098057112603392, 2.29988459216091, 0.803679463436821, 7.7733367916760825, 3.2219222846823796, -1.9296482231648056, 9.712935477398176, -0.6648149697356261, 1.9506522514147586, 11.374267293413615, 0.38978887210603125, -0.7089465647270089, 9.818284641671653, -3.3494339740263825, -2.304470034347909, 7.41076167464923, -1.318037570088829, -3.2940757143613753, 5.816571234693141, -5.363511133936212, -1.5249185503641307, 7.416218479908211, -4.81447133095357, 1.3256978521774097, 2.9688288512421415, -4.061869697872871, 1.9188970334168374, 4.561818296347844, -1.1924584720859306, 2.2959001218577346, 3.3909469738643834, -0.0499433520878291, -2.2342095799151838, 1.6443280896768449, -2.8585112061164595, -2.423233547895191, -0.9550838935340045, 1.0041576080263022, -1.5399201622624341, 0.6590678116838594, 1.4634514123681548, 1.320067090419392, -0.9548314350617491, -2.7204994429256164, 2.89644795302096, -2.5748656429266186, -3.1680844204460707, 0.03595022065656861, -5.31666486286508, -1.6338614572423078, 3.5931910957545563, -3.511740632084079, 1.1421181251027488, 3.7899920209026083, -6.400281824750581, -0.5102750748228055, -0.949407187068492, -4.906557361906404, 2.421685114817966, -0.5190608348202672, -9.57882003890934, 2.6520820110156067, -0.0016392684315824635, -9.44157965746149, 0.5032267661904656, 2.5221414967412663, -9.793886089947618, 5.012848463772586, 4.023845651846884, -6.900756882309298, 5.742364268540828, 2.5113370656641796, -6.953865646440124, 3.630475847657205, 5.100822108195835], "name": "C12H26", "identifiers": {"molecule_hash": "fb0c60ae2c9cab444c352dadb8664591d00efc8e", "molecular_formula": "C12H26"}, "molecular_charge": 0.0, "molecular_multiplicity": 1, "connectivity": [[0, 1, 1.0], [0, 12, 1.0], [0, 13, 1.0], [0, 14, 1.0], [1, 2, 1.0], [1, 15, 1.0], [1, 16, 1.0], [2, 3, 1.0], [2, 17, 1.0], [2, 18, 1.0], [3, 4, 1.0], [3, 19, 1.0], [3, 20, 1.0], [4, 5, 1.0], [4, 21, 1.0], [4, 22, 1.0], [5, 6, 1.0], [5, 23, 1.0], [5, 24, 1.0], [6, 7, 1.0], [6, 25, 1.0], [6, 26, 1.0], [7, 8, 1.0], [7, 27, 1.0], [7, 28, 1.0], [8, 9, 1.0], [8, 29, 1.0], [8, 30, 1.0], [9, 10, 1.0], [9, 31, 1.0], [9, 32, 1.0], [10, 11, 1.0], [10, 33, 1.0], [10, 34, 1.0], [11, 35, 1.0], [11, 36, 1.0], [11, 37, 1.0]], "fix_com": true, "fix_orientation": true, "provenance": {"creator": "QCElemental", "version": "v0.22.0", "routine": "qcelemental.molparse.from_schema"}, "id": "177319"}