{"schema_name": "qcschema_molecule", "schema_version": 2, "validated": true, "symbols": ["C", "C", "C", "C", "C", "C", "C", "C", "C", "C", "C", "C", "H", "H", "H", "H", "H", "H", "H", "H", "H", "H", "H", "H", "H", "H", "H", "H", "H", "H", "H", "H", "H", "H", "H", "H", "H", "H"], "geometry": [-0.0, 0.0, 0.0, 2.890992722935847, 4.228731372137096e-16, 1.1116536573841062e-15, 4.092277085613918, 2.456613796152252, 0.9581435011484756, 3.5921647942113855, 4.761082425677028, -0.7235866334931329, 5.095371513462916, 7.132546868100975, 0.0, 4.3591386319399685, 8.286964878845682, 2.5510508649737984, 5.89338466528689, 10.635197828358892, 3.2919720942939934, 5.651250782587407, 12.941725308692625, 1.5470834875732922, 2.9716832721638236, 13.99957718608983, 1.1961407045374963, 1.6087006869250757, 14.864639841008833, 3.6046576287647505, 2.8950162281112597, 17.04294661236017, 5.008574787409965, 1.352892361471616, 17.97551803059953, 7.266348154818855, -0.7287883781648881, -1.833725879753563, -0.5622789842791237, -0.7373013043403054, 0.4163591944669945, 1.8711297711061574, -0.766959331178751, 1.3900143383007095, -1.2973099337021898, 3.5496049916911465, -1.54957583117966, 1.177912266538338, 3.5728586610860686, -0.39473196177110664, -1.8994319911034965, 6.125144078770526, 2.1751824184494435, 1.0989537577239312, 3.4278949328645933, 2.8165968402012753, 2.8687304706390786, 4.061230343594384, 4.265622787753202, -2.6643035073250423, 1.5881985933856484, 5.216022535873857, -0.7176076488776222, 4.829251001641216, 8.529217212555213, -1.4813086599167817, 7.1045501773158755, 6.685478122995915, 0.011435229614148668, 2.3521412295683795, 8.731929625998944, 2.536765357238686, 4.615097825802921, 6.887986626275592, 4.031547051343672, 7.881071325684604, 10.114850015089097, 3.386050799711117, 5.369146732625054, 11.174135680954999, 5.203837711499897, 6.876677446504196, 14.420211274608787, 2.275514813060478, 6.400113112268746, 12.477264583546646, -0.3076995225708088, 3.081305002923391, 15.591926575363816, -0.10108111965766353, 1.8034783238641658, 12.595352474011236, 0.25614440548225614, -0.2912677434244113, 15.453982789543986, 3.082377295210576, 1.3696973733244882, 13.278687373911364, 4.889985457748842, 4.7524965798874215, 16.461284391339433, 5.662256428126787, 3.2046620025778516, 18.60252640424337, 3.704063951791385, 1.0531447198530008, 16.470602007395346, 8.630581237816799, -0.4918322697309705, 18.654997873308442, 6.674791869359305, 2.3049316387110874, 19.51394414863914, 8.234047584210671], "name": "C12H26", "identifiers": {"molecule_hash": "1e8fff9884aa1bb219426cf190af4b6ac4ee96cb", "molecular_formula": "C12H26"}, "molecular_charge": 0.0, "molecular_multiplicity": 1, "connectivity": [[0, 1, 1.0], [0, 12, 1.0], [0, 13, 1.0], [0, 14, 1.0], [1, 2, 1.0], [1, 15, 1.0], [1, 16, 1.0], [2, 3, 1.0], [2, 17, 1.0], [2, 18, 1.0], [3, 4, 1.0], [3, 19, 1.0], [3, 20, 1.0], [4, 5, 1.0], [4, 21, 1.0], [4, 22, 1.0], [5, 6, 1.0], [5, 23, 1.0], [5, 24, 1.0], [6, 7, 1.0], [6, 25, 1.0], [6, 26, 1.0], [7, 8, 1.0], [7, 27, 1.0], [7, 28, 1.0], [8, 9, 1.0], [8, 29, 1.0], [8, 30, 1.0], [9, 10, 1.0], [9, 31, 1.0], [9, 32, 1.0], [10, 11, 1.0], [10, 33, 1.0], [10, 34, 1.0], [11, 35, 1.0], [11, 36, 1.0], [11, 37, 1.0]], "fix_com": true, "fix_orientation": true, "provenance": {"creator": "QCElemental", "version": "v0.22.0", "routine": "qcelemental.molparse.from_schema"}, "id": "165088"}