{"schema_name": "qcschema_molecule", "schema_version": 2, "validated": true, "symbols": ["C", "C", "C", "C", "C", "C", "C", "C", "C", "C", "C", "C", "H", "H", "H", "H", "H", "H", "H", "H", "H", "H", "H", "H", "H", "H", "H", "H", "H", "H", "H", "H", "H", "H", "H", "H", "H", "H"], "geometry": [0.0, 0.0, 0.0, 2.898658038092878, 1.1576494201649246e-16, 1.217012783435085e-15, 4.0818826077475885, 1.5494662850687735, -2.1558158966468017, 3.3493683842365938, 4.360059795082771, -2.2136639018961173, 4.089850310560353, 5.821693510270814, 0.177811493270288, 3.6493175518243826, 8.687055355172463, 8.881784197001252e-16, 0.8963466034175481, 9.488224414150302, -0.48415666233024457, -1.0346499295932134, 8.503822492687654, 1.451492669530339, -0.49565659954614827, 9.230066421781553, 4.214610690922471, -0.25659077090734383, 12.078987349192749, 4.726198487115735, -2.618953999543349, 13.621863382701138, 4.061894172993373, -2.362081893352415, 16.41959808316867, 4.767429531706959, -0.7456882564188769, -0.6486169574312345, -1.8215857718670063, -0.7454552601990312, -1.2535524023433666, 1.4689560050225985, -0.768551329503525, 1.8890150739165583, 0.3499804548137743, 3.5864554054715354, 0.696499542183683, 1.8265838698078622, 3.5756380304826463, -1.9538487312530735, -0.15326032459280886, 3.5471594091781933, 0.6863076996735392, -3.9663935098351826, 6.147889569084292, 1.3959062949210317, -2.02889091713387, 1.3124618540027662, 4.536540741186433, -2.5439283026392534, 4.265798614014814, 5.246632059746034, -3.851690279750394, 6.099834834091625, 5.485278751036606, 0.5729299968768795, 3.0607238190004593, 5.065592229631756, 1.808646118948003, 4.325717931272194, 9.57224638026785, 1.7482456803251654, 4.832640890394227, 9.456053831048118, -1.5216531600347092, 0.3150355639039399, 8.856011445075735, -2.370047083554601, 0.8186827670436414, 11.559159061477983, -0.5433687310415218, -2.9141305656614445, 9.189370626916437, 0.9108249815486482, -1.1427086263348913, 6.437309479842999, 1.3296381153395753, 1.244232490130735, 8.295512073285717, 4.844391893623864, -2.014265272043537, 8.46101388267796, 5.401835943644758, 1.368726627403881, 12.84847102846983, 3.692015355573428, 0.1750018479632396, 12.3520151249511, 6.737824194685539, -3.013781565019568, 13.465652027003944, 2.033641165419535, -4.26202365460224, 12.807130341582639, 5.034233518358009, -2.0397138243772175, 16.650815328194835, 6.80080906411229, -0.7629537802260011, 17.291858766568108, 3.780068025735882, -4.065334945434899, 17.487383771528854, 4.272833109554245], "name": "C12H26", "identifiers": {"molecule_hash": "d867984b27fd093d6d83c09de23060e6b8e6fb7f", "molecular_formula": "C12H26"}, "molecular_charge": 0.0, "molecular_multiplicity": 1, "connectivity": [[0, 1, 1.0], [0, 12, 1.0], [0, 13, 1.0], [0, 14, 1.0], [1, 2, 1.0], [1, 15, 1.0], [1, 16, 1.0], [2, 3, 1.0], [2, 17, 1.0], [2, 18, 1.0], [3, 4, 1.0], [3, 19, 1.0], [3, 20, 1.0], [4, 5, 1.0], [4, 21, 1.0], [4, 22, 1.0], [5, 6, 1.0], [5, 23, 1.0], [5, 24, 1.0], [6, 7, 1.0], [6, 25, 1.0], [6, 26, 1.0], [7, 8, 1.0], [7, 27, 1.0], [7, 28, 1.0], [8, 9, 1.0], [8, 29, 1.0], [8, 30, 1.0], [9, 10, 1.0], [9, 31, 1.0], [9, 32, 1.0], [10, 11, 1.0], [10, 33, 1.0], [10, 34, 1.0], [11, 35, 1.0], [11, 36, 1.0], [11, 37, 1.0]], "fix_com": true, "fix_orientation": true, "provenance": {"creator": "QCElemental", "version": "v0.22.0", "routine": "qcelemental.molparse.from_schema"}, "id": "176000"}