{"schema_name": "qcschema_molecule", "schema_version": 2, "validated": true, "symbols": ["C", "C", "C", "C", "C", "C", "C", "C", "C", "C", "C", "C", "H", "H", "H", "H", "H", "H", "H", "H", "H", "H", "H", "H", "H", "H", "H", "H", "H", "H", "H", "H", "H", "H", "H", "H", "H", "H"], "geometry": [0.0, 0.0, -0.0, 2.874485843044871, 2.4335477198658e-16, -2.5907423512028814e-16, 4.051355511973784, 1.770131292703897, 1.9515925943272767, 3.3046162713582077, 4.549105483191075, 1.698725028535622, 3.8142354935953535, 5.717971460507669, -0.8916483259703678, 6.551512377875628, 5.538416225167181, -1.7915527533798135, 8.513614634994648, 6.673862074649167, 6.661338147750939e-16, 8.05603672499266, 9.428482423951564, 0.7525685612435552, 8.04910690771009, 11.37301002130239, -1.396424882538943, 10.593388049667919, 12.638258144919591, -1.9204991415652377, 12.750246757106227, 10.916461430213023, -2.7571753731463087, 12.26310188198813, 9.537934186492373, -5.231516279134472, -0.7506665456504976, -0.45686849790054246, 1.8813141398957889, -0.7680642273624194, 1.8494059972988426, -0.5423476432437702, -0.7543023360073259, -1.3969821440846513, -1.3323156832490997, 3.5615096468665945, -1.9268512099674242, 0.3590764836783337, 3.56410606197447, 0.49634063883775814, -1.8981660254393755, 6.120355246138198, 1.5974000300922468, 1.846033022641888, 3.528900213278381, 1.1183690783645823, 3.8558209617261303, 1.2858973504859592, 4.7682484955856195, 2.137143484046529, 4.307130800310825, 5.635482698359261, 3.1599860388640106, 3.226200019678581, 7.7105955066429255, -0.8488793432047913, 2.592790262112683, 4.8160273381223915, -2.3111274762704928, 7.044207503819352, 3.5448881550254034, -2.115020492388025, 6.690882330075595, 6.443514243018957, -3.6569653545159015, 10.388630192658736, 6.465287438685824, -0.8642030513486615, 8.577400343677853, 5.5350475365700715, 1.7386409143431416, 6.24111687868878, 9.528678849315428, 1.757448991759421, 9.48738046671283, 9.983390996637795, 2.1564438582801158, 7.308369951763525, 10.511025685448741, -3.1361699132855856, 6.703047594255118, 12.881062092532096, -0.9245213906306964, 10.313147462276861, 14.102121597217614, -3.3718461184247825, 11.183874103138505, 13.647847753874725, -0.2006543402222929, 14.46606675820322, 12.071600479445518, -2.950732706391144, 13.17372302516972, 9.543586955573389, -1.2548673893544722, 11.852298222804814, 10.877714457664508, -6.763407590180064, 10.64715753735258, 8.244880793173111, -5.09224553271968, 13.906427264957841, 8.412913938645335, -5.806029406563056], "name": "C12H26", "identifiers": {"molecule_hash": "7e8f0e522a3402ad8dc135ce06e05e0016895c08", "molecular_formula": "C12H26"}, "molecular_charge": 0.0, "molecular_multiplicity": 1, "connectivity": [[0, 1, 1.0], [0, 12, 1.0], [0, 13, 1.0], [0, 14, 1.0], [1, 2, 1.0], [1, 15, 1.0], [1, 16, 1.0], [2, 3, 1.0], [2, 17, 1.0], [2, 18, 1.0], [3, 4, 1.0], [3, 19, 1.0], [3, 20, 1.0], [4, 5, 1.0], [4, 21, 1.0], [4, 22, 1.0], [5, 6, 1.0], [5, 23, 1.0], [5, 24, 1.0], [6, 7, 1.0], [6, 25, 1.0], [6, 26, 1.0], [7, 8, 1.0], [7, 27, 1.0], [7, 28, 1.0], [8, 9, 1.0], [8, 29, 1.0], [8, 30, 1.0], [9, 10, 1.0], [9, 31, 1.0], [9, 32, 1.0], [10, 11, 1.0], [10, 33, 1.0], [10, 34, 1.0], [11, 35, 1.0], [11, 36, 1.0], [11, 37, 1.0]], "fix_com": true, "fix_orientation": true, "provenance": {"creator": "QCElemental", "version": "v0.22.0", "routine": "qcelemental.molparse.from_schema"}, "id": "177685"}