{"schema_name": "qcschema_molecule", "schema_version": 2, "validated": true, "symbols": ["C", "C", "C", "C", "C", "C", "C", "C", "C", "C", "C", "C", "H", "H", "H", "H", "H", "H", "H", "H", "H", "H", "H", "H", "H", "H", "H", "H", "H", "H", "H", "H", "H", "H", "H", "H", "H", "H"], "geometry": [4.087169057019889, 2.6470643433084846, 2.220446049250313e-16, 2.9036965996387174, -5.460883045279512e-16, 3.9730060972604247e-16, 0.0, 0.0, -0.0, -1.1857414996598419, 1.1717664101453353, 2.3751987541641437, -4.059778966037368, 0.8114981384776622, 2.5791669049895276, -5.576019902007988, 2.161146039713987, 0.508469608266544, -8.451507913223724, 1.792591763168726, 0.7058735915515232, -9.669807791756163, 2.7364569415814795, 3.1710085276732163, -9.17836231044431, 5.532621012566521, 3.7966226021658445, -9.988749194176888, 7.425940039827525, 1.7485432303185457, -12.816057408411138, 7.368379079829987, 1.111458321465637, -13.570391477254358, 9.396068880285195, -0.8149119295530056, 6.150257176271583, 2.5419046781069845, -0.13428510343039712, 3.407046126754836, 3.762732893907947, -1.608821006142998, 3.6292525347540954, 3.693195564165053, 1.7249718233164981, 3.5692536706568836, -1.0355028471972347, -1.6688695956795936, 3.5865411256112734, -1.060383428206148, 1.6485277038212687, -0.6698377429529632, -1.9570905283742475, -0.1791656146336319, -0.6689865447124701, 0.9970220305569358, -1.6908514662851921, -0.2878635537431018, 0.32866835910674297, 4.046710452444059, -0.756593863194529, 3.199492817673872, 2.45230693429562, -4.674466412596986, 1.4961243166293743, 4.435848825688488, -4.50272992160967, -1.2179105194189894, 2.537467485296666, -5.118103281555008, 4.184501368753512, 0.5470380482923962, -4.967301103026664, 1.4778651406867849, -1.3500436100498794, -8.88316026397847, -0.22628989183549036, 0.49365982376874873, -9.35071649634586, 2.7347529978569023, -0.9075253273074545, -11.71204655019409, 2.4010992676003204, 3.0612234487135357, -9.003501303445375, 1.5834821128872711, 4.758746751873471, -10.1668050521054, 5.992312217014627, 5.562673704869232, -7.16084058177958, 5.803828994934005, 4.190424837237842, -9.486629092509887, 9.337152724313718, 2.3832105474224083, -8.896445251080223, 7.102695015714501, 0.014906049269105104, -13.332976329507941, 5.5026212520219095, 0.37258106829639814, -13.913501351643923, 7.622759378580319, 2.8549672998771913, -12.536326509089722, 9.153206652954635, -2.593857181067288, -13.149051792627795, 11.295787246445574, -0.10388033987321066, -15.593504756834413, 9.318145069467032, -1.2471644724894726], "name": "C12H26", "identifiers": {"molecule_hash": "878a758bf5a464b198206430813c3f95987db405", "molecular_formula": "C12H26"}, "molecular_charge": 0.0, "molecular_multiplicity": 1, "connectivity": [[0, 1, 1.0], [0, 12, 1.0], [0, 13, 1.0], [0, 14, 1.0], [1, 2, 1.0], [1, 15, 1.0], [1, 16, 1.0], [2, 3, 1.0], [2, 17, 1.0], [2, 18, 1.0], [3, 4, 1.0], [3, 19, 1.0], [3, 20, 1.0], [4, 5, 1.0], [4, 21, 1.0], [4, 22, 1.0], [5, 6, 1.0], [5, 23, 1.0], [5, 24, 1.0], [6, 7, 1.0], [6, 25, 1.0], [6, 26, 1.0], [7, 8, 1.0], [7, 27, 1.0], [7, 28, 1.0], [8, 9, 1.0], [8, 29, 1.0], [8, 30, 1.0], [9, 10, 1.0], [9, 31, 1.0], [9, 32, 1.0], [10, 11, 1.0], [10, 33, 1.0], [10, 34, 1.0], [11, 35, 1.0], [11, 36, 1.0], [11, 37, 1.0]], "fix_com": true, "fix_orientation": true, "provenance": {"creator": "QCElemental", "version": "v0.22.0", "routine": "qcelemental.molparse.from_schema"}, "id": "168550"}