{"schema_name": "qcschema_molecule", "schema_version": 2, "validated": true, "symbols": ["C", "C", "C", "C", "C", "C", "C", "C", "C", "C", "C", "C", "H", "H", "H", "H", "H", "H", "H", "H", "H", "H", "H", "H", "H", "H", "H", "H", "H", "H", "H", "H", "H", "H", "H", "H", "H", "H"], "geometry": [5.0905083269064, 2.866476484930115, 0.0, 4.873199272427677, -6.427875063200286e-16, -1.0082830021536429e-15, 2.4353388926340367, -0.9967791065447891, -1.1829466054760251, 0.0, -0.0, 0.0, -0.24289408535881774, -0.5447498360145857, 2.815715153082391, -2.810907970691082, 0.13469843656599179, 3.9468511921472764, -3.6666436722432008, 2.8663773243091977, 3.5306893891728635, -1.9475902422565285, 4.953433081017895, 4.576964520609308, -2.59618540464502, 5.876635337639056, 7.23655224884326, -2.357633246035483, 3.946644878231731, 9.368246445685148, 0.26418592698449794, 2.7877057456341494, 9.697395351567927, 2.3502520670545257, 4.7123032962977325, 10.156024262683857, 4.880216937667827, 3.637779532480522, -1.9164385577272378, 3.632333368036902, 3.748025759492438, 1.1851139760525384, 6.931094049047843, 3.482733520780928, 0.7263588552685911, 5.04546703408928, -0.7034104712913213, 1.948235755854628, 6.482586377706021, -0.8117363156158182, -1.0314116964940732, 2.4425850219832026, -3.073295556233041, -1.0736524751187047, 2.4308395272594865, -0.527818618413989, -3.208628166845634, -0.13456737346482794, 2.048515024149838, -0.3258509577012483, -1.621947910725322, -0.8348877350084165, -0.9994220585667553, 1.26452505481579, 0.4548605170522617, 3.841168814448196, 0.11009652711954732, -2.5671977754014446, 3.1505215398322566, -2.784190418595106, -0.31255237373320854, 5.973350082949812, -4.250050263729388, -1.1148991665655954, 3.1143629334739242, -3.903973104733457, 3.157705865327428, 1.4891303349786749, -5.5695464757711015, 3.0974373723626343, 4.338294087765787, 0.042140136991785426, 4.350416886670763, 4.498374677975196, -2.0649559462743943, 6.597420726382585, 3.3148636456254863, -4.547470209266394, 6.595369834630218, 7.22126385761449, -1.401968426291937, 7.520536999548858, 7.671928381393343, -2.9034732487448407, 4.8767710568209095, 11.146953534254099, -3.7444793944058263, 2.4247900668031668, 9.086591765011907, 0.198139138755153, 1.4535689375322685, 11.287948494066264, 0.7425959231925374, 1.6456906354217544, 8.02815700589555, 2.639277606362728, 5.9404654036452005, 8.509245965413157, 4.158326063278367, 3.781291651326937, 10.555163963133547, 1.903092988409386, 5.936120611864048, 11.772987180145797], "name": "C12H26", "identifiers": {"molecule_hash": "58efefbfbbd33c256e63a202190b95b7b45a00c6", "molecular_formula": "C12H26"}, "molecular_charge": 0.0, "molecular_multiplicity": 1, "connectivity": [[0, 1, 1.0], [0, 12, 1.0], [0, 13, 1.0], [0, 14, 1.0], [1, 2, 1.0], [1, 15, 1.0], [1, 16, 1.0], [2, 3, 1.0], [2, 17, 1.0], [2, 18, 1.0], [3, 4, 1.0], [3, 19, 1.0], [3, 20, 1.0], [4, 5, 1.0], [4, 21, 1.0], [4, 22, 1.0], [5, 6, 1.0], [5, 23, 1.0], [5, 24, 1.0], [6, 7, 1.0], [6, 25, 1.0], [6, 26, 1.0], [7, 8, 1.0], [7, 27, 1.0], [7, 28, 1.0], [8, 9, 1.0], [8, 29, 1.0], [8, 30, 1.0], [9, 10, 1.0], [9, 31, 1.0], [9, 32, 1.0], [10, 11, 1.0], [10, 33, 1.0], [10, 34, 1.0], [11, 35, 1.0], [11, 36, 1.0], [11, 37, 1.0]], "fix_com": true, "fix_orientation": true, "provenance": {"creator": "QCElemental", "version": "v0.22.0", "routine": "qcelemental.molparse.from_schema"}, "id": "176607"}