{"schema_name": "qcschema_molecule", "schema_version": 2, "validated": true, "symbols": ["C", "C", "C", "C", "C", "C", "C", "C", "C", "C", "C", "C", "H", "H", "H", "H", "H", "H", "H", "H", "H", "H", "H", "H", "H", "H", "H", "H", "H", "H", "H", "H", "H", "H", "H", "H", "H", "H"], "geometry": [-0.0, 0.0, 0.0, 2.890992722935847, 2.5104193763589577e-16, 1.1625719288286811e-15, 4.092277085613918, 2.2847599105910965, 1.3163823392899203, 3.5921647942113855, 4.815753677282569, 2.220446049250313e-15, 5.095371513462916, 7.051574025521058, 1.0716942606236968, 4.3591386319399685, 7.809580609787499, 3.7672401195220484, 5.89338466528689, 10.019828608875752, 4.8525815569339095, 5.651250782587407, 12.562347671151532, 3.474067108201985, 2.9716832721638236, 13.660920780139147, 3.2860549924036153, 1.6087006869250757, 14.154273245764463, 5.79720821669839, 2.8950162281112597, 16.096906325279807, 7.5124867645809985, 1.352892361471616, 16.679650989566255, 9.884751228114425, -0.7287883781648881, -1.7284236404263593, -0.8314204576838556, -0.7373013043403054, 0.13048756098276137, 1.9124472791598088, -0.766959331178751, 1.5691601920369493, -1.0737267885689092, 3.5496049916911465, -1.708970263035153, 0.9317098283796184, 3.5728586610860686, -0.10485332927879765, -1.9371786158767632, 6.125144078770526, 1.9853661910300002, 1.4133078230386142, 3.4278949328645933, 2.3535827311762607, 3.2593681290878767, 4.061230343594384, 4.617519413359259, -1.993129552687, 1.5881985933856484, 5.264630674509686, 0.07426771494601248, 4.829251001641216, 8.654961219983184, -0.182942300957881, 7.1045501773158755, 6.6078624763259874, 1.015825768277368, 2.3521412295683795, 8.251640312759742, 3.8199745574967787, 4.615097825802921, 6.204033785396436, 5.020726658623117, 7.881071325684604, 9.491252379002875, 4.86740784443265, 5.369146732625054, 10.265382516348323, 6.823720168432342, 6.876677446504196, 13.9145992219551, 4.416377402484821, 6.400113112268746, 12.38184848867885, 1.5705535608246532, 3.081305002923391, 15.430105758528814, 2.2428169798054323, 1.8034783238641658, 12.413875926250743, 2.1457395901397485, -0.2912677434244113, 14.815400379048425, 5.369408296827787, 1.3696973733244882, 12.39319968924649, 6.829648425323879, 4.7524965798874215, 15.423629141012723, 8.071350307781307, 3.2046620025778516, 17.834788929607548, 6.4571187240037915, 1.0531447198530008, 14.98683806757649, 11.007376968415816, -0.4918322697309705, 17.440300724647308, 9.402005253469829, 2.3049316387110874, 18.055211208250874, 11.072619567234543], "name": "C12H26", "identifiers": {"molecule_hash": "1e8fff9884aa1bb219426cf190af4b6ac4ee96cb", "molecular_formula": "C12H26"}, "molecular_charge": 0.0, "molecular_multiplicity": 1, "connectivity": [[0, 1, 1.0], [0, 12, 1.0], [0, 13, 1.0], [0, 14, 1.0], [1, 2, 1.0], [1, 15, 1.0], [1, 16, 1.0], [2, 3, 1.0], [2, 17, 1.0], [2, 18, 1.0], [3, 4, 1.0], [3, 19, 1.0], [3, 20, 1.0], [4, 5, 1.0], [4, 21, 1.0], [4, 22, 1.0], [5, 6, 1.0], [5, 23, 1.0], [5, 24, 1.0], [6, 7, 1.0], [6, 25, 1.0], [6, 26, 1.0], [7, 8, 1.0], [7, 27, 1.0], [7, 28, 1.0], [8, 9, 1.0], [8, 29, 1.0], [8, 30, 1.0], [9, 10, 1.0], [9, 31, 1.0], [9, 32, 1.0], [10, 11, 1.0], [10, 33, 1.0], [10, 34, 1.0], [11, 35, 1.0], [11, 36, 1.0], [11, 37, 1.0]], "fix_com": true, "fix_orientation": true, "provenance": {"creator": "QCElemental", "version": "v0.22.0", "routine": "qcelemental.molparse.from_schema"}, "id": "165088"}