{"schema_name": "qcschema_molecule", "schema_version": 2, "validated": true, "symbols": ["C", "C", "C", "C", "C", "C", "C", "C", "C", "C", "C", "C", "H", "H", "H", "H", "H", "H", "H", "H", "H", "H", "H", "H", "H", "H", "H", "H", "H", "H", "H", "H", "H", "H", "H", "H", "H", "H"], "geometry": [6.323625901129848, 2.837319549072376, 1.7763568394002505e-15, 5.862880159622548, -2.0244805906052585e-16, -4.1055567385186275e-16, 4.244667174683325, -0.9295077326220549, -2.201023120200554, 1.6156152936373829, 0.2539387477319182, -2.379347783679767, 0.0, 0.0, 0.0, -0.4004962572158005, -2.7080970523281125, 0.9168238136917848, -1.5499137236913427, -4.509249819725454, -1.028280813030915, -4.048652392085546, -3.639913679635262, -2.196283379162294, -6.270834504701101, -3.2720380883025233, -0.37255570532506166, -7.992331386151231, -5.570097102582147, -0.049683553136792735, -6.786054589582192, -7.951093180125264, 1.0422892010576166, -5.739822776961068, -7.627462309910316, 3.6994817917788163, 7.175642337355171, 3.4594621675207726, -1.7884570262705908, 4.560559676177349, 3.901744951643642, 0.2509227273954584, 7.604362012788223, 3.3935267895657737, 1.5316477149612053, 7.686594699599184, -0.9921719627455854, -0.057907568769284656, 4.979589288016821, -0.555218057585747, 1.799025981168532, 4.065439332054139, -2.9965050793910035, -2.070110320571007, 5.253665619134567, -0.5640576642311603, -3.9820923454104986, 1.792141499795603, 2.270435360971273, -2.8462957367057333, 0.6176321357070153, -0.5996476350921361, -3.9905443819409148, -1.8426142288753946, 0.8949560528024495, -0.34927347566907596, 0.8595548834198827, 1.0978639240132428, 1.5414969731702834, 1.4155918736136497, -3.5021563741555246, 1.5435835174302843, -1.5892617329220953, -2.6562517548585287, 2.620507847446816, -1.778468046279982, -6.371711961815222, -0.14226087808678622, -0.185051663922557, -4.795507847534605, -2.570696871401352, -3.7026364597956753, -1.8574087662147998, -3.204602406073236, -4.605766475182642, -4.999538252780712, -3.6688930352305937, -5.5760107538949475, -2.6344289724741885, 1.4792260247657039, -7.4540870678369755, -1.716200987944651, -1.0711785789390502, -9.595820506620258, -5.025798739919236, 1.1587869570430986, -8.81005522915348, -6.035529705425949, -1.9045450863396018, -8.217105234761165, -9.45700386019511, 1.0555562679341022, -5.286514167571297, -8.623623491946294, -0.2305529939265123, -7.213617370499161, -6.971951411946531, 5.006653077030317, -4.198531497766377, -6.2406372870543345, 3.76110234354451, -4.993388357728771, -9.413525508359454, 4.4404730973263895], "name": "C12H26", "identifiers": {"molecule_hash": "7e8f0e522a3402ad8dc135ce06e05e0016895c08", "molecular_formula": "C12H26"}, "molecular_charge": 0.0, "molecular_multiplicity": 1, "connectivity": [[0, 1, 1.0], [0, 12, 1.0], [0, 13, 1.0], [0, 14, 1.0], [1, 2, 1.0], [1, 15, 1.0], [1, 16, 1.0], [2, 3, 1.0], [2, 17, 1.0], [2, 18, 1.0], [3, 4, 1.0], [3, 19, 1.0], [3, 20, 1.0], [4, 5, 1.0], [4, 21, 1.0], [4, 22, 1.0], [5, 6, 1.0], [5, 23, 1.0], [5, 24, 1.0], [6, 7, 1.0], [6, 25, 1.0], [6, 26, 1.0], [7, 8, 1.0], [7, 27, 1.0], [7, 28, 1.0], [8, 9, 1.0], [8, 29, 1.0], [8, 30, 1.0], [9, 10, 1.0], [9, 31, 1.0], [9, 32, 1.0], [10, 11, 1.0], [10, 33, 1.0], [10, 34, 1.0], [11, 35, 1.0], [11, 36, 1.0], [11, 37, 1.0]], "fix_com": true, "fix_orientation": true, "provenance": {"creator": "QCElemental", "version": "v0.22.0", "routine": "qcelemental.molparse.from_schema"}, "id": "177685"}