{"schema_name": "qcschema_molecule", "schema_version": 2, "validated": true, "symbols": ["C", "C", "C", "C", "C", "C", "C", "C", "C", "C", "C", "C", "H", "H", "H", "H", "H", "H", "H", "H", "H", "H", "H", "H", "H", "H", "H", "H", "H", "H", "H", "H", "H", "H", "H", "H", "H", "H"], "geometry": [0.0, 0.0, 0.0, 2.8747018391157972, -3.54415069292008e-16, -3.2704439531300993e-16, 4.052915508991963, 1.740348764096646, 1.9796699769010184, 3.243084504673692, 4.504939953455262, 1.821505250134792, 3.8046368914873696, 5.746780502286614, -0.7135475524671815, 3.321258125779885, 8.592360263921215, -0.7830802662220653, 0.6620835025573175, 9.418870640607715, 2.6645352591003757e-15, -1.5489500169284192, 8.368186520309813, -1.5533936180139718, -2.420481082818532, 10.029421713680364, -3.75046353246193, -0.514045900766769, 10.472711023483821, -5.870579080982613, 0.44338442752065976, 8.09118024097821, -7.188552142080098, -1.633399537054343, 6.469551803281609, -8.338933698528274, -0.753199443551232, -0.4699280144256972, 1.8771589875618218, -0.7687982155893407, 1.8540068085721306, -0.5286837692470863, -0.7536302427701677, -1.3860299062404582, -1.3439078382102365, 3.5630773095315376, 0.5217555514865626, -1.89050135928105, 3.5624561806743573, -1.9312837859488412, 0.33164693906169196, 6.122942682980472, 1.6290937312130325, 1.8167954983777703, 3.585636975797662, 1.0180413747965995, 3.87261814829077, 1.2106033069515112, 4.6507554779913995, 2.231942873305129, 4.198192262108517, 5.571173646777749, 3.330648016487677, 2.6939354769033197, 4.8077228856918115, -2.1993475706688215, 5.794614191453129, 5.404231399819041, -1.2131912401648717, 3.765209546146032, 9.295956284861639, -2.6844757129923793, 4.676070212017028, 9.523114688846395, 0.49122025628458044, 0.3895291224883497, 8.893398288942588, 1.9896617470416889, 0.5755318532812423, 11.496900235019263, -0.030902935581078594, -1.0980701044068724, 6.457096673663249, -2.2413433099557327, -3.179361641887331, 8.118794493706856, -0.29286584938212457, -2.9896544337235214, 11.877890468259041, -2.9865719427820103, -4.1499542240537775, 9.203858928077718, -4.553886200168497, -1.4002487094872516, 11.709240814271137, -7.2892099638734065, 1.108291133352231, 11.54252247274589, -5.134209828353991, 1.7786965983251042, 8.65496067752028, -8.676246843943682, 1.5459671690770764, 6.943170019496268, -5.8522082041347865, -2.879895997418787, 5.671139703815671, -6.8854615184079755, -0.8417306043006354, 4.882482642230601, -9.411173661559221, -2.819912793465072, 7.574809931377375, -9.636176891835373], "name": "C12H26", "identifiers": {"molecule_hash": "58efefbfbbd33c256e63a202190b95b7b45a00c6", "molecular_formula": "C12H26"}, "molecular_charge": 0.0, "molecular_multiplicity": 1, "connectivity": [[0, 1, 1.0], [0, 12, 1.0], [0, 13, 1.0], [0, 14, 1.0], [1, 2, 1.0], [1, 15, 1.0], [1, 16, 1.0], [2, 3, 1.0], [2, 17, 1.0], [2, 18, 1.0], [3, 4, 1.0], [3, 19, 1.0], [3, 20, 1.0], [4, 5, 1.0], [4, 21, 1.0], [4, 22, 1.0], [5, 6, 1.0], [5, 23, 1.0], [5, 24, 1.0], [6, 7, 1.0], [6, 25, 1.0], [6, 26, 1.0], [7, 8, 1.0], [7, 27, 1.0], [7, 28, 1.0], [8, 9, 1.0], [8, 29, 1.0], [8, 30, 1.0], [9, 10, 1.0], [9, 31, 1.0], [9, 32, 1.0], [10, 11, 1.0], [10, 33, 1.0], [10, 34, 1.0], [11, 35, 1.0], [11, 36, 1.0], [11, 37, 1.0]], "fix_com": true, "fix_orientation": true, "provenance": {"creator": "QCElemental", "version": "v0.22.0", "routine": "qcelemental.molparse.from_schema"}, "id": "176607"}