{"schema_name": "qcschema_molecule", "schema_version": 2, "validated": true, "symbols": ["C", "C", "C", "C", "C", "C", "C", "C", "C", "C", "C", "C", "H", "H", "H", "H", "H", "H", "H", "H", "H", "H", "H", "H", "H", "H", "H", "H", "H", "H", "H", "H", "H", "H", "H", "H", "H", "H"], "geometry": [0.0, 0.0, 0.0, 2.8905919737453156, 7.335898291945211e-16, -9.096705473163912e-16, 4.088345003066171, 1.6165318925123673, -2.087867335212489, 3.5233167696969794, 4.4596064100225545, -1.9930375730687009, 4.505028235328917, 5.789698155653483, 0.3849971661030822, 4.386479886551029, 8.685407119785694, 0.26731263650050785, 1.7419306942345982, 9.850685853800709, 8.881784197001252e-16, -0.14033349193374112, 9.243993801745674, 2.123380124413164, 0.6488286436508766, 10.050108937848485, 4.797571260305505, 1.159279485541591, 12.877773247961823, 5.185939220711063, -1.1220814016376515, 14.595879859221728, 4.723055013443334, -0.5752832033144227, 17.36256449607167, 5.348967432700451, -0.7387188321510496, -0.5873238228864219, -1.8240148771347107, -0.728948072363262, -1.2957233566725321, 1.4139882714375926, -0.7683980512719433, 1.8555836607493994, 0.41436836209606853, 3.5739339578495923, 0.6049943418001548, 1.8394677177807606, 3.548731865008537, -1.9321462761951023, -0.2368568466729486, 3.470534458616373, 0.8900236902599494, -3.9103678469603516, 6.126883602154011, 1.350952704304546, -2.029879312158715, 1.5046475593560071, 4.771121557106472, -2.1934417600952822, 4.393232207547656, 5.331633433918769, -3.6405343309402785, 6.468202921314988, 5.248934365294225, 0.6771791848936197, 3.486578868801506, 5.120267896525685, 2.036752127543111, 5.298290407494571, 9.443372877479051, 1.9446950071117328, 5.524988631076672, 9.321341142617676, -1.323054009593477, 0.9115798297108795, 9.251250544611786, -1.7802769771858338, 1.957782249006931, 11.887766925667933, -0.1554161401383487, -1.9379583099639413, 10.118080357779885, 1.6518472532068804, -0.5067811770321782, 7.222773161946003, 2.1524446728790156, 2.32546443563811, 9.003791550543811, 5.357439057672375, -0.8326484936263531, 9.468403190875037, 6.100320927582828, 2.717506596557559, 13.485660874400802, 3.9914690881271095, 1.7993182207409057, 13.146909481983753, 7.121868685633265, -1.7214221123975804, 14.459580986875253, 2.7639725074473978, -2.706880137173264, 13.940744568799708, 5.858456871542789, -0.05265613757808285, 17.58748117758381, 7.321502253259875, 0.9710014967367638, 18.087796886545746, 4.209306614778027, -2.215827077148151, 18.543737489061524, 4.998230810361216], "name": "C12H26", "identifiers": {"molecule_hash": "2b3250c6831909eb6628c98d1124d2acca3ffa9c", "molecular_formula": "C12H26"}, "molecular_charge": 0.0, "molecular_multiplicity": 1, "connectivity": [[0, 1, 1.0], [0, 12, 1.0], [0, 13, 1.0], [0, 14, 1.0], [1, 2, 1.0], [1, 15, 1.0], [1, 16, 1.0], [2, 3, 1.0], [2, 17, 1.0], [2, 18, 1.0], [3, 4, 1.0], [3, 19, 1.0], [3, 20, 1.0], [4, 5, 1.0], [4, 21, 1.0], [4, 22, 1.0], [5, 6, 1.0], [5, 23, 1.0], [5, 24, 1.0], [6, 7, 1.0], [6, 25, 1.0], [6, 26, 1.0], [7, 8, 1.0], [7, 27, 1.0], [7, 28, 1.0], [8, 9, 1.0], [8, 29, 1.0], [8, 30, 1.0], [9, 10, 1.0], [9, 31, 1.0], [9, 32, 1.0], [10, 11, 1.0], [10, 33, 1.0], [10, 34, 1.0], [11, 35, 1.0], [11, 36, 1.0], [11, 37, 1.0]], "fix_com": true, "fix_orientation": true, "provenance": {"creator": "QCElemental", "version": "v0.22.0", "routine": "qcelemental.molparse.from_schema"}, "id": "167344"}