{"schema_name": "qcschema_molecule", "schema_version": 2, "validated": true, "symbols": ["C", "C", "C", "C", "C", "C", "C", "C", "C", "C", "C", "C", "H", "H", "H", "H", "H", "H", "H", "H", "H", "H", "H", "H", "H", "H", "H", "H", "H", "H", "H", "H", "H", "H", "H", "H", "H", "H"], "geometry": [0.0, 0.0, 0.0, 2.899009700005558, 2.393508864532355e-16, -6.588559307194504e-17, 4.0788960695995335, 1.540083726407406, -2.1650570482732183, 3.307189736167227, 4.339184882199646, -2.281308677458271, 4.180212946334341, 5.903132534213969, 2.220446049250313e-15, 3.131936451350898, 8.60958712277232, 0.19210925883196328, 3.8425182275094856, 10.449024507772096, -1.9514696323449732, 2.326265017242625, 10.35421073064985, -4.438603867386667, -0.5211570368742446, 10.956774928036143, -4.202845227025092, -2.301261847010159, 8.691801712654648, -3.7964287115756736, -2.463683132115037, 6.874703923791143, -6.049395650898781, -4.214650183093317, 4.6237212514624675, -5.5404422497643, -0.7456153036959399, -1.2748426339468721, 1.450300738378182, -0.7680275820568045, 1.8839264135466045, 0.378214705102064, -0.7460730135597249, -0.6210211496494631, -1.8311258152710077, 3.5854131109926892, 0.69632181260208, 1.8270545059077277, 3.577091815993402, -1.9536568956660854, -0.14953118566654766, 3.56048672217161, 0.6447455296987716, -3.9646768677229325, 6.146341138405993, 1.4117691781157302, -2.031067480553965, 4.100244726224135, 5.14821893315534, -4.012944840295862, 1.2519369889159504, 4.481274669058532, -2.479353665024581, 6.256145692755782, 5.982908471981277, -0.0018030132864628179, 3.6550628464269406, 4.911848711532939, 1.7432360037637047, 3.8532399254955556, 9.41020842965868, 1.9644318998716714, 1.0752820995125156, 8.543937826347642, 0.4189288936487705, 3.674892458739852, 12.38109254041059, -1.211876715640929, 5.855099751062362, 10.192948912073778, -2.396489077183718, 2.585180837246376, 8.5353750088606, -5.382252495700609, 3.1826473521282983, 11.755603594042634, -5.704237427227971, -0.7924006899072231, 12.315761891548231, -2.657989459887907, -1.139993463585157, 11.934812678361858, -5.924838217384978, -4.205883949732951, 9.416032990520275, -3.3998296230048055, -1.7426739516416463, 7.625729090215405, -2.1125047036221103, -3.129788518152496, 7.916346679961452, -7.716367763504841, -0.5769120582534135, 6.167503773564663, -6.528701645224704, -4.32731567048857, 3.3642692635620857, -7.179660683475982, -3.5385202179269015, 3.504814828690205, -3.9334272710707516, -6.137024960358662, 5.255455447045517, -5.095636491305256], "name": "C12H26", "identifiers": {"molecule_hash": "a104d163faf670658e0a31293352e99993b65b69", "molecular_formula": "C12H26"}, "molecular_charge": 0.0, "molecular_multiplicity": 1, "connectivity": [[0, 1, 1.0], [0, 12, 1.0], [0, 13, 1.0], [0, 14, 1.0], [1, 2, 1.0], [1, 15, 1.0], [1, 16, 1.0], [2, 3, 1.0], [2, 17, 1.0], [2, 18, 1.0], [3, 4, 1.0], [3, 19, 1.0], [3, 20, 1.0], [4, 5, 1.0], [4, 21, 1.0], [4, 22, 1.0], [5, 6, 1.0], [5, 23, 1.0], [5, 24, 1.0], [6, 7, 1.0], [6, 25, 1.0], [6, 26, 1.0], [7, 8, 1.0], [7, 27, 1.0], [7, 28, 1.0], [8, 9, 1.0], [8, 29, 1.0], [8, 30, 1.0], [9, 10, 1.0], [9, 31, 1.0], [9, 32, 1.0], [10, 11, 1.0], [10, 33, 1.0], [10, 34, 1.0], [11, 35, 1.0], [11, 36, 1.0], [11, 37, 1.0]], "fix_com": true, "fix_orientation": true, "provenance": {"creator": "QCElemental", "version": "v0.22.0", "routine": "qcelemental.molparse.from_schema"}, "id": "169189"}