{"schema_name": "qcschema_molecule", "schema_version": 2, "validated": true, "symbols": ["C", "C", "C", "C", "C", "C", "C", "C", "C", "C", "C", "C", "H", "H", "H", "H", "H", "H", "H", "H", "H", "H", "H", "H", "H", "H", "H", "H", "H", "H", "H", "H", "H", "H", "H", "H", "H", "H"], "geometry": [0.0, -0.0, 0.0, 2.89074777647146, 5.501411624618363e-16, -1.7596566705360008e-16, 4.08913508784349, 1.8837013413581065, 1.850044810612164, 3.4920528338548267, 4.685489097940349, 1.3861638478697196, 4.284936012484718, 5.747394516536508, -1.1953482732440612, 7.110665222130427, 5.577379041952894, -1.8363817702736691, 8.928772090313991, 6.901873912490836, 1.3877787807814457e-15, 8.548275748431575, 9.763616606142461, 0.32514157263160537, 9.105211684237362, 11.42266668744552, -2.009201408664141, 11.747439782331886, 12.625982153250826, -2.0748800836255086, 14.013837687880226, 10.833061467092149, -2.2935375072817026, 14.13722627512244, 9.363488678239776, -4.779590069797262, -0.7384413407003271, -0.33175397387672545, 1.887418694402548, -0.7677427903662406, 1.78126602175363, -0.665228020433173, -0.728668448702059, -1.4777910652431452, -1.2226462200082688, 3.549768850875471, -1.8825753150565296, 0.4940799123437549, 3.5715148040687557, 0.3512836709804104, -1.9055125490452223, 6.124451694457721, 1.6068994168657793, 1.8361677641927965, 3.4729337488496763, 1.4089040173847687, 3.7542217657271295, 1.4741338666838812, 4.9956063598930776, 1.6108180426076042, 4.382971844451933, 5.781415258530611, 2.8776840085051054, 3.68038580378621, 7.7079133053216635, -1.2918830043213285, 3.240469459333264, 4.781962913615071, -2.6777500254370645, 7.662039876834603, 3.602045581454861, -1.9555618311409626, 7.374837485463005, 6.332416898235157, -3.7282772175857395, 10.845920245206498, 6.526393923498657, -0.6283851383883461, 8.771360738799402, 6.023516096028369, 1.850308616530201, 6.617434880290959, 10.098200160832013, 0.9335578126772304, 9.727167808400415, 10.397338011195801, 1.885734140802616, 8.773628335673282, 10.365894428508144, -3.7361545456915914, 7.751182847761668, 12.966547687924436, -2.0474110507329257, 11.814006068373423, 13.946238003462746, -3.6513125103648103, 11.97747337135221, 13.76119480771497, -0.37559271704033953, 15.72657426210139, 11.954320994854163, -2.112687940383226, 14.03372669927245, 9.522938138020823, -0.7130128493342481, 14.15592631934985, 10.641142791120044, -6.3872206379353, 12.539465473203164, 8.099659222465892, -5.009660571803672, 15.841170379734308, 8.223979261077691, -4.8705576396417865], "name": "C12H26", "identifiers": {"molecule_hash": "9d506933497d5c1ad2ea0fcbb6a5ba57c5d22597", "molecular_formula": "C12H26"}, "molecular_charge": 0.0, "molecular_multiplicity": 1, "connectivity": [[0, 1, 1.0], [0, 12, 1.0], [0, 13, 1.0], [0, 14, 1.0], [1, 2, 1.0], [1, 15, 1.0], [1, 16, 1.0], [2, 3, 1.0], [2, 17, 1.0], [2, 18, 1.0], [3, 4, 1.0], [3, 19, 1.0], [3, 20, 1.0], [4, 5, 1.0], [4, 21, 1.0], [4, 22, 1.0], [5, 6, 1.0], [5, 23, 1.0], [5, 24, 1.0], [6, 7, 1.0], [6, 25, 1.0], [6, 26, 1.0], [7, 8, 1.0], [7, 27, 1.0], [7, 28, 1.0], [8, 9, 1.0], [8, 29, 1.0], [8, 30, 1.0], [9, 10, 1.0], [9, 31, 1.0], [9, 32, 1.0], [10, 11, 1.0], [10, 33, 1.0], [10, 34, 1.0], [11, 35, 1.0], [11, 36, 1.0], [11, 37, 1.0]], "fix_com": true, "fix_orientation": true, "provenance": {"creator": "QCElemental", "version": "v0.22.0", "routine": "qcelemental.molparse.from_schema"}, "id": "165529"}