{"schema_name": "qcschema_molecule", "schema_version": 2, "validated": true, "symbols": ["C", "C", "C", "C", "C", "C", "C", "C", "C", "C", "C", "C", "H", "H", "H", "H", "H", "H", "H", "H", "H", "H", "H", "H", "H", "H", "H", "H", "H", "H", "H", "H", "H", "H", "H", "H", "H", "H"], "geometry": [0.0, 0.0, 0.0, 2.8905919737453156, 1.1683829179797563e-15, 2.314949514911989e-17, 4.088345003066171, 2.640523692178678, 2.886579864025407e-15, 3.5233167696969794, 4.30607537065263, 2.3060795741336944, 4.505028235328917, 3.240042395650259, 4.813621591470778, 4.386479886551029, 5.105852421049322, 7.031217813190092, 1.7419306942345982, 6.030602146444103, 7.788956896887617, -0.14033349193374112, 3.9802236290617046, 8.60918024100577, 0.6488286436508766, 2.3592400692945628, 10.883720225904668, 1.159279485541591, 3.7832563624189217, 13.357319368909588, -1.1220814016376515, 5.201086832665149, 14.43245139551573, -0.5752832033144227, 6.399944417809268, 17.003258803102735, -0.7387188321510496, 1.082691815434599, -1.5810622940699104, -0.728948072363262, -1.9112867910222642, -0.15888565465019683, -0.7683980512719433, 0.8083487397529215, 1.7208905184485688, 3.5739339578495923, -1.0840924935844654, 1.6044946568068021, 3.548731865008537, -0.9955791765721514, -1.6727559599673738, 3.470534458616373, 3.6368092455201695, -1.690188563286442, 6.126883602154011, 2.432084537277974, -0.17449365240916273, 1.5046475593560071, 4.655245320888419, 2.429707527658928, 4.393232207547656, 6.142610363788105, 1.9869935095812985, 6.468202921314988, 2.677957226410133, 4.5649127826430185, 3.486578868801506, 1.5241704241625222, 5.295508198402793, 5.298290407494571, 4.243570425147887, 8.657438421415566, 5.524988631076672, 6.752678091924011, 6.560427668697208, 0.9115798297108795, 7.071295650401226, 6.225094423323591, 1.957782249006931, 7.4005935664724305, 9.304534997489494, -1.9379583099639413, 4.88818248624507, 9.011649208418245, -0.5067811770321782, 2.719848440135065, 7.0287904138213975, 2.32546443563811, 1.2759946809269895, 10.399146749448418, -0.8326484936263531, 0.9730323336285105, 11.221309303383052, 2.717506596557559, 5.099875833855185, 13.106721221574784, 1.7993182207409057, 2.4172786216991202, 14.755304353619902, -1.7214221123975804, 6.6666949272475176, 13.12532685630882, -2.706880137173264, 3.9022476846197796, 14.609529049771762, -0.05265613757808285, 4.977951484470061, 18.38868914399873, 0.9710014967367638, 7.745064665798983, 16.878999724768647, -2.215827077148151, 7.400388139867897, 17.72249324096845], "name": "C12H26", "identifiers": {"molecule_hash": "2b3250c6831909eb6628c98d1124d2acca3ffa9c", "molecular_formula": "C12H26"}, "molecular_charge": 0.0, "molecular_multiplicity": 1, "connectivity": [[0, 1, 1.0], [0, 12, 1.0], [0, 13, 1.0], [0, 14, 1.0], [1, 2, 1.0], [1, 15, 1.0], [1, 16, 1.0], [2, 3, 1.0], [2, 17, 1.0], [2, 18, 1.0], [3, 4, 1.0], [3, 19, 1.0], [3, 20, 1.0], [4, 5, 1.0], [4, 21, 1.0], [4, 22, 1.0], [5, 6, 1.0], [5, 23, 1.0], [5, 24, 1.0], [6, 7, 1.0], [6, 25, 1.0], [6, 26, 1.0], [7, 8, 1.0], [7, 27, 1.0], [7, 28, 1.0], [8, 9, 1.0], [8, 29, 1.0], [8, 30, 1.0], [9, 10, 1.0], [9, 31, 1.0], [9, 32, 1.0], [10, 11, 1.0], [10, 33, 1.0], [10, 34, 1.0], [11, 35, 1.0], [11, 36, 1.0], [11, 37, 1.0]], "fix_com": true, "fix_orientation": true, "provenance": {"creator": "QCElemental", "version": "v0.22.0", "routine": "qcelemental.molparse.from_schema"}, "id": "167344"}