{"schema_name": "qcschema_molecule", "schema_version": 2, "validated": true, "symbols": ["C", "C", "C", "C", "C", "C", "C", "C", "C", "C", "C", "C", "H", "H", "H", "H", "H", "H", "H", "H", "H", "H", "H", "H", "H", "H", "H", "H", "H", "H", "H", "H", "H", "H", "H", "H", "H", "H"], "geometry": [5.283066756030702, 2.8608280340411123, 2.220446049250313e-16, 4.866531182865, -2.561555103816254e-16, -4.2532738846998226e-16, 2.4325289046892435, -0.8595608639848176, -1.3163823392899185, 0.0, 0.0, -0.0, -2.4290744656661802, -1.1653841901488067, -1.0716942606236932, -3.0730952154236695, -0.32761924011290033, -3.767240119522045, -5.481336313236633, -1.5274033553265465, -4.852581556933904, -7.9624399071416585, -0.9214685770719901, -3.4740671082019805, -8.663477146968003, 1.8884231836698735, -3.2860549924036087, -8.95530279746987, 3.308266827425003, -5.797208216698384, -11.062999335967268, 2.3152682097369124, -7.5124867645809905, -11.417473705779802, 3.925263639842212, -9.884751228114416, 7.098460149590276, 3.3329801361789397, 0.8314204576838553, 5.260171419550329, 3.6092370268522593, -1.9124472791598086, 3.840783076243715, 3.84587022145021, 1.0737267885689101, 6.462776846979745, -0.8979695208014131, -0.9317098283796186, 4.872046909129978, -0.6898586485897678, 1.9371786158767639, 2.435902323063744, -2.9143536591898926, -1.4133078230386122, 2.460148671993117, -0.192194866964289, -3.259368129087875, 0.12858270071924588, -0.4927329926917168, 1.993129552687003, -0.1554610234305528, 2.0477311744673656, -0.07426771494600992, -3.977389112017611, -0.6710236151926193, 0.18294230095788577, -2.2794760079483147, -3.217529200526848, -1.0158257682773644, -3.2213733394891726, 1.7221292693491337, -3.8199745574967747, -1.5211794253677486, -0.8122356810332518, -5.020726658623113, -5.24466207716638, -3.5705079529157677, -4.867407844432645, -5.648795660598026, -0.9732558131521722, -6.823720168432336, -9.477142074566904, -1.939276078167437, -4.416377402484815, -7.891720489551529, -1.688523664836083, -1.570553560824647, -10.429996755792443, 2.034850241460159, -2.242816979805425, -7.261128478546389, 2.8647642516463705, -2.1457395901397422, -9.335783380871199, 5.2836664448046236, -5.369408296827779, -7.178168617243766, 3.2910400792983867, -6.829648425323872, -10.664373773433818, 0.3801627642936949, -8.0713503077813, -12.827362737511585, 2.2592482190108285, -6.457118724003783, -9.699135855978065, 3.977982435828025, -11.00737696841581, -11.90439802193146, 5.860335135881732, -9.402005253469822, -12.91585155632897, 3.181349318419372, -11.072619567234536], "name": "C12H26", "identifiers": {"molecule_hash": "1e8fff9884aa1bb219426cf190af4b6ac4ee96cb", "molecular_formula": "C12H26"}, "molecular_charge": 0.0, "molecular_multiplicity": 1, "connectivity": [[0, 1, 1.0], [0, 12, 1.0], [0, 13, 1.0], [0, 14, 1.0], [1, 2, 1.0], [1, 15, 1.0], [1, 16, 1.0], [2, 3, 1.0], [2, 17, 1.0], [2, 18, 1.0], [3, 4, 1.0], [3, 19, 1.0], [3, 20, 1.0], [4, 5, 1.0], [4, 21, 1.0], [4, 22, 1.0], [5, 6, 1.0], [5, 23, 1.0], [5, 24, 1.0], [6, 7, 1.0], [6, 25, 1.0], [6, 26, 1.0], [7, 8, 1.0], [7, 27, 1.0], [7, 28, 1.0], [8, 9, 1.0], [8, 29, 1.0], [8, 30, 1.0], [9, 10, 1.0], [9, 31, 1.0], [9, 32, 1.0], [10, 11, 1.0], [10, 33, 1.0], [10, 34, 1.0], [11, 35, 1.0], [11, 36, 1.0], [11, 37, 1.0]], "fix_com": true, "fix_orientation": true, "provenance": {"creator": "QCElemental", "version": "v0.22.0", "routine": "qcelemental.molparse.from_schema"}, "id": "165088"}