{"schema_name": "qcschema_molecule", "schema_version": 2, "validated": true, "symbols": ["C", "C", "C", "C", "C", "C", "C", "C", "C", "C", "C", "C", "H", "H", "H", "H", "H", "H", "H", "H", "H", "H", "H", "H", "H", "H", "H", "H", "H", "H", "H", "H", "H", "H", "H", "H", "H", "H"], "geometry": [0.0, 0.0, 0.0, 2.875077463260179, -2.66555916660506e-16, -1.997035505192188e-16, 4.055141394012676, 2.2512165311795815, -1.3691899391148135, 3.2920228539233483, 4.859260719849187, -0.39380016564590425, 4.101106829208875, 5.381227758772663, 2.3208614271711028, 3.1029337233434053, 7.811863701218712, 3.52081148100104, 3.775343169882069, 10.290011378614983, 2.1876170747815813, 2.0920580013741796, 11.161727567394024, 8.881784197001252e-16, -0.6767232963928174, 11.683455435773961, 0.69698133647832, -2.544846948529038, 9.53870514061588, 0.19072175346352793, -2.9602687635442857, 8.953124325858163, -2.596528733721741, -4.752978557965328, 6.747323398996393, -3.0113949945996827, -0.7529087243702589, -1.7431828526095017, 0.8304431584062499, -0.7719061435373253, 1.5853651391794592, 1.0932465755818228, -0.7520080747727902, 0.15284486655569962, -1.93007356901894, 3.564328281071863, -0.08439874301191763, 1.9584476271208202, 3.5597996148922073, -1.7398683786596063, -0.9044198098892846, 3.5556020156803116, 2.13360913173143, -3.3842324452161705, 6.125656449352406, 2.076881784623832, -1.2830200016703537, 4.135819328053349, 6.281861447765664, -1.6471971686724243, 1.2333385638467305, 5.098517842302028, -0.5726373574487251, 6.182269460622897, 5.395909847543585, 2.3982054606638235, 3.5077171477751836, 3.796822325626416, 3.5277117955911397, 3.868577455450661, 7.894437420116882, 5.4495409539897866, 1.0439487652772175, 7.682566146594099, 3.7632969506388654, 3.759995805550676, 11.808406676689014, 3.6084350915044556, 5.743184901740948, 10.177217137568036, 1.518749389918423, 2.1729861069069316, 9.814604249647282, -1.5729368284002572, 2.9301359860462153, 12.910950418317995, -0.7401953574227731, -0.7776661580611082, 12.218371349208896, 2.704138862445668, -1.3367252524903654, 13.350558939190673, -0.354375587372993, -4.377218677780737, 10.034519579163675, 1.0401139833609658, -1.9340320854139963, 7.803488044913048, 1.156839367429352, -3.695093512071477, 10.650632300869898, -3.547840322480143, -1.1415118973480332, 8.531693637358126, -3.5101768421951647, -5.0634076700063195, 6.378882662051146, -5.0269686730003205, -4.001180911934155, 5.006667517161178, -2.1635439253692224, -6.604012436575905, 7.107617575375864, -2.1444823458353865], "name": "C12H26", "identifiers": {"molecule_hash": "aeb812800ffef799f3bc6d6321b551b1fcc9949c", "molecular_formula": "C12H26"}, "molecular_charge": 0.0, "molecular_multiplicity": 1, "connectivity": [[0, 1, 1.0], [0, 12, 1.0], [0, 13, 1.0], [0, 14, 1.0], [1, 2, 1.0], [1, 15, 1.0], [1, 16, 1.0], [2, 3, 1.0], [2, 17, 1.0], [2, 18, 1.0], [3, 4, 1.0], [3, 19, 1.0], [3, 20, 1.0], [4, 5, 1.0], [4, 21, 1.0], [4, 22, 1.0], [5, 6, 1.0], [5, 23, 1.0], [5, 24, 1.0], [6, 7, 1.0], [6, 25, 1.0], [6, 26, 1.0], [7, 8, 1.0], [7, 27, 1.0], [7, 28, 1.0], [8, 9, 1.0], [8, 29, 1.0], [8, 30, 1.0], [9, 10, 1.0], [9, 31, 1.0], [9, 32, 1.0], [10, 11, 1.0], [10, 33, 1.0], [10, 34, 1.0], [11, 35, 1.0], [11, 36, 1.0], [11, 37, 1.0]], "fix_com": true, "fix_orientation": true, "provenance": {"creator": "QCElemental", "version": "v0.22.0", "routine": "qcelemental.molparse.from_schema"}, "id": "179711"}