{"schema_name": "qcschema_molecule", "schema_version": 2, "validated": true, "symbols": ["C", "C", "C", "C", "C", "C", "C", "C", "C", "C", "C", "C", "H", "H", "H", "H", "H", "H", "H", "H", "H", "H", "H", "H", "H", "H", "H", "H", "H", "H", "H", "H", "H", "H", "H", "H", "H", "H"], "geometry": [0.0, 0.0, -0.0, 2.8897789919516184, -6.7875927716375326e-18, 1.1081462100483277e-16, 4.127894450576608, 2.617360960222079, 0.16167425480225606, 3.5966963337048474, 4.374898289148883, -2.105650524334861, 1.5004511623084587, 6.344600085117816, -1.7038100996312981, 2.300913844501394, 8.546427105008267, 2.886579864025407e-15, 0.18151993589902038, 10.415187537596928, 0.6434780679326191, -0.904363792905069, 11.847665812634336, -1.6306379916645894, -2.8333349995405115, 13.917484375119235, -0.9328973095687556, -1.855402475722768, 16.642622386458314, -0.6854357253511527, 0.009512986466253169, 17.226570071108902, 1.4712806880869804, 2.804924832367675, 16.90418057840727, 0.7995961380359077, -0.7242143004460692, -1.9198890443237646, -0.0016158839649249163, -0.7646724180913502, 0.9455578408186559, -1.6508303607697525, -0.7429129256266016, 0.944565059634727, 1.6650647867658093, 3.5641903179636105, -0.953915809903514, -1.6922936746270285, 3.547978099154872, -1.1245503906870489, 1.589401316675131, 6.154701659442344, 2.331417205895196, 0.3272183784040849, 3.547901840113549, 3.5246206012649877, 1.912003045162847, 5.319531393430976, 5.376930088738892, -2.606073448569897, 3.1314432130656833, 3.224582857671481, -3.74422916051285, 0.9433315758809993, 7.078359842152611, -3.5384847024005373, -0.16871766599371746, 5.445420466099194, -0.9122458645146743, 3.057022413497849, 7.806694658289246, 1.7609862030296042, 3.8496763145857273, 9.55925651404925, -0.9013894212725881, 0.8968277115512511, 11.751107864582991, 2.026247106862589, -1.3493380148832594, 9.405161402984541, 1.5768960988889993, -1.8290544168284968, 10.495767298769712, -2.866218630276735, 0.623725085611372, 12.662842091468491, -2.7387871097054224, -4.292921594553646, 13.953657693481818, -2.3778981247308915, -3.792526635476579, 13.390719021512027, 0.8093904397785244, -3.5105920288542016, 17.83339635377419, -0.4317778269659891, -1.0213265526341568, 17.222631775788823, -2.474822022268209, -0.267408250134817, 19.1781264745441, 2.049476796457326, -0.4527634099066626, 16.086520439889398, 3.1171397173767708, 3.997559155472606, 17.39262127291094, 2.3968930512818276, 3.3198844993247283, 18.137866522189558, -0.7586804027896399, 3.2654958867085586, 14.987340531499889, 0.24746172244119524], "name": "C12H26", "identifiers": {"molecule_hash": "834a57c69a49f8beef1939f2fafe9b7d051a5f36", "molecular_formula": "C12H26"}, "molecular_charge": 0.0, "molecular_multiplicity": 1, "connectivity": [[0, 1, 1.0], [0, 12, 1.0], [0, 13, 1.0], [0, 14, 1.0], [1, 2, 1.0], [1, 15, 1.0], [1, 16, 1.0], [2, 3, 1.0], [2, 17, 1.0], [2, 18, 1.0], [3, 4, 1.0], [3, 19, 1.0], [3, 20, 1.0], [4, 5, 1.0], [4, 21, 1.0], [4, 22, 1.0], [5, 6, 1.0], [5, 23, 1.0], [5, 24, 1.0], [6, 7, 1.0], [6, 25, 1.0], [6, 26, 1.0], [7, 8, 1.0], [7, 27, 1.0], [7, 28, 1.0], [8, 9, 1.0], [8, 29, 1.0], [8, 30, 1.0], [9, 10, 1.0], [9, 31, 1.0], [9, 32, 1.0], [10, 11, 1.0], [10, 33, 1.0], [10, 34, 1.0], [11, 35, 1.0], [11, 36, 1.0], [11, 37, 1.0]], "fix_com": true, "fix_orientation": true, "provenance": {"creator": "QCElemental", "version": "v0.22.0", "routine": "qcelemental.molparse.from_schema"}, "id": "167880"}