{"schema_name": "qcschema_molecule", "schema_version": 2, "validated": true, "symbols": ["C", "C", "C", "C", "C", "C", "C", "C", "C", "C", "C", "C", "H", "H", "H", "H", "H", "H", "H", "H", "H", "H", "H", "H", "H", "H", "H", "H", "H", "H", "H", "H", "H", "H", "H", "H", "H", "H"], "geometry": [0.0, -0.0, 0.0, 2.8897789919516184, 5.731155863037011e-20, 1.1102228766992489e-16, 4.127894450576608, 2.6223495115564797, 2.0109781895261136e-15, 3.5966963337048474, 4.236757327199458, -2.371368069585824, 1.5004511623084587, 6.227486561520035, -2.091729002947077, 2.300913844501394, 8.530169054679291, -0.5269081132529384, 0.18151993589902038, 10.43504649964466, 0.00013220587024472246, -0.904363792905069, 11.724594929126434, -2.357973540060833, -2.8333349995405115, 13.83349344957254, -1.7891695566721322, -1.855402475722768, 16.56870398413603, -1.7101901408632951, 0.009512986466253169, 17.284507649248837, 0.40642170343251044, 2.804924832367675, 16.921320451250413, -0.2441089868441111, -0.7242143004460692, -1.9163364216939318, 0.11675304058012055, -0.7646724180913502, 0.8419813606378199, -1.7059859022604247, -0.7429129256266016, 1.0454235059034638, 1.6036625546899619, 3.5641903179636105, -1.05643519550819, -1.6302631478562286, 3.547978099154872, -1.024420659829248, 1.6557090439923445, 6.154701659442344, 2.347155913832748, 0.1828583366147683, 3.547901840113549, 3.6357952999151326, 1.6910643289622638, 5.319531393430976, 5.2060306443468924, -2.93261673742883, 3.1314432130656833, 2.9876077886680132, -3.9359098457045176, 0.9433315758809993, 6.846738299658373, -3.968151547019407, -0.16871766599371746, 5.378819340236793, -1.2462339567796743, 3.057022413497849, 7.90041291893831, 1.276334441004837, 3.8496763145857273, 9.485498876496536, -1.489026210030604, 0.8968277115512511, 11.853676566826284, 1.2979080214740506, -1.3493380148832594, 9.484489261572648, 0.9940451549072503, -1.8290544168284968, 10.29909159522932, -3.507855860714036, 0.623725085611372, 12.46990037999692, -3.514272211811052, -4.292921594553646, 13.78051012371007, -3.2336516894661482, -3.792526635476579, 13.415146469748663, -0.017719827281320568, -3.5105920288542016, 17.77285134598911, -1.5304289059080836, -1.0213265526341568, 17.037289971882238, -3.531931446151725, -0.267408250134817, 19.26799876820566, 0.863199676350376, -0.4527634099066626, 16.24809798935329, 2.1194366253796724, 3.997559155472606, 17.50730923213285, 1.3200357921939692, 3.3198844993247283, 18.056587971768554, -1.875480937819675, 3.2654958867085586, 14.97408641419531, -0.6770151929050853], "name": "C12H26", "identifiers": {"molecule_hash": "834a57c69a49f8beef1939f2fafe9b7d051a5f36", "molecular_formula": "C12H26"}, "molecular_charge": 0.0, "molecular_multiplicity": 1, "connectivity": [[0, 1, 1.0], [0, 12, 1.0], [0, 13, 1.0], [0, 14, 1.0], [1, 2, 1.0], [1, 15, 1.0], [1, 16, 1.0], [2, 3, 1.0], [2, 17, 1.0], [2, 18, 1.0], [3, 4, 1.0], [3, 19, 1.0], [3, 20, 1.0], [4, 5, 1.0], [4, 21, 1.0], [4, 22, 1.0], [5, 6, 1.0], [5, 23, 1.0], [5, 24, 1.0], [6, 7, 1.0], [6, 25, 1.0], [6, 26, 1.0], [7, 8, 1.0], [7, 27, 1.0], [7, 28, 1.0], [8, 9, 1.0], [8, 29, 1.0], [8, 30, 1.0], [9, 10, 1.0], [9, 31, 1.0], [9, 32, 1.0], [10, 11, 1.0], [10, 33, 1.0], [10, 34, 1.0], [11, 35, 1.0], [11, 36, 1.0], [11, 37, 1.0]], "fix_com": true, "fix_orientation": true, "provenance": {"creator": "QCElemental", "version": "v0.22.0", "routine": "qcelemental.molparse.from_schema"}, "id": "167880"}