{"schema_name": "qcschema_molecule", "schema_version": 2, "validated": true, "symbols": ["C", "C", "C", "C", "C", "C", "C", "C", "C", "C", "C", "C", "H", "H", "H", "H", "H", "H", "H", "H", "H", "H", "H", "H", "H", "H", "H", "H", "H", "H", "H", "H", "H", "H", "H", "H", "H", "H"], "geometry": [0.0, 0.0, -0.0, 2.8985629847746393, 1.1070643472054775e-15, 1.0042501414169913e-16, 4.080075140728704, 1.8374370429453195, 1.9156177442773132, 3.3787175613569276, 4.634772923646336, 1.5487695908351733, 4.015848485624243, 5.733740872378176, -1.0648470040767923, 6.811334647568595, 5.546318776936091, -1.836171911701636, 8.694245590146835, 6.786081193937872, -5.551115123125783e-17, 8.207552201438943, 9.599063372023423, 0.5713711714103376, 8.323352531688835, 11.429066568847809, -1.6968617971569842, 10.936956938087251, 12.590907699095881, -2.2320125420250516, 13.065526213159986, 10.7557540736064, -2.964594872251907, 12.565106483173544, 9.271871103370122, -5.402709999145454, -0.7438775920196581, -0.40306434395821195, 1.8917854308873323, -0.7673383019062971, 1.8271084315044024, -0.5953981785844069, -0.7461842620582835, -1.4367599621026692, -1.2899119935129986, 3.576359141982114, -1.9128929091613898, 0.4249208322022225, 3.5852661265355663, 0.43406293705831733, -1.906935802939118, 6.1416820122560845, 1.6290661426757034, 1.8535671859480627, 3.5084377400929547, 1.2659442272233052, 3.8273926224359, 1.350444798921909, 4.888105354222746, 1.8917767664144693, 4.333266810881981, 5.744558166166809, 3.0162343530037727, 3.4218408022830866, 7.719176542175563, -1.1064861306768443, 2.873698760581898, 4.782884124284829, -2.510113055712614, 7.337000339906435, 3.553094407296262, -2.054026879862979, 7.021473011562009, 6.380639616600291, -3.72160106163359, 10.603560276675768, 6.5333266451938865, -0.7567633849565487, 8.664304612412556, 5.7535529252189965, 1.7977879865489477, 6.346256827344479, 9.762699211466, 1.465301259580947, 9.567074633941619, 10.226215767203783, 2.008635074935322, 7.598293174718612, 10.502349825965135, -3.400879825012686, 7.024399095154169, 13.00356444585852, -1.3359734344474052, 10.727602988681967, 13.990438532595133, -3.7516911048221466, 11.532534245504182, 13.654300682286337, -0.5518180873841778, 14.811083724303318, 11.85227478506373, -3.1935139494652764, 13.42988473571078, 9.439204046425308, -1.4071824079011261, 12.192838106633694, 10.554648632644177, -6.987250865510882, 10.932107696068167, 8.01664201613376, -5.221224870562943, 14.19467707998265, 8.100625635764436, -5.910976830945364], "name": "C12H26", "identifiers": {"molecule_hash": "4e9c7270ecca3deb78b91e55c173b6a94232d73a", "molecular_formula": "C12H26"}, "molecular_charge": 0.0, "molecular_multiplicity": 1, "connectivity": [[0, 1, 1.0], [0, 12, 1.0], [0, 13, 1.0], [0, 14, 1.0], [1, 2, 1.0], [1, 15, 1.0], [1, 16, 1.0], [2, 3, 1.0], [2, 17, 1.0], [2, 18, 1.0], [3, 4, 1.0], [3, 19, 1.0], [3, 20, 1.0], [4, 5, 1.0], [4, 21, 1.0], [4, 22, 1.0], [5, 6, 1.0], [5, 23, 1.0], [5, 24, 1.0], [6, 7, 1.0], [6, 25, 1.0], [6, 26, 1.0], [7, 8, 1.0], [7, 27, 1.0], [7, 28, 1.0], [8, 9, 1.0], [8, 29, 1.0], [8, 30, 1.0], [9, 10, 1.0], [9, 31, 1.0], [9, 32, 1.0], [10, 11, 1.0], [10, 33, 1.0], [10, 34, 1.0], [11, 35, 1.0], [11, 36, 1.0], [11, 37, 1.0]], "fix_com": true, "fix_orientation": true, "provenance": {"creator": "QCElemental", "version": "v0.22.0", "routine": "qcelemental.molparse.from_schema"}, "id": "172456"}