{"schema_name": "qcschema_molecule", "schema_version": 2, "validated": true, "symbols": ["C", "C", "C", "C", "C", "C", "C", "C", "C", "C", "C", "C", "H", "H", "H", "H", "H", "H", "H", "H", "H", "H", "H", "H", "H", "H", "H", "H", "H", "H", "H", "H", "H", "H", "H", "H", "H", "H"], "geometry": [5.322805122952012, 2.859627477660544, 7.771561172376096e-16, 4.906447930947698, 1.3234674687483393e-15, -1.9544216541699132e-15, 2.463641247774653, -0.8955012255039311, -1.2807887856367064, 0.0, 0.0, 0.0, -1.2818310803719477, 2.304980246210682, -1.2163140451967522, -2.6292420133269396, 1.6922584759769002, -3.7064560886841784, -3.714030979832031, 3.9919425194875986, -5.096724521869369, -5.81082494030251, 5.3945655059175, -3.6688431616974047, -7.079038634734568, 7.52852540431732, -5.195201584337269, -9.543642690311888, 6.899124108885449, -6.600031572695158, -9.407446760273135, 4.994715327694056, -8.796621687003224, -9.811004858518437, 2.228586462540665, -8.051575063835543, 7.138350010403845, 3.3271373579672168, 0.8340828376301389, 3.881389438681944, 3.842230316068589, 1.0774306958942694, 5.302188682511516, 3.613375294610241, -1.9099745291234718, 4.93358620317096, -0.6854735142865709, 1.9385647953091807, 6.496442371467252, -0.8966397172725831, -0.9444527981283372, 2.497630755106565, -2.9486276255725947, -1.3059452587636229, 2.489407121574393, -0.3131447237049856, -3.251412895755646, -1.3564609413717243, -1.543501847028053, 0.01634736263131009, 0.3895148944616329, 0.4134459384997651, 1.9753396184021186, -2.6431968671758055, 3.066186707594963, 0.11862581499848013, 0.10013434758505166, 3.790536600037687, -1.5396039746497685, -1.3228448869592273, 0.7379682690125864, -4.97240767433411, -4.142329262837572, 0.34746915598648553, -3.333494764214417, -4.414853799274234, 3.371131320989705, -6.922057198549182, -2.1922775824929204, 5.317376760137153, -5.499761430834865, -5.002419884447867, 6.21130345456861, -1.9692072462212993, -7.233426526066309, 4.057493188893099, -3.023858819822706, -7.521133255415366, 9.067869947779055, -3.908850304164429, -5.723421852012993, 8.300454985684249, -6.536665260159513, -10.258073569019372, 8.675785744908488, -7.345014376576552, -10.948921439994193, 6.260860146082059, -5.2392201947812085, -10.859540313007244, 5.485978884599123, -10.163974216005613, -7.617965564503953, 5.201320298975811, -9.785224746078068, -9.73286750861021, 1.0120004957441546, -9.702672126307412, -11.6539817709784, 1.9765316264807054, -7.182498137479732, -8.405142093491316, 1.55846783859559, -6.722761762366537], "name": "C12H26", "identifiers": {"molecule_hash": "834a57c69a49f8beef1939f2fafe9b7d051a5f36", "molecular_formula": "C12H26"}, "molecular_charge": 0.0, "molecular_multiplicity": 1, "connectivity": [[0, 1, 1.0], [0, 12, 1.0], [0, 13, 1.0], [0, 14, 1.0], [1, 2, 1.0], [1, 15, 1.0], [1, 16, 1.0], [2, 3, 1.0], [2, 17, 1.0], [2, 18, 1.0], [3, 4, 1.0], [3, 19, 1.0], [3, 20, 1.0], [4, 5, 1.0], [4, 21, 1.0], [4, 22, 1.0], [5, 6, 1.0], [5, 23, 1.0], [5, 24, 1.0], [6, 7, 1.0], [6, 25, 1.0], [6, 26, 1.0], [7, 8, 1.0], [7, 27, 1.0], [7, 28, 1.0], [8, 9, 1.0], [8, 29, 1.0], [8, 30, 1.0], [9, 10, 1.0], [9, 31, 1.0], [9, 32, 1.0], [10, 11, 1.0], [10, 33, 1.0], [10, 34, 1.0], [11, 35, 1.0], [11, 36, 1.0], [11, 37, 1.0]], "fix_com": true, "fix_orientation": true, "provenance": {"creator": "QCElemental", "version": "v0.22.0", "routine": "qcelemental.molparse.from_schema"}, "id": "167880"}