{"schema_name": "qcschema_molecule", "schema_version": 2, "validated": true, "symbols": ["C", "C", "C", "C", "C", "C", "C", "C", "C", "C", "C", "C", "H", "H", "H", "H", "H", "H", "H", "H", "H", "H", "H", "H", "H", "H", "H", "H", "H", "H", "H", "H", "H", "H", "H", "H", "H", "H"], "geometry": [8.592029928268914, 1.1866967696580915, 3.0531133177191805e-16, 5.9494543502030695, -1.4673070627403875e-15, 1.1818984969644092e-15, 4.301898624195456, 0.9561205980157995, -2.1843548744565817, 1.6814085545303294, -0.2830295117481835, -2.3560946860547123, 0.0, 0.0, 0.0, -0.5020044231999656, 2.6982806005887343, 0.9658370536008998, -2.0438576065182525, 4.428309505837225, -0.8030284061427957, -0.5693064439550255, 5.841229200841048, -2.874218084147013, 1.3055812877782471, 7.81068674902873, -1.8696873674985075, 2.7773486089474924, 9.136694895798762, -3.98536305435573, 4.80976060626587, 10.990679132671811, -3.0577486412098622, 3.765106353872919, 13.264177974072142, -1.5928906890065804, 8.479389401457501, 3.249221555783238, 0.16526723604625626, 9.738994862361853, 0.4904729429343394, 1.5764982593125136, 9.604167647321232, 0.7576061113785355, -1.7559498905328759, 6.112265770906746, -2.066059720483138, -0.1158165570772883, 5.022732643957394, 0.4048750224427847, 1.8086233543420915, 4.105676965861449, 3.012447210876487, -2.024712984938917, 5.304134159912121, 0.624318892597646, -3.9715337093289094, 1.9292079865295966, -2.311281377746076, -2.722871574858567, 0.6905843018996902, 0.46757245540255377, -4.012900518573909, -1.8253773419074377, -0.9058287883239537, -0.3946770116381139, 0.8391420513301395, -1.0883496740148977, 1.5523643736513733, -1.5476463869774184, 2.513207844116904, 2.7465192375963254, 1.2859847836974707, 3.611250108186097, 1.475774508015295, -3.5430858368002185, 3.2997058749839967, -1.6902853458153095, -3.0177640846463714, 5.849920540512096, 0.3534487352001919, 0.4355150947217967, 4.502815093756627, -4.09014755637362, -1.9356624279848518, 6.805035394871182, -4.1039855121262345, 0.27121340506708513, 9.204544107656735, -0.7347733652477189, 2.6612475661609776, 6.914684154858179, -0.5805792441631968, 3.6831849794339258, 7.6907182660172, -5.167146876316263, 1.4461323332729874, 10.141330054726001, -5.223545195148624, 6.169817185124844, 9.969351331202827, -1.8677891530155821, 5.8799791141796565, 11.678312316040543, -4.695339393095585, 5.275723728388795, 14.589966579109062, -1.0971858043458103, 2.8433732925021844, 12.687345163306913, 0.1670476630180493, 2.3677695786743014, 14.295766074386266, -2.723688903430097], "name": "C12H26", "identifiers": {"molecule_hash": "1c3a263ed5d8bb65410e411e4d83f3d22949cf8e", "molecular_formula": "C12H26"}, "molecular_charge": 0.0, "molecular_multiplicity": 1, "connectivity": [[0, 1, 1.0], [0, 12, 1.0], [0, 13, 1.0], [0, 14, 1.0], [1, 2, 1.0], [1, 15, 1.0], [1, 16, 1.0], [2, 3, 1.0], [2, 17, 1.0], [2, 18, 1.0], [3, 4, 1.0], [3, 19, 1.0], [3, 20, 1.0], [4, 5, 1.0], [4, 21, 1.0], [4, 22, 1.0], [5, 6, 1.0], [5, 23, 1.0], [5, 24, 1.0], [6, 7, 1.0], [6, 25, 1.0], [6, 26, 1.0], [7, 8, 1.0], [7, 27, 1.0], [7, 28, 1.0], [8, 9, 1.0], [8, 29, 1.0], [8, 30, 1.0], [9, 10, 1.0], [9, 31, 1.0], [9, 32, 1.0], [10, 11, 1.0], [10, 33, 1.0], [10, 34, 1.0], [11, 35, 1.0], [11, 36, 1.0], [11, 37, 1.0]], "fix_com": true, "fix_orientation": true, "provenance": {"creator": "QCElemental", "version": "v0.22.0", "routine": "qcelemental.molparse.from_schema"}, "id": "172548"}