{"schema_name": "qcschema_molecule", "schema_version": 2, "validated": true, "symbols": ["C", "C", "C", "C", "C", "C", "C", "C", "C", "C", "C", "C", "H", "H", "H", "H", "H", "H", "H", "H", "H", "H", "H", "H", "H", "H", "H", "H", "H", "H", "H", "H", "H", "H", "H", "H", "H", "H"], "geometry": [5.864416079149375, 2.8672977117431784, 3.608224830031759e-15, 6.12038664828475, 1.7989874992417182e-15, 3.4103199961488775e-16, 4.365739928842043, -1.4079598097993644, -1.821984433329253, 1.7705102967817297, -2.139468897479284, -0.7824071958988149, 0.0, -0.0, 0.0, -0.6693115824790206, 1.819402068404396, -2.128082443729065, -2.5147397151931186, 3.9083241425574102, -1.3846405208590602, -5.183617999063773, 2.9918817083484766, -0.8056213225702431, -7.012190866953653, 5.074670312969592, -0.009490900333673113, -7.562672145935894, 7.026346667214584, -2.05562347328406, -9.656388390956572, 8.88984307134889, -1.3786244139343493, -9.041281447695011, 10.598229131727889, 0.8506656555505314, 7.288164082382423, 3.7416260603925187, 1.2280492640029421, 4.007270210259687, 3.505049965541795, 0.6585411400286512, 6.139865492810878, 3.6307314824705044, -1.9112470063415892, 5.839822743674883, -0.7346989688710558, 1.9269546789407732, 8.0844059309036, -0.46315180407108214, -0.491347083883765, 5.298308846773047, -3.170335457180869, -2.401529041376812, 4.157343856607224, -0.2969521138259856, -3.568445061259004, 0.8050864294839217, -3.2977736437528704, -2.2155487159814795, 2.055436946722089, -3.390097795185874, 0.8543896072089832, -1.7358794915734044, -0.8560391306275434, 0.7528008868912054, 0.8248534440965352, 1.0638066270214084, 1.585891811778237, 1.0696642748892018, 2.6980489865696984, -2.8457317334004384, -1.4612258213441358, 0.7409924764890778, -3.7242792257567525, -2.589385335910093, 5.2994533975460305, -2.9235523440183, -1.7676006306139855, 4.927899129022882, 0.27135325198955107, -5.115203148304326, 1.566559665873765, 0.7021404353094194, -5.9427852781376425, 2.0170024081909625, -2.48223315026695, -8.808857115701686, 4.201973327617593, 0.5710432316918048, -6.261659793613738, 6.0175517955618965, 1.6853354011458122, -8.090896304894143, 6.026860698575572, -3.8019111803393764, -5.834046764742366, 8.091588659426936, -2.5052613524414675, -10.066980717629695, 10.065216154733847, -3.040995646563846, -11.403786457192812, 7.833234623066948, -0.979886345985657, -10.559088640257908, 11.968391537151644, 1.1893560416613742, -7.294381981523113, 11.668243724528867, 0.5116822901365653, -8.780251921581485, 9.520151535366754, 2.602415681643372], "name": "C12H26", "identifiers": {"molecule_hash": "75eae738f46be0826777d10031b40bfeee7fdb20", "molecular_formula": "C12H26"}, "molecular_charge": 0.0, "molecular_multiplicity": 1, "connectivity": [[0, 1, 1.0], [0, 12, 1.0], [0, 13, 1.0], [0, 14, 1.0], [1, 2, 1.0], [1, 15, 1.0], [1, 16, 1.0], [2, 3, 1.0], [2, 17, 1.0], [2, 18, 1.0], [3, 4, 1.0], [3, 19, 1.0], [3, 20, 1.0], [4, 5, 1.0], [4, 21, 1.0], [4, 22, 1.0], [5, 6, 1.0], [5, 23, 1.0], [5, 24, 1.0], [6, 7, 1.0], [6, 25, 1.0], [6, 26, 1.0], [7, 8, 1.0], [7, 27, 1.0], [7, 28, 1.0], [8, 9, 1.0], [8, 29, 1.0], [8, 30, 1.0], [9, 10, 1.0], [9, 31, 1.0], [9, 32, 1.0], [10, 11, 1.0], [10, 33, 1.0], [10, 34, 1.0], [11, 35, 1.0], [11, 36, 1.0], [11, 37, 1.0]], "fix_com": true, "fix_orientation": true, "provenance": {"creator": "QCElemental", "version": "v0.22.0", "routine": "qcelemental.molparse.from_schema"}, "id": "177525"}