{"schema_name": "qcschema_molecule", "schema_version": 2, "validated": true, "symbols": ["C", "C", "C", "C", "C", "C", "C", "C", "C", "C", "C", "C", "H", "H", "H", "H", "H", "H", "H", "H", "H", "H", "H", "H", "H", "H", "H", "H", "H", "H", "H", "H", "H", "H", "H", "H", "H", "H"], "geometry": [7.261759339490543, 1.6537280847847997, 1.1102230246251565e-16, 4.883390501294713, 1.34513686971627e-15, -1.337828345416848e-15, 2.444965834559099, 1.5602975878628, 0.13989019900494626, 0.0, 0.0, 0.0, -0.3163869113858595, -2.028685511032359, 2.059795383297703, -0.13276065367770196, -1.1586964919487832, 4.830168708084165, -2.2334866282995423, 0.6401828819174442, 5.75222057452448, -1.8621399447482767, 3.4762723161306583, 5.223856836577669, 0.37529955341029964, 4.667656244519461, 6.630099286749222, 0.7177127849584581, 7.4785421736499345, 6.0119134431730075, 3.049024835486242, 8.703773515569003, 7.233476727958738, 2.9745231371870404, 8.773052398050666, 10.130985699889134, 7.362587997940589, 2.8087684291446973, 1.7174763536967363, 8.984461249998144, 0.5093527783098283, -0.09113848811475875, 7.274295836593401, 2.9451335616195577, -1.6198815709968475, 4.850064465018706, -1.1744877067317943, -1.711137576073199, 4.969516886630644, -1.3141873796334995, 1.5997965869002142, 2.46967192777296, 2.686810103172557, 1.8785180409124136, 2.4394194695781803, 2.9316998520378306, -1.4182502620056707, -0.07793701732406938, -0.9473916850309938, -1.8455650335462281, -1.6218306099284954, 1.2878298195697226, 0.0360750313545562, -2.154672581307108, -2.951763701726983, 1.7824316739786514, 1.1029095952210042, -3.5099782078492954, 1.7600139353872817, -0.1982424143177226, -2.8682117418681283, 6.001372290436887, 1.7288717624354146, -0.3238155562624141, 5.187594929426719, -4.03728754039097, 0.028818583322966385, 4.92687683826138, -2.444313496390141, 0.40726901773067503, 7.8036138337653345, -1.6481556885437874, 3.8137471884470266, 3.194121736444554, -3.5937919222867496, 4.474957565455238, 5.782594863860753, 0.0996177550499, 4.411485785687864, 8.669501475520601, 2.130168712430403, 3.6671538505690684, 6.159057191843537, 0.8554249892007306, 7.690351395989456, 3.9517743342891447, -0.9849208647758867, 8.520943587651928, 6.585465128577976, 4.752631188252979, 7.6940800961850755, 6.611293030840079, 3.2341509724628583, 10.641121719168378, 6.517710864263731, 4.610793895837141, 9.785053263681338, 10.895103401857174, 2.984623040700574, 6.871714303017583, 10.946168115825186, 1.2674724448532033, 9.735490187127631, 10.805611603434787], "name": "C12H26", "identifiers": {"molecule_hash": "1c3a263ed5d8bb65410e411e4d83f3d22949cf8e", "molecular_formula": "C12H26"}, "molecular_charge": 0.0, "molecular_multiplicity": 1, "connectivity": [[0, 1, 1.0], [0, 12, 1.0], [0, 13, 1.0], [0, 14, 1.0], [1, 2, 1.0], [1, 15, 1.0], [1, 16, 1.0], [2, 3, 1.0], [2, 17, 1.0], [2, 18, 1.0], [3, 4, 1.0], [3, 19, 1.0], [3, 20, 1.0], [4, 5, 1.0], [4, 21, 1.0], [4, 22, 1.0], [5, 6, 1.0], [5, 23, 1.0], [5, 24, 1.0], [6, 7, 1.0], [6, 25, 1.0], [6, 26, 1.0], [7, 8, 1.0], [7, 27, 1.0], [7, 28, 1.0], [8, 9, 1.0], [8, 29, 1.0], [8, 30, 1.0], [9, 10, 1.0], [9, 31, 1.0], [9, 32, 1.0], [10, 11, 1.0], [10, 33, 1.0], [10, 34, 1.0], [11, 35, 1.0], [11, 36, 1.0], [11, 37, 1.0]], "fix_com": true, "fix_orientation": true, "provenance": {"creator": "QCElemental", "version": "v0.22.0", "routine": "qcelemental.molparse.from_schema"}, "id": "172548"}