{"schema_name": "qcschema_molecule", "schema_version": 2, "validated": true, "symbols": ["C", "C", "C", "C", "C", "C", "C", "C", "C", "C", "C", "C", "H", "H", "H", "H", "H", "H", "H", "H", "H", "H", "H", "H", "H", "H", "H", "H", "H", "H", "H", "H", "H", "H", "H", "H", "H", "H"], "geometry": [13.829034548531277, 2.841742703428802, 9.992007221626409e-16, 13.252792322983563, 1.0569092090010477e-15, -6.787228700808624e-16, 10.497928211552555, -0.6506486042456626, -0.6471739056050259, 8.562699079509096, 0.33945138445481815, 1.2751108715830448, 5.861558975226781, -0.6453268962501177, 0.8682429972640741, 4.639815190662239, 0.22814972194628597, -1.6122214854936687, 1.940580412767331, -0.7653373688181156, -2.02495251692832, 0.0, 0.0, -0.0, -0.26079169924790635, 2.8621583442959224, 0.4375870712822284, -0.9305306996278276, 4.424086740420292, -1.9177987379751946, -3.4486006026967138, 3.7036166016739585, -3.1600180929660517, -4.122026386944067, 5.414801834145446, -5.3982743275334, 15.84022064287261, 3.1951572521738036, 0.34007687755789934, 13.338351354249937, 3.6972360795950046, -1.822895946306757, 12.765846620805581, 3.8410938535140637, 1.4664701064161867, 14.497359733904283, -0.9397566124954922, -1.3668458426848002, 13.725141596957284, -0.7991445066465854, 1.8564987133322255, 10.309396007311655, -2.714395913229711, -0.7751930769377784, 10.061936417920222, 0.08787399159155995, -2.5353132380654513, 9.18869515328597, -0.19889655908916387, 3.1801727850686023, 8.5327124171574, 2.413068483286811, 1.2434773983603709, 4.692765320843896, -0.026589620610840636, 2.4635194600214767, 5.870324889364708, -2.721956435920158, 0.9313049121584989, 4.647246911321615, 2.302088708422216, -1.6743809039994977, 5.803106528793866, -0.3907043913826749, -3.210738171333799, 1.998691310445122, -2.837461722829789, -2.1257759127450226, 1.2789624853535981, -0.12804356906813186, -3.8838280561750906, -1.8420477848044519, -0.7893680681472188, -0.5282184122243967, 0.4903224862520845, -0.895924778242768, 1.8030891857476967, -1.7160531247096267, 3.1738053196769456, 1.8840869505246265, 1.5030946225024364, 3.597327153072672, 1.2421116279153241, -1.0006349739658236, 6.427697164544043, -1.3808706382253333, 0.5873390677451, 4.2700969375953255, -3.323313460472469, -3.3769877921747264, 1.7358780574269213, -3.8058305000314556, -4.9594896534333115, 3.7899032338108656, -1.739213744643923, -2.665167142619829, 5.323805437362313, -6.86871624265076, -4.284668969503061, 7.392828267822558, -4.804151663343589, -5.92192722828851, 4.864650225701559, -6.260592071891478], "name": "C12H26", "identifiers": {"molecule_hash": "878a758bf5a464b198206430813c3f95987db405", "molecular_formula": "C12H26"}, "molecular_charge": 0.0, "molecular_multiplicity": 1, "connectivity": [[0, 1, 1.0], [0, 12, 1.0], [0, 13, 1.0], [0, 14, 1.0], [1, 2, 1.0], [1, 15, 1.0], [1, 16, 1.0], [2, 3, 1.0], [2, 17, 1.0], [2, 18, 1.0], [3, 4, 1.0], [3, 19, 1.0], [3, 20, 1.0], [4, 5, 1.0], [4, 21, 1.0], [4, 22, 1.0], [5, 6, 1.0], [5, 23, 1.0], [5, 24, 1.0], [6, 7, 1.0], [6, 25, 1.0], [6, 26, 1.0], [7, 8, 1.0], [7, 27, 1.0], [7, 28, 1.0], [8, 9, 1.0], [8, 29, 1.0], [8, 30, 1.0], [9, 10, 1.0], [9, 31, 1.0], [9, 32, 1.0], [10, 11, 1.0], [10, 33, 1.0], [10, 34, 1.0], [11, 35, 1.0], [11, 36, 1.0], [11, 37, 1.0]], "fix_com": true, "fix_orientation": true, "provenance": {"creator": "QCElemental", "version": "v0.22.0", "routine": "qcelemental.molparse.from_schema"}, "id": "168550"}