{"schema_name": "qcschema_molecule", "schema_version": 2, "validated": true, "symbols": ["C", "C", "C", "C", "C", "C", "C", "C", "C", "C", "C", "C", "H", "H", "H", "H", "H", "H", "H", "H", "H", "H", "H", "H", "H", "H", "H", "H", "H", "H", "H", "H", "H", "H", "H", "H", "H", "H"], "geometry": [0.0, 0.0, 0.0, 2.8787005922865867, -2.915869117723338e-17, -1.0712479812307252e-16, 4.125062242772406, 2.15605069156202, 1.4760729192586106, 4.622909059877527, 4.590059833861075, 8.881784197001252e-16, 2.3344832263376007, 6.0069268548366015, -1.0391294162637428, 0.462773654105586, 6.86716557332147, 0.9717483504583408, -1.7819671813854754, 8.368632285752142, -0.04247184778193036, -1.1064683099548693, 10.969633451269491, -1.080034122055414, -3.343601221599138, 12.4461136447982, -2.143402979831799, -5.336494878633631, 13.164166480552144, -0.19109569532586868, -7.37878046054335, 14.940395407498189, -1.1854169161841819, -9.025704833316357, 13.807009061536576, -3.2517540614738345, -0.7442670809331012, -1.6832904131763557, -0.9550985969668402, -0.8003612008753005, 1.6545869807607652, -0.9545464996006745, -0.7359170892476324, -0.011448101063524285, 1.9416136587278223, 3.5855419273578266, 0.011272628175158228, -1.957524270350332, 3.514656011364531, -1.8032765986030972, 0.8105908381112408, 5.963379805852552, 1.4939720047977976, 2.1787570671479863, 2.9999250561237876, 2.5609360250941675, 3.178431849171674, 5.690781300554228, 5.883363206021517, 1.230700211474581, 5.893919398078343, 4.1409888558290096, -1.583422744299485, 3.032779181251685, 7.65731050346466, -2.088608501060888, 1.3482354347248195, 4.833830361010509, -2.445643011046843, -0.2577652110755153, 5.205770291156088, 1.987458645000487, 1.4664954807290633, 8.010969517052242, 2.393787242216715, -3.1742234036286976, 8.58232497355304, 1.482329850486463, -2.731068806007656, 7.26373558614004, -1.5319263552345794, 0.3192912254996063, 10.770361655409534, -2.575717756226915, -0.20295485911419675, 12.085933732355791, 0.4283719754067885, -2.634118480539117, 14.186980754673646, -3.033709366403985, -4.216011523043682, 11.337988257288966, -3.6717082392423066, -4.387937046841371, 14.067837573467724, 1.4248035326584323, -6.243810044050886, 11.450896424162082, 0.5615963647712405, -8.5860071215192, 15.523755531990354, 0.40072961334088086, -6.481733884957798, 16.680009913476812, -1.8910104773207301, -10.52540143680264, 15.118896858094768, -3.822416286795929, -9.936148784977869, 12.056523700957422, -2.604922159796805, -7.928687203226575, 13.346679127285125, -4.94988966916227], "name": "C12H26", "identifiers": {"molecule_hash": "75eae738f46be0826777d10031b40bfeee7fdb20", "molecular_formula": "C12H26"}, "molecular_charge": 0.0, "molecular_multiplicity": 1, "connectivity": [[0, 1, 1.0], [0, 12, 1.0], [0, 13, 1.0], [0, 14, 1.0], [1, 2, 1.0], [1, 15, 1.0], [1, 16, 1.0], [2, 3, 1.0], [2, 17, 1.0], [2, 18, 1.0], [3, 4, 1.0], [3, 19, 1.0], [3, 20, 1.0], [4, 5, 1.0], [4, 21, 1.0], [4, 22, 1.0], [5, 6, 1.0], [5, 23, 1.0], [5, 24, 1.0], [6, 7, 1.0], [6, 25, 1.0], [6, 26, 1.0], [7, 8, 1.0], [7, 27, 1.0], [7, 28, 1.0], [8, 9, 1.0], [8, 29, 1.0], [8, 30, 1.0], [9, 10, 1.0], [9, 31, 1.0], [9, 32, 1.0], [10, 11, 1.0], [10, 33, 1.0], [10, 34, 1.0], [11, 35, 1.0], [11, 36, 1.0], [11, 37, 1.0]], "fix_com": true, "fix_orientation": true, "provenance": {"creator": "QCElemental", "version": "v0.22.0", "routine": "qcelemental.molparse.from_schema"}, "id": "177525"}