{"schema_name": "qcschema_molecule", "schema_version": 2, "validated": true, "symbols": ["C", "C", "C", "C", "C", "C", "C", "C", "C", "C", "C", "C", "C", "C", "C", "H", "H", "H", "H", "H", "H", "H", "H", "H", "H", "H", "H", "H", "H", "H", "H", "H", "H", "H", "H", "H", "H", "H", "H", "H", "H", "H", "H", "H", "H", "H", "H"], "geometry": [-2.61390831, 7.28786992, 0.65807613, -1.83397317, 6.42850039, 3.31370063, 0.95220537, 6.96794282, 3.68006645, 2.57446889, 5.62291344, 1.80894847, 2.291023, 2.77294857, 1.94885775, 2.98608725, 1.74164273, 4.47371131, 2.70300005, -1.08018949, 4.54189444, 0.04659521, -1.99814974, 4.03437017, -0.14414056, -4.80966284, 4.14246922, -2.53089729, -6.01987189, 3.68297873, -3.99571674, -5.97847842, 1.35378862, -2.99048396, -7.09016604, -0.98840208, -0.74369027, -6.17051977, -2.2769513, -0.79317083, -3.53887846, -3.3110908, -2.86081373, -3.18037581, -5.26026988, -1.80510026, 9.2165722, 0.41865769, -4.69910776, 7.52435601, 0.56694184, -1.85148337, 6.06406094, -0.81633089, -2.97368188, 7.59339919, 4.62614672, -2.32691168, 4.44296149, 3.62856019, 1.23940654, 9.02679519, 3.40828174, 1.42305327, 6.54798946, 5.66327272, 1.93798329, 6.18558361, -0.11319406, 4.53065043, 6.23482024, 2.00825625, 3.69775281, 1.99826568, 0.55669823, 0.42903803, 2.26157137, 1.22975059, 1.75025571, 2.49805412, 6.01881969, 4.97276575, 2.19049989, 4.94323714, 3.15201579, -1.68646935, 6.53614304, 4.11543917, -2.02456144, 3.31178548, -1.14414595, -1.02047079, 5.46200645, -0.57041401, -1.22213474, 2.21827619, 0.5274067, -5.27730132, 6.14247797, 1.42727121, -5.60224755, 2.99618365, -2.33513925, -8.12058161, 4.19542214, -3.88332514, -5.4242232, 5.27638087, -5.74964237, -7.19009691, 1.75501211, -4.9620677, -4.13439953, 0.93254698, -4.61063843, -6.98805825, -2.41921977, -2.83013486, -9.20629011, -0.69786967, -0.54883733, -7.39848707, -4.0492541, 1.10524348, -6.48334947, -1.34584926, 1.05109771, -3.30219325, -4.36830208, -0.89387402, -1.99563229, -2.00386733, -4.64501648, -2.62204698, -4.26401404, -2.3563156, -1.55300053, -6.48944057, -3.12643518, -4.82628679, -6.48829328], "name": "C15H32", "molecular_charge": 0.0, "molecular_multiplicity": 1, "connectivity": [[0, 1, 1.0], [0, 15, 1.0], [0, 16, 1.0], [0, 17, 1.0], [1, 2, 1.0], [1, 18, 1.0], [1, 19, 1.0], [2, 3, 1.0], [2, 20, 1.0], [2, 21, 1.0], [3, 4, 1.0], [3, 22, 1.0], [3, 23, 1.0], [4, 5, 1.0], [4, 24, 1.0], [4, 25, 1.0], [5, 6, 1.0], [5, 26, 1.0], [5, 27, 1.0], [6, 7, 1.0], [6, 28, 1.0], [6, 29, 1.0], [7, 8, 1.0], [7, 30, 1.0], [7, 31, 1.0], [8, 9, 1.0], [8, 32, 1.0], [8, 33, 1.0], [9, 10, 1.0], [9, 34, 1.0], [9, 35, 1.0], [10, 11, 1.0], [10, 36, 1.0], [10, 37, 1.0], [11, 12, 1.0], [11, 38, 1.0], [11, 39, 1.0], [12, 13, 1.0], [12, 40, 1.0], [12, 41, 1.0], [13, 14, 1.0], [13, 42, 1.0], [13, 43, 1.0], [14, 44, 1.0], [14, 45, 1.0], [14, 46, 1.0]], "fix_com": false, "fix_orientation": false, "provenance": {"creator": "QCElemental", "version": "v0.22.0", "routine": "qcelemental.molparse.from_schema"}}