{"schema_name": "qcschema_molecule", "schema_version": 2, "validated": true, "symbols": ["C", "C", "C", "C", "C", "C", "C", "C", "C", "C", "C", "C", "C", "C", "C", "H", "H", "H", "H", "H", "H", "H", "H", "H", "H", "H", "H", "H", "H", "H", "H", "H", "H", "H", "H", "H", "H", "H", "H", "H", "H", "H", "H", "H", "H", "H", "H"], "geometry": [-9.2771245, -0.51228231, -2.8087571, -6.58001961, -1.36801519, -2.05603524, -6.45697479, -4.08014479, -2.65148562, -4.14178225, -5.52927107, -2.21355614, -3.05416735, -5.82631535, 0.30288503, -2.22484055, -3.62428564, 1.78078802, -0.22023673, -2.017637, 0.49878949, 0.3430275, 0.09717132, 2.30657337, 2.33725517, 1.93639342, 1.39405358, 1.53658464, 3.17547653, -1.0147316, 3.24635904, 5.01998291, -2.18270854, 5.66947584, 4.17886868, -3.24044153, 7.56333377, 2.87067727, -1.67663497, 10.0158234, 2.40038983, -3.22442545, 11.77825775, 1.05197944, -1.38624983, -9.27726288, -0.38195391, -4.89524214, -10.67405957, -1.97434524, -2.26653156, -9.68336371, 1.37147015, -2.05008072, -6.3893292, -0.75603541, -0.11577856, -5.33539705, -0.15689545, -3.29646222, -7.03625157, -4.26207104, -4.71546167, -8.15430122, -4.98125243, -1.67529486, -4.56451518, -7.52794657, -2.91998636, -2.70102132, -4.89783512, -3.66048735, -1.3321247, -7.10646606, 0.11236164, -4.32471241, -6.98102958, 1.53219879, -1.12730949, -4.47176857, 3.46107134, -3.69304491, -2.52473969, 2.75443608, 1.58354423, -3.12878292, 0.31480635, -0.75323352, -1.46116021, -1.40635882, -1.41626113, 1.19202821, 2.64545337, 0.89095248, -0.76452259, 4.12658595, 4.225349, 1.26149426, 1.57858788, 2.20894716, 3.53559294, 2.87480865, -0.47122878, 3.9523418, -0.81976261, 1.21180053, 1.57109365, -2.43485864, 2.14278371, 5.88332799, -3.8406479, 3.53161941, 6.69769077, -0.83108482, 6.63409933, 5.82322143, -4.28794503, 5.16387693, 2.86070158, -4.90437484, 6.96900765, 0.83893838, -1.31464891, 8.0961078, 3.91779078, -0.02394607, 10.83205637, 4.19340887, -3.85326548, 9.54845786, 1.05914184, -4.72501384, 12.12989068, 2.27455744, 0.2733502, 10.62970463, -0.58090394, -0.63254726, 13.49990949, 0.40503045, -2.34517303], "name": "C15H32", "molecular_charge": 0.0, "molecular_multiplicity": 1, "connectivity": [[0, 1, 1.0], [0, 15, 1.0], [0, 16, 1.0], [0, 17, 1.0], [1, 2, 1.0], [1, 18, 1.0], [1, 19, 1.0], [2, 3, 1.0], [2, 20, 1.0], [2, 21, 1.0], [3, 4, 1.0], [3, 22, 1.0], [3, 23, 1.0], [4, 5, 1.0], [4, 24, 1.0], [4, 25, 1.0], [5, 6, 1.0], [5, 26, 1.0], [5, 27, 1.0], [6, 7, 1.0], [6, 28, 1.0], [6, 29, 1.0], [7, 8, 1.0], [7, 30, 1.0], [7, 31, 1.0], [8, 9, 1.0], [8, 32, 1.0], [8, 33, 1.0], [9, 10, 1.0], [9, 34, 1.0], [9, 35, 1.0], [10, 11, 1.0], [10, 36, 1.0], [10, 37, 1.0], [11, 12, 1.0], [11, 38, 1.0], [11, 39, 1.0], [12, 13, 1.0], [12, 40, 1.0], [12, 41, 1.0], [13, 14, 1.0], [13, 42, 1.0], [13, 43, 1.0], [14, 44, 1.0], [14, 45, 1.0], [14, 46, 1.0]], "fix_com": false, "fix_orientation": false, "provenance": {"creator": "QCElemental", "version": "v0.22.0", "routine": "qcelemental.molparse.from_schema"}}