{"schema_name": "qcschema_molecule", "schema_version": 2, "validated": true, "symbols": ["C", "C", "C", "C", "C", "C", "C", "C", "C", "C", "C", "C", "C", "C", "C", "H", "H", "H", "H", "H", "H", "H", "H", "H", "H", "H", "H", "H", "H", "H", "H", "H", "H", "H", "H", "H", "H", "H", "H", "H", "H", "H", "H", "H", "H", "H", "H"], "geometry": [-8.11534237, 4.21617367, -2.34195095, -5.57140718, 5.23988627, -1.57702719, -5.47901547, 6.06116021, 1.13527279, -6.0459152, 3.92846466, 2.94333106, -4.18441303, 1.80567038, 2.6639284, -1.47485655, 2.63405452, 3.1791325, 0.17786564, 0.30827733, 2.82878257, 2.93220004, 0.92044293, 3.29839869, 3.9676284, 2.8300142, 1.56171728, 4.10909957, 2.28700597, -1.18461286, 5.8087439, 0.35780255, -2.12754902, 5.7840342, -2.30747561, -1.51382746, 3.55225926, -3.89230954, -2.05989067, 2.81614549, -3.96163067, -4.81810284, 0.52469712, -5.61514285, -5.22695346, -7.99048134, 3.73776074, -4.3854943, -9.6150947, 5.66431047, -2.16956561, -8.60121562, 2.43597602, -1.35936293, -5.17691194, 6.87379989, -2.82932249, -4.1337407, 3.78868886, -2.02678088, -6.88351993, 7.57638471, 1.44901449, -3.60385155, 6.906031, 1.49797856, -5.909649, 4.61545248, 4.91931449, -7.9390429, 3.15574682, 2.70135386, -4.34821851, 1.07375813, 0.69395206, -4.71612038, 0.22294296, 3.90504414, -0.89742263, 4.21529551, 2.00185318, -1.38530453, 3.23609279, 5.18436399, -0.402233, -1.07945977, 4.27100407, -0.26265833, -0.42002086, 0.96853932, 3.98734131, -0.81476157, 3.40689643, 2.98439748, 1.76379857, 5.24675033, 6.0211658, 3.12253659, 2.17961642, 3.13911873, 4.75265238, 1.95503143, 4.7191018, 4.1663073, -2.08556192, 2.10732172, 2.1416925, -1.89547376, 7.82726671, 1.11186592, -1.71699078, 5.89943584, 0.467425, -4.31647622, 6.42799723, -2.70862924, 0.46059443, 7.41054085, -3.30221962, -2.62934028, 2.03826351, -3.63396939, -0.72726431, 4.20652194, -5.92173831, -1.67432286, 2.5824546, -2.08415916, -5.66034402, 4.39774384, -4.88956879, -5.89187421, 0.69635462, -7.24257896, -3.8854947, 0.34665894, -6.25952389, -7.1949897, -1.2698389, -4.65800593, -4.7119098], "name": "C15H32", "molecular_charge": 0.0, "molecular_multiplicity": 1, "connectivity": [[0, 1, 1.0], [0, 15, 1.0], [0, 16, 1.0], [0, 17, 1.0], [1, 2, 1.0], [1, 18, 1.0], [1, 19, 1.0], [2, 3, 1.0], [2, 20, 1.0], [2, 21, 1.0], [3, 4, 1.0], [3, 22, 1.0], [3, 23, 1.0], [4, 5, 1.0], [4, 24, 1.0], [4, 25, 1.0], [5, 6, 1.0], [5, 26, 1.0], [5, 27, 1.0], [6, 7, 1.0], [6, 28, 1.0], [6, 29, 1.0], [7, 8, 1.0], [7, 30, 1.0], [7, 31, 1.0], [8, 9, 1.0], [8, 32, 1.0], [8, 33, 1.0], [9, 10, 1.0], [9, 34, 1.0], [9, 35, 1.0], [10, 11, 1.0], [10, 36, 1.0], [10, 37, 1.0], [11, 12, 1.0], [11, 38, 1.0], [11, 39, 1.0], [12, 13, 1.0], [12, 40, 1.0], [12, 41, 1.0], [13, 14, 1.0], [13, 42, 1.0], [13, 43, 1.0], [14, 44, 1.0], [14, 45, 1.0], [14, 46, 1.0]], "fix_com": false, "fix_orientation": false, "provenance": {"creator": "QCElemental", "version": "v0.22.0", "routine": "qcelemental.molparse.from_schema"}}