{"schema_name": "qcschema_molecule", "schema_version": 2, "validated": true, "symbols": ["C", "C", "C", "C", "C", "C", "C", "C", "C", "C", "C", "C", "C", "C", "C", "H", "H", "H", "H", "H", "H", "H", "H", "H", "H", "H", "H", "H", "H", "H", "H", "H", "H", "H", "H", "H", "H", "H", "H", "H", "H", "H", "H", "H", "H", "H", "H"], "geometry": [-9.01916576, 2.24471056, -2.23411349, -6.71478221, 3.42432824, -3.37670263, -5.67314947, 1.96158834, -5.5690859, -4.90060394, -0.66630946, -4.93168541, -2.86429206, -0.78170063, -2.92583919, -2.17709489, -3.49956491, -2.3769756, -0.16457902, -3.72894466, -0.38403328, 2.21760578, -2.44198481, -1.1385176, 4.2582293, -2.68462375, 0.82609143, 3.53356711, -1.54955239, 3.34340102, 5.63430991, -1.81374103, 5.25464633, 5.02923875, -0.7297305, 7.7715222, 4.44500083, 2.03082496, 7.79172355, 6.58663484, 3.64887665, 6.83437408, 8.9484367, 3.31867739, 8.41817438, -8.59349646, 1.21990727, -0.44235165, -9.98773826, 0.96895903, -3.5920886, -10.47564408, 3.70642397, -1.7050761, -5.27162615, 3.76617678, -1.88427653, -7.25860465, 5.32978843, -4.08749545, -3.98357872, 3.0303333, -6.26764514, -7.17333358, 1.85680044, -7.0270493, -4.10445969, -1.54480119, -6.6613403, -6.50532383, -1.82065276, -4.29569711, -1.14054486, 0.19811697, -3.61600531, -3.49632301, 0.10613102, -1.13401066, -3.82333694, -4.61371681, -1.72360947, -1.44187803, -4.32542915, -4.20066825, -0.86971226, -2.87359135, 1.39664114, 0.20421866, -5.72416349, 0.01999585, 1.96665388, -0.38662948, -1.48133669, 2.97009959, -3.31706972, -2.89178206, 5.96626203, -1.72188072, 0.00565033, 4.84014147, -4.69302561, 1.02444468, 1.78971757, -2.39568177, 4.03272037, 3.29707526, 0.52782237, 3.00110987, 7.41347523, -0.96163228, 4.54857416, 6.00566777, -3.86243637, 5.50362744, 6.61355005, -1.05867777, 9.10204275, 3.37528817, -1.73084625, 8.5876811, 2.65922393, 2.54297021, 6.82289525, 4.15437673, 2.58207916, 9.81753747, 5.99914241, 5.65246872, 7.0389078, 7.12145132, 3.20664304, 4.86164037, 9.78308855, 1.47552087, 7.89632304, 10.2246771, 4.92913971, 7.89320876, 8.53094827, 3.44132866, 10.46759797], "name": "C15H32", "molecular_charge": 0.0, "molecular_multiplicity": 1, "connectivity": [[0, 1, 1.0], [0, 15, 1.0], [0, 16, 1.0], [0, 17, 1.0], [1, 2, 1.0], [1, 18, 1.0], [1, 19, 1.0], [2, 3, 1.0], [2, 20, 1.0], [2, 21, 1.0], [3, 4, 1.0], [3, 22, 1.0], [3, 23, 1.0], [4, 5, 1.0], [4, 24, 1.0], [4, 25, 1.0], [5, 6, 1.0], [5, 26, 1.0], [5, 27, 1.0], [6, 7, 1.0], [6, 28, 1.0], [6, 29, 1.0], [7, 8, 1.0], [7, 30, 1.0], [7, 31, 1.0], [8, 9, 1.0], [8, 32, 1.0], [8, 33, 1.0], [9, 10, 1.0], [9, 34, 1.0], [9, 35, 1.0], [10, 11, 1.0], [10, 36, 1.0], [10, 37, 1.0], [11, 12, 1.0], [11, 38, 1.0], [11, 39, 1.0], [12, 13, 1.0], [12, 40, 1.0], [12, 41, 1.0], [13, 14, 1.0], [13, 42, 1.0], [13, 43, 1.0], [14, 44, 1.0], [14, 45, 1.0], [14, 46, 1.0]], "fix_com": false, "fix_orientation": false, "provenance": {"creator": "QCElemental", "version": "v0.22.0", "routine": "qcelemental.molparse.from_schema"}}