{"schema_name": "qcschema_molecule", "schema_version": 2, "validated": true, "symbols": ["C", "C", "C", "C", "C", "C", "C", "C", "C", "C", "C", "C", "C", "C", "C", "H", "H", "H", "H", "H", "H", "H", "H", "H", "H", "H", "H", "H", "H", "H", "H", "H", "H", "H", "H", "H", "H", "H", "H", "H", "H", "H", "H", "H", "H", "H", "H"], "geometry": [-9.71351515, 4.38346646, 1.37017943, -7.00676015, 3.90385754, 2.44789317, -6.66730399, 1.15561904, 2.27808099, -4.44507784, -0.16406606, 3.14777946, -1.87774495, 0.19982233, 2.15590643, -0.68415273, 2.73406903, 2.39072789, 1.95268009, 2.8618768, 1.42157711, 4.02476362, 1.4962647, 2.57212929, 4.18036666, -1.25306402, 2.80792462, 4.02020737, -2.66398357, 0.33469313, 4.18547252, -5.47987692, 0.68741366, 4.04622306, -6.71317235, -1.86685373, 1.623968, -6.09347239, -3.15356414, 1.60617195, -7.45258986, -5.72481276, -0.81354464, -6.87516905, -7.0879005, -11.10089317, 3.75813404, 2.78014916, -9.8726801, 3.14806055, -0.3022728, -9.91822237, 6.34599231, 0.77785788, -7.15059157, 4.53001277, 4.4479517, -5.86300242, 5.14171369, 1.2698005, -8.37950199, 0.29832765, 3.30622996, -7.16266621, 0.62862348, 0.22909121, -4.27725998, -0.03989795, 5.31492955, -4.86503751, -2.28821536, 2.95122807, -1.77380264, -0.25113997, 0.04740811, -0.5765557, -1.22843289, 2.96838417, -0.85484453, 3.52018555, 4.35484613, -1.88598962, 4.04232114, 1.16150233, 2.49308576, 4.96740244, 1.45924913, 1.77614382, 2.55823842, -0.69327025, 5.93051797, 2.12624071, 1.69706346, 4.30205135, 2.3540105, 4.56981196, 3.11728427, -2.15504054, 4.32859465, 6.26243889, -1.7392224, 3.44333229, 2.21802936, -2.2033711, -0.52443833, 5.68682979, -2.10711958, -0.84696665, 6.10248614, -5.9154925, 1.49121566, 2.71792469, -6.20875906, 2.0032193, 5.59419256, -5.87107931, -3.06087624, 4.45885357, -8.76570031, -1.79835834, -0.00435533, -6.60991139, -2.00075614, 1.51286781, -4.0507907, -3.68988776, 1.72533292, -9.48031513, -5.2939014, 3.24870543, -6.71610276, -6.77982675, -0.82254997, -4.82084449, -7.6502195, -2.44822616, -7.15105848, -5.82599292, -0.95395098, -8.06010505, -8.78378365], "name": "C15H32", "molecular_charge": 0.0, "molecular_multiplicity": 1, "connectivity": [[0, 1, 1.0], [0, 15, 1.0], [0, 16, 1.0], [0, 17, 1.0], [1, 2, 1.0], [1, 18, 1.0], [1, 19, 1.0], [2, 3, 1.0], [2, 20, 1.0], [2, 21, 1.0], [3, 4, 1.0], [3, 22, 1.0], [3, 23, 1.0], [4, 5, 1.0], [4, 24, 1.0], [4, 25, 1.0], [5, 6, 1.0], [5, 26, 1.0], [5, 27, 1.0], [6, 7, 1.0], [6, 28, 1.0], [6, 29, 1.0], [7, 8, 1.0], [7, 30, 1.0], [7, 31, 1.0], [8, 9, 1.0], [8, 32, 1.0], [8, 33, 1.0], [9, 10, 1.0], [9, 34, 1.0], [9, 35, 1.0], [10, 11, 1.0], [10, 36, 1.0], [10, 37, 1.0], [11, 12, 1.0], [11, 38, 1.0], [11, 39, 1.0], [12, 13, 1.0], [12, 40, 1.0], [12, 41, 1.0], [13, 14, 1.0], [13, 42, 1.0], [13, 43, 1.0], [14, 44, 1.0], [14, 45, 1.0], [14, 46, 1.0]], "fix_com": false, "fix_orientation": false, "provenance": {"creator": "QCElemental", "version": "v0.22.0", "routine": "qcelemental.molparse.from_schema"}}