{"schema_name": "qcschema_molecule", "schema_version": 2, "validated": true, "symbols": ["C", "C", "C", "C", "C", "C", "C", "C", "C", "C", "C", "C", "C", "C", "C", "H", "H", "H", "H", "H", "H", "H", "H", "H", "H", "H", "H", "H", "H", "H", "H", "H", "H", "H", "H", "H", "H", "H", "H", "H", "H", "H", "H", "H", "H", "H", "H"], "geometry": [-9.354320433704682, 6.130261663580752, 4.056278784845501, -7.382489626026345, 4.0478798319287534, 4.399571413055943, -7.332543034395, 2.1811425206329376, 2.186315339586729, -5.356376655800364, 0.05195837435910711, 2.4172366271376493, -2.8469458980144755, 0.49491971342982305, 1.0309712234271893, -1.2831003094347964, 2.7483303141523234, 1.9621910541885612, 1.319425511816641, 3.0278591052564687, 0.6773450900458673, 3.5680528374594376, 1.9100305868274938, 2.136516800830486, 3.611364869635002, -0.9609116174553661, 2.5326603539537063, 3.9338596579654928, -2.5093916898740973, 0.10922463450083358, 4.077502030752904, -5.354615410768519, 0.6202368949061949, 4.603799123876294, -6.986460358735977, -1.7152902761479694, 2.4935041193227345, -6.995587532590063, -3.6947830301528963, 3.016124401706312, -8.802329626833101, -5.891161563397567, 0.9167353153010502, -8.807754227296961, -7.874494621835596, -11.239396244472104, 5.3413851860608235, 3.85626626499159, -8.967376553324351, 7.248335574460245, 2.378189904293602, -9.378351983494136, 7.405301484450333, 5.6636024822759525, -7.781568458646098, 3.0136731881072314, 6.131177936897831, -5.534338737425937, 4.900299255432247, 4.6566212194641485, -9.202093514205332, 1.3412244134300804, 2.034677281825126, -7.038555833947664, 3.2082817347093155, 0.42791109853303383, -4.980496215763615, -0.32324506528115476, 4.404898721723057, -6.165095078978476, -1.680033430864871, 1.6659099900157848, -3.233732635682032, 0.7473852435382957, -0.9745106704599875, -1.7343329985986629, -1.222862102740317, 1.1779777485379295, -1.0326421694144998, 2.6205528119490924, 4.00019056356851, -2.357923988356941, 4.464456316039238, 1.6324296552261486, 1.7142385653819983, 5.028200957460037, 0.4300415214184608, 1.2406450285937618, 2.2447935842824505, -1.2206182686318092, 5.298294420137796, 2.45634992106483, 1.1672108811262907, 3.6435029834879065, 2.819175642781252, 3.979602798513855, 1.9122578235766758, -1.563295280973892, 3.5183881299995674, 5.1733487682059085, -1.398872025275011, 3.796628645136794, 2.389517633478839, -2.1140738239620886, -1.1806045891555665, 5.653996104733682, -1.906692441241504, -0.8478008611235658, 5.56164342193284, -5.7002394422834195, 2.0009000232713556, 2.3245200645636586, -5.977634524105586, 1.5003630444275822, 6.358276249512214, -6.3667381283132185, -2.594050990028139, 4.928767444588988, -8.920090805012137, -1.0952837877089014, 0.7197279525596745, -7.5223946853702035, -2.7929434912518682, 2.2193576227853047, -5.102126164386871, -4.443330029590565, 3.2677331985347906, -10.707457954660947, -5.16038903901371, 4.79556475181905, -8.289338572692486, -6.7845643636029775, 0.6650684122634068, -6.941647575522663, -8.692661318582026, -0.8774055269188664, -9.373894806477127, -7.052498833610098, 1.3406256543918473, -10.107864025223048, -9.404061870200799], "name": "C15H32", "identifiers": {"molecule_hash": "f0e3ae41ac778526c739b5ea0044318367ef8312", "molecular_formula": "C15H32"}, "molecular_charge": 0.0, "molecular_multiplicity": 1, "connectivity": [[0, 1, 1.0], [0, 15, 1.0], [0, 16, 1.0], [0, 17, 1.0], [1, 2, 1.0], [1, 18, 1.0], [1, 19, 1.0], [2, 3, 1.0], [2, 20, 1.0], [2, 21, 1.0], [3, 4, 1.0], [3, 22, 1.0], [3, 23, 1.0], [4, 5, 1.0], [4, 24, 1.0], [4, 25, 1.0], [5, 6, 1.0], [5, 26, 1.0], [5, 27, 1.0], [6, 7, 1.0], [6, 28, 1.0], [6, 29, 1.0], [7, 8, 1.0], [7, 30, 1.0], [7, 31, 1.0], [8, 9, 1.0], [8, 32, 1.0], [8, 33, 1.0], [9, 10, 1.0], [9, 34, 1.0], [9, 35, 1.0], [10, 11, 1.0], [10, 36, 1.0], [10, 37, 1.0], [11, 12, 1.0], [11, 38, 1.0], [11, 39, 1.0], [12, 13, 1.0], [12, 40, 1.0], [12, 41, 1.0], [13, 14, 1.0], [13, 42, 1.0], [13, 43, 1.0], [14, 44, 1.0], [14, 45, 1.0], [14, 46, 1.0]], "fix_com": true, "fix_orientation": true, "provenance": {"creator": "QCElemental", "version": "v0.22.0", "routine": "qcelemental.molparse.from_schema"}, "id": "216179"}