{"schema_name": "qcschema_molecule", "schema_version": 2, "validated": true, "symbols": ["C", "C", "C", "C", "C", "C", "C", "C", "C", "C", "C", "C", "C", "C", "C", "H", "H", "H", "H", "H", "H", "H", "H", "H", "H", "H", "H", "H", "H", "H", "H", "H", "H", "H", "H", "H", "H", "H", "H", "H", "H", "H", "H", "H", "H", "H", "H"], "geometry": [-8.445742486212007, 4.668219418230997, -2.257550175094821, -5.882119329083505, 5.745899596716071, -1.4404955878785703, -5.736815943033285, 6.44733865220927, 1.3749522212012417, -6.217297561116022, 4.25549993427418, 3.226133227905918, -4.514831153569059, 1.9307955566643293, 2.863161675567172, -1.6800345741001887, 2.4694355609423657, 3.1244979436484663, -0.05770158641761365, 0.08810626876802746, 2.827972940551316, 2.788625523339697, 0.4995882583203595, 3.24218256855173, 4.031827605300139, 2.484694508388144, 1.5127174401270822, 3.8950441599280037, 1.9943384824321488, -1.3596236185315722, 6.101438621780529, 0.462190816427929, -2.475676756120369, 6.394095807976226, -2.2803842178798384, -1.5589255049745478, 4.093041544311242, -3.9983857799116644, -1.9890387899297357, 3.2678687854909074, -4.239596219253035, -4.757041339606627, 1.0757447495188035, -6.100671371242645, -5.107268684713938, -8.495615273014485, 4.32749997658794, -4.298757444026024, -9.98379095928074, 5.979292527076614, -1.799228827668128, -8.85757972541294, 2.8714602608934676, -1.3176368339027318, -5.472053797064731, 7.442415980678736, -2.5598074069404224, -4.385977104911443, 4.387387942054597, -1.9039398026275367, -7.120203571453373, 7.94512525474, 1.763446088210934, -3.8778076778837676, 7.279609767698463, 1.7584631244415152, -5.977930943105562, 4.969716074939932, 5.159833376680096, -8.19698360364909, 3.6574286151653452, 3.085114263147118, -4.872999755267428, 1.0811007628833875, 1.0046526463664678, -5.0590508316740905, 0.4906525542228871, 4.254410853374317, -1.1118303054460057, 3.8698947957455583, 1.709885356497577, -1.3094661604819604, 3.336229743209458, 4.976311993860809, -0.7109818544389279, -1.3478561563388807, 4.176103121595867, -0.39513431907765384, -0.7192880667503082, 0.9477052479532595, 3.7553043912392607, -1.3198427301878417, 3.0466725392353387, 3.0859748976131356, 1.092883469296363, 5.209162701677356, 6.023244172060993, 2.682751857542262, 2.0623962339948156, 3.1649282235203446, 4.321849639315122, 1.916088799491836, 3.877077610338299, 3.825039744738854, -2.331651418564005, 2.091960359603622, 1.0989231701653068, -1.84789006666576, 7.867673418388208, 1.4727459328437407, -2.067062846547806, 5.9187360789748, 0.46719131377258016, -4.540620347803183, 6.872849172832698, -2.289522987411569, 0.45704950955564605, 8.031512226123468, -3.109053613591257, -2.529374360362273, 2.486820495258712, -3.3278984169688077, -0.8658176413106378, 4.539386961598497, -5.889073560389964, -1.2578336316245773, 2.7055618178845604, -2.3834150219421084, -5.486803100741745, 4.887060933461668, -4.8453302554111115, -5.906050501440134, 1.5961622610261603, -7.998718711095369, -4.460379817899475, 0.5093344036070785, -6.2433944290017935, -7.093353604438081, -0.5845427561266943, -5.505970627114262, -4.019526003374134], "name": "C15H32", "identifiers": {"molecule_hash": "00865eb0779d20a5569fd35a2884bf1b96d289d8", "molecular_formula": "C15H32"}, "molecular_charge": 0.0, "molecular_multiplicity": 1, "connectivity": [[0, 1, 1.0], [0, 15, 1.0], [0, 16, 1.0], [0, 17, 1.0], [1, 2, 1.0], [1, 18, 1.0], [1, 19, 1.0], [2, 3, 1.0], [2, 20, 1.0], [2, 21, 1.0], [3, 4, 1.0], [3, 22, 1.0], [3, 23, 1.0], [4, 5, 1.0], [4, 24, 1.0], [4, 25, 1.0], [5, 6, 1.0], [5, 26, 1.0], [5, 27, 1.0], [6, 7, 1.0], [6, 28, 1.0], [6, 29, 1.0], [7, 8, 1.0], [7, 30, 1.0], [7, 31, 1.0], [8, 9, 1.0], [8, 32, 1.0], [8, 33, 1.0], [9, 10, 1.0], [9, 34, 1.0], [9, 35, 1.0], [10, 11, 1.0], [10, 36, 1.0], [10, 37, 1.0], [11, 12, 1.0], [11, 38, 1.0], [11, 39, 1.0], [12, 13, 1.0], [12, 40, 1.0], [12, 41, 1.0], [13, 14, 1.0], [13, 42, 1.0], [13, 43, 1.0], [14, 44, 1.0], [14, 45, 1.0], [14, 46, 1.0]], "fix_com": true, "fix_orientation": true, "provenance": {"creator": "QCElemental", "version": "v0.22.0", "routine": "qcelemental.molparse.from_schema"}, "id": "227163"}