{"schema_name": "qcschema_molecule", "schema_version": 2, "validated": true, "symbols": ["C", "C", "C", "C", "C", "C", "C", "C", "C", "C", "C", "C", "C", "C", "C", "H", "H", "H", "H", "H", "H", "H", "H", "H", "H", "H", "H", "H", "H", "H", "H", "H", "H", "H", "H", "H", "H", "H", "H", "H", "H", "H", "H", "H", "H", "H", "H"], "geometry": [-9.355335700271294, 6.007973334833307, -1.5770730012982657, -6.628501682458566, 6.736244628344118, -0.9524605384520782, -6.081655305240144, 7.015144890252081, 1.8809740098062566, -6.4598044793190885, 4.633027335316093, 3.495137140329943, -4.871071684748459, 2.3204494742892363, 2.7630128511611924, -2.0097070465797646, 2.702483289625042, 2.970024010932766, -0.5259509601479321, 0.2776404221482223, 2.425154253984492, 2.3417106983206626, 0.4889617453164476, 2.813352188244803, 3.7433670074986845, 2.302316375576856, 1.028030233798898, 3.8366607880138637, 1.5475460251508624, -1.788666800411181, 6.243670737865383, 0.1549682089333961, -2.6271044374099075, 6.71226874972952, -2.4775216721877316, -1.502473964361248, 4.745813970726825, -4.512622003029289, -2.135276909965849, 4.5415775759721315, -5.166653285531261, -4.9466784112933455, 2.727320874095812, -7.358165441765341, -5.448141579593747, -9.660740590767114, 5.9979020790333175, -3.605942281223393, -10.6826887314494, 7.341122326270992, -0.7533227921572592, -9.830985788919847, 4.140930220978196, -0.8750654196042444, -6.199416699544929, 8.528063254792785, -1.862281117179615, -5.348886007658036, 5.362697537351129, -1.7860283277485407, -7.295430812387393, 8.49343872801161, 2.637529230356823, -4.159022998258016, 7.698989508940966, 2.1121649204593385, -6.0475738785202156, 5.118624157656072, 5.450655315879096, -8.4425263974537, 4.098035968552299, 3.460491737121246, -5.339485571337761, 1.7202397288286906, 0.8537119249070884, -5.418251597860506, 0.7633396057973133, 3.9894951692716716, -1.4175482609329066, 4.182577573277878, 1.6790205826512787, -1.550465697108367, 3.367680307593739, 4.863401185241614, -1.2220021418492024, -1.2077282404039615, 3.6651600834184106, -0.9395717903023542, -0.35162570276995875, 0.5127664945082188, 3.155186317909108, -1.3887773664298437, 2.667088825569726, 2.6859026884370127, 1.1026150585394658, 4.746277401477408, 5.667553483878998, 2.5252834308995036, 1.7169664281659587, 2.8912428123941125, 4.16164512021729, 1.1894384510643479, 3.720099387048994, 3.258146538503358, -2.919651358113656, 2.1780032204457966, 0.44891158907205014, -2.292044309773708, 7.860712223895731, 1.3383259954806443, -2.1641633674700236, 6.226962185106907, 0.01818730797720638, -4.67637469656676, 6.875714958216625, -2.327558182194588, 0.5389058812625371, 8.549978304512203, -3.1269797536024284, -2.1599123550892574, 2.895198389196645, -3.955168578217424, -1.438366952120316, 5.243667585559675, -6.219938659075021, -1.102019430825707, 3.915490653257529, -3.5251606157681397, -6.009171639363782, 6.405951777670636, -5.646412428065761, -5.670281029443451, 3.3394896566000463, -9.063631624463525, -4.483154190225369, 2.60796275595175, -7.782285113479393, -7.451999737199939, 0.8332218198602614, -6.917006079423419, -4.789716436025393], "name": "C15H32", "identifiers": {"molecule_hash": "c2a1af28faf87f4e24beeba6ea81e5f6c714c8e7", "molecular_formula": "C15H32"}, "molecular_charge": 0.0, "molecular_multiplicity": 1, "connectivity": [[0, 1, 1.0], [0, 15, 1.0], [0, 16, 1.0], [0, 17, 1.0], [1, 2, 1.0], [1, 18, 1.0], [1, 19, 1.0], [2, 3, 1.0], [2, 20, 1.0], [2, 21, 1.0], [3, 4, 1.0], [3, 22, 1.0], [3, 23, 1.0], [4, 5, 1.0], [4, 24, 1.0], [4, 25, 1.0], [5, 6, 1.0], [5, 26, 1.0], [5, 27, 1.0], [6, 7, 1.0], [6, 28, 1.0], [6, 29, 1.0], [7, 8, 1.0], [7, 30, 1.0], [7, 31, 1.0], [8, 9, 1.0], [8, 32, 1.0], [8, 33, 1.0], [9, 10, 1.0], [9, 34, 1.0], [9, 35, 1.0], [10, 11, 1.0], [10, 36, 1.0], [10, 37, 1.0], [11, 12, 1.0], [11, 38, 1.0], [11, 39, 1.0], [12, 13, 1.0], [12, 40, 1.0], [12, 41, 1.0], [13, 14, 1.0], [13, 42, 1.0], [13, 43, 1.0], [14, 44, 1.0], [14, 45, 1.0], [14, 46, 1.0]], "fix_com": true, "fix_orientation": true, "provenance": {"creator": "QCElemental", "version": "v0.22.0", "routine": "qcelemental.molparse.from_schema"}, "id": "215468"}