{"schema_name": "qcschema_molecule", "schema_version": 2, "validated": true, "symbols": ["C", "C", "C", "C", "C", "C", "C", "C", "C", "C", "C", "C", "C", "C", "C", "H", "H", "H", "H", "H", "H", "H", "H", "H", "H", "H", "H", "H", "H", "H", "H", "H", "H", "H", "H", "H", "H", "H", "H", "H", "H", "H", "H", "H", "H", "H", "H"], "geometry": [-3.3206185748844015, 7.596343122065745, 0.884050591772443, -2.006713763131714, 6.955490234185469, 3.386987670644854, 0.8443284968517236, 7.514025014586509, 3.4045901714486844, 2.3954468741753785, 6.100077055300285, 1.3902767542221535, 2.1015904145255555, 3.211288715969821, 1.412162235168507, 2.9172597338129207, 1.9512356766622112, 3.894476678470657, 2.774946700173499, -0.9477933431301864, 3.8419082064142143, 0.07745165708088109, -1.99902474804327, 3.7024866443090994, -0.0010725720777688393, -4.893587266592102, 3.597301969507172, -2.6795289579485626, -6.009019845617421, 3.3907350672368146, -4.177716071792614, -5.40589377519727, 0.9638558024429382, -3.651558189909107, -7.114642953130756, -1.3318009022846882, -1.0006836885187362, -6.98456102135668, -2.5210320353738727, -0.12425127595075584, -4.341984158818984, -3.3509313575328448, -1.8781316732356519, -3.063455731119673, -5.27191935040294, -3.0078484090920554, 9.578244319559046, 0.36558291481840394, -5.364270656813165, 7.294367583900264, 1.0156978052439807, -2.619211147623071, 6.427050120716034, -0.6723687827403982, -2.8952072662022226, 8.038599069701387, 4.915621445402007, -2.3336450908808968, 4.959760005206583, 3.843345761902913, 1.1291733625864675, 9.552473384254586, 3.136924854250065, 1.5959180375237272, 7.0781861587681405, 5.286229243777845, 1.883433496971713, 6.805126149737045, -0.4905248776528459, 4.397996087366504, 6.578775146764384, 1.6501780073333154, 3.2329879152984056, 2.417804016210531, -0.13676005972370986, 0.1363328516444532, 2.718473891816603, 0.9840040163725985, 1.753440569861012, 2.653052298875079, 5.461058384443739, 4.864960390343954, 2.5285244588308586, 4.320992377559104, 3.702278117988403, -1.7067067253648, 5.5360735199766475, 3.865878179354773, -1.6556172860776703, 2.222238373403009, -1.0028981597120026, -1.3395375698398133, 5.350053339788475, -0.8798286656371302, -1.2163801744316645, 2.0435489158298967, 0.8867979620317075, -5.642530520700212, 5.317498460077397, 1.1771154197396971, -5.544851339698103, 2.02629654999635, -2.5717906532417247, -8.070703074732847, 3.6067468827270313, -3.770181477005683, -5.327043184336923, 5.019426342429372, -6.19556814909485, -5.5949721153604575, 1.401269837126737, -3.9181461018092762, -3.418780624113361, 0.4405590304866999, -5.05620279648294, -6.67109573143391, -2.791089395805978, -4.018832871955333, -9.082528177567733, -0.7833661740663019, -0.9865538202171911, -8.23487600009798, -4.178590009982656, 0.39361923192358933, -7.776734734201151, -1.2105169490304, 1.7718007717172488, -4.512591346663292, -4.17326503514944, 0.08648072511124022, -3.1133317264339935, -1.6982759135095291, -3.744934747084932, -2.6776653795277063, -4.467210994715141, -1.0916924156723649, -1.2580149190831003, -5.909821097998135, -2.1532322072859174, -4.257913019154611, -6.942861440961644], "name": "C15H32", "identifiers": {"molecule_hash": "4e10a6362f41d0461fed21f281326cafa09c6c70", "molecular_formula": "C15H32"}, "molecular_charge": 0.0, "molecular_multiplicity": 1, "connectivity": [[0, 1, 1.0], [0, 15, 1.0], [0, 16, 1.0], [0, 17, 1.0], [1, 2, 1.0], [1, 18, 1.0], [1, 19, 1.0], [2, 3, 1.0], [2, 20, 1.0], [2, 21, 1.0], [3, 4, 1.0], [3, 22, 1.0], [3, 23, 1.0], [4, 5, 1.0], [4, 24, 1.0], [4, 25, 1.0], [5, 6, 1.0], [5, 26, 1.0], [5, 27, 1.0], [6, 7, 1.0], [6, 28, 1.0], [6, 29, 1.0], [7, 8, 1.0], [7, 30, 1.0], [7, 31, 1.0], [8, 9, 1.0], [8, 32, 1.0], [8, 33, 1.0], [9, 10, 1.0], [9, 34, 1.0], [9, 35, 1.0], [10, 11, 1.0], [10, 36, 1.0], [10, 37, 1.0], [11, 12, 1.0], [11, 38, 1.0], [11, 39, 1.0], [12, 13, 1.0], [12, 40, 1.0], [12, 41, 1.0], [13, 14, 1.0], [13, 42, 1.0], [13, 43, 1.0], [14, 44, 1.0], [14, 45, 1.0], [14, 46, 1.0]], "fix_com": true, "fix_orientation": true, "provenance": {"creator": "QCElemental", "version": "v0.22.0", "routine": "qcelemental.molparse.from_schema"}, "id": "227982"}