{"schema_name": "qcschema_molecule", "schema_version": 2, "validated": true, "symbols": ["C", "C", "C", "C", "C", "C", "C", "C", "C", "C", "C", "C", "C", "C", "C", "H", "H", "H", "H", "H", "H", "H", "H", "H", "H", "H", "H", "H", "H", "H", "H", "H", "H", "H", "H", "H", "H", "H", "H", "H", "H", "H", "H", "H", "H", "H", "H"], "geometry": [-8.77552774760882, 5.0047797718528635, -2.184287509264631, -6.305125806412025, 6.205417189137397, -1.3360462606248085, -6.196951981057507, 6.809128571570356, 1.4833683895918048, -6.594054509276368, 4.548045375761475, 3.238091590583996, -4.839203389561329, 2.305751857346688, 2.776487599442655, -2.0362745013743457, 2.9041059068509907, 3.0365994230149345, -0.3623224896150662, 0.5821093040441977, 2.7339213406346117, 2.4395033636382757, 1.0304106072396924, 3.2635934001880718, 3.731219794494312, 3.003557299354212, 1.5905000199061572, 3.8572168887180855, 2.4311463178523582, -1.2481420050580265, 6.2365508465035955, 1.0502897187872737, -2.1307555974336423, 6.619570184936781, -1.636293517493096, -1.1455403485317008, 4.484951528663474, -3.4852844778933547, -1.7321391317684127, 3.902867791648517, -3.7904828937077455, -4.533991391429238, 1.9352470242956876, -5.819333819844912, -5.047681587866985, -8.815889968207088, 4.732175292104682, -4.238445348047063, -10.40017732544509, 6.193914915669076, -1.676239045029295, -9.069256472303932, 3.1472629199449553, -1.3081833486552283, -5.995105780294795, 7.962555305744218, -2.398877003942162, -4.719659670820572, 4.957949676388179, -1.8435202859538355, -7.637962680877463, 8.241850924728782, 1.9240968370025404, -4.369255403955876, 7.702980674499974, 1.9044311876034938, -6.369367977030394, 5.191587070413012, 5.202128305800387, -8.559684725091433, 3.893611931032791, 3.0845264644308594, -5.193750161590927, 1.5137394798142194, 0.8844164801911785, -5.331044013932232, 0.7919756610425759, 4.113753879652705, -1.5020638213496027, 4.339884214486469, 1.6323593180304392, -1.6868965668142044, 3.767179831786116, 4.900418568593504, -1.0390568799191655, -0.9021970817431224, 4.023184683517074, -0.6186855718858381, -0.19273142522374187, 0.8195412153555025, 3.4395387242294206, -0.7827054533619743, 3.1319218960288375, 2.6395004587275617, 1.6376599413155657, 5.242779767094188, 5.6649982717064695, 3.3073569596670787, 2.293921972360742, 2.761508247310643, 4.818376168439577, 1.8676258357635445, 3.7748417761329, 4.227780115313259, -2.284583045612978, 2.1639674334298635, 1.3815898263096993, -1.846389675895054, 7.892355361798189, 2.187156644900881, -1.5922526957625478, 6.239798242782894, 1.0145313256955972, -4.208420960020185, 6.932635828314585, -1.58920279092068, 0.9077345307879237, 8.384939751522513, -2.3762383038603585, -1.9589587650543303, 2.7479806681987253, -2.9041666327294147, -0.7453869395052138, 4.980731373867611, -5.343552226664153, -0.9413831803665224, 3.2409325440113985, -1.979906403379261, -5.311542653593118, 5.65910583429511, -4.24249324170505, -5.554616171991421, 2.5686502596859357, -7.6705319424188225, -4.355387785360927, 1.5371443704461971, -6.007745442927124, -7.072657411035711, 0.14421928840867582, -5.384006995690892, -4.0932974928981505], "name": "C15H32", "identifiers": {"molecule_hash": "61b25cc27aeccdad0b2f455d6dac3084d1d10ba3", "molecular_formula": "C15H32"}, "molecular_charge": 0.0, "molecular_multiplicity": 1, "connectivity": [[0, 1, 1.0], [0, 15, 1.0], [0, 16, 1.0], [0, 17, 1.0], [1, 2, 1.0], [1, 18, 1.0], [1, 19, 1.0], [2, 3, 1.0], [2, 20, 1.0], [2, 21, 1.0], [3, 4, 1.0], [3, 22, 1.0], [3, 23, 1.0], [4, 5, 1.0], [4, 24, 1.0], [4, 25, 1.0], [5, 6, 1.0], [5, 26, 1.0], [5, 27, 1.0], [6, 7, 1.0], [6, 28, 1.0], [6, 29, 1.0], [7, 8, 1.0], [7, 30, 1.0], [7, 31, 1.0], [8, 9, 1.0], [8, 32, 1.0], [8, 33, 1.0], [9, 10, 1.0], [9, 34, 1.0], [9, 35, 1.0], [10, 11, 1.0], [10, 36, 1.0], [10, 37, 1.0], [11, 12, 1.0], [11, 38, 1.0], [11, 39, 1.0], [12, 13, 1.0], [12, 40, 1.0], [12, 41, 1.0], [13, 14, 1.0], [13, 42, 1.0], [13, 43, 1.0], [14, 44, 1.0], [14, 45, 1.0], [14, 46, 1.0]], "fix_com": true, "fix_orientation": true, "provenance": {"creator": "QCElemental", "version": "v0.22.0", "routine": "qcelemental.molparse.from_schema"}, "id": "230758"}