{"schema_name": "qcschema_molecule", "schema_version": 2, "validated": true, "symbols": ["C", "C", "C", "C", "C", "C", "C", "C", "C", "C", "C", "C", "C", "C", "C", "H", "H", "H", "H", "H", "H", "H", "H", "H", "H", "H", "H", "H", "H", "H", "H", "H", "H", "H", "H", "H", "H", "H", "H", "H", "H", "H", "H", "H", "H", "H", "H"], "geometry": [-3.067127251345165, 8.9764684804147, 2.384673376507823, -1.681776904698137, 7.767902530858935, 4.61547753123857, 1.2094562981202952, 7.8942911280059525, 4.441563205716759, 2.41273656284395, 6.537311818597771, 2.1758146282782467, 1.8871976549012213, 3.6931653469817047, 1.9631811232525094, 2.8819824787543733, 2.128449009037161, 4.188055201017586, 2.7397996346260878, -0.7393026801052817, 3.796279115115956, 0.055943176411652494, -1.8099120263021382, 3.629261585222169, 0.019468136602092803, -4.699515518515, 3.4594574162393417, -2.6430581728773506, -5.848365596895395, 3.3223428025640565, -4.101900074554362, -5.46441051834959, 0.8259283802027861, -3.9183199254257737, -7.653870458085668, -1.073670454798778, -1.3138069874765261, -8.189455007869327, -2.2322935875959846, -0.17931539568610166, -6.072878635281108, -3.8578637665850435, -1.7159939082931799, -5.428854304759868, -6.220620464497521, -2.4828799945030733, 10.927753460535845, 2.12225241931794, -5.095146663447472, 8.96986010235313, 2.6957901154685597, -2.711951854149811, 7.978482333299871, 0.6288445133672141, -2.2569900033886126, 8.720263457980364, 6.343087115966474, -2.2915824536262037, 5.817254379070635, 4.819966300731846, 1.77333661596632, 9.871168425900356, 4.3708654064412125, 2.0028769222827867, 7.1486779033905865, 6.18291309440977, 1.802407969602524, 7.445432567002023, 0.4375814654466135, 4.447126825102811, 6.823432117046441, 2.270861560174767, 2.7720428801472696, 3.0129536324802637, 0.2350076197885275, -0.12687768008546535, 3.3784342093712176, 1.7260986069840096, 1.8626360357044829, 2.6165492924870293, 5.904543160502325, 4.845734869843045, 2.640840446105655, 4.523823929344828, 3.717391977690569, -1.6564543574230284, 5.355762868944397, 3.7805970279499808, -1.2438536003705463, 2.094296796160039, -1.0116888413588425, -1.221897678497491, 5.2881752799611474, -0.9109187461995794, -1.0051227197975554, 2.0082472391765314, 0.9635662912282323, -5.458064222022661, 5.1214674269701215, 1.1408989925411737, -5.299010524908354, 1.848209394775834, -2.5192307951657313, -7.863164923350857, 3.711506837435998, -3.744891865355087, -5.053774170006132, 4.8647216886474345, -6.093648113878488, -5.233741628117267, 1.2711677911588337, -3.536590215874378, -3.7062532752734545, -0.06950808974842869, -5.267191274484019, -7.309833989090232, -2.584080698301279, -4.560967263818094, -9.36840682636511, -0.13739465620246694, -1.4749249157043824, -9.878974701990876, -3.3947719818625366, 0.014146259749716545, -8.666089587217263, -0.7404528179842464, 1.7044106556609393, -6.655415389895933, -4.436819286895393, 0.07754861064642318, -4.3735894827736645, -2.7345450746024547, -3.552258789812868, -4.645501937270768, -5.752788959397242, -0.7335148700198441, -4.043928081463101, -7.372338306516101, -2.0250593337618796, -7.096425109486611, -7.378706448937796], "name": "C15H32", "identifiers": {"molecule_hash": "61a3e2956e6b34bd5fbc39c7c7818c1f923cd91e", "molecular_formula": "C15H32"}, "molecular_charge": 0.0, "molecular_multiplicity": 1, "connectivity": [[0, 1, 1.0], [0, 15, 1.0], [0, 16, 1.0], [0, 17, 1.0], [1, 2, 1.0], [1, 18, 1.0], [1, 19, 1.0], [2, 3, 1.0], [2, 20, 1.0], [2, 21, 1.0], [3, 4, 1.0], [3, 22, 1.0], [3, 23, 1.0], [4, 5, 1.0], [4, 24, 1.0], [4, 25, 1.0], [5, 6, 1.0], [5, 26, 1.0], [5, 27, 1.0], [6, 7, 1.0], [6, 28, 1.0], [6, 29, 1.0], [7, 8, 1.0], [7, 30, 1.0], [7, 31, 1.0], [8, 9, 1.0], [8, 32, 1.0], [8, 33, 1.0], [9, 10, 1.0], [9, 34, 1.0], [9, 35, 1.0], [10, 11, 1.0], [10, 36, 1.0], [10, 37, 1.0], [11, 12, 1.0], [11, 38, 1.0], [11, 39, 1.0], [12, 13, 1.0], [12, 40, 1.0], [12, 41, 1.0], [13, 14, 1.0], [13, 42, 1.0], [13, 43, 1.0], [14, 44, 1.0], [14, 45, 1.0], [14, 46, 1.0]], "fix_com": true, "fix_orientation": true, "provenance": {"creator": "QCElemental", "version": "v0.22.0", "routine": "qcelemental.molparse.from_schema"}, "id": "215492"}