{"schema_name": "qcschema_molecule", "schema_version": 2, "validated": true, "symbols": ["C", "C", "C", "C", "C", "C", "C", "C", "C", "C", "C", "C", "C", "C", "C", "H", "H", "H", "H", "H", "H", "H", "H", "H", "H", "H", "H", "H", "H", "H", "H", "H", "H", "H", "H", "H", "H", "H", "H", "H", "H", "H", "H", "H", "H", "H", "H"], "geometry": [0.0, 0.0, 0.0, 2.8904891353666167, -4.806366768934755e-16, -1.6912640635984738e-16, 4.089050066454886, 1.1088222806843926, -2.3958952902631507, 3.5214418134277223, 3.9000043042979864, -2.942450110651713, 4.478507307822501, 5.729323957363556, -0.9112880892629072, 4.396470678624114, 8.522958534201678, -1.6869857140040634, 1.7754672920739827, 9.62599323783764, -2.2578123715214926, -0.03767494589552933, 9.621986253719124, 0.0, -2.459619378520273, 11.16416470659574, -0.412366041493752, -4.216606591731154, 10.273959263933229, -2.542042427905316, -5.355775132303155, 7.6419968648332075, -2.1219851053904755, -7.362465437053779, 6.843663773189763, -4.078346878505378, -6.4100708540836875, 5.285587270034304, -6.331582835910136, -4.580200959177914, 6.62420304765954, -8.127180830577352, -3.942710205623682, 5.023897177939618, -10.44668065405398, -0.7292328922931108, -0.9534631314766562, 1.6638993794116637, -0.7392931740901482, -0.9731604325843619, -1.6505639572672628, -0.767764147365945, 1.9015856709832115, -0.0019164927505994633, 3.548727851108964, -1.9361393633398576, 0.20110492998212182, 3.5734720669334408, 1.0011413293743858, 1.6576378624815291, 3.4758670350208334, -0.009098896035781179, -4.0099885699768425, 6.127791091114976, 0.8666995539680653, -2.2764718660059997, 4.405982051624795, 4.384166170312535, -4.73535556961225, 1.5041810475810573, 4.1533940155292255, -3.2258893566865687, 6.430484285188464, 5.255614196644518, -0.46721961440316173, 3.4256556772537925, 5.462712712574646, 0.8303209088780497, 5.583459013290582, 8.774303887242628, -3.3476193662477582, 5.264000382696896, 9.638837601242365, -0.19302095037038924, 2.0317284300749474, 11.566358648026789, -2.891005386641594, 0.9343617706277574, 8.62555521453685, -3.8401315903294395, 0.9407918124426587, 10.409271957220668, 1.6293076117967216, -0.5209841797970021, 7.694657502217431, 0.5140332132873269, -3.524585939939111, 11.185467709449775, 1.347221130554023, -1.9324615954986604, 13.117679765258073, -0.7809608157739634, -5.759762394872624, 11.625348079851829, -2.68598518009063, -3.2339569874903087, 10.355307566769532, -4.339395497949899, -6.219766855256089, 7.629099428380477, -0.2565738378189195, -3.871770922768727, 6.221890652451951, -2.0614426255660967, -8.350521702776176, 8.510040017029816, -4.7700456149966755, -8.782689257491967, 5.709232186555017, -3.1218402069130837, -8.048589817614289, 4.672270605800531, -7.41359678294663, -5.521334899737098, 3.5679819103696, -5.627509417345778, -2.8410394718841276, 7.087227206633723, -7.14131935940671, -5.398417572634044, 8.409998392640016, -8.73483284079479, -2.628836408959506, 5.998304338245733, -11.685150404066718, -3.081949209971311, 3.241173512649254, -9.901949512464174, -5.628229270878587, 4.593582125427121, -11.536816351789437], "name": "C15H32", "identifiers": {"molecule_hash": "832bc54f09e0de8cd10f8f833a5f952ae5d4079b", "molecular_formula": "C15H32"}, "molecular_charge": 0.0, "molecular_multiplicity": 1, "connectivity": [[0, 1, 1.0], [0, 15, 1.0], [0, 16, 1.0], [0, 17, 1.0], [1, 2, 1.0], [1, 18, 1.0], [1, 19, 1.0], [2, 3, 1.0], [2, 20, 1.0], [2, 21, 1.0], [3, 4, 1.0], [3, 22, 1.0], [3, 23, 1.0], [4, 5, 1.0], [4, 24, 1.0], [4, 25, 1.0], [5, 6, 1.0], [5, 26, 1.0], [5, 27, 1.0], [6, 7, 1.0], [6, 28, 1.0], [6, 29, 1.0], [7, 8, 1.0], [7, 30, 1.0], [7, 31, 1.0], [8, 9, 1.0], [8, 32, 1.0], [8, 33, 1.0], [9, 10, 1.0], [9, 34, 1.0], [9, 35, 1.0], [10, 11, 1.0], [10, 36, 1.0], [10, 37, 1.0], [11, 12, 1.0], [11, 38, 1.0], [11, 39, 1.0], [12, 13, 1.0], [12, 40, 1.0], [12, 41, 1.0], [13, 14, 1.0], [13, 42, 1.0], [13, 43, 1.0], [14, 44, 1.0], [14, 45, 1.0], [14, 46, 1.0]], "fix_com": true, "fix_orientation": true, "provenance": {"creator": "QCElemental", "version": "v0.22.0", "routine": "qcelemental.molparse.from_schema"}, "id": "217597"}