{"schema_name": "qcschema_molecule", "schema_version": 2, "validated": true, "symbols": ["C", "C", "C", "C", "C", "C", "C", "C", "C", "C", "C", "C", "C", "C", "C", "H", "H", "H", "H", "H", "H", "H", "H", "H", "H", "H", "H", "H", "H", "H", "H", "H", "H", "H", "H", "H", "H", "H", "H", "H", "H", "H", "H", "H", "H", "H", "H"], "geometry": [-0.0, 0.0, -0.0, 2.8956455981314297, 8.887741615129611e-16, 2.1964790375566482e-16, 4.023794066049172, 0.4277379076571257, 2.64116152919927, 6.938579084160226, 0.44977507963598123, 2.7332531232761847, 8.184320219893044, 3.059083960053375, 2.4349682239522137, 7.509171133434531, 4.476706924463097, 4.111294638065033e-16, 9.20280854355534, 6.774799497577089, -0.49455421593985893, 8.338102583258301, 8.420637936055936, -2.7312290895234517, 7.861832669560347, 6.980597937490151, -5.209470824156053, 10.161452787516637, 5.535843113882886, -6.221066791360915, 9.67992329729978, 4.172749199743496, -8.743500269989402, 7.525491820493103, 2.2186519450987157, -8.723581959513163, 7.89742106615962, 0.04452918491954215, -6.840694750910811, 5.674746574288515, -1.8198747335025882, -6.717746502122262, 5.2001299883446865, -3.2797489795962798, -9.176607844213802, -0.7463333124439575, 1.818713441714522, 0.6544699611529387, -0.7558545833906736, -0.3451092072746017, -1.896363252831755, -0.749397436129192, -1.468704030143931, 1.2547118604499539, 3.580235754838301, 1.442614366638994, -1.314647964665735, 3.587053081800332, -1.8123792977335869, -0.735435363535668, 3.3133786283437043, -1.0736741964800973, 3.8839962162476613, 3.2906527623512662, 2.2039380554673733, 3.4295510771358657, 7.567909148290601, -0.3452843988958009, 4.541122332834189, 7.671114434455378, -0.8255957354575888, 1.2671673690868757, 7.6876650497736225, 4.242750872769715, 4.067036471217702, 10.243779608661084, 2.8099348877238266, 2.516102134318131, 7.65086968978086, 3.1670555523855985, -1.5971284563718404, 5.527279811558039, 5.086206125699656, 0.06742053408796028, 9.272106194164934, 7.957852964888297, 1.2090180243143358, 11.145524618845457, 6.120086727923529, -0.8075949572852607, 6.586867390121224, 9.399549228942108, -2.1999519288069322, 9.75284155892731, 9.903173076865176, -3.0590257645407144, 7.228460785759116, 8.33038240359365, -6.653752935907131, 6.281764634930386, 5.67163079801693, -4.933562448872691, 11.734323896726638, 6.86594035906432, -6.476531670166304, 10.809518420955998, 4.167096314520791, -4.809206281782598, 9.266956097552642, 5.590470158629376, -10.20199030025041, 11.432290541033995, 3.2309414956761056, -9.335271568758397, 5.7232894751995556, 3.162532109587025, -8.319584661590357, 7.341853474795629, 1.4484599486782455, -10.638251899858947, 8.193773489249809, 0.8172474348479208, -4.9429066977670235, 9.637056749397848, -0.9858345276397671, -7.319570150249454, 6.029562877377323, -3.172917725981144, -5.187101918774314, 3.9553396922117354, -0.7895097646005275, -6.180391401993635, 3.690673608281793, -4.675599551322876, -8.934008487415895, 4.640676623482989, -2.024268706298419, -10.722615692917147, 6.904813106001425, -4.293764807623384, -9.777660298280214], "name": "C15H32", "identifiers": {"molecule_hash": "8e717571728b0e8b655a8ed4189021137947b962", "molecular_formula": "C15H32"}, "molecular_charge": 0.0, "molecular_multiplicity": 1, "connectivity": [[0, 1, 1.0], [0, 15, 1.0], [0, 16, 1.0], [0, 17, 1.0], [1, 2, 1.0], [1, 18, 1.0], [1, 19, 1.0], [2, 3, 1.0], [2, 20, 1.0], [2, 21, 1.0], [3, 4, 1.0], [3, 22, 1.0], [3, 23, 1.0], [4, 5, 1.0], [4, 24, 1.0], [4, 25, 1.0], [5, 6, 1.0], [5, 26, 1.0], [5, 27, 1.0], [6, 7, 1.0], [6, 28, 1.0], [6, 29, 1.0], [7, 8, 1.0], [7, 30, 1.0], [7, 31, 1.0], [8, 9, 1.0], [8, 32, 1.0], [8, 33, 1.0], [9, 10, 1.0], [9, 34, 1.0], [9, 35, 1.0], [10, 11, 1.0], [10, 36, 1.0], [10, 37, 1.0], [11, 12, 1.0], [11, 38, 1.0], [11, 39, 1.0], [12, 13, 1.0], [12, 40, 1.0], [12, 41, 1.0], [13, 14, 1.0], [13, 42, 1.0], [13, 43, 1.0], [14, 44, 1.0], [14, 45, 1.0], [14, 46, 1.0]], "fix_com": true, "fix_orientation": true, "provenance": {"creator": "QCElemental", "version": "v0.22.0", "routine": "qcelemental.molparse.from_schema"}, "id": "225518"}