{"schema_name": "qcschema_molecule", "schema_version": 2, "validated": true, "symbols": ["C", "C", "C", "C", "C", "C", "C", "C", "C", "C", "C", "C", "C", "C", "C", "H", "H", "H", "H", "H", "H", "H", "H", "H", "H", "H", "H", "H", "H", "H", "H", "H", "H", "H", "H", "H", "H", "H", "H", "H", "H", "H", "H", "H", "H", "H", "H"], "geometry": [0.0, 0.0, -0.0, 2.8965441952262294, -1.954681594912078e-16, 4.564112526074329e-16, 4.013114241046756, 2.6804072520789552, -2.220446049250313e-16, 6.923908589042679, 2.826953824304984, 0.08909862751236886, 8.259460030354287, 2.8981789521731294, -2.4956228774584126, 7.839246694531308, 0.6179783400342986, -4.242471720535697, 8.774422678664198, -1.9018581331947149, -3.1647916207051283, 8.334703617581956, -4.139760039700268, -4.955105115700932, 9.094395890177788, -6.703031170580401, -3.8238403133165866, 7.2459941179339085, -7.685513428816122, -1.807444078603004, 8.175057475996805, -10.052420051353405, -0.3786314254625145, 9.49581529320861, -9.502676880002777, 2.151731816362534, 11.859537754313234, -7.834172770201137, 1.9916644348299704, 13.164136760480455, -7.466623335415161, 4.5527697360309185, 15.498754560086761, -5.758808592828163, 4.397530812721004, -0.7485830059342198, 0.9970361287181637, 1.6547704826221412, -0.7445262774640375, 0.9454918696690093, -1.686527859356636, -0.7571191593512141, -1.9266141361972906, 0.027464342951236675, 3.5749264503587135, -1.067920744319982, -1.6362119485895692, 3.5874015607709184, -1.0139027659812776, 1.6739094764993296, 3.239638800257267, 3.6806109681168913, 1.6449358990044762, 3.3204639098455004, 3.714799629417839, -1.6627371597534788, 7.4712547525981625, 4.550528862111265, 1.1021931628335222, 7.656945425918815, 1.2569310861502472, 1.2286140135766093, 10.29805441864336, 3.118515995395774, -2.170057800184102, 7.65076043517742, 4.613066202037381, -3.4939106535412683, 8.810850111347364, 0.980709069005266, -6.040362008836922, 5.827169569219407, 0.46034644610373743, -4.717973318415251, 10.803190153057962, -1.7562750517804546, -2.742709838687539, 7.841897074972506, -2.2707042907401878, -1.355634022471043, 6.3316351700312525, -4.198581752451378, -5.5031285861014885, 9.398890812930489, -3.8137925238155255, -6.705977351752794, 11.002959857244672, -6.5551039969417495, -3.0330730203385285, 9.213420964490975, -8.118383293886598, -5.33606221826901, 5.445110843981675, -8.100294121067176, -2.748393833344124, 6.826489790268748, -6.190572360637901, -0.43310736319454035, 6.564663192454423, -11.297839466037157, 0.009923198976792058, 9.451111203327283, -11.139410979630108, -1.6035653794503615, 10.010432033386897, -11.307926674429087, 3.0380781934217507, 8.130156406741033, -8.60500945317624, 3.4337312406288865, 11.358147325009408, -5.97404170483324, 1.2256442190653298, 13.20768690323838, -8.668218927805908, 0.6498330424089236, 13.706951468519257, -9.3174972817741, 5.317969553553277, 11.806306082100432, -6.662153636725101, 5.900384813083048, 16.913555477947753, -6.545210767804571, 3.1044182270070415, 14.997264504843164, -3.8733039226383577, 3.7004030635380327, 16.39633870751864, -5.5280824128176995, 6.248729601375673], "name": "C15H32", "identifiers": {"molecule_hash": "74392a4f1bfc3172d2e8e71f160084608028bf8e", "molecular_formula": "C15H32"}, "molecular_charge": 0.0, "molecular_multiplicity": 1, "connectivity": [[0, 1, 1.0], [0, 15, 1.0], [0, 16, 1.0], [0, 17, 1.0], [1, 2, 1.0], [1, 18, 1.0], [1, 19, 1.0], [2, 3, 1.0], [2, 20, 1.0], [2, 21, 1.0], [3, 4, 1.0], [3, 22, 1.0], [3, 23, 1.0], [4, 5, 1.0], [4, 24, 1.0], [4, 25, 1.0], [5, 6, 1.0], [5, 26, 1.0], [5, 27, 1.0], [6, 7, 1.0], [6, 28, 1.0], [6, 29, 1.0], [7, 8, 1.0], [7, 30, 1.0], [7, 31, 1.0], [8, 9, 1.0], [8, 32, 1.0], [8, 33, 1.0], [9, 10, 1.0], [9, 34, 1.0], [9, 35, 1.0], [10, 11, 1.0], [10, 36, 1.0], [10, 37, 1.0], [11, 12, 1.0], [11, 38, 1.0], [11, 39, 1.0], [12, 13, 1.0], [12, 40, 1.0], [12, 41, 1.0], [13, 14, 1.0], [13, 42, 1.0], [13, 43, 1.0], [14, 44, 1.0], [14, 45, 1.0], [14, 46, 1.0]], "fix_com": true, "fix_orientation": true, "provenance": {"creator": "QCElemental", "version": "v0.22.0", "routine": "qcelemental.molparse.from_schema"}, "id": "224742"}