{"schema_name": "qcschema_molecule", "schema_version": 2, "validated": true, "symbols": ["C", "C", "C", "C", "C", "C", "C", "C", "C", "C", "C", "C", "C", "C", "C", "H", "H", "H", "H", "H", "H", "H", "H", "H", "H", "H", "H", "H", "H", "H", "H", "H", "H", "H", "H", "H", "H", "H", "H", "H", "H", "H", "H", "H", "H", "H", "H"], "geometry": [0.0, 0.0, 0.0, 2.8890591940042905, -2.8424889391101296e-16, -1.7359761261915585e-16, 3.9958811402168237, 1.6578853050146614, -2.0957017050179774, 6.888241204177206, 1.651108906311462, -2.309463917186589, 8.296389031291522, 2.744568594609757, 1.1102230246251565e-15, 9.222411866117481, 0.8173603530166611, 1.9824168585469306, 11.944750500874415, -0.12180473173541362, 1.6224295007762346, 12.42175451602402, -1.6794167593090756, -0.7713276054212242, 15.024614073024818, -2.955565731435236, -0.8523536606650732, 17.368847729513806, -1.2465210480508129, -0.9890084123839793, 17.706703815858265, 0.261780041044986, -3.458732316120492, 16.673506540619798, 2.967319905055399, -3.4201313069889463, 17.126650918114215, 4.35343945580899, -5.920161641378855, 16.363445900665077, 7.14804824090837, -5.9205167346740595, 13.52730863968229, 7.621532249956638, -5.624117013624057, -0.7401340989567493, 1.895603564294599, 0.27277024055262655, -0.7417868314838514, -0.7073069614588762, -1.7788430870700362, -0.7446269730337023, -1.1826817081627605, 1.5021461335622377, 3.558114750189941, 0.6420427688441127, 1.8317862580254705, 3.568499370182659, -1.9280265725631307, -0.22315668432626345, 3.3518269985815277, 3.5942346996898156, -1.8284746854177034, 3.215123604044163, 1.042381542263815, -3.8966225481142276, 7.381869235597445, 2.7551761537435406, -3.9700072485712807, 7.529730349560383, -0.2604257855076064, -2.693019036439935, 7.064728943593752, 4.109419143187999, 0.9174942360399034, 9.916874254421032, 3.8279457862272075, -0.6480893656364568, 7.954840262260187, -0.7966304206207009, 2.047455497452153, 9.12137738308538, 1.688986415965695, 3.840166819566618, 13.20864237360002, 1.4976436988355264, 1.6688311685055224, 12.438697721130627, -1.275072570971869, 3.2531235099413416, 11.001524159534418, -3.1631851318611197, -0.8797485679059235, 12.154914177999672, -0.5220248332931169, -2.444334029843366, 15.072349762962686, -4.230599687835714, -2.4652972569774225, 15.202933335460816, -4.148827585694572, 0.8136850562550624, 19.000067340740642, -2.4734797760034177, -0.7594959467547336, 17.414145395808127, 0.03428178779922125, 0.6169704394434603, 19.71309360346862, 0.3680885465808721, -3.8905102856343605, 16.85437492178179, -0.7754471702259265, -5.0178499260882505, 14.670648021402117, 2.9506810345521575, -2.985214534345653, 17.58696891566284, 4.007217142488565, -1.8967241067898946, 19.125000895044536, 4.226868117761523, -6.388706574564678, 16.12340240098508, 3.3786771739432355, -7.429808757246703, 17.37853946233492, 8.129274961763816, -4.4253876299834225, 16.990176002086972, 7.992206067642809, -7.685956872321602, 12.45891166754169, 6.63342038359649, -7.073418351103896, 13.100787186252536, 9.621502606587011, -5.791424032082547, 12.832174479224557, 6.99741364048862, -3.7992669357446167], "name": "C15H32", "identifiers": {"molecule_hash": "dcda4882f3e93c9eab8fde1994893e2be8c14b72", "molecular_formula": "C15H32"}, "molecular_charge": 0.0, "molecular_multiplicity": 1, "connectivity": [[0, 1, 1.0], [0, 15, 1.0], [0, 16, 1.0], [0, 17, 1.0], [1, 2, 1.0], [1, 18, 1.0], [1, 19, 1.0], [2, 3, 1.0], [2, 20, 1.0], [2, 21, 1.0], [3, 4, 1.0], [3, 22, 1.0], [3, 23, 1.0], [4, 5, 1.0], [4, 24, 1.0], [4, 25, 1.0], [5, 6, 1.0], [5, 26, 1.0], [5, 27, 1.0], [6, 7, 1.0], [6, 28, 1.0], [6, 29, 1.0], [7, 8, 1.0], [7, 30, 1.0], [7, 31, 1.0], [8, 9, 1.0], [8, 32, 1.0], [8, 33, 1.0], [9, 10, 1.0], [9, 34, 1.0], [9, 35, 1.0], [10, 11, 1.0], [10, 36, 1.0], [10, 37, 1.0], [11, 12, 1.0], [11, 38, 1.0], [11, 39, 1.0], [12, 13, 1.0], [12, 40, 1.0], [12, 41, 1.0], [13, 14, 1.0], [13, 42, 1.0], [13, 43, 1.0], [14, 44, 1.0], [14, 45, 1.0], [14, 46, 1.0]], "fix_com": true, "fix_orientation": true, "provenance": {"creator": "QCElemental", "version": "v0.22.0", "routine": "qcelemental.molparse.from_schema"}, "id": "217445"}