{"schema_name": "qcschema_molecule", "schema_version": 2, "validated": true, "symbols": ["C", "C", "C", "C", "C", "C", "C", "C", "C", "C", "C", "C", "C", "C", "C", "H", "H", "H", "H", "H", "H", "H", "H", "H", "H", "H", "H", "H", "H", "H", "H", "H", "H", "H", "H", "H", "H", "H", "H", "H", "H", "H", "H", "H", "H", "H", "H"], "geometry": [0.0, 0.0, -0.0, 2.888778619726894, 1.359707152515542e-16, 1.9279870328083613e-16, 4.002187779623897, 2.670731249417974, 4.996003610813204e-16, 6.891407874314753, 2.7848101384592554, -0.18757301519713324, 8.283961210974256, 1.686801879080666, 2.102879695729141, 11.1423849301305, 2.163451747923372, 2.1106647984464066, 12.600945348949837, 0.8316862677869385, -0.005082956318488346, 15.459900500420696, 1.2318748148612881, 0.19571912281145307, 17.030346037866988, -0.24015092457966164, -1.747656787565924, 16.561120044797118, 0.39330098138629344, -4.538400581063177, 17.161573682709193, 3.126076762411882, -5.2771805339436915, 16.865797779418564, 3.598731148700954, -8.116899641233097, 17.64505798947806, 6.250867275664177, -8.99227673278315, 16.124381254216598, 8.464567192324967, -7.899276539291007, 13.309983715577905, 8.420916486180941, -8.557169638001977, -0.7400270529663604, 0.9619039399484886, 1.6560819017734099, -0.7446228261779938, -1.9118380452352586, 0.004385244684783768, -0.7419158335493022, 0.9564309938069027, -1.6581985331465017, 3.5699163635847775, -1.0181134955915914, -1.6522177207691646, 3.5576723451695815, -1.0420015853142508, 1.6373783978461998, 3.2056054379226513, 3.7115156826744653, -1.5849451898239506, 3.390976837726842, 3.6601327520516946, 1.697832212402695, 7.484413646137677, 1.8205869593538675, -1.9023910330015832, 7.449306412786183, 4.751996306190636, -0.41271487577326804, 7.485306990479411, 2.5098833321720946, 3.810672581904315, 7.946689697150176, -0.3360591451271013, 2.229572730985541, 11.898342885831113, 1.545053017628975, 3.92015986701954, 11.492521533487224, 4.1887568656179335, 2.007676920477846, 11.936221411633388, 1.499482906800738, -1.8274702565633865, 12.19229873921289, -1.1852615320257376, 0.05710701051596215, 15.876629525439785, 3.2396455147086303, 0.0631305026976976, 16.075390966660013, 0.6550329052952364, 2.071085060792548, 19.022460570391516, 0.06198775861059436, -1.3349840347804498, 16.692538610920614, -2.250281856044494, -1.4730847297187306, 14.615112869908723, -0.03522293930865317, -5.040402865007344, 17.722796520764437, -0.8662867161255579, -5.675187733641473, 19.08983730434716, 3.5740778500575514, -4.711708697007769, 15.94364811615425, 4.406361969627042, -4.233953148031366, 14.923909802600832, 3.218002323199994, -8.671436580568407, 18.016970160160923, 2.2331140620323153, -9.13562646050076, 17.515549163887496, 6.321530134647052, -11.043883072269013, 19.630408918167205, 6.535702653113989, -8.537202594433309, 16.34738413815685, 8.534928199724094, -5.859280948539986, 16.94161491604974, 10.209213878992404, -8.613963216934245, 13.02719771954848, 8.328497018604951, -10.589208119759967, 12.351355142202848, 6.81222902091413, -7.721216513284787, 12.375552083523457, 10.115135747899782, -7.874439801729341], "name": "C15H32", "identifiers": {"molecule_hash": "6da82134e411990929cb4e91e62c2436b7c1bdc7", "molecular_formula": "C15H32"}, "molecular_charge": 0.0, "molecular_multiplicity": 1, "connectivity": [[0, 1, 1.0], [0, 15, 1.0], [0, 16, 1.0], [0, 17, 1.0], [1, 2, 1.0], [1, 18, 1.0], [1, 19, 1.0], [2, 3, 1.0], [2, 20, 1.0], [2, 21, 1.0], [3, 4, 1.0], [3, 22, 1.0], [3, 23, 1.0], [4, 5, 1.0], [4, 24, 1.0], [4, 25, 1.0], [5, 6, 1.0], [5, 26, 1.0], [5, 27, 1.0], [6, 7, 1.0], [6, 28, 1.0], [6, 29, 1.0], [7, 8, 1.0], [7, 30, 1.0], [7, 31, 1.0], [8, 9, 1.0], [8, 32, 1.0], [8, 33, 1.0], [9, 10, 1.0], [9, 34, 1.0], [9, 35, 1.0], [10, 11, 1.0], [10, 36, 1.0], [10, 37, 1.0], [11, 12, 1.0], [11, 38, 1.0], [11, 39, 1.0], [12, 13, 1.0], [12, 40, 1.0], [12, 41, 1.0], [13, 14, 1.0], [13, 42, 1.0], [13, 43, 1.0], [14, 44, 1.0], [14, 45, 1.0], [14, 46, 1.0]], "fix_com": true, "fix_orientation": true, "provenance": {"creator": "QCElemental", "version": "v0.22.0", "routine": "qcelemental.molparse.from_schema"}, "id": "215007"}