{"schema_name": "qcschema_molecule", "schema_version": 2, "validated": true, "symbols": ["C", "C", "C", "C", "C", "C", "C", "C", "C", "C", "C", "C", "C", "C", "C", "H", "H", "H", "H", "H", "H", "H", "H", "H", "H", "H", "H", "H", "H", "H", "H", "H", "H", "H", "H", "H", "H", "H", "H", "H", "H", "H", "H", "H", "H", "H", "H"], "geometry": [0.0, -0.0, 0.0, 2.898455487484761, -0.0, 0.0, 4.080950756289596, 1.4842809142163207, 2.2013748945817766, 3.3460028587871213, 4.290864481066718, 2.3507661531067, 4.041164528792677, 5.836429168508676, 8.881784197001252e-16, 3.478776707297851, 8.664011250749086, 0.3072066300139409, 3.9381926385807273, 10.243324895695633, -2.0841689320640135, 6.708049136637367, 10.314793841254481, -2.9450951560490104, 7.225612276214299, 12.152433493896314, -5.13111261464112, 5.8846145072621, 11.470627589590121, -7.609494707525329, 6.634907756410361, 13.204025109808839, -9.807398044011714, 5.177357293850006, 12.715201657348327, -12.271503624900657, 5.439751670393535, 10.029705697666074, -13.356875961830385, 8.165238646935485, 9.155334306990405, -13.853551448202928, 9.616786274857255, 10.823725157564015, -15.727384769230994, -0.767055253070098, 1.9005242642825833, -0.28681771080858787, -0.7452718304445813, -0.708662087891575, 1.7992295377234448, -0.7457286935619997, -1.2044702747385199, -1.5093555904937839, 3.5864704579737903, 0.7523409310677195, -1.8044112129844552, 3.5763702773244646, -1.9573129569942669, 0.09374666746099547, 6.147039210479564, 1.3389184309581226, 2.0664732456875745, 3.5521588296301045, 0.564210792660657, 3.9854717994700897, 4.283054311553789, 5.126256162696022, 4.003245028632244, 1.3107647238336202, 4.469188238213757, 2.708254533929331, 6.052170601688173, 5.555253736506736, -0.4216877643453416, 3.0012603133894116, 5.123762932812692, -1.6479530661741328, 1.4986168166511988, 8.888835248936076, 0.887387681024689, 4.624068546720239, 9.42463016630241, 1.863902148610228, 2.7443191342498765, 9.509543798040248, -3.6127712994369565, 3.3011192215512315, 12.188726185966152, -1.7370745179177893, 7.319852605332125, 8.414797695877452, -3.507342986490479, 7.892535671000944, 10.847013621964168, -1.3250096137215372, 9.2709575222014, 12.21926443279216, -5.478218420064715, 6.6759792490931735, 14.072327926363696, -4.560657061202832, 3.828870361502595, 11.561570517687429, -7.3513764215100545, 6.319378390752622, 9.49847775147213, -8.084440681677759, 8.674072234323917, 13.029400296727326, -10.146728800787338, 6.325388916830855, 15.176428075697766, -9.24118395389649, 5.7889523821977855, 14.095023342304096, -13.69233632313155, 3.1629522690596694, 13.093024647423519, -11.945535604132647, 4.528763013735698, 8.67759451481323, -12.0771340836657, 4.3733198608340045, 9.936612841078396, -15.135166346967484, 8.108104709873144, 7.213446705132793, -14.578194928780777, 9.209566529952692, 9.062000183348456, -12.065010238541955, 9.882291941704201, 12.742469841779611, -14.99988905450228, 11.493144764103796, 10.04391345484164, -16.122677346478703, 8.603739143530866, 10.973809093461718, -17.529027950333393], "name": "C15H32", "identifiers": {"molecule_hash": "5abf94dfc0bcb6fa0f10fb50f334ac452a869703", "molecular_formula": "C15H32"}, "molecular_charge": 0.0, "molecular_multiplicity": 1, "connectivity": [[0, 1, 1.0], [0, 15, 1.0], [0, 16, 1.0], [0, 17, 1.0], [1, 2, 1.0], [1, 18, 1.0], [1, 19, 1.0], [2, 3, 1.0], [2, 20, 1.0], [2, 21, 1.0], [3, 4, 1.0], [3, 22, 1.0], [3, 23, 1.0], [4, 5, 1.0], [4, 24, 1.0], [4, 25, 1.0], [5, 6, 1.0], [5, 26, 1.0], [5, 27, 1.0], [6, 7, 1.0], [6, 28, 1.0], [6, 29, 1.0], [7, 8, 1.0], [7, 30, 1.0], [7, 31, 1.0], [8, 9, 1.0], [8, 32, 1.0], [8, 33, 1.0], [9, 10, 1.0], [9, 34, 1.0], [9, 35, 1.0], [10, 11, 1.0], [10, 36, 1.0], [10, 37, 1.0], [11, 12, 1.0], [11, 38, 1.0], [11, 39, 1.0], [12, 13, 1.0], [12, 40, 1.0], [12, 41, 1.0], [13, 14, 1.0], [13, 42, 1.0], [13, 43, 1.0], [14, 44, 1.0], [14, 45, 1.0], [14, 46, 1.0]], "fix_com": true, "fix_orientation": true, "provenance": {"creator": "QCElemental", "version": "v0.22.0", "routine": "qcelemental.molparse.from_schema"}, "id": "219030"}