{"schema_name": "qcschema_molecule", "schema_version": 2, "validated": true, "symbols": ["C", "C", "C", "C", "C", "C", "C", "C", "C", "C", "C", "C", "C", "C", "C", "H", "H", "H", "H", "H", "H", "H", "H", "H", "H", "H", "H", "H", "H", "H", "H", "H", "H", "H", "H", "H", "H", "H", "H", "H", "H", "H", "H", "H", "H", "H", "H"], "geometry": [-0.0, -0.0, 0.0, 2.874579596367461, -1.1664564502983455e-15, -7.627687860893864e-15, 4.051047038758747, 2.3541866310956605, -1.185302531368427, 3.249688518467124, 4.858901049580139, -2.886579864025407e-15, 3.7974582658322356, 5.065086505474886, 2.8196357956056275, 3.403044387095996, 7.711850491597626, 3.9042114501986713, 0.7827640330611927, 8.841571195756178, 3.4764828134284484, -1.3722036431537206, 7.318527902552134, 4.62379609328047, -3.9729102030280767, 8.528496118809777, 4.297281259960818, -4.835404633763244, 8.90548914971574, 1.567414710110462, -5.05104765693034, 6.458234473892379, 0.06137041895282591, -5.960062793793753, 6.784982115586753, -2.672452566466621, -3.862827594447345, 6.8015838977413825, -4.6534510535007545, -1.964312067926414, 8.950537550964993, -4.428857467909848, 0.017470276193762846, 8.90307704152131, -6.507542574018342, -0.7552522931602295, -1.8000600423492954, 0.6961196379979956, -0.7545513314129884, 0.30232222631140493, -1.9115792472011102, -0.7685105069033678, 1.4994814601043285, 1.2125788836591251, 3.5635075905838933, -1.6669754873583156, -1.0293390120687407, 3.562093454353355, -0.22056398439780484, 1.9490937659424015, 3.574826021139164, 2.3972193119461522, -3.2098187405012233, 6.121345299363879, 2.187431922661479, -1.0852950972843776, 4.213596211687448, 6.408826894592313, -0.9991359250025995, 1.2194785275057671, 5.157659869704952, -0.3363588580216708, 5.764621326135487, 4.490290258806011, 3.1745932290683276, 2.6207606420933973, 3.700595929563761, 3.8571556623062593, 4.815705907664454, 8.99075267792723, 3.0728994407288766, 3.800201636117921, 7.665908369145905, 5.944426908386498, 0.7456416186272252, 10.764595803092735, 4.267194246238166, 0.4629319906470764, 9.072203918074898, 1.4360046814103395, -1.0078034493172547, 7.05501246012981, 6.654253898943198, -1.388477082495756, 5.405723049166372, 3.8080994814735316, -5.3795796653565935, 7.358121168893167, 5.284585725818318, -3.9819993631962403, 10.370760586430318, 5.260807220031026, -6.694882620723591, 9.834743057592242, 1.5860467343450022, -3.5662805215851248, 10.230568143699918, 0.5938611888018519, -6.344620153143765, 5.19108190387998, 1.0822076402420047, -3.2167524298141523, 5.476647497432076, 0.03984238345862434, -7.075699606724133, 8.535225742113136, -2.8272180456523035, -7.264802244656596, 5.243386112009264, -3.1471584147574188, -4.723994083995168, 6.865246100045798, -6.545762259278725, -2.8361874132198897, 4.990338294733797, -4.558516001965453, -1.0142280721566426, 8.848410700462251, -2.5838562799719975, -2.9757780361095976, 10.768505915845545, -4.456258678100999, 1.3669600263998702, 10.464230113311192, -6.317123041001903, 1.0976964400378222, 7.130526546565811, -6.465848359238554, -0.8567535247351258, 9.050276724112656, -8.384121508613012], "name": "C15H32", "identifiers": {"molecule_hash": "1faa50a58f73ac596064fc265035309006bfb488", "molecular_formula": "C15H32"}, "molecular_charge": 0.0, "molecular_multiplicity": 1, "connectivity": [[0, 1, 1.0], [0, 15, 1.0], [0, 16, 1.0], [0, 17, 1.0], [1, 2, 1.0], [1, 18, 1.0], [1, 19, 1.0], [2, 3, 1.0], [2, 20, 1.0], [2, 21, 1.0], [3, 4, 1.0], [3, 22, 1.0], [3, 23, 1.0], [4, 5, 1.0], [4, 24, 1.0], [4, 25, 1.0], [5, 6, 1.0], [5, 26, 1.0], [5, 27, 1.0], [6, 7, 1.0], [6, 28, 1.0], [6, 29, 1.0], [7, 8, 1.0], [7, 30, 1.0], [7, 31, 1.0], [8, 9, 1.0], [8, 32, 1.0], [8, 33, 1.0], [9, 10, 1.0], [9, 34, 1.0], [9, 35, 1.0], [10, 11, 1.0], [10, 36, 1.0], [10, 37, 1.0], [11, 12, 1.0], [11, 38, 1.0], [11, 39, 1.0], [12, 13, 1.0], [12, 40, 1.0], [12, 41, 1.0], [13, 14, 1.0], [13, 42, 1.0], [13, 43, 1.0], [14, 44, 1.0], [14, 45, 1.0], [14, 46, 1.0]], "fix_com": true, "fix_orientation": true, "provenance": {"creator": "QCElemental", "version": "v0.22.0", "routine": "qcelemental.molparse.from_schema"}, "id": "223766"}