{"schema_name": "qcschema_molecule", "schema_version": 2, "validated": true, "symbols": ["C", "C", "C", "C", "C", "C", "C", "C", "C", "C", "C", "C", "C", "C", "C", "H", "H", "H", "H", "H", "H", "H", "H", "H", "H", "H", "H", "H", "H", "H", "H", "H", "H", "H", "H", "H", "H", "H", "H", "H", "H", "H", "H", "H", "H", "H", "H"], "geometry": [0.0, 0.0, -0.0, 2.8747050587402203, 1.0750066925645407e-16, -2.7740903977570356e-17, 4.051735410489771, 1.4509863163528798, -2.1987510637732592, 3.283894779566789, 4.230347467743444, -2.385334835929636, 3.7192279850670387, 5.792757030059651, 2.220446049250313e-16, 6.454605926236138, 5.885135329826975, 0.8895335014776078, 6.8340237233185235, 7.601708714294896, 3.1687472987476557, 9.585322682049835, 7.9838744941571695, 3.953640933237995, 11.025785485715598, 5.584634780644103, 4.6815120577141585, 10.057391241744991, 4.127769416751407, 6.992610074918082, 11.264935598725055, 4.856821298868785, 9.513983066445867, 10.762727407436232, 7.535012264445322, 10.468007421612977, 7.982994904619039, 8.228361054307614, 10.802398181390942, 6.528563926348587, 6.509398935184274, 12.594643532157857, 3.8387360814533595, 7.40474344192652, 13.058140632035322, -0.7546622739951014, -1.1750131558386652, 1.5314488805299094, -0.7495967813300848, -0.7416884791609959, -1.7887550833844437, -0.7697083752811403, 1.910343362605637, 0.24968214401643585, 3.561392189184719, -1.9591078438019927, -0.06010996258707668, 3.56643586412148, 0.779885899170295, 1.8001928857812977, 3.5418217025289884, 0.5090508838335736, -3.980938594307251, 6.119947684215368, 1.3091746820413688, -2.0604481682328966, 4.325289697695919, 5.096508670807144, -3.9624624667977733, 1.2760734072506454, 4.357181618704293, -2.9031513689754815, 2.5254618671968307, 5.066988882617028, 1.5430823672149105, 3.0589112159355145, 7.733012042512364, -0.34799271187937086, 7.098995469552775, 3.962884811860951, 1.3460920786826527, 7.665273102199567, 6.539235721350742, -0.674826116813163, 6.012960921761173, 9.464690969104895, 2.746269082301438, 5.725221689442085, 6.861002141382077, 4.76651551481115, 9.648600516476895, 9.354823932292085, 5.509690903643736, 10.594813026246047, 8.883626413978346, 2.3733545685307957, 13.02203718510386, 6.07784008367049, 4.995077931951672, 11.032197169332175, 4.313317237627851, 3.0400440180385244, 10.431152744235192, 2.10712967157508, 6.699001404458843, 7.987404315681408, 4.28289146633304, 7.125478799961105, 13.321580684635888, 4.59297593416545, 9.356703093809356, 10.639733390029823, 3.4978370851376974, 10.956296025627495, 11.657291982354508, 8.90982809083216, 9.192938392714838, 11.730754351705677, 7.761277601939861, 12.294869580084224, 7.024183343518136, 8.237917904530297, 8.956041047486202, 7.866259978403924, 10.18321484739671, 11.50180597399592, 6.486489595036977, 4.577130554859419, 11.829463735163253, 7.5478605967276025, 6.384937375365533, 14.404589381545382, 3.8141683468182377, 9.306325504569447, 13.88927656680284, 2.820420958933579, 6.141677087980656, 14.34740765011566, 2.7630289386126208, 7.492829238754139, 11.28522387411556], "name": "C15H32", "identifiers": {"molecule_hash": "61b25cc27aeccdad0b2f455d6dac3084d1d10ba3", "molecular_formula": "C15H32"}, "molecular_charge": 0.0, "molecular_multiplicity": 1, "connectivity": [[0, 1, 1.0], [0, 15, 1.0], [0, 16, 1.0], [0, 17, 1.0], [1, 2, 1.0], [1, 18, 1.0], [1, 19, 1.0], [2, 3, 1.0], [2, 20, 1.0], [2, 21, 1.0], [3, 4, 1.0], [3, 22, 1.0], [3, 23, 1.0], [4, 5, 1.0], [4, 24, 1.0], [4, 25, 1.0], [5, 6, 1.0], [5, 26, 1.0], [5, 27, 1.0], [6, 7, 1.0], [6, 28, 1.0], [6, 29, 1.0], [7, 8, 1.0], [7, 30, 1.0], [7, 31, 1.0], [8, 9, 1.0], [8, 32, 1.0], [8, 33, 1.0], [9, 10, 1.0], [9, 34, 1.0], [9, 35, 1.0], [10, 11, 1.0], [10, 36, 1.0], [10, 37, 1.0], [11, 12, 1.0], [11, 38, 1.0], [11, 39, 1.0], [12, 13, 1.0], [12, 40, 1.0], [12, 41, 1.0], [13, 14, 1.0], [13, 42, 1.0], [13, 43, 1.0], [14, 44, 1.0], [14, 45, 1.0], [14, 46, 1.0]], "fix_com": true, "fix_orientation": true, "provenance": {"creator": "QCElemental", "version": "v0.22.0", "routine": "qcelemental.molparse.from_schema"}, "id": "230758"}