{"schema_name": "qcschema_molecule", "schema_version": 2, "validated": true, "symbols": ["C", "C", "C", "C", "C", "C", "C", "C", "C", "C", "C", "C", "C", "C", "C", "H", "H", "H", "H", "H", "H", "H", "H", "H", "H", "H", "H", "H", "H", "H", "H", "H", "H", "H", "H", "H", "H", "H", "H", "H", "H", "H", "H", "H", "H", "H", "H"], "geometry": [10.974939740147398, 2.135107740220602, -2.220446049250313e-16, 9.029405921384438, -1.3913396501019442e-15, -7.924467931807711e-16, 9.368379601889252, -1.8138939871969169, -2.231763646314379, 7.490020086856605, -4.038247925441936, -2.328891305725854, 5.131293021415039, -3.635005942875587, -3.9746012307556358, 3.2693599002771094, -1.565019985303522, -3.1693565885679145, 1.939086239222493, -2.04999441767328, -0.6456621356112332, -0.0, 0.0, 0.0, -1.520189210640826, -0.4797086544577789, 2.420120976327488, 0.02819834343812233, -0.3079238664599564, 4.8646290919096105, -1.520327482429465, -0.6535354102806941, 7.309530943577869, -1.532511283093534, -3.32647375558277, 8.43543050461665, -2.7433605260820992, -5.384066587587534, 6.80334132179626, -2.8950881906085395, -7.937865174948765, 8.151922778581525, -4.078118807807338, -10.008174445844185, 6.522360016397656, 12.888333787691309, 1.3949132857236923, 0.08074918464051051, 10.821495498041994, 3.277479211239637, -1.6991009691950425, 10.717139289009356, 3.3772986554416393, 1.612519992929995, 7.144124903453477, 0.8076837907459993, -0.010355951929106988, 9.18895472497795, -1.062908690073084, 1.7528900540274734, 11.277900942360082, -2.5682586811337655, -2.134413854482993, 9.274656276815474, -0.7564863945941107, -3.9943886725244937, 8.465795744691988, -5.6758164106808895, -3.093844334747774, 6.946064029895919, -4.56551302744295, -0.41894152805078244, 4.110944279139265, -5.418360219720011, -4.076396346661947, 5.755398487518946, -3.232815405642644, -5.89247632011426, 1.839513235955319, -1.4004558476840527, -4.638328257417319, 4.21925248350291, 0.2555809891292318, -3.1116936251362177, 0.9901956268642769, -3.8752405536546695, -0.727374018379723, 3.328041850356247, -2.1899503023803732, 0.8563206385980547, 0.9535508697630963, 1.8182040644111477, 0.1462572905905113, -1.3170086355441073, 0.17301472126337258, -1.5697448576795465, -2.4440018924050944, -2.308102452511519, 2.2833252824489496, -3.0300589398578266, 0.9124462417396844, 2.522233870651553, 0.9245908188857205, 1.5415810070807305, 4.904075508556597, 1.561732827778555, -1.6741838928501604, 4.838857036452963, -0.7647262818170142, 0.6040002507975601, 8.746949525607945, -3.457320221875115, -0.03889042738831616, 6.990757356742099, -2.523377827190452, -3.2525275326295984, 10.236430452784546, 0.40261731089534747, -3.8715592328425537, 8.874551686947669, -1.6777357803962736, -5.616653980148492, 5.0626338118993655, -4.636904926118035, -4.7969878496631715, 6.251371134046638, -3.9830000105835603, -7.7292490105380605, 9.883857753416684, -1.0072923896943609, -8.517516165145844, 8.7248149830321, -5.991774414098835, -9.511991341122291, 5.968410445783101, -2.99261284133613, -10.312122777593355, 4.806418437499159, -4.163124776738947, -11.792645633947787, 7.531288408513225], "name": "C15H32", "identifiers": {"molecule_hash": "6e0a461dd4b932c23070675fcf4821cd67924a27", "molecular_formula": "C15H32"}, "molecular_charge": 0.0, "molecular_multiplicity": 1, "connectivity": [[0, 1, 1.0], [0, 15, 1.0], [0, 16, 1.0], [0, 17, 1.0], [1, 2, 1.0], [1, 18, 1.0], [1, 19, 1.0], [2, 3, 1.0], [2, 20, 1.0], [2, 21, 1.0], [3, 4, 1.0], [3, 22, 1.0], [3, 23, 1.0], [4, 5, 1.0], [4, 24, 1.0], [4, 25, 1.0], [5, 6, 1.0], [5, 26, 1.0], [5, 27, 1.0], [6, 7, 1.0], [6, 28, 1.0], [6, 29, 1.0], [7, 8, 1.0], [7, 30, 1.0], [7, 31, 1.0], [8, 9, 1.0], [8, 32, 1.0], [8, 33, 1.0], [9, 10, 1.0], [9, 34, 1.0], [9, 35, 1.0], [10, 11, 1.0], [10, 36, 1.0], [10, 37, 1.0], [11, 12, 1.0], [11, 38, 1.0], [11, 39, 1.0], [12, 13, 1.0], [12, 40, 1.0], [12, 41, 1.0], [13, 14, 1.0], [13, 42, 1.0], [13, 43, 1.0], [14, 44, 1.0], [14, 45, 1.0], [14, 46, 1.0]], "fix_com": true, "fix_orientation": true, "provenance": {"creator": "QCElemental", "version": "v0.22.0", "routine": "qcelemental.molparse.from_schema"}, "id": "216444"}