{"schema_name": "qcschema_molecule", "schema_version": 2, "validated": true, "symbols": ["C", "C", "C", "C", "C", "C", "C", "C", "C", "C", "C", "C", "C", "C", "C", "H", "H", "H", "H", "H", "H", "H", "H", "H", "H", "H", "H", "H", "H", "H", "H", "H", "H", "H", "H", "H", "H", "H", "H", "H", "H", "H", "H", "H", "H", "H", "H"], "geometry": [4.1257240753191216, 2.639190474345364, -2.220446049250313e-16, 2.919206980193138, 1.465363026591335e-15, -6.3047785274064755e-15, 0.0, 0.0, 0.0, -1.2554135106159585, -0.21490191739326447, -2.6128927264651183, -0.6426721965952797, 1.9345933789580196, -4.463746711879205, -1.9284398333699602, 1.7373365665171405, -7.072539239774707, -4.587822921604749, 2.8978650752954995, -7.291281299406056, -6.7160007233013825, 1.6458400033323275, -5.754887752012872, -7.095881225188899, -1.1903552613436092, -6.2467019192170685, -7.758674396197001, -1.8498263918599802, -8.990039851571563, -8.27941212509225, -4.676926547867838, -9.421993015618781, -6.091183856358896, -6.455490844791974, -8.7159714753965, -3.642752760716021, -5.964571524069091, -10.190216694244825, -1.4702689910710176, -7.771712793042209, -9.52163298675188, -0.4286764248415336, -7.410894162570064, -6.8391573118391165, 6.193079613731004, 2.5158277960739253, -0.006105103509747356, 3.56616770589894, 3.6970030351695535, 1.6911522284435692, 3.5560938758859, 3.7553564110004576, -1.6436079793958533, 3.605624272164086, -1.0839621256770908, -1.6312470398411119, 3.5971421421308727, -1.0153493467392074, 1.674550300563762, -0.6852442964084179, 1.7121549346889113, 0.954302201114259, -0.6751673244384393, -1.5923678088504643, 1.142436183511662, -3.30000202024468, -0.3403196093550971, -2.3310991355659514, -0.6877478519038067, -2.0154196378472586, -3.4782086953267872, 1.4062521933426522, 1.9673892805914215, -4.760560160953073, -1.1223916586989324, 3.7593524356253325, -3.5950466202225844, -1.9641101753545451, -0.2481680632160448, -7.6708659485847175, -0.7334015828943492, 2.7113991568012086, -8.458654144234984, -5.122625425021588, 2.9010332719086573, -9.294063506926497, -4.475591212038779, 4.895561373507465, -6.7395689632999805, -8.48616622609097, 2.6445089616304247, -6.177223236256839, -6.375716954197665, 1.938720865751049, -3.7320610000265466, -8.61026533159681, -1.883010782796963, -5.0068140038531155, -5.391663362188821, -2.2166478466953485, -5.680961787424759, -9.437408426584577, -0.7698088384707304, -9.559232347185695, -6.236220235219928, -1.2302414504502375, -10.248900466169932, -8.767113025112028, -4.967743290602684, -11.418373461541586, -9.957056636424026, -5.225459235294402, -8.330140587443836, -5.7281576014926685, -6.325093789377042, -6.682120531232392, -6.691794673553048, -8.412428007579416, -9.059487489963368, -4.04992619380364, -6.108824679848308, -12.220693812405662, -3.0023583535512377, -4.018498733372025, -9.87078081552945, -2.106350886085215, -9.732657645524423, -9.761608941522818, 0.0715980552889168, -7.493779314218203, -10.87988688268786, 1.177241156393651, -8.668055044488332, -6.484531895719854, -1.856902182897492, -7.805402476897048, -5.395483136645103, 0.2225107154469651, -5.4637923954725425, -6.5577743024487605], "name": "C15H32", "identifiers": {"molecule_hash": "b3e5b4b46571a068b5365954117595147b9c622f", "molecular_formula": "C15H32"}, "molecular_charge": 0.0, "molecular_multiplicity": 1, "connectivity": [[0, 1, 1.0], [0, 15, 1.0], [0, 16, 1.0], [0, 17, 1.0], [1, 2, 1.0], [1, 18, 1.0], [1, 19, 1.0], [2, 3, 1.0], [2, 20, 1.0], [2, 21, 1.0], [3, 4, 1.0], [3, 22, 1.0], [3, 23, 1.0], [4, 5, 1.0], [4, 24, 1.0], [4, 25, 1.0], [5, 6, 1.0], [5, 26, 1.0], [5, 27, 1.0], [6, 7, 1.0], [6, 28, 1.0], [6, 29, 1.0], [7, 8, 1.0], [7, 30, 1.0], [7, 31, 1.0], [8, 9, 1.0], [8, 32, 1.0], [8, 33, 1.0], [9, 10, 1.0], [9, 34, 1.0], [9, 35, 1.0], [10, 11, 1.0], [10, 36, 1.0], [10, 37, 1.0], [11, 12, 1.0], [11, 38, 1.0], [11, 39, 1.0], [12, 13, 1.0], [12, 40, 1.0], [12, 41, 1.0], [13, 14, 1.0], [13, 42, 1.0], [13, 43, 1.0], [14, 44, 1.0], [14, 45, 1.0], [14, 46, 1.0]], "fix_com": true, "fix_orientation": true, "provenance": {"creator": "QCElemental", "version": "v0.22.0", "routine": "qcelemental.molparse.from_schema"}, "id": "226132"}