{"schema_name": "qcschema_molecule", "schema_version": 2, "validated": true, "symbols": ["C", "C", "C", "C", "C", "C", "C", "C", "C", "C", "C", "C", "C", "C", "C", "H", "H", "H", "H", "H", "H", "H", "H", "H", "H", "H", "H", "H", "H", "H", "H", "H", "H", "H", "H", "H", "H", "H", "H", "H", "H", "H", "H", "H", "H", "H", "H"], "geometry": [0.0, 0.0, -0.0, 2.896753541074156, 2.924204216055853e-16, 1.594486181336061e-16, 4.006167787631383, 2.681122659286133, 0.0, 6.909767344253713, 2.8660116212207036, -0.17192453733697177, 8.3419690348764, 2.864432856314111, 2.3620864898808005, 8.289071890434892, 0.4893808480224906, 4.0458408908441275, 9.961411589219846, -1.7386610562441116, 3.202546491739306, 8.93703625651184, -3.3733608649276254, 1.036571410598319, 10.531819428890833, -5.740173535599104, 0.5030354337080603, 13.246196573696652, -5.297646535137837, -0.44473158954480985, 13.459609607494247, -3.8866087354388705, -2.9888564619426266, 13.795562687143901, -1.0114079129010685, -2.780883715108625, 13.992797091446027, 0.2795658644339092, -5.368828773743964, 14.665860246482334, 3.1014761240235407, -5.260362533748527, 12.685308083545516, 4.743482484399358, -3.9261042252608487, -0.7455387779185938, 0.9578377090068848, 1.6791751313806675, -0.7480501362163597, 0.9851952383645005, -1.6621902791002119, -0.7581258101988388, -1.9264351271720244, -0.014242059742418767, 3.5772924037626974, -1.0629339847086952, 1.6374325644434577, 3.590750404939999, -1.0179834738374347, -1.6691994286648666, 3.3515586486658955, 3.696503219294708, 1.6896710377698019, 3.186039159556122, 3.6942109500622546, -1.6148268560864458, 7.385268336546689, 4.6528751954670104, -1.1076188720092848, 7.626705658165292, 1.3846789558241908, -1.4274050863353704, 7.602616990351491, 4.450590751622269, 3.4790560405514865, 10.330028775544577, 3.3299420778225217, 1.9844598532029922, 6.341659163164762, -0.15739372253156736, 4.329335818962405, 8.953753972108505, 1.0766440220818856, 5.920842749164295, 11.838651180677656, -1.0066189672254018, 2.714091252276552, 10.252569903643156, -2.981484734579654, 4.840432547648117, 7.015340623684266, -3.9838701878820166, 1.5197392622102772, 8.748665104037283, -2.2623385545133394, -0.6958813715863454, 9.537824465462995, -6.89904838379363, -0.9031631118119359, 10.61694477644468, -6.8853834199368755, 2.232976386350122, 14.137352698893348, -7.1593246494513405, -0.6346203064925962, 14.351191779102429, -4.295355271013101, 0.9954562523409973, 15.078429071974398, -4.636251618394024, -4.046804072611068, 11.789235663982135, -4.303461882981424, -4.150509538057783, 12.232816266766973, -0.1882869138880322, -1.7071749357475516, 15.516642501005558, -0.6152195087835195, -1.6867402764165627, 15.428747094015954, -0.7047439100705986, -6.499057848476801, 12.197833359811778, 0.04240376932405532, -6.3872534283475515, 16.49900936905981, 3.3270670819209274, -4.3133951119163, 14.927457987928552, 3.7974216826650338, -7.196220173121021, 10.821076778447189, 4.5153417820017605, -4.800194283702863, 13.188302407045303, 6.749247770511346, -4.025217589783057, 12.497288469255066, 4.247573691474935, -1.9278444509202697], "name": "C15H32", "identifiers": {"molecule_hash": "e035da528855b71ec77bc9eb53d5bcd918055c5e", "molecular_formula": "C15H32"}, "molecular_charge": 0.0, "molecular_multiplicity": 1, "connectivity": [[0, 1, 1.0], [0, 15, 1.0], [0, 16, 1.0], [0, 17, 1.0], [1, 2, 1.0], [1, 18, 1.0], [1, 19, 1.0], [2, 3, 1.0], [2, 20, 1.0], [2, 21, 1.0], [3, 4, 1.0], [3, 22, 1.0], [3, 23, 1.0], [4, 5, 1.0], [4, 24, 1.0], [4, 25, 1.0], [5, 6, 1.0], [5, 26, 1.0], [5, 27, 1.0], [6, 7, 1.0], [6, 28, 1.0], [6, 29, 1.0], [7, 8, 1.0], [7, 30, 1.0], [7, 31, 1.0], [8, 9, 1.0], [8, 32, 1.0], [8, 33, 1.0], [9, 10, 1.0], [9, 34, 1.0], [9, 35, 1.0], [10, 11, 1.0], [10, 36, 1.0], [10, 37, 1.0], [11, 12, 1.0], [11, 38, 1.0], [11, 39, 1.0], [12, 13, 1.0], [12, 40, 1.0], [12, 41, 1.0], [13, 14, 1.0], [13, 42, 1.0], [13, 43, 1.0], [14, 44, 1.0], [14, 45, 1.0], [14, 46, 1.0]], "fix_com": true, "fix_orientation": true, "provenance": {"creator": "QCElemental", "version": "v0.22.0", "routine": "qcelemental.molparse.from_schema"}, "id": "225079"}