{"schema_name": "qcschema_molecule", "schema_version": 2, "validated": true, "symbols": ["C", "C", "C", "C", "C", "C", "C", "C", "C", "C", "C", "C", "C", "C", "C", "H", "H", "H", "H", "H", "H", "H", "H", "H", "H", "H", "H", "H", "H", "H", "H", "H", "H", "H", "H", "H", "H", "H", "H", "H", "H", "H", "H", "H", "H", "H", "H"], "geometry": [0.0, -0.0, 0.0, 2.8883006518517718, 5.925887434228544e-16, -8.724996945825196e-16, 4.005203628414929, 0.5908581724832819, -2.605593916768683, 6.916851243483853, 0.6442940638426579, -2.7125336046956434, 8.145900420625374, 3.263355496022074, -2.5000610648328028, 7.699568256342884, 4.6565981183983345, -4.440892098500626e-16, 9.122057554883458, 7.190258533576401, 0.24330072545646386, 11.63654001373625, 7.085787962367722, 1.6929597859488452, 13.783059990053095, 5.518565313753242, 0.5365083394594841, 14.831594985554347, 6.558251333985652, -1.952359164454856, 17.041720644445064, 4.989424225238532, -2.9678347959979803, 18.299942786518386, 6.0566580038309805, -5.349532265072721, 16.630558503682426, 6.0560098240684574, -7.712787556146356, 18.028905010041484, 6.949624847351912, -10.08082616526614, 16.36384025869983, 6.959775457296203, -12.440599527701222, -0.7419488468130973, -1.3777023513335738, -1.3293946205193066, -0.7413855877799693, 1.8391697285119106, -0.532540371936863, -0.7446328449180035, -0.45925940665121434, 1.855908470852377, 3.567296774279151, -1.842020716135662, 0.6109274893448109, 3.566007607773183, 1.3481242536402362, 1.3898307314985128, 3.3164030175106345, -0.8324979331610396, -3.9183340429440374, 3.2563722243691466, 2.3833796962767915, -3.2834928982753233, 7.680220250993262, -0.5877694276392194, -1.2523446991415237, 7.5241590281434005, -0.16585334015157205, -4.499472679060764, 7.461458242743331, 4.44316577010886, -4.041127926890746, 10.161420615678598, 3.0406787590189834, -2.8137267538500175, 8.2049079039099, 3.431452806041772, 1.5735784614731552, 5.689318837299413, 5.019447356863997, 0.19056410666759271, 7.920012166138315, 8.520566619627568, 1.2451845548409262, 9.407257366001126, 8.00437336296628, -1.6215158869384712, 12.308680091534391, 9.01255278025743, 1.9528824046729372, 11.251644352823575, 6.36385647827669, 3.5797225465115226, 13.174547942562281, 3.5738909067559956, 0.2729848692792807, 15.3154073107323, 5.441898751495205, 1.9059070346419396, 13.338962013102067, 6.642429243371444, -3.3558864420745476, 15.457647635242472, 8.497236067651798, -1.658403621037463, 18.46822324667808, 4.833306982244777, -1.495055095410118, 16.398754565538116, 3.0708142474764966, -3.343668539887937, 18.946468853034148, 7.9737535462195, -4.97374675951303, 19.989580986250246, 4.9516589846885655, -5.74073436072239, 15.906611022335118, 4.155618141164405, -8.031431112055124, 14.989299058095416, 7.25608313789359, -7.418226291678397, 19.661076997192765, 5.741979683560265, -10.404024521167349, 18.767683175373637, 8.84155216080398, -9.760585306387997, 14.749374765672613, 8.205684250674132, -12.203324455361667, 15.644858239321675, 5.080348236489241, -12.847971311796838, 17.408771605926304, 7.5988089362118645, -14.086594414059567], "name": "C15H32", "identifiers": {"molecule_hash": "f0e3ae41ac778526c739b5ea0044318367ef8312", "molecular_formula": "C15H32"}, "molecular_charge": 0.0, "molecular_multiplicity": 1, "connectivity": [[0, 1, 1.0], [0, 15, 1.0], [0, 16, 1.0], [0, 17, 1.0], [1, 2, 1.0], [1, 18, 1.0], [1, 19, 1.0], [2, 3, 1.0], [2, 20, 1.0], [2, 21, 1.0], [3, 4, 1.0], [3, 22, 1.0], [3, 23, 1.0], [4, 5, 1.0], [4, 24, 1.0], [4, 25, 1.0], [5, 6, 1.0], [5, 26, 1.0], [5, 27, 1.0], [6, 7, 1.0], [6, 28, 1.0], [6, 29, 1.0], [7, 8, 1.0], [7, 30, 1.0], [7, 31, 1.0], [8, 9, 1.0], [8, 32, 1.0], [8, 33, 1.0], [9, 10, 1.0], [9, 34, 1.0], [9, 35, 1.0], [10, 11, 1.0], [10, 36, 1.0], [10, 37, 1.0], [11, 12, 1.0], [11, 38, 1.0], [11, 39, 1.0], [12, 13, 1.0], [12, 40, 1.0], [12, 41, 1.0], [13, 14, 1.0], [13, 42, 1.0], [13, 43, 1.0], [14, 44, 1.0], [14, 45, 1.0], [14, 46, 1.0]], "fix_com": true, "fix_orientation": true, "provenance": {"creator": "QCElemental", "version": "v0.22.0", "routine": "qcelemental.molparse.from_schema"}, "id": "216179"}