{"schema_name": "qcschema_molecule", "schema_version": 2, "validated": true, "symbols": ["C", "C", "C", "C", "C", "C", "C", "C", "C", "C", "C", "C", "C", "C", "C", "H", "H", "H", "H", "H", "H", "H", "H", "H", "H", "H", "H", "H", "H", "H", "H", "H", "H", "H", "H", "H", "H", "H", "H", "H", "H", "H", "H", "H", "H", "H", "H"], "geometry": [0.0, 0.0, 0.0, 2.872534259591069, -5.74005391136648e-16, -2.1952829667357416e-16, 3.9857310167152056, 2.0516682697716635, 1.6902971773868516, 6.875312554343073, 2.0802322634407644, 1.8760028617897428, 8.233354954079791, 3.80870486622082, 6.661338147750939e-16, 7.861204419591433, 3.2378891457653087, -2.801235637202946, 8.84385664442915, 0.668033769599504, -3.6419922340711604, 8.458212223231467, 0.18191513501295997, -6.453169863148521, 9.526634965212686, -2.324082498643372, -7.392696810242263, 8.137693405111436, -4.654075213771842, -6.413154358193841, 9.267669825836617, -7.172569812820967, -7.294521323052056, 11.099387650793597, -8.410039228213016, -5.439553541885903, 13.417767201855131, -6.854582918357362, -4.74644236465022, 15.266667969339466, -8.271317772359858, -3.058794970745803, 17.57238989825015, -6.7137682051531, -2.3479740586389664, -0.7491155849255183, -0.2751017246035321, 1.91608712266892, -0.7495359254822229, 1.8033285692558594, -0.7026961068311227, -0.7665134137759678, -1.5073938058152534, -1.197754198476591, 3.5594775775255325, 0.21261203213858115, -1.9471807661116944, 3.568950249461839, -1.8501857138553075, 0.648597914961996, 3.1870810642864074, 1.7969378839060643, 3.5926089057972552, 3.3130733889247175, 3.916925796699242, 1.0512524992787529, 7.417770238581396, 2.7046304437773214, 3.7796927027997693, 7.591372183280248, 0.13415637082676046, 1.7123893882326278, 10.269233376839171, 3.7643288254822913, 0.42398964608847445, 7.622750480791614, 5.763457031601186, 0.36015846957542275, 8.820020362496306, 4.714364102689645, -3.9077486188056967, 5.846533267689948, 3.405253976827196, -3.2928703080172697, 10.87301965302353, 0.5308453727642877, -3.1923512888322505, 7.914926007765585, -0.827438635775174, -2.540160318705664, 6.423333106065999, 0.2704974161610858, -6.888875505805492, 9.333886821741018, 1.7344938396870333, -7.522775691810914, 11.541764783592118, -2.433758413551011, -6.897359634626069, 9.455682100725245, -2.354790530823925, -9.46979401698212, 6.158558520794436, -4.522905236437086, -7.033666011740648, 8.073776760289848, -4.63343591003758, -4.334012810209062, 7.734576083676327, -8.522455184460425, -7.658928540208683, 10.217900172070902, -6.892545325736977, -9.125191171750846, 11.726984796377954, -10.225818039621261, -6.236377441778824, 10.068646139863528, -8.886367826036029, -3.69413350579216, 12.830385571366023, -5.107720768924723, -3.7811844977532245, 14.395267964899048, -6.249753961021511, -6.483232382625532, 15.869117022834411, -10.014535445230274, -4.01990610483029, 14.279810815639758, -8.88688872998654, -1.3344268716771897, 18.62723769611272, -6.123658147777764, -4.035081929034819, 17.028376824603658, -4.9914010529456885, -1.3257855252623039, 18.872704924741637, -7.7785249763959925, -1.1355577374754384], "name": "C15H32", "identifiers": {"molecule_hash": "f4ffcf7bc8f45b520c6aa6fe3a03f6a7d6590ab9", "molecular_formula": "C15H32"}, "molecular_charge": 0.0, "molecular_multiplicity": 1, "connectivity": [[0, 1, 1.0], [0, 15, 1.0], [0, 16, 1.0], [0, 17, 1.0], [1, 2, 1.0], [1, 18, 1.0], [1, 19, 1.0], [2, 3, 1.0], [2, 20, 1.0], [2, 21, 1.0], [3, 4, 1.0], [3, 22, 1.0], [3, 23, 1.0], [4, 5, 1.0], [4, 24, 1.0], [4, 25, 1.0], [5, 6, 1.0], [5, 26, 1.0], [5, 27, 1.0], [6, 7, 1.0], [6, 28, 1.0], [6, 29, 1.0], [7, 8, 1.0], [7, 30, 1.0], [7, 31, 1.0], [8, 9, 1.0], [8, 32, 1.0], [8, 33, 1.0], [9, 10, 1.0], [9, 34, 1.0], [9, 35, 1.0], [10, 11, 1.0], [10, 36, 1.0], [10, 37, 1.0], [11, 12, 1.0], [11, 38, 1.0], [11, 39, 1.0], [12, 13, 1.0], [12, 40, 1.0], [12, 41, 1.0], [13, 14, 1.0], [13, 42, 1.0], [13, 43, 1.0], [14, 44, 1.0], [14, 45, 1.0], [14, 46, 1.0]], "fix_com": true, "fix_orientation": true, "provenance": {"creator": "QCElemental", "version": "v0.22.0", "routine": "qcelemental.molparse.from_schema"}, "id": "229775"}