{"schema_name": "qcschema_molecule", "schema_version": 2, "validated": true, "symbols": ["C", "C", "C", "C", "C", "C", "C", "C", "C", "C", "C", "C", "C", "C", "C", "H", "H", "H", "H", "H", "H", "H", "H", "H", "H", "H", "H", "H", "H", "H", "H", "H", "H", "H", "H", "H", "H", "H", "H", "H", "H", "H", "H", "H", "H", "H", "H"], "geometry": [4.086624165973805, 2.6469195454293044, -2.220446049250313e-16, 2.9052905047797983, 3.629624180990922e-16, -3.504025717094345e-16, -0.0, 0.0, 0.0, -1.2381233379534233, 1.3450284085301658, 2.262879752687171, -0.39452415145706243, 0.3942858613698441, 4.873695273586269, -0.9677608694721778, -2.407126639465535, 5.361980805835631, -0.2704556109319125, -3.299877588371664, 8.034834490764114, 2.579612504591468, -3.3555464390933847, 8.55925613610395, 3.2137801538197452, -4.200947410452008, 11.2571906487384, 6.057914438734484, -4.215469599035556, 11.866844329025788, 7.4268815094290295, -1.6418705753497282, 11.84263946520394, 7.25295975874898, -0.06835630128765668, 14.284054962345035, 4.6337803486078055, 0.9407647064837859, 15.045567685923038, 3.270712309848748, 2.5386138737936195, 13.038330108210815, 4.757688817910664, 4.871619125905615, 12.17408846650613, 3.4018198823811954, 3.7674036227047187, -1.6031608749675579, 6.149373127269517, 2.5431547496001428, -0.1390454467320308, 3.6325372058596352, 3.690064429916908, 1.7283846660981856, 3.5597072624164374, -1.034277520752371, -1.6737011051230537, 3.6070264343488017, -1.0656284221489714, 1.6340406048935503, -0.6697910174896, 0.9041765591280748, -1.7441037291922992, -0.6651671951897744, -1.9610212624349923, -0.0857680309066125, -0.859818949672799, 3.3795420876203823, 2.1432696282508354, -3.2968836822546645, 1.1399531988260845, 2.100540975773027, -1.3428659350197063, 1.5284750508377503, 6.330781850686157, 1.6313741980608296, 0.7512029174967596, 5.111958347005963, 0.0299131551834233, -3.58613207767115, 3.977859215694574, -2.992660093147557, -2.733769142553942, 5.042913984976625, -1.0448370659028507, -5.200337069655205, 8.342529651720646, -1.195126384955379, -2.068527259140183, 9.428834821041436, 3.5030227998756924, -4.629669166939266, 7.202613301065312, 3.378607953943411, -1.4787716808023592, 8.212391161805476, 2.476048310909073, -6.120377089845164, 11.539763618437057, 2.192313801391613, -3.0020333847640837, 12.598660557077684, 6.347232488118405, -5.1014952681120205, 13.721584193261895, 6.987225877339199, -5.46381821884523, 10.493797961548339, 9.440755435448697, -1.9984294713779704, 11.502071959279743, 6.793311328946059, -0.5120161947168094, 10.226516740583381, 8.554947186233033, 1.5351089560196405, 14.102364502338226, 7.988374738752418, -1.2093161955014264, 15.85428390320931, 4.870326991663809, 2.092854705431117, 16.756625825910316, 3.4098654541533415, -0.6361374225483356, 15.59736622107524, 1.447844913663082, 3.147282940790249, 13.817450946179708, 2.817696742666557, 1.3709069115941435, 11.390148644033244, 6.510591750490953, 4.348421803824456, 11.207165863219359, 3.642707588203459, 6.019182690449247, 10.86072005135313, 5.26740787851689, 6.071541937864016, 13.784935359097648], "name": "C15H32", "identifiers": {"molecule_hash": "4e10a6362f41d0461fed21f281326cafa09c6c70", "molecular_formula": "C15H32"}, "molecular_charge": 0.0, "molecular_multiplicity": 1, "connectivity": [[0, 1, 1.0], [0, 15, 1.0], [0, 16, 1.0], [0, 17, 1.0], [1, 2, 1.0], [1, 18, 1.0], [1, 19, 1.0], [2, 3, 1.0], [2, 20, 1.0], [2, 21, 1.0], [3, 4, 1.0], [3, 22, 1.0], [3, 23, 1.0], [4, 5, 1.0], [4, 24, 1.0], [4, 25, 1.0], [5, 6, 1.0], [5, 26, 1.0], [5, 27, 1.0], [6, 7, 1.0], [6, 28, 1.0], [6, 29, 1.0], [7, 8, 1.0], [7, 30, 1.0], [7, 31, 1.0], [8, 9, 1.0], [8, 32, 1.0], [8, 33, 1.0], [9, 10, 1.0], [9, 34, 1.0], [9, 35, 1.0], [10, 11, 1.0], [10, 36, 1.0], [10, 37, 1.0], [11, 12, 1.0], [11, 38, 1.0], [11, 39, 1.0], [12, 13, 1.0], [12, 40, 1.0], [12, 41, 1.0], [13, 14, 1.0], [13, 42, 1.0], [13, 43, 1.0], [14, 44, 1.0], [14, 45, 1.0], [14, 46, 1.0]], "fix_com": true, "fix_orientation": true, "provenance": {"creator": "QCElemental", "version": "v0.22.0", "routine": "qcelemental.molparse.from_schema"}, "id": "227982"}