{"schema_name": "qcschema_molecule", "schema_version": 2, "validated": true, "symbols": ["C", "C", "C", "C", "C", "C", "C", "C", "C", "C", "C", "C", "C", "C", "C", "H", "H", "H", "H", "H", "H", "H", "H", "H", "H", "H", "H", "H", "H", "H", "H", "H", "H", "H", "H", "H", "H", "H", "H", "H", "H", "H", "H", "H", "H", "H", "H"], "geometry": [9.013495776655674, 2.8875381719986746, 7.771561172376096e-16, 8.833453071889807, 8.614885488415551e-16, -2.429492479510111e-16, 7.1357078237861735, -1.1232764705742504, 2.0846202075392846, 4.394492971527204, -1.6969413388480639, 1.3273970550154293, 2.800485521464548, 0.5941681401296124, 0.5527639768855632, 0.0, -0.0, 0.0, -1.8446773006179191, 0.4363562316327912, 2.2007493283704753, -1.5712222321504372, -1.268158223856857, 4.53193786871626, -2.046101668510169, -4.099014243688718, 4.112346260489068, -4.744563999394827, -4.743114850167503, 3.2800010700677116, -5.358348130456246, -7.577790975948788, 3.3216498700269437, -3.77948805222258, -9.25967293695974, 1.5635137425166383, -4.080003079091072, -8.653228811485556, -1.25186013779857, -2.8094389056067985, -10.559714223263716, -3.0258180297954773, 0.07471733029432093, -10.631029522428443, -2.8396130695119006, 10.252465714893056, 3.540746337026643, -1.500253896890516, 9.782397522424944, 3.565633931987947, 1.7788489874259854, 7.189975592168994, 3.781840449931421, -0.26582555858191004, 8.188450193677406, -0.6528767950897669, -1.8398762178613008, 10.733510634917916, -0.7463947584870757, 0.2232476605755738, 7.145950746673076, 0.12305886151478185, 3.721626923000284, 7.966283457989004, -2.8903825971670005, 2.7224030291294152, 3.498703154375299, -2.6596478881299617, 2.9016351150562487, 4.4058976852458285, -3.045402453872712, -0.2275069221840743, 3.6286606087613125, 1.4180968607783122, -1.13342924889787, 2.9189495371814607, 2.0432911821376, 2.0084121892562923, -0.17152653454968367, -1.922921522285295, -0.7056269906547196, -0.6260331265874655, 1.2072226065353895, -1.539231765096973, -3.759068313016462, 0.2761382281843938, 1.4742839784499293, -1.6482389691163184, 2.3887096411029636, 2.816546417941059, -2.888836987284508, -0.5961222874773983, 5.961228442675329, 0.29909402268305474, -1.0215572778350546, 5.343158738021789, -1.65381968397655, -5.075966167435874, 5.879937282713646, -0.7008379288656612, -4.837184895826352, 2.750631175356778, -6.066862362734373, -3.7916407930471623, 4.5361024752834345, -5.104650283560184, -3.9863367961476257, 1.406952953772851, -7.3457084476915755, -7.8204186307002965, 2.8509760730849956, -5.141159334574057, -8.266348046086591, 5.247380759780687, -1.8019317905001406, -9.154546436605191, 2.100069917958564, -4.3469245292447285, -11.212030709653998, 1.8772659610903912, -6.08645446213426, -8.582070466678521, -1.6996628921010484, -3.337119615107568, -6.779147700817091, -1.653085018501212, -3.5632439296697855, -12.437307612855525, -2.6587597331758523, -3.3332512586169454, -10.100236439466492, -4.958893091023251, 0.864198013476565, -11.908539979376132, -4.237630389692246, 0.7091529468864899, -11.268642582831083, -0.9973037059204994, 0.881046875057366, -8.771040184474446, -3.170315871257296], "name": "C15H32", "identifiers": {"molecule_hash": "ac20f422e002446abf359a1dbe7152d97deb41a3", "molecular_formula": "C15H32"}, "molecular_charge": 0.0, "molecular_multiplicity": 1, "connectivity": [[0, 1, 1.0], [0, 15, 1.0], [0, 16, 1.0], [0, 17, 1.0], [1, 2, 1.0], [1, 18, 1.0], [1, 19, 1.0], [2, 3, 1.0], [2, 20, 1.0], [2, 21, 1.0], [3, 4, 1.0], [3, 22, 1.0], [3, 23, 1.0], [4, 5, 1.0], [4, 24, 1.0], [4, 25, 1.0], [5, 6, 1.0], [5, 26, 1.0], [5, 27, 1.0], [6, 7, 1.0], [6, 28, 1.0], [6, 29, 1.0], [7, 8, 1.0], [7, 30, 1.0], [7, 31, 1.0], [8, 9, 1.0], [8, 32, 1.0], [8, 33, 1.0], [9, 10, 1.0], [9, 34, 1.0], [9, 35, 1.0], [10, 11, 1.0], [10, 36, 1.0], [10, 37, 1.0], [11, 12, 1.0], [11, 38, 1.0], [11, 39, 1.0], [12, 13, 1.0], [12, 40, 1.0], [12, 41, 1.0], [13, 14, 1.0], [13, 42, 1.0], [13, 43, 1.0], [14, 44, 1.0], [14, 45, 1.0], [14, 46, 1.0]], "fix_com": true, "fix_orientation": true, "provenance": {"creator": "QCElemental", "version": "v0.22.0", "routine": "qcelemental.molparse.from_schema"}, "id": "216210"}