{"schema_name": "qcschema_molecule", "schema_version": 2, "validated": true, "symbols": ["C", "C", "C", "C", "C", "C", "C", "C", "C", "C", "C", "C", "C", "C", "C", "H", "H", "H", "H", "H", "H", "H", "H", "H", "H", "H", "H", "H", "H", "H", "H", "H", "H", "H", "H", "H", "H", "H", "H", "H", "H", "H", "H", "H", "H", "H", "H"], "geometry": [0.0, 0.0, 0.0, 2.872534259591069, -5.826087887763719e-16, 1.9555526414511546e-16, 3.9857310167152056, 2.658278999102579, 2.3869795029440866e-15, 6.875312554343073, 2.798407869610719, 0.12516550085382225, 8.233354954079791, 2.939570649126079, -2.4218086540374406, 7.861204419591433, 0.7178154479982557, -4.220851596303246, 8.84385664442915, -1.800211906540886, -3.2356782352249414, 8.458212223231467, -3.9629193542652654, -5.096250051811119, 9.526634965212686, -6.494465357569988, -4.227912641953459, 8.137693405111436, -7.669907920843082, -1.9903460511314677, 9.267669825836617, -10.17411743069874, -1.0691742414610441, 11.099387650793597, -9.94969777028035, 1.14935496484049, 13.417767201855131, -8.308468906072871, 0.6952456705389632, 15.266667969339466, -8.328799473448925, 2.898624448853761, 17.57238989825015, -6.674694088543557, 2.456852563123784, -0.7491155849255183, 1.006041569244191, 1.6537687811451103, -0.7495359254822229, 0.9449974063767073, -1.6890102572782966, -0.7665134137759678, -1.9250171197444992, 0.03406309541259503, 3.5594775775255325, -1.0740425642583147, -1.6380321676593677, 3.568950249461839, -1.0155608565895076, 1.6770517516196415, 3.1870810642864074, 3.671283990649348, 1.6301835383270047, 3.3130733889247175, 3.6915468646077234, -1.6792621178638862, 7.417770238581396, 4.4908034009668105, 1.1974086933331756, 7.591372183280248, 1.192384742083078, 1.2363227635260108, 10.269233376839171, 3.1749197556399062, -2.0663550690998282, 7.622750480791614, 4.677265540848543, -3.3867887649971404, 8.820020362496306, 1.1537745971621882, -6.013695397960376, 5.846533267689948, 0.5343766204025759, -4.706717660927443, 10.87301965302353, -1.6201850019274924, -2.8014110945420696, 7.914926007765585, -2.253809857070668, -1.4343675501319162, 6.423333106065999, -4.171599693178629, -5.488855125297869, 9.333886821741018, -3.4447552518277735, -6.909000234782049, 11.541764783592118, -6.2641477590668435, -3.7758711309414728, 9.455682100725245, -7.838911987201037, -5.811496883337743, 6.158558520794436, -7.963229959780553, -2.552664872277405, 8.073776760289848, -6.3319324503492425, -0.3987816641926378, 7.734576083676327, -11.447675803068144, -0.4920848128194967, 10.217900172070902, -11.122046043129625, -2.6601478911599807, 11.726984796377954, -11.857791301044335, 1.6889474937512736, 10.068646139863528, -9.207484371727572, 2.799354754692069, 12.830385571366023, -6.346464807449943, 0.3294724679751535, 14.395267964899048, -8.946017818457324, -1.029801870396665, 15.869117022834411, -10.285354005756243, 3.265280730917224, 14.279810815639758, -7.7074398909394874, 4.620915136915051, 18.62723769611272, -7.292012132075155, 0.7795090445511962, 17.028376824603658, -4.695395290493777, 2.1505940566158053, 18.872704924741637, -6.725547966992263, 4.069637173906643], "name": "C15H32", "identifiers": {"molecule_hash": "f4ffcf7bc8f45b520c6aa6fe3a03f6a7d6590ab9", "molecular_formula": "C15H32"}, "molecular_charge": 0.0, "molecular_multiplicity": 1, "connectivity": [[0, 1, 1.0], [0, 15, 1.0], [0, 16, 1.0], [0, 17, 1.0], [1, 2, 1.0], [1, 18, 1.0], [1, 19, 1.0], [2, 3, 1.0], [2, 20, 1.0], [2, 21, 1.0], [3, 4, 1.0], [3, 22, 1.0], [3, 23, 1.0], [4, 5, 1.0], [4, 24, 1.0], [4, 25, 1.0], [5, 6, 1.0], [5, 26, 1.0], [5, 27, 1.0], [6, 7, 1.0], [6, 28, 1.0], [6, 29, 1.0], [7, 8, 1.0], [7, 30, 1.0], [7, 31, 1.0], [8, 9, 1.0], [8, 32, 1.0], [8, 33, 1.0], [9, 10, 1.0], [9, 34, 1.0], [9, 35, 1.0], [10, 11, 1.0], [10, 36, 1.0], [10, 37, 1.0], [11, 12, 1.0], [11, 38, 1.0], [11, 39, 1.0], [12, 13, 1.0], [12, 40, 1.0], [12, 41, 1.0], [13, 14, 1.0], [13, 42, 1.0], [13, 43, 1.0], [14, 44, 1.0], [14, 45, 1.0], [14, 46, 1.0]], "fix_com": true, "fix_orientation": true, "provenance": {"creator": "QCElemental", "version": "v0.22.0", "routine": "qcelemental.molparse.from_schema"}, "id": "229775"}