{"schema_name": "qcschema_molecule", "schema_version": 2, "validated": true, "symbols": ["C", "C", "C", "C", "C", "C", "C", "C", "C", "C", "C", "C", "C", "C", "C", "H", "H", "H", "H", "H", "H", "H", "H", "H", "H", "H", "H", "H", "H", "H", "H", "H", "H", "H", "H", "H", "H", "H", "H", "H", "H", "H", "H", "H", "H", "H", "H"], "geometry": [0.0, -0.0, 0.0, 2.896753541074156, 1.9340973975220764e-16, -2.711572189075705e-16, 4.006167787631383, 0.32195915020982535, -2.661721439169342, 6.909767344253713, 0.17348085045629924, -2.865917837977149, 8.3419690348764, 2.6889656072130403, -2.5600570574177888, 8.289071890434892, 4.0753309225678365, 2.220446049250313e-16, 9.961411589219846, 2.970587262482204, 2.1106533624046633, 8.93703625651184, 0.6239848608201373, 3.4734257884345707, 10.531819428890833, -0.18990596840183027, 5.7590426799532874, 13.246196573696652, -1.0776744484721188, 5.205906528272218, 13.459609607494247, -3.4339467972956816, 3.4995713745869885, 13.795562687143901, -2.8822142134116886, 0.670150304963659, 13.992797091446027, -5.296407388516746, -0.922251727676896, 14.665860246482334, -4.849860587899059, -3.7107169674197333, 12.685308083545516, -3.3280790672417573, -5.180618707220386, -0.7455387779185938, 1.7820449376302854, -0.749264999121881, -0.7480501362163597, -1.5318563907922238, -1.177668110980486, -0.7581258101988388, -0.2454724739852906, 1.910784760244738, 3.5772924037626974, 1.4979426717450381, 1.2518713237046049, 3.590750404939999, -1.7793639478475287, 0.8101734547377526, 3.3515586486658955, 2.1213340023472664, -3.466852508633666, 3.186039159556122, -1.1595270490316143, -3.8613931865664677, 7.385268336546689, -0.5408693813646157, -4.75221290164125, 7.626705658165292, -1.2507986716432216, -1.546067195892213, 7.602616990351491, 3.988324230708132, -4.00060730420643, 10.330028775544577, 2.369971637089059, -3.0675445538770614, 6.341659163164762, 4.279107327598389, 0.6761374831622622, 8.953753972108505, 6.007285575706307, -0.35785642725401656, 11.838651180677656, 2.573572925831999, 1.32525298199497, 10.252569903643156, 4.447378322703846, 3.5411671134820324, 7.015340623684266, 1.0303441755519196, 4.137537912684882, 8.748665104037283, -0.9625158160630705, 2.162403737137642, 9.537824465462995, -1.7250909266161205, 6.740670107887646, 10.61694477644468, 1.3899956844747932, 7.1037032862219345, 14.137352698893348, -1.4897462978439977, 7.031310570421024, 14.351191779102429, 0.4724507143749235, 4.38381117032103, 15.078429071974398, -4.574258752737991, 4.116747397419789, 11.789235663982135, -4.6372511562155445, 3.7739124682430365, 12.232816266766973, -1.7174316160935512, -0.018079469804971215, 15.516642501005558, -1.7484124756668047, 0.40821761231766096, 15.428747094015954, -6.536657433181615, -0.08078674310216538, 12.197833359811778, -6.335941791870988, -0.8091020007471759, 16.49900936905981, -3.8826558414083205, -3.8209601380128415, 14.927457987928552, -6.688138193056179, -4.634091467223289, 10.821076778447189, -4.2232399904764755, -5.059092858648153, 13.188302407045303, -3.185615491971495, -7.183771714786216, 12.497288469255066, -1.4038297267754982, -4.448339981349842], "name": "C15H32", "identifiers": {"molecule_hash": "e035da528855b71ec77bc9eb53d5bcd918055c5e", "molecular_formula": "C15H32"}, "molecular_charge": 0.0, "molecular_multiplicity": 1, "connectivity": [[0, 1, 1.0], [0, 15, 1.0], [0, 16, 1.0], [0, 17, 1.0], [1, 2, 1.0], [1, 18, 1.0], [1, 19, 1.0], [2, 3, 1.0], [2, 20, 1.0], [2, 21, 1.0], [3, 4, 1.0], [3, 22, 1.0], [3, 23, 1.0], [4, 5, 1.0], [4, 24, 1.0], [4, 25, 1.0], [5, 6, 1.0], [5, 26, 1.0], [5, 27, 1.0], [6, 7, 1.0], [6, 28, 1.0], [6, 29, 1.0], [7, 8, 1.0], [7, 30, 1.0], [7, 31, 1.0], [8, 9, 1.0], [8, 32, 1.0], [8, 33, 1.0], [9, 10, 1.0], [9, 34, 1.0], [9, 35, 1.0], [10, 11, 1.0], [10, 36, 1.0], [10, 37, 1.0], [11, 12, 1.0], [11, 38, 1.0], [11, 39, 1.0], [12, 13, 1.0], [12, 40, 1.0], [12, 41, 1.0], [13, 14, 1.0], [13, 42, 1.0], [13, 43, 1.0], [14, 44, 1.0], [14, 45, 1.0], [14, 46, 1.0]], "fix_com": true, "fix_orientation": true, "provenance": {"creator": "QCElemental", "version": "v0.22.0", "routine": "qcelemental.molparse.from_schema"}, "id": "225079"}