{"schema_name": "qcschema_molecule", "schema_version": 2, "validated": true, "symbols": ["C", "C", "C", "C", "C", "C", "C", "C", "C", "C", "C", "C", "C", "C", "C", "H", "H", "H", "H", "H", "H", "H", "H", "H", "H", "H", "H", "H", "H", "H", "H", "H", "H", "H", "H", "H", "H", "H", "H", "H", "H", "H", "H", "H", "H", "H", "H"], "geometry": [7.288319809724635, 1.6431549686223277, 8.881784197001252e-16, 4.903182823052865, 9.195440271308589e-17, 4.8791743226005545e-16, 2.4602530064475414, 1.5659106350111682, 0.0730246384979859, 0.0, -0.0, 0.0, -1.1643633312703592, -0.37525700792404004, -2.635772465402243, 0.5175636700994064, -1.7614204341796695, -4.553877912851882, -0.7609711429990789, -2.3008247041113137, -7.120642665420182, -2.0352853153041655, -4.907508653740535, -7.348738614968526, -4.180471493605951, -5.472919044975649, -5.476170241737596, -6.4965398280497775, -3.7539243521830135, -5.75057950014354, -8.553876634000115, -4.322975415211986, -3.7902780285123763, -10.940716747593509, -2.690412755259684, -4.039622724748001, -10.519497377768582, 0.13235123652043956, -3.5285255348601514, -12.966502249214987, 1.6825013977824412, -3.594106080120159, -12.536617219310685, 4.502646960514991, -3.090898294884939, 7.358662032077969, 2.8591898645103955, 1.6761693501872852, 7.3444100011358096, 2.874792392963002, -1.6652230513260404, 9.006146471535965, 0.48781157521758234, -0.013234847556822471, 4.93369385455825, -1.264540664015738, 1.6450456392964246, 4.912454919556015, -1.2289007294990115, -1.6652980870472476, 2.4931041786624655, 2.7132557256090433, 1.8007761984412813, 2.4624673973829094, 2.922066809902029, -1.5001199332895765, 0.34140053211010124, -1.8546162633207712, 0.8694391440135847, -1.427658523937815, 0.924591067844088, 1.1845577504569977, -1.6621666883167008, 1.4828994692897302, -3.4193215123539904, -2.9529621010849265, -1.3902658438292748, -2.4101559112643285, 1.188611143395724, -3.5449740978850817, -3.7287229371647355, 2.211739618412179, -0.6170447389080018, -4.882137978427476, 0.6661449824830239, -2.187757125763121, -8.619444248015295, -2.1268903260430125, -0.7976942162233733, -7.539326824048084, -2.766070237343884, -5.115089747983893, -9.280920638466359, -0.571599330669057, -6.362838907426682, -7.1308814847831, -3.4622655185510856, -5.3606338154559285, -3.5339736637371937, -4.778322416540757, -7.443228517387535, -5.736615256653021, -5.917476834465241, -1.7746482902942646, -5.590582655372521, -7.286141211905819, -3.96931646888768, -7.660219860569118, -9.085978762346592, -6.323432365161953, -3.9382560919623657, -7.7610191444298575, -4.080357258042234, -1.8854089289039022, -11.74275213082947, -2.9305558792241886, -5.940250589930649, -12.375375351486483, -3.397857920809251, -2.7173407068114814, -9.613488777852638, 0.3613298220267569, -1.6728041114690182, -9.192192696624222, 0.9150381441532005, -4.915935462228875, -14.294807245013914, 0.922986135428849, -2.192305919180865, -13.878797628776795, 1.4397284731841617, -5.442164652374222, -11.265975748704532, 5.327508075474681, -4.5041488809222185, -11.678826974441776, 4.805502753283305, -1.2295097677217612, -14.313576773247576, 5.56344903127888, -3.1458861422273903], "name": "C15H32", "identifiers": {"molecule_hash": "02466bcf7685142367d80e64257fd7698f9c45a1", "molecular_formula": "C15H32"}, "molecular_charge": 0.0, "molecular_multiplicity": 1, "connectivity": [[0, 1, 1.0], [0, 15, 1.0], [0, 16, 1.0], [0, 17, 1.0], [1, 2, 1.0], [1, 18, 1.0], [1, 19, 1.0], [2, 3, 1.0], [2, 20, 1.0], [2, 21, 1.0], [3, 4, 1.0], [3, 22, 1.0], [3, 23, 1.0], [4, 5, 1.0], [4, 24, 1.0], [4, 25, 1.0], [5, 6, 1.0], [5, 26, 1.0], [5, 27, 1.0], [6, 7, 1.0], [6, 28, 1.0], [6, 29, 1.0], [7, 8, 1.0], [7, 30, 1.0], [7, 31, 1.0], [8, 9, 1.0], [8, 32, 1.0], [8, 33, 1.0], [9, 10, 1.0], [9, 34, 1.0], [9, 35, 1.0], [10, 11, 1.0], [10, 36, 1.0], [10, 37, 1.0], [11, 12, 1.0], [11, 38, 1.0], [11, 39, 1.0], [12, 13, 1.0], [12, 40, 1.0], [12, 41, 1.0], [13, 14, 1.0], [13, 42, 1.0], [13, 43, 1.0], [14, 44, 1.0], [14, 45, 1.0], [14, 46, 1.0]], "fix_com": true, "fix_orientation": true, "provenance": {"creator": "QCElemental", "version": "v0.22.0", "routine": "qcelemental.molparse.from_schema"}, "id": "221735"}