{"schema_name": "qcschema_molecule", "schema_version": 2, "validated": true, "symbols": ["C", "C", "C", "C", "C", "C", "C", "C", "C", "C", "C", "C", "C", "C", "C", "H", "H", "H", "H", "H", "H", "H", "H", "H", "H", "H", "H", "H", "H", "H", "H", "H", "H", "H", "H", "H", "H", "H", "H", "H", "H", "H", "H", "H", "H", "H", "H"], "geometry": [4.009154418385667, 2.676654610952179, 0.0, 2.9015889930522007, -4.862000741681411e-16, -1.651341795798396e-16, 0.0, 0.0, 0.0, -1.2810238488666121, -2.6122886923342925, 0.17192453733697222, -1.8271632576353485, -3.936273556791152, -2.3620864898808005, 0.3876544224176883, -4.795489940541258, -4.0458408908441275, 1.8069926396201383, -7.1926486379346235, -3.202546491739305, 3.709152903991131, -6.871129407687613, -1.0365714105983181, 5.286371428383815, -9.249683025175944, -0.5030354337080589, 3.8396338465584163, -11.58861949282859, 0.4447315895448112, 2.4542105879219105, -11.24631087534577, 2.988856461942627, -0.33097960524234216, -10.457413017857357, 2.7808837151086254, -1.5992756023021903, -10.146061178535797, 5.3688287737439655, -4.464117388093411, -9.689034848627731, 5.260362533748529, -5.2241036160409084, -7.231151065582149, 3.926104225260851, 3.409149025436479, 3.731772933515008, -1.679175131380667, 3.3848303657786163, 3.7445535487387605, 1.6621902791002119, 6.079083846710789, 2.6406101239178015, 0.014242059742419433, 3.623557847752628, -1.035240441791506, -1.6374325644434566, 3.5768771042689593, -1.0304891881582554, 1.669199428664867, -0.6879427538919023, 0.9930989748399144, -1.6896710377698019, -0.6225387512106176, 1.1451656451087837, 1.6148268560864456, -3.1139257539266816, -2.368458355692073, 1.1076188720092857, -0.18636399063563325, -3.841136447877204, 1.4274050863353713, -3.010113768930387, -2.6466354670859915, -3.4790560405514857, -3.0174314622179876, -5.595291931895725, -1.9844598532029916, 1.7298739405673498, -3.2433364556863733, -4.329335818962405, -0.4091270581127511, -5.185130258768213, -5.920842749164295, 0.41281483253917295, -8.647359037318118, -2.714091252276551, 2.8440614838511102, -7.936874458378087, -4.840432547648117, 5.008029795621375, -5.328873086892736, -1.5197392622102768, 2.754570618953263, -6.272274728809029, 0.6958813715863454, 6.737244656220173, -8.774305514301163, 0.9031631118119363, 6.3120194110385155, -9.766208164600382, -2.23297638635012, 5.21912835283326, -13.123871767846282, 0.6346203064925975, 2.491006162874075, -12.226432594693646, -0.9954562523409969, 2.5279436851584607, -13.028754237957054, 4.046804072611068, 3.4780534121795332, -9.862236625532379, 4.150509538057784, -0.49404722798235756, -8.698688052482998, 1.7071749357475512, -1.3551150633315618, -11.896241548546008, 1.6867402764165633, -1.2387862799031524, -11.849253942289206, 6.499057848476802, -0.6938341323551436, -8.578159267783924, 6.387253428347554, -5.3734669851307775, -11.296644968109325, 4.313395111916301, -5.20720528692874, -9.664663276518487, 7.196220173121024, -4.300513823732407, -5.595795313905278, 4.800194283702863, -7.269786805646829, -6.92902863972029, 4.0252175897830575, -4.693985827457452, -7.247026722578811, 1.9278444509202703], "name": "C15H32", "identifiers": {"molecule_hash": "e035da528855b71ec77bc9eb53d5bcd918055c5e", "molecular_formula": "C15H32"}, "molecular_charge": 0.0, "molecular_multiplicity": 1, "connectivity": [[0, 1, 1.0], [0, 15, 1.0], [0, 16, 1.0], [0, 17, 1.0], [1, 2, 1.0], [1, 18, 1.0], [1, 19, 1.0], [2, 3, 1.0], [2, 20, 1.0], [2, 21, 1.0], [3, 4, 1.0], [3, 22, 1.0], [3, 23, 1.0], [4, 5, 1.0], [4, 24, 1.0], [4, 25, 1.0], [5, 6, 1.0], [5, 26, 1.0], [5, 27, 1.0], [6, 7, 1.0], [6, 28, 1.0], [6, 29, 1.0], [7, 8, 1.0], [7, 30, 1.0], [7, 31, 1.0], [8, 9, 1.0], [8, 32, 1.0], [8, 33, 1.0], [9, 10, 1.0], [9, 34, 1.0], [9, 35, 1.0], [10, 11, 1.0], [10, 36, 1.0], [10, 37, 1.0], [11, 12, 1.0], [11, 38, 1.0], [11, 39, 1.0], [12, 13, 1.0], [12, 40, 1.0], [12, 41, 1.0], [13, 14, 1.0], [13, 42, 1.0], [13, 43, 1.0], [14, 44, 1.0], [14, 45, 1.0], [14, 46, 1.0]], "fix_com": true, "fix_orientation": true, "provenance": {"creator": "QCElemental", "version": "v0.22.0", "routine": "qcelemental.molparse.from_schema"}, "id": "225079"}