{"schema_name": "qcschema_molecule", "schema_version": 2, "validated": true, "symbols": ["C", "C", "C", "C", "C", "C", "C", "C", "C", "C", "C", "C", "C", "C", "C", "H", "H", "H", "H", "H", "H", "H", "H", "H", "H", "H", "H", "H", "H", "H", "H", "H", "H", "H", "H", "H", "H", "H", "H", "H", "H", "H", "H", "H", "H", "H", "H"], "geometry": [0.0, 0.0, -0.0, 2.8883006518517718, 9.858265745707046e-16, 3.749174585802302e-16, 4.005203628414929, 2.6716079519493867, -0.027276183256725428, 6.916851243483853, 2.788001685312623, -1.1102230246251565e-16, 8.145900420625374, 3.1865333056458685, 2.597267778516497, 7.699568256342884, 1.076117902363649, 4.530549226802791, 9.122057554883458, 1.4249200485631488, 7.051851946678879, 11.63654001373625, -0.009641023219210787, 7.285218660764175, 13.783059990053095, 0.7533288030851362, 5.4931684877593465, 14.831594985554347, 3.4150919979185073, 5.929545809967945, 17.041720644445064, 4.040531283387777, 4.168513454901905, 18.299942786518386, 6.604391573365242, 4.656459339034987, 16.630558503682426, 8.903526401334314, 4.1096915329745345, 18.028905010041484, 11.413975084413739, 4.43187482513077, 16.36384025869983, 13.712217785111315, 3.8964181549596715, -0.7419488468130973, 0.975028870920184, -1.6476263310617, -0.7413855877799693, 0.9431485666122703, 1.66631789263467, -0.7446328449180035, -1.911803795519579, -0.017936059103530466, 3.567296774279151, -1.0200726824319153, -1.6509768134247824, 3.566007607773183, -1.0406644032427799, 1.6328153800396676, 3.3164030175106345, 3.6198827793319808, -1.7154716974369895, 3.2563722243691466, 3.7454002530040302, 1.560064528936633, 7.680220250993262, 1.08261438429125, -0.8612701321077418, 7.5241590281434005, 4.339349070901849, -1.201170829198302, 7.461458242743331, 4.95853381500559, 3.3890086142719467, 10.161420615678598, 3.440248870460151, 2.3081319871658628, 8.2049079039099, -0.7379908677679096, 3.7022137990120645, 5.689318837299413, 0.9745649032162871, 4.92761501098635, 7.920012166138315, 0.7575840271815002, 8.577680720153053, 9.407257366001126, 3.4273962697897176, 7.412979260404653, 12.308680091534391, 0.18273845040276582, 9.219895008195671, 11.251644352823575, -2.0121661978729417, 7.0188510440274126, 13.174547942562281, 0.5603138881802645, 3.540235203903963, 15.3154073107323, -0.5967190859443128, 5.735038794872488, 13.338962013102067, 4.800080483871082, 5.687096571507807, 15.457647635242472, 3.577183744977733, 7.883976142425842, 18.46822324667808, 2.571540118619783, 4.356974585794233, 16.398754565538116, 3.962809895856768, 2.214984689888542, 18.946468853034148, 6.681809914583976, 6.608503515091877, 19.989580986250246, 6.729644195675802, 3.4909664422094755, 15.906611022335118, 8.774373062279423, 2.187104297194569, 14.989299058095416, 8.894269873128676, 5.34535192878148, 19.661076997192765, 11.449343711206408, 3.182229643839136, 18.767683175373637, 11.53961828176931, 6.346595941648587, 14.749374765672613, 13.769289139559689, 5.163434745960601, 15.644858239321675, 13.674235689051653, 1.973723220976035, 17.408771605926304, 15.46133506332396, 4.13777204482032], "name": "C15H32", "identifiers": {"molecule_hash": "f0e3ae41ac778526c739b5ea0044318367ef8312", "molecular_formula": "C15H32"}, "molecular_charge": 0.0, "molecular_multiplicity": 1, "connectivity": [[0, 1, 1.0], [0, 15, 1.0], [0, 16, 1.0], [0, 17, 1.0], [1, 2, 1.0], [1, 18, 1.0], [1, 19, 1.0], [2, 3, 1.0], [2, 20, 1.0], [2, 21, 1.0], [3, 4, 1.0], [3, 22, 1.0], [3, 23, 1.0], [4, 5, 1.0], [4, 24, 1.0], [4, 25, 1.0], [5, 6, 1.0], [5, 26, 1.0], [5, 27, 1.0], [6, 7, 1.0], [6, 28, 1.0], [6, 29, 1.0], [7, 8, 1.0], [7, 30, 1.0], [7, 31, 1.0], [8, 9, 1.0], [8, 32, 1.0], [8, 33, 1.0], [9, 10, 1.0], [9, 34, 1.0], [9, 35, 1.0], [10, 11, 1.0], [10, 36, 1.0], [10, 37, 1.0], [11, 12, 1.0], [11, 38, 1.0], [11, 39, 1.0], [12, 13, 1.0], [12, 40, 1.0], [12, 41, 1.0], [13, 14, 1.0], [13, 42, 1.0], [13, 43, 1.0], [14, 44, 1.0], [14, 45, 1.0], [14, 46, 1.0]], "fix_com": true, "fix_orientation": true, "provenance": {"creator": "QCElemental", "version": "v0.22.0", "routine": "qcelemental.molparse.from_schema"}, "id": "216179"}