{"schema_name": "qcschema_molecule", "schema_version": 2, "validated": true, "symbols": ["C", "C", "C", "C", "C", "C", "C", "C", "C", "C", "C", "C", "C", "C", "C", "H", "H", "H", "H", "H", "H", "H", "H", "H", "H", "H", "H", "H", "H", "H", "H", "H", "H", "H", "H", "H", "H", "H", "H", "H", "H", "H", "H", "H", "H", "H", "H"], "geometry": [10.791667307383403, 2.8842231261610953, 0.0, 10.504785499929447, 1.3604893637409798e-15, 1.4468494107033819e-15, 9.377164308641339, -1.0761705178625847, -2.453113080350954, 6.742818460317068, -0.07556843587361495, -3.159083974097771, 4.700520648705242, -0.5710214598094596, -1.163672385762445, 2.059930232795165, 0.25679016021109236, -2.0284767476039085, 0.0, 0.0, 0.0, -0.5146528715328034, -2.732334107184719, 0.8293910668008657, -2.791491299103496, -3.0259834406784805, 2.6051276095785156, -2.4856423473303435, -1.7087899796135133, 5.169687983334149, -4.686226413334304, -2.243902550103579, 6.977855648322335, -4.554188066744093, -0.7922930338372085, 9.489949141739327, -2.176844223274909, -1.2924468209166937, 11.088965998208604, -1.6925388034382132, -4.079554733794508, 11.750002206888565, -3.8348464900131685, -5.325178573941038, 13.253567598316089, 8.957462484276688, 3.8375042636083947, -0.09786919587901166, 11.913426635221958, 3.521595757441554, -1.6218110632214235, 11.740510113322827, 3.5392541699578484, 1.7191991993264621, 9.345073566217291, -0.5760582445740794, 1.6181799749671677, 12.364882808980756, -0.8662762246291241, 0.2983863520060389, 9.287647811124211, -3.143550364097864, -2.2919374773493937, 10.680640817925235, -0.6744206830122619, -4.017944622803551, 6.1633272860518815, -0.9596042189317839, -4.944945624435559, 6.8413022128935985, 1.9599169225231405, -3.5449490761556137, 4.691989778668315, -2.5911024247966177, -0.6943902333897164, 5.171419008198246, 0.427175899119446, 0.5932852166518672, 2.151802253136003, 2.2375831294070156, -2.6418345711465516, 1.5137360519034415, -0.8398254983423755, -3.7055699125587265, 0.5304065711998973, 1.1470073810005084, 1.644213118277571, -1.765060807262863, 0.8157804279536512, -0.7280012989244438, 1.1659472284775223, -3.5143189317779395, 1.759173029167228, -0.8294353894521969, -3.8913554350983004, -0.8642809608891381, -3.1279683832944563, -5.047953566725832, 2.931939437731802, -4.496019470378789, -2.3040958144028427, 1.663335380300103, -2.319638223347995, 0.3405866041169583, 4.898619896962979, -0.6998406544157292, -2.323325576809184, 6.02830699669388, -4.785103157710509, -4.283294536943295, 7.345190195101766, -6.4665636085078315, -1.7557735566432464, 6.029750524946169, -6.242096431873846, -1.2390167722499856, 10.607144399154478, -4.658553784354487, 1.2424330144334912, 9.095195203481962, -0.5143161159405352, -0.5423276699650046, 10.10450380503806, -2.333331799903335, -0.2051874681885777, 12.85011293033134, 0.06290022621009639, -4.19674516377024, 12.847271606473752, -1.350042778427814, -5.16310258195457, 10.015980241013127, -5.587776840778818, -5.4176376237431985, 12.158117486829314, -3.338588047623576, -7.260156845192354, 13.796403062927403, -4.238375388677566, -4.266995145273825, 14.989113647648326], "name": "C15H32", "identifiers": {"molecule_hash": "5abf94dfc0bcb6fa0f10fb50f334ac452a869703", "molecular_formula": "C15H32"}, "molecular_charge": 0.0, "molecular_multiplicity": 1, "connectivity": [[0, 1, 1.0], [0, 15, 1.0], [0, 16, 1.0], [0, 17, 1.0], [1, 2, 1.0], [1, 18, 1.0], [1, 19, 1.0], [2, 3, 1.0], [2, 20, 1.0], [2, 21, 1.0], [3, 4, 1.0], [3, 22, 1.0], [3, 23, 1.0], [4, 5, 1.0], [4, 24, 1.0], [4, 25, 1.0], [5, 6, 1.0], [5, 26, 1.0], [5, 27, 1.0], [6, 7, 1.0], [6, 28, 1.0], [6, 29, 1.0], [7, 8, 1.0], [7, 30, 1.0], [7, 31, 1.0], [8, 9, 1.0], [8, 32, 1.0], [8, 33, 1.0], [9, 10, 1.0], [9, 34, 1.0], [9, 35, 1.0], [10, 11, 1.0], [10, 36, 1.0], [10, 37, 1.0], [11, 12, 1.0], [11, 38, 1.0], [11, 39, 1.0], [12, 13, 1.0], [12, 40, 1.0], [12, 41, 1.0], [13, 14, 1.0], [13, 42, 1.0], [13, 43, 1.0], [14, 44, 1.0], [14, 45, 1.0], [14, 46, 1.0]], "fix_com": true, "fix_orientation": true, "provenance": {"creator": "QCElemental", "version": "v0.22.0", "routine": "qcelemental.molparse.from_schema"}, "id": "219030"}