{"schema_name": "qcschema_molecule", "schema_version": 2, "validated": true, "symbols": ["C", "C", "C", "C", "C", "C", "C", "C", "C", "C", "C", "C", "C", "C", "C", "H", "H", "H", "H", "H", "H", "H", "H", "H", "H", "H", "H", "H", "H", "H", "H", "H", "H", "H", "H", "H", "H", "H", "H", "H", "H", "H", "H", "H", "H", "H", "H"], "geometry": [0.0, 0.0, 0.0, 2.872534259591069, -5.732889535135272e-16, 2.2139249732929472e-16, 3.9857310167152056, 2.655623985197827, -0.11877914931426425, 6.875312554343073, 2.8012056345979297, -3.608224830031759e-16, 8.233354954079791, 2.8284216791437427, -2.5507378467658812, 7.861204419591433, 0.5284993633600212, -4.248709879284375, 8.84385664442915, -1.9429928263463219, -3.1520081578458354, 8.458212223231467, -4.186675641719941, -4.91408602590797, 9.526634965212686, -6.676893526818476, -3.933499513181117, 8.137693405111436, -7.7511815187947395, -1.645645763875367, 9.267669825836617, -10.211729428407084, -0.6134990898578969, 11.099387650793597, -9.888403981717502, 1.5927866302423355, 13.417767201855131, -8.269105171183044, 1.0657963095717404, 15.266667969339466, -8.190962465086754, 3.26788284061038, 17.57238989825015, -6.558248725525617, 2.7526422482240296, -0.7491155849255183, 1.0789316589214668, 1.607164364934237, -0.7495359254822229, 0.8685839889494746, -1.729548380760313, -0.7665134137759678, -1.9215724351500614, 0.12004408461043814, 3.5594775775255325, -1.146161581692641, -1.588404998977668, 3.568950249461839, -0.939611301002262, 1.720754786155238, 3.1870810642864074, 3.7404582586352197, 1.4645123843922037, 3.3130733889247175, 3.61282584466897, -1.8425332914712185, 7.417770238581396, 4.539821596779416, 0.9955514222882347, 7.591372183280248, 1.2464360918879498, 1.1818089598595094, 10.269233376839171, 3.0794183603866987, -2.206155318208674, 7.622750480791614, 4.521263069474903, -3.5923991057401237, 8.820020362496306, 0.8839139424132144, -6.059242881987329, 5.846533267689948, 0.3235339295585544, -4.725894127944847, 10.87301965302353, -1.7437414883202862, -2.7262188435642396, 7.914926007765585, -2.315650266205663, -1.332228578481179, 6.423333106065999, -4.41269022111721, -5.296974570364979, 9.333886821741018, -3.7500276847369483, -6.7481786693092145, 11.541764783592118, -6.426607516525551, -3.49220070635075, 9.455682100725245, -8.090756220235733, -5.455428576458979, 6.158558520794436, -8.069336533183415, -2.194296528898741, 8.073776760289848, -6.343426946655167, -0.11545537636297898, 7.734576083676327, -11.458229878480244, 0.01992001661856646, 10.217900172070902, -11.229800314507843, -2.1605276866121748, 11.726984796377954, -11.770481298066274, 2.217099047774695, 10.068646139863528, -9.07320539817122, 3.207974329825781, 12.830385571366023, -6.325404410178903, 0.6127207414830588, 14.395267964899048, -8.983097142509115, -0.6290408799696531, 15.869117022834411, -10.129179644249664, 3.7215971047311895, 14.279810815639758, -7.493266837889421, 4.960689314117808, 18.62723769611272, -7.249898488309154, 1.1045574652687886, 17.028376824603658, -4.594611259758043, 2.3582491602981603, 18.872704924741637, -6.53698820141724, 4.366088345199672], "name": "C15H32", "identifiers": {"molecule_hash": "f4ffcf7bc8f45b520c6aa6fe3a03f6a7d6590ab9", "molecular_formula": "C15H32"}, "molecular_charge": 0.0, "molecular_multiplicity": 1, "connectivity": [[0, 1, 1.0], [0, 15, 1.0], [0, 16, 1.0], [0, 17, 1.0], [1, 2, 1.0], [1, 18, 1.0], [1, 19, 1.0], [2, 3, 1.0], [2, 20, 1.0], [2, 21, 1.0], [3, 4, 1.0], [3, 22, 1.0], [3, 23, 1.0], [4, 5, 1.0], [4, 24, 1.0], [4, 25, 1.0], [5, 6, 1.0], [5, 26, 1.0], [5, 27, 1.0], [6, 7, 1.0], [6, 28, 1.0], [6, 29, 1.0], [7, 8, 1.0], [7, 30, 1.0], [7, 31, 1.0], [8, 9, 1.0], [8, 32, 1.0], [8, 33, 1.0], [9, 10, 1.0], [9, 34, 1.0], [9, 35, 1.0], [10, 11, 1.0], [10, 36, 1.0], [10, 37, 1.0], [11, 12, 1.0], [11, 38, 1.0], [11, 39, 1.0], [12, 13, 1.0], [12, 40, 1.0], [12, 41, 1.0], [13, 14, 1.0], [13, 42, 1.0], [13, 43, 1.0], [14, 44, 1.0], [14, 45, 1.0], [14, 46, 1.0]], "fix_com": true, "fix_orientation": true, "provenance": {"creator": "QCElemental", "version": "v0.22.0", "routine": "qcelemental.molparse.from_schema"}, "id": "229775"}