{"schema_name": "qcschema_molecule", "schema_version": 2, "validated": true, "symbols": ["C", "C", "C", "C", "C", "C", "C", "C", "C", "C", "C", "C", "C", "C", "C", "H", "H", "H", "H", "H", "H", "H", "H", "H", "H", "H", "H", "H", "H", "H", "H", "H", "H", "H", "H", "H", "H", "H", "H", "H", "H", "H", "H", "H", "H", "H", "H"], "geometry": [0.0, 0.0, 0.0, 2.8906994943084956, 5.159065407884867e-17, -6.73348806520524e-16, 4.089050584326186, 2.332683209235836, -1.2360102612987371, 3.480979264639299, 4.8871951703492105, -2.220446049250313e-16, 4.238834796908049, 5.17945430864039, 2.783582910376759, 7.078975205861149, 4.959170290423128, 3.2947467369940635, 7.74998258036077, 5.477020165516763, 6.062391713909675, 10.592204644337404, 5.495057890870292, 6.645732184603137, 11.985488135863273, 2.9700422679298626, 6.294552570558988, 11.274717265102039, 0.8205891142184709, 8.134884090467919, 13.013273478725754, 0.5299687870834893, 10.443327215512927, 13.03509532435147, 2.699878506962814, 12.368267834457967, 10.530664283751914, 3.2344151407484723, 13.728823997371627, 9.565753410697761, 1.0668529176972514, 15.385347115641698, 7.193866453037616, 1.777472522138304, 16.873597853337635, -0.7290208106983584, -1.7645309168441232, 0.7514275969286763, -0.7382478240738812, 0.21927905063051803, -1.90384441539051, -0.7673748397919422, 1.518615361283049, 1.1444871691331884, 3.550293591892477, -1.6639522563816378, -1.0093066496567458, 3.571616970916053, -0.20555152014108907, 1.926910249166056, 3.4799898496001918, 2.4166650765541857, -3.198909016106898, 6.124934396917396, 2.069254399502925, -1.294234408879825, 4.414722699561077, 6.3592900023588035, -1.0912605923041014, 1.4683825242995543, 5.260544241783999, -0.169313622485878, 3.2332042885630763, 3.8054867496154188, 3.9351096196297752, 3.5953950061886553, 7.024549863508374, 3.423788741052557, 7.731499645691166, 3.0889564212097054, 2.761330476854389, 8.088885026141721, 6.289845498149599, 2.0915624367243626, 6.987106914144121, 7.312835593177991, 6.587962072401691, 6.788051726345704, 4.109361194516282, 7.257583313962823, 10.854892475666185, 6.166392759651929, 8.56649878258877, 11.48914661375889, 6.893578866494655, 5.432936827146183, 14.005634398317856, 3.3234794025655456, 6.439232402271676, 11.684976820075558, 2.323647216255141, 4.370718372041983, 11.351345986154902, -0.9581049092291136, 7.110558772856457, 9.324530579156455, 1.013581439279451, 8.744028835129797, 14.936810674830873, 0.2654985530000089, 9.765438284163398, 12.520252740965704, -1.217137254771489, 11.404080990586868, 13.668151815627898, 4.422282184733126, 11.44685563832922, 14.462951470426967, 2.272048625889571, 13.785795916660485, 9.07598331190465, 3.740555046925213, 12.369066112194297, 10.7934242017516, 4.89492916708811, 14.913754289766281, 9.159128770770387, -0.5789898853137152, 14.227231081145684, 11.047219394555226, 0.5002251914604421, 16.694488936198585, 7.550175972508537, 3.36770786784816, 18.122101458390215, 6.541436568329765, 0.21106111152771856, 18.02696765975519, 5.660552632994394, 2.3066331074652626, 15.614751443277285], "name": "C15H32", "identifiers": {"molecule_hash": "c2a1af28faf87f4e24beeba6ea81e5f6c714c8e7", "molecular_formula": "C15H32"}, "molecular_charge": 0.0, "molecular_multiplicity": 1, "connectivity": [[0, 1, 1.0], [0, 15, 1.0], [0, 16, 1.0], [0, 17, 1.0], [1, 2, 1.0], [1, 18, 1.0], [1, 19, 1.0], [2, 3, 1.0], [2, 20, 1.0], [2, 21, 1.0], [3, 4, 1.0], [3, 22, 1.0], [3, 23, 1.0], [4, 5, 1.0], [4, 24, 1.0], [4, 25, 1.0], [5, 6, 1.0], [5, 26, 1.0], [5, 27, 1.0], [6, 7, 1.0], [6, 28, 1.0], [6, 29, 1.0], [7, 8, 1.0], [7, 30, 1.0], [7, 31, 1.0], [8, 9, 1.0], [8, 32, 1.0], [8, 33, 1.0], [9, 10, 1.0], [9, 34, 1.0], [9, 35, 1.0], [10, 11, 1.0], [10, 36, 1.0], [10, 37, 1.0], [11, 12, 1.0], [11, 38, 1.0], [11, 39, 1.0], [12, 13, 1.0], [12, 40, 1.0], [12, 41, 1.0], [13, 14, 1.0], [13, 42, 1.0], [13, 43, 1.0], [14, 44, 1.0], [14, 45, 1.0], [14, 46, 1.0]], "fix_com": true, "fix_orientation": true, "provenance": {"creator": "QCElemental", "version": "v0.22.0", "routine": "qcelemental.molparse.from_schema"}, "id": "215468"}