{"schema_name": "qcschema_molecule", "schema_version": 2, "validated": true, "symbols": ["C", "C", "C", "C", "C", "C", "C", "C", "C", "C", "C", "C", "C", "C", "C", "H", "H", "H", "H", "H", "H", "H", "H", "H", "H", "H", "H", "H", "H", "H", "H", "H", "H", "H", "H", "H", "H", "H", "H", "H", "H", "H", "H", "H", "H", "H", "H"], "geometry": [0.0, -0.0, 0.0, 2.890729045438993, 4.721435092923226e-16, -5.19729326088362e-16, 4.089268621593044, 1.267644668629072, 2.315605661955201, 3.484757581919012, 4.081891486895997, 2.686380669994695, 4.2578979666705035, 5.850964185183778, 0.5223083429070834, 7.105777029129783, 5.92008412764503, 1.3322676295501878e-15, 7.934259475280662, 7.980700901722935, -1.8614992774741415, 6.96676552158022, 7.6324958860388845, -4.56702943482977, 8.026341076936056, 9.614855818434181, -6.391178816724772, 7.124856894635412, 9.308468639421223, -9.133651502850636, 4.3386899080332135, 9.982065582479194, -9.67334293846367, 3.876106456554502, 12.675763046464828, -10.656156631763613, 4.454088974714191, 14.86589609311267, -8.844527678460087, 2.858407591167544, 14.977700443656571, -6.425696177701402, 0.02935259623362929, 15.364438404839392, -6.879181555593052, -0.7383186639423482, -0.8637721642976726, 1.7107033314415563, -0.7290514565179126, -1.060477556609482, -1.5979897864074875, -0.7675350587543148, 1.8977279490509744, -0.1207454935698069, 3.550111490327087, -1.9448502203864935, -0.07258604061673535, 3.5718260880374038, 0.8883867015357594, -1.7220866887371153, 3.4784442546293732, 0.25917560215758306, 4.0010986988142605, 6.1250522476477, 1.0143736814203594, 2.2197222048577214, 1.4711823166960105, 4.305465747810519, 3.0242682473287323, 4.413443409343332, 4.709555712376643, 4.4106842214652495, 3.632687077979409, 7.7509704431454365, 1.0032556078221853, 3.2412993012720457, 5.339063170790902, -1.1853941395169325, 7.737830435749835, 4.095368254585878, -0.7032499175288625, 8.091777599026473, 6.219561449709414, 1.7803722326925446, 9.989674881916024, 8.031966683359457, -1.900007623051437, 7.330558087397765, 9.816390338980373, -1.1541354507635657, 7.489475548807011, 5.757387426802007, -5.236608510608147, 4.915985632870936, 7.697680146088909, -4.582783026567832, 10.078516007139726, 9.484121354676496, -6.369240431175447, 7.570997499858946, 11.490968216108202, -5.6940517751309505, 8.326875780883388, 10.439293926443831, -10.359450409167467, 7.454878623437809, 7.355815666132482, -9.68372211125083, 3.6313232046462254, 8.698397006969822, -11.112208414222318, 3.1835348885772636, 9.630154281694617, -8.013742409171638, 1.9202401299240814, 12.809807008027445, -11.269160090732786, 5.007477280674678, 12.940487805636426, -12.352966518269445, 4.186139117137946, 16.625829708713034, -9.87536633861125, 6.441037357325746, 14.821249568460152, -8.328512132571763, 3.5579260214028983, 16.52852573022418, -5.273056902905483, 3.1379383339330573, 13.276852373594233, -5.310175657159394, -0.8171337690552503, 13.77156723397262, -7.854167827454981, -0.967611803275785, 15.595532007360813, -5.100868471451236, -0.315286285933601, 17.043696475014933, -8.01001900987328], "name": "C15H32", "identifiers": {"molecule_hash": "61a3e2956e6b34bd5fbc39c7c7818c1f923cd91e", "molecular_formula": "C15H32"}, "molecular_charge": 0.0, "molecular_multiplicity": 1, "connectivity": [[0, 1, 1.0], [0, 15, 1.0], [0, 16, 1.0], [0, 17, 1.0], [1, 2, 1.0], [1, 18, 1.0], [1, 19, 1.0], [2, 3, 1.0], [2, 20, 1.0], [2, 21, 1.0], [3, 4, 1.0], [3, 22, 1.0], [3, 23, 1.0], [4, 5, 1.0], [4, 24, 1.0], [4, 25, 1.0], [5, 6, 1.0], [5, 26, 1.0], [5, 27, 1.0], [6, 7, 1.0], [6, 28, 1.0], [6, 29, 1.0], [7, 8, 1.0], [7, 30, 1.0], [7, 31, 1.0], [8, 9, 1.0], [8, 32, 1.0], [8, 33, 1.0], [9, 10, 1.0], [9, 34, 1.0], [9, 35, 1.0], [10, 11, 1.0], [10, 36, 1.0], [10, 37, 1.0], [11, 12, 1.0], [11, 38, 1.0], [11, 39, 1.0], [12, 13, 1.0], [12, 40, 1.0], [12, 41, 1.0], [13, 14, 1.0], [13, 42, 1.0], [13, 43, 1.0], [14, 44, 1.0], [14, 45, 1.0], [14, 46, 1.0]], "fix_com": true, "fix_orientation": true, "provenance": {"creator": "QCElemental", "version": "v0.22.0", "routine": "qcelemental.molparse.from_schema"}, "id": "215492"}