{"schema_name": "qcschema_molecule", "schema_version": 2, "validated": true, "symbols": ["C", "C", "C", "C", "C", "C", "C", "C", "C", "C", "C", "C", "C", "C", "C", "H", "H", "H", "H", "H", "H", "H", "H", "H", "H", "H", "H", "H", "H", "H", "H", "H", "H", "H", "H", "H", "H", "H", "H", "H", "H", "H", "H", "H", "H", "H", "H"], "geometry": [11.412788357644466, 0.9722717123765315, -5.551115123125783e-17, 8.709974644225527, -1.4453535927317364e-15, -4.3732601812829396e-16, 7.042115740809545, 1.3399870334802815, 1.925654024435028, 4.3509770061497015, 0.32285029078354643, 2.099115619237936, 2.7792836097440015, 0.7107050175722596, -0.2851715669117971, -0.0, -0.0, 0.0, -0.47627364204873623, -2.8000261649380245, 0.46304267290412127, -3.2684304027488325, -3.4452788736965196, 0.7150093062448941, -3.8227793818999727, -6.264266684420463, 0.9943404201560169, -2.4624092549193057, -7.581865880845633, 3.172057397882033, -2.9468993226201805, -6.426346273207016, 5.761556987067937, -1.6303398884813398, -7.846624255375368, 7.888787487852509, -2.1929964310472245, -6.835892175966437, 10.531764556464445, -1.5363872161854752, -4.058189273218822, 10.965746127345797, 1.2148518552786205, -3.4040155710708806, 10.448598058843563, 11.479210460704225, 2.997915754873622, -0.4471159224770149, 12.58432052413823, -0.01670346785750898, -1.3942090415867936, 12.299530814938404, 0.7214663795815804, 1.8596747184048132, 8.700953794313074, -2.042278533161043, 0.3989199426794525, 7.902796484643383, 0.21400091891077988, -1.9022065199378648, 7.939317329388418, 1.1949982808218622, 3.7956966869821454, 6.982116155017605, 3.3730814493241636, 1.478863055571537, 4.4276371809413755, -1.6997663159284637, 2.5770951040236802, 3.381879139537185, 1.249411626613945, 3.6895363162322505, 2.908764531103072, 2.709697200254962, -0.844523177294525, 3.5963518707934123, -0.3773829898435159, -1.8575608110553397, -1.027116051579712, 0.5800265609702251, -1.7115940226839284, -0.8297921883343311, 1.0991184001429333, 1.5618055649752713, 0.5232792817879921, -3.3963955455097246, 2.1842505404776023, 0.3555493069104422, -3.9069902732003916, -1.093522132283165, -4.056989512741226, -2.4075430089259253, 2.33618567450386, -4.286282993969178, -2.730242128337588, -0.9506051344694385, -5.873395904750835, -6.517976051924061, 1.2229202277286744, -3.3220182257152233, -7.22925152098177, -0.7776343634592964, -0.413510512988958, -7.596843483051803, 2.8127974638399706, -3.0349858822823483, -9.579939619063511, 3.202711024523845, -4.997227419173235, -6.368723133722208, 6.126006078840099, -2.312486730566218, -4.446287597327343, 5.762982380408299, 0.4217650877681143, -7.821703593216698, 7.547904790183684, -2.1824408414681358, -9.849354673707206, 7.8118789266556545, -1.1606782801274411, -7.99338380205596, 11.916841343980353, -4.211768475779612, -7.113536811290638, 10.945673495759532, -2.7626542400641303, -2.8557744929889375, 9.795035592402279, -1.9981641728275137, -3.5776570547328648, 12.932756910225823, 2.4953340538950517, -4.614509676426976, 11.547178677396673, 1.701041752236439, -3.644156054306504, 8.445421578282184, 1.627569578974074, -1.4358060972243747, 10.950039332173924], "name": "C15H32", "identifiers": {"molecule_hash": "31778aba6c486be94c30652242194f9e84775615", "molecular_formula": "C15H32"}, "molecular_charge": 0.0, "molecular_multiplicity": 1, "connectivity": [[0, 1, 1.0], [0, 15, 1.0], [0, 16, 1.0], [0, 17, 1.0], [1, 2, 1.0], [1, 18, 1.0], [1, 19, 1.0], [2, 3, 1.0], [2, 20, 1.0], [2, 21, 1.0], [3, 4, 1.0], [3, 22, 1.0], [3, 23, 1.0], [4, 5, 1.0], [4, 24, 1.0], [4, 25, 1.0], [5, 6, 1.0], [5, 26, 1.0], [5, 27, 1.0], [6, 7, 1.0], [6, 28, 1.0], [6, 29, 1.0], [7, 8, 1.0], [7, 30, 1.0], [7, 31, 1.0], [8, 9, 1.0], [8, 32, 1.0], [8, 33, 1.0], [9, 10, 1.0], [9, 34, 1.0], [9, 35, 1.0], [10, 11, 1.0], [10, 36, 1.0], [10, 37, 1.0], [11, 12, 1.0], [11, 38, 1.0], [11, 39, 1.0], [12, 13, 1.0], [12, 40, 1.0], [12, 41, 1.0], [13, 14, 1.0], [13, 42, 1.0], [13, 43, 1.0], [14, 44, 1.0], [14, 45, 1.0], [14, 46, 1.0]], "fix_com": true, "fix_orientation": true, "provenance": {"creator": "QCElemental", "version": "v0.22.0", "routine": "qcelemental.molparse.from_schema"}, "id": "220048"}