{"schema_name": "qcschema_molecule", "schema_version": 2, "validated": true, "symbols": ["C", "C", "C", "C", "C", "C", "C", "C", "C", "C", "C", "C", "C", "C", "C", "H", "H", "H", "H", "H", "H", "H", "H", "H", "H", "H", "H", "H", "H", "H", "H", "H", "H", "H", "H", "H", "H", "H", "H", "H", "H", "H", "H", "H", "H", "H", "H"], "geometry": [0.0, 0.0, -0.0, 2.8906994943084956, -4.860551035376624e-16, -4.688396817206174e-16, 4.089050584326186, 0.5339061094940265, -2.5853581157997287, 3.480979264639299, 3.1142833591173416, -3.7664194923308076, 4.238834796908049, 5.445747175463756, -2.217863488847672, 7.078975205861149, 5.6993139975237295, -1.7223663919092593, 7.74998258036077, 8.162248833942678, -0.35782280413542855, 10.592204644337404, 8.623306644987515, 8.881784197001252e-16, 11.985488135863273, 6.743638745613778, 1.7221729313507868, 11.274717265102039, 6.7922257802734, 4.551414572362234, 13.013273478725754, 8.386082964809015, 6.246403985726166, 13.03509532435147, 11.252317504646344, 5.800753739978692, 10.530664283751914, 12.641483183364468, 6.2557935210669635, 9.565753410697761, 12.53687471549469, 8.98186246748264, 7.193866453037616, 14.136656824492874, 9.382571444419497, -0.7290208106983584, -0.5453143633381486, 1.8387074359619795, -0.7382478240738812, -1.3275057352879807, -1.3821850031152025, -0.7673748397919422, 1.8497352808694085, -0.4410474878539884, 3.550293591892477, -1.8381690823244625, 0.6391959397127851, 3.571616970916053, 1.3540295431544096, 1.3863039104173964, 3.4799898496001918, -0.9253269579700283, -3.900904895844115, 6.124934396917396, 0.3211688467906917, -2.419443540742759, 4.414722699561077, 3.211348292226937, -5.596307815017655, 1.4683825242995543, 3.2217087133263513, -4.162041060465784, 3.2332042885630763, 5.457657552807539, -0.42519543304714347, 3.5953950061886553, 7.114891504251636, -3.2318646337681987, 7.731499645691166, 4.096463066150274, -0.6209574238257041, 8.088885026141721, 5.620005287296397, -3.5145882245392084, 6.987106914144121, 9.737133325212524, -1.4377215611131926, 6.788051726345704, 8.211830517654843, 1.4578081270937036, 10.854892475666185, 10.53138263542245, 0.7065980786169082, 11.48914661375889, 8.579824552424494, -1.8506330824765875, 14.005634398317856, 7.080361194347546, 1.5419839906173758, 11.684976820075558, 4.849091125676625, 0.9943996823208412, 11.351345986154902, 4.869364974971746, 5.269468267278326, 9.324530579156455, 7.384657088089016, 4.790848285530423, 14.936810674830873, 7.6951244055630745, 6.018250139895882, 12.520252740965704, 8.013193922429476, 8.20507218117895, 13.668151815627898, 11.639784791993625, 3.886192702663026, 14.462951470426967, 12.07213782712551, 7.033765868800646, 9.07598331190465, 11.916086428616557, 4.999243219993533, 10.7934242017516, 14.612809356010551, 5.731160553607142, 9.159128770770387, 10.595562504881908, 9.512275686120223, 11.047219394555226, 13.184718286741074, 10.252774735763197, 7.550175972508537, 16.112193190856132, 8.952611246551726, 6.541436568329765, 14.027355998513992, 11.324724874786687, 5.660552632994394, 13.503699157836728, 8.172583923241444], "name": "C15H32", "identifiers": {"molecule_hash": "c2a1af28faf87f4e24beeba6ea81e5f6c714c8e7", "molecular_formula": "C15H32"}, "molecular_charge": 0.0, "molecular_multiplicity": 1, "connectivity": [[0, 1, 1.0], [0, 15, 1.0], [0, 16, 1.0], [0, 17, 1.0], [1, 2, 1.0], [1, 18, 1.0], [1, 19, 1.0], [2, 3, 1.0], [2, 20, 1.0], [2, 21, 1.0], [3, 4, 1.0], [3, 22, 1.0], [3, 23, 1.0], [4, 5, 1.0], [4, 24, 1.0], [4, 25, 1.0], [5, 6, 1.0], [5, 26, 1.0], [5, 27, 1.0], [6, 7, 1.0], [6, 28, 1.0], [6, 29, 1.0], [7, 8, 1.0], [7, 30, 1.0], [7, 31, 1.0], [8, 9, 1.0], [8, 32, 1.0], [8, 33, 1.0], [9, 10, 1.0], [9, 34, 1.0], [9, 35, 1.0], [10, 11, 1.0], [10, 36, 1.0], [10, 37, 1.0], [11, 12, 1.0], [11, 38, 1.0], [11, 39, 1.0], [12, 13, 1.0], [12, 40, 1.0], [12, 41, 1.0], [13, 14, 1.0], [13, 42, 1.0], [13, 43, 1.0], [14, 44, 1.0], [14, 45, 1.0], [14, 46, 1.0]], "fix_com": true, "fix_orientation": true, "provenance": {"creator": "QCElemental", "version": "v0.22.0", "routine": "qcelemental.molparse.from_schema"}, "id": "215468"}