{"schema_name": "qcschema_molecule", "schema_version": 2, "validated": true, "symbols": ["C", "C", "C", "C", "C", "C", "C", "C", "C", "C", "C", "C", "C", "C", "C", "H", "H", "H", "H", "H", "H", "H", "H", "H", "H", "H", "H", "H", "H", "H", "H", "H", "H", "H", "H", "H", "H", "H", "H", "H", "H", "H", "H", "H", "H", "H", "H"], "geometry": [0.0, 0.0, -0.0, 2.8747050587402203, 8.402502675596781e-17, -7.256546370510703e-17, 4.051735410489771, 0.3245438638384395, -2.614295088763347, 3.283894779566789, 2.7324399802338695, -4.01490145978234, 3.7192279850670387, 5.191121221455984, -2.5706603185669725, 6.454605926236138, 5.668654702016986, -1.8145086304367335, 6.8340237233185235, 8.218394819516496, -0.533780302045662, 9.585322682049835, 8.909182261432775, 0.0, 11.025785485715598, 7.082136051737514, 1.716988562682535, 10.057391241744991, 6.80218011128511, 4.434571202647605, 11.264935598725055, 8.574426062764832, 6.370541940207548, 10.762727407436232, 11.397828878456927, 6.0369765662705, 7.982994904619039, 12.167559535352048, 6.028949084461416, 6.528563926348587, 11.422476199608719, 8.397878164684002, 3.8387360814533595, 12.430517006704239, 8.415908100306368, -0.7546622739951014, -0.37336295143208187, 1.8938299016987186, -0.7495967813300848, -1.4584551833492672, -1.273834772101741, -0.7697083752811403, 1.8227368928088383, -0.6240057336961252, 3.561392189184719, -1.7823099683067882, 0.8155292319242566, 3.56643586412148, 1.4977611893127176, 1.2671337188832164, 3.5418217025289884, -1.3104461294986984, -3.7933805287182323, 6.119947684215368, 0.25883566706095507, -2.427424375656125, 4.325289697695919, 2.8087574197783702, -5.812606230361167, 1.2760734072506454, 2.616308929397487, -4.535222940001269, 2.5254618671968307, 5.225507296445825, -0.8657673032435294, 3.0589112159355145, 6.77543208879894, -3.74354032798313, 7.098995469552775, 4.14865681611306, -0.5523282886916501, 7.665273102199567, 5.56060204797696, -3.5066649357127266, 6.012960921761173, 9.700403936611206, -1.7391183052450514, 5.725221689442085, 8.263661993751766, 1.2267481363374646, 9.648600516476895, 10.828275462957954, 0.7860503521925191, 10.594813026246047, 9.014199929556506, -1.8154420401332678, 13.02203718510386, 7.6632686364058165, 1.779117038089748, 11.032197169332175, 5.2144208732123065, 0.8101778699996585, 10.431152744235192, 4.8611088800749815, 5.068159007551937, 7.987404315681408, 7.000154532893784, 4.484801440051736, 13.321580684635888, 8.26818731543764, 6.346684113327264, 10.639733390029823, 7.99664331043601, 8.266134685631759, 11.657291982354508, 12.06401705722961, 4.284232176633919, 11.730754351705677, 12.41130360611368, 7.573690698894655, 7.024183343518136, 11.356763186453161, 4.370113565213247, 7.866259978403924, 14.22975941825852, 5.788208029275726, 6.486489595036977, 9.351328268995038, 8.569655534691258, 7.5478605967276025, 12.114143553953747, 10.075075508028245, 3.8141683468182377, 14.503435153323625, 8.316854375271628, 2.820420958933579, 11.870772661510165, 10.131784647847924, 2.7630289386126208, 11.722684330966448, 6.788036532499698], "name": "C15H32", "identifiers": {"molecule_hash": "61b25cc27aeccdad0b2f455d6dac3084d1d10ba3", "molecular_formula": "C15H32"}, "molecular_charge": 0.0, "molecular_multiplicity": 1, "connectivity": [[0, 1, 1.0], [0, 15, 1.0], [0, 16, 1.0], [0, 17, 1.0], [1, 2, 1.0], [1, 18, 1.0], [1, 19, 1.0], [2, 3, 1.0], [2, 20, 1.0], [2, 21, 1.0], [3, 4, 1.0], [3, 22, 1.0], [3, 23, 1.0], [4, 5, 1.0], [4, 24, 1.0], [4, 25, 1.0], [5, 6, 1.0], [5, 26, 1.0], [5, 27, 1.0], [6, 7, 1.0], [6, 28, 1.0], [6, 29, 1.0], [7, 8, 1.0], [7, 30, 1.0], [7, 31, 1.0], [8, 9, 1.0], [8, 32, 1.0], [8, 33, 1.0], [9, 10, 1.0], [9, 34, 1.0], [9, 35, 1.0], [10, 11, 1.0], [10, 36, 1.0], [10, 37, 1.0], [11, 12, 1.0], [11, 38, 1.0], [11, 39, 1.0], [12, 13, 1.0], [12, 40, 1.0], [12, 41, 1.0], [13, 14, 1.0], [13, 42, 1.0], [13, 43, 1.0], [14, 44, 1.0], [14, 45, 1.0], [14, 46, 1.0]], "fix_com": true, "fix_orientation": true, "provenance": {"creator": "QCElemental", "version": "v0.22.0", "routine": "qcelemental.molparse.from_schema"}, "id": "230758"}