{"schema_name": "qcschema_molecule", "schema_version": 2, "validated": true, "symbols": ["C", "C", "C", "C", "C", "C", "C", "C", "C", "C", "C", "C", "C", "C", "C", "H", "H", "H", "H", "H", "H", "H", "H", "H", "H", "H", "H", "H", "H", "H", "H", "H", "H", "H", "H", "H", "H", "H", "H", "H", "H", "H", "H", "H", "H", "H", "H"], "geometry": [0.0, 0.0, -0.0, 2.888778619726894, 1.6453864777554941e-16, 1.690751571963924e-16, 4.002187779623897, 2.637648228666028, -0.4190670929966421, 6.891407874314753, 2.7208817256541997, -0.6222168257903558, 8.283961210974256, 1.9958719809940335, 1.8121530369874677, 11.1423849301305, 2.4678390360415827, 1.7450500993332128, 12.600945348949837, 0.8205863887590574, -0.13552071079238082, 15.459900500420696, 1.247325753171006, 2.220446049250313e-16, 17.030346037866988, -0.5114026769443034, -1.688325802597328, 16.561120044797118, -0.3236958797942143, -4.543895517456168, 17.161573682709193, 2.259305623052283, -5.7023265790350965, 16.865797779418564, 2.2805219747762377, -8.58103403961569, 17.64505798947806, 4.7624491345676, -9.861716928485569, 16.124381254216598, 7.1202311386843675, -9.129609856356787, 13.309983715577905, 6.973890485275174, -9.772504191872482, -0.7400270529663604, 1.2098460496153256, 1.484634295474832, -0.7446228261779938, -1.8874675326720072, 0.3043193301270326, -0.7419158335493022, 0.6843938633501214, -1.787732547405334, 3.5699163635847775, -1.2647529908539208, -1.4719980838491078, 3.5576723451695815, -0.7721713784941273, 1.7805972828703518, 3.2056054379226513, 3.4168448790205472, -2.147689686662308, 3.390976837726842, 3.8812023044393866, 1.1024856716203335, 7.484413646137677, 1.4995288235767301, -2.164495744111496, 7.449306412786183, 4.628372629824996, -1.1532429328727072, 7.485306990479411, 3.0767291947901914, 3.3696405341695264, 7.946689697150176, 0.01794817585544184, 2.2546858261765306, 11.898342885831113, 2.141030235050527, 3.6291640556572458, 11.492521533487224, 4.451896258839982, 1.325545320540703, 11.936221411633388, 1.1941582612541557, -2.040118274387515, 12.19229873921289, -1.161618681117057, 0.2423801758187703, 15.876629525439785, 3.2094210795226847, -0.4459875061681162, 16.075390966660013, 0.9718948616453709, 1.9426481446635973, 19.022460570391516, -0.14825377021384983, -1.3281738120267366, 16.692538610920614, -2.4535502358929095, -1.1017432970176886, 14.615112869908723, -0.8256812437144414, -4.972439258634132, 17.722796520764437, -1.7460551484051696, -5.468957844538394, 19.08983730434716, 2.7904859559496593, -5.214155679818006, 15.94364811615425, 3.6874254601861596, -4.872912737026091, 14.923909802600832, 1.8174963912096764, -9.068961252033239, 18.016970160160923, 0.7719716939219485, -9.372861299711596, 17.515549163887496, 4.510317086470318, -11.898997282825755, 19.630408918167205, 5.115162319487807, -9.456973710104739, 16.34738413815685, 7.509818300890305, -7.125924620425218, 16.94161491604974, 8.731124250924926, -10.10919777453275, 13.02719771954848, 6.563766664470518, -11.76486967062906, 12.351355142202848, 5.516300471967058, -8.694485481118615, 12.375552083523457, 8.754250842937381, -9.364073129169242], "name": "C15H32", "identifiers": {"molecule_hash": "6da82134e411990929cb4e91e62c2436b7c1bdc7", "molecular_formula": "C15H32"}, "molecular_charge": 0.0, "molecular_multiplicity": 1, "connectivity": [[0, 1, 1.0], [0, 15, 1.0], [0, 16, 1.0], [0, 17, 1.0], [1, 2, 1.0], [1, 18, 1.0], [1, 19, 1.0], [2, 3, 1.0], [2, 20, 1.0], [2, 21, 1.0], [3, 4, 1.0], [3, 22, 1.0], [3, 23, 1.0], [4, 5, 1.0], [4, 24, 1.0], [4, 25, 1.0], [5, 6, 1.0], [5, 26, 1.0], [5, 27, 1.0], [6, 7, 1.0], [6, 28, 1.0], [6, 29, 1.0], [7, 8, 1.0], [7, 30, 1.0], [7, 31, 1.0], [8, 9, 1.0], [8, 32, 1.0], [8, 33, 1.0], [9, 10, 1.0], [9, 34, 1.0], [9, 35, 1.0], [10, 11, 1.0], [10, 36, 1.0], [10, 37, 1.0], [11, 12, 1.0], [11, 38, 1.0], [11, 39, 1.0], [12, 13, 1.0], [12, 40, 1.0], [12, 41, 1.0], [13, 14, 1.0], [13, 42, 1.0], [13, 43, 1.0], [14, 44, 1.0], [14, 45, 1.0], [14, 46, 1.0]], "fix_com": true, "fix_orientation": true, "provenance": {"creator": "QCElemental", "version": "v0.22.0", "routine": "qcelemental.molparse.from_schema"}, "id": "215007"}