{"schema_name": "qcschema_molecule", "schema_version": 2, "validated": true, "symbols": ["C", "C", "C", "C", "C", "C", "C", "C", "C", "C", "C", "C", "C", "C", "C", "H", "H", "H", "H", "H", "H", "H", "H", "H", "H", "H", "H", "H", "H", "H", "H", "H", "H", "H", "H", "H", "H", "H", "H", "H", "H", "H", "H", "H", "H", "H", "H"], "geometry": [8.893081798294377, 2.8983009732145995, 1.9984014443252818e-15, 8.748647282440807, 9.53790406409107e-16, 1.0307454213793433e-15, 7.131107569293716, -1.1346111362701166, 2.1489514278019897, 4.365853707597677, -1.7151053182531584, 1.466417984072169, 2.7822625201694247, 0.5762148962023055, 0.6518426049975032, 0.0, -0.0, 0.0, -1.88086681716722, 0.0434484604657156, 2.2197849368104787, -1.5694200112397287, -1.9980921752698937, 4.267301820415573, -1.6142813189326357, -4.736631891346378, 3.303672412037493, -4.068332599695899, -5.490760440693522, 1.9586733737261912, -4.144656835301023, -8.278086875866254, 1.1369480150012694, -2.0082022467059657, -9.093189566086465, -0.6578415896325884, -1.9408112623021614, -7.630273870637778, -3.1607502372060674, 0.16232886247274922, -8.476292715562733, -4.975551383038681, 2.836379284145285, -7.847392139451593, -4.045648532016588, 10.05817087629519, 3.588513320032231, -1.56696806014199, 9.740119307430582, 3.586398266997081, 1.7609986304853684, 7.027078595822952, 3.770543444505959, -0.17022711837751348, 8.025524854601713, -0.6652740690276605, -1.8280081676636364, 10.679656264717403, -0.7385928269802007, 0.1425974583714183, 7.18287877960627, 0.13663933793334282, 3.789978219421075, 7.9967763504263, -2.9088213962097003, 2.780965749591311, 3.4856543174908032, -2.636576559239703, 3.0947972963716355, 4.338417094736668, -3.116977704459602, -0.06553538753661647, 3.671115305572542, 1.4147185350596885, -1.0197187381489716, 2.856352183269211, 2.0344471235930666, 2.129200286561233, -0.10917305485806768, -1.8174073273656317, -0.9932812839248, -0.6518154244542489, 1.416938914016303, -1.3658878594699737, -3.796910873538684, -0.0808119238968934, 1.4384432338323325, -1.7693757516039377, 1.9037132876295884, 3.1334355666740192, -3.090014580132597, -1.7498194774153524, 5.65846884178276, 0.19625460988516963, -1.6777313099370763, 5.303237320298055, -1.313511116766951, -6.012766357678686, 4.913477072589275, -0.008812409530633059, -5.041741251086043, 2.0359678914256585, -5.673140688096851, -5.1261535823131945, 3.223670921430757, -4.365458375001671, -4.277986164602289, 0.307196141734958, -5.971045953310379, -8.65490992925567, 0.2257572519613773, -4.082644166262866, -9.479047655297665, 2.828506047004553, -0.18874723935812798, -8.913999084937165, 0.3131452097435332, -2.230090391549478, -11.114142146491778, -1.0759994354565179, -3.7792492844913377, -7.839513477659616, -4.101920216732539, -1.7141881959316996, -5.602889056952237, -2.789675599085714, 0.005285323425604338, -10.51889222569092, -5.308144104812931, -0.13654489637996298, -7.566457591229486, -6.81466235737545, 4.2625580502773595, -8.394716059024441, -5.442657694692677, 3.2904268414937614, -8.82380609483075, -2.2792631398735086, 3.0380157755150874, -5.813332309688301, -3.7045184756211125], "name": "C15H32", "identifiers": {"molecule_hash": "b3e5b4b46571a068b5365954117595147b9c622f", "molecular_formula": "C15H32"}, "molecular_charge": 0.0, "molecular_multiplicity": 1, "connectivity": [[0, 1, 1.0], [0, 15, 1.0], [0, 16, 1.0], [0, 17, 1.0], [1, 2, 1.0], [1, 18, 1.0], [1, 19, 1.0], [2, 3, 1.0], [2, 20, 1.0], [2, 21, 1.0], [3, 4, 1.0], [3, 22, 1.0], [3, 23, 1.0], [4, 5, 1.0], [4, 24, 1.0], [4, 25, 1.0], [5, 6, 1.0], [5, 26, 1.0], [5, 27, 1.0], [6, 7, 1.0], [6, 28, 1.0], [6, 29, 1.0], [7, 8, 1.0], [7, 30, 1.0], [7, 31, 1.0], [8, 9, 1.0], [8, 32, 1.0], [8, 33, 1.0], [9, 10, 1.0], [9, 34, 1.0], [9, 35, 1.0], [10, 11, 1.0], [10, 36, 1.0], [10, 37, 1.0], [11, 12, 1.0], [11, 38, 1.0], [11, 39, 1.0], [12, 13, 1.0], [12, 40, 1.0], [12, 41, 1.0], [13, 14, 1.0], [13, 42, 1.0], [13, 43, 1.0], [14, 44, 1.0], [14, 45, 1.0], [14, 46, 1.0]], "fix_com": true, "fix_orientation": true, "provenance": {"creator": "QCElemental", "version": "v0.22.0", "routine": "qcelemental.molparse.from_schema"}, "id": "226132"}