{"schema_name": "qcschema_molecule", "schema_version": 2, "validated": true, "symbols": ["C", "C", "C", "C", "C", "C", "C", "C", "C", "C", "C", "C", "C", "C", "C", "H", "H", "H", "H", "H", "H", "H", "H", "H", "H", "H", "H", "H", "H", "H", "H", "H", "H", "H", "H", "H", "H", "H", "H", "H", "H", "H", "H", "H", "H", "H", "H"], "geometry": [4.093417074352779, 2.6324780857141508, -4.440892098500626e-16, 2.899480928995937, 4.0071524600242853e-16, -5.765980899936675e-16, 0.0, 0.0, 0.0, -1.2832216071559128, 1.2334545397311958, 2.2887160957669277, -0.7182043574251857, -0.04058035413056782, 4.825011891652996, -2.233574979218024, 1.1123480424398977, 7.00502284679985, -1.5920164496533475, 0.053579639091255515, 9.624922226288644, -2.2749628115525975, -2.7377347197444255, 9.98787789160674, -2.0092086697297735, -3.691099222610986, 12.711287831981135, 0.7006975832050282, -3.7226779675680426, 13.727762369388671, 0.878065520999213, -4.887194796055606, 16.371272356329232, 3.5094057508616174, -4.754151341267811, 17.581667825975686, 5.635158957692186, -6.151441015755521, 16.184851302596847, 5.254410759145772, -9.000377667428278, 15.805506005835571, 5.04669349664602, -10.515236560481192, 18.258728879918422, 3.679588969844189, 3.6625151302819585, 1.7243022275175806, 3.4075715997249163, 3.755089953086709, -1.5770524985378214, 6.1346383042952475, 2.5070916605362292, -0.1655535499183225, 3.604496423545543, -1.0691143520433328, 1.6050835303093964, 3.5341839806223163, -1.0120086644347732, -1.6719803406865668, -0.652456129392411, -1.9446653717638722, -0.15006586246384934, -0.6522986994296108, 0.9522011980664823, -1.702556506112839, -3.31475707104709, 1.1944849048003137, 1.9716713568771491, -0.7716110910496329, 3.220726043603297, 2.3957566653061573, -1.1273807540170657, -2.048327448578492, 4.6686418237726865, 1.2860064734356242, 0.10970710268967965, 5.2564277381474485, -1.9085609704831126, 3.143001339312937, 7.028341035932335, -4.2435503173404365, 0.8600900072342963, 6.644288457257389, 0.40981005126765524, 0.34194360820980485, 9.987556610071929, -2.596474481155584, 1.1627870732850871, 11.03655131803227, -1.1221219749246814, -3.9109216144509937, 8.756394378408714, -4.223002062066993, -3.0187907471449864, 9.389441978320358, -2.76843241203145, -5.600069889832497, 12.807439958758145, -3.1870398390742407, -2.545325815664339, 13.949726734928799, 1.4506216597891002, -1.8104578646872813, 13.790433382778417, 1.890105920784944, -4.76816443761092, 12.41729995320453, 0.23308669967680729, -6.837338314774733, 16.299256185851238, -0.4387750862922273, -3.9073969294658735, 17.610367212373774, 3.3791896488722477, -5.464071125314767, 19.50459503377875, 4.053151794630394, -2.7780474467360134, 17.752671324211043, 5.932542694936151, -5.280891106962283, 14.348703890479367, 7.381677116614537, -5.860040556225865, 17.231658105634626, 6.846624153287513, -9.715906463376367, 14.721350801411162, 3.5901558900609523, -9.34200015914165, 14.65128209983572, 3.374351885886627, -10.010806067336908, 19.332839771332424, 4.9418438375294675, -12.52651100366227, 17.866909264657906, 6.680345075097098, -10.19881133376516, 19.46238825202968], "name": "C15H32", "identifiers": {"molecule_hash": "5c00462aae658222f014a687654ff99adf32e27f", "molecular_formula": "C15H32"}, "molecular_charge": 0.0, "molecular_multiplicity": 1, "connectivity": [[0, 1, 1.0], [0, 15, 1.0], [0, 16, 1.0], [0, 17, 1.0], [1, 2, 1.0], [1, 18, 1.0], [1, 19, 1.0], [2, 3, 1.0], [2, 20, 1.0], [2, 21, 1.0], [3, 4, 1.0], [3, 22, 1.0], [3, 23, 1.0], [4, 5, 1.0], [4, 24, 1.0], [4, 25, 1.0], [5, 6, 1.0], [5, 26, 1.0], [5, 27, 1.0], [6, 7, 1.0], [6, 28, 1.0], [6, 29, 1.0], [7, 8, 1.0], [7, 30, 1.0], [7, 31, 1.0], [8, 9, 1.0], [8, 32, 1.0], [8, 33, 1.0], [9, 10, 1.0], [9, 34, 1.0], [9, 35, 1.0], [10, 11, 1.0], [10, 36, 1.0], [10, 37, 1.0], [11, 12, 1.0], [11, 38, 1.0], [11, 39, 1.0], [12, 13, 1.0], [12, 40, 1.0], [12, 41, 1.0], [13, 14, 1.0], [13, 42, 1.0], [13, 43, 1.0], [14, 44, 1.0], [14, 45, 1.0], [14, 46, 1.0]], "fix_com": true, "fix_orientation": true, "provenance": {"creator": "QCElemental", "version": "v0.22.0", "routine": "qcelemental.molparse.from_schema"}, "id": "216791"}