{"schema_name": "qcschema_molecule", "schema_version": 2, "validated": true, "symbols": ["C", "C", "C", "C", "C", "C", "C", "C", "C", "C", "C", "C", "C", "C", "C", "H", "H", "H", "H", "H", "H", "H", "H", "H", "H", "H", "H", "H", "H", "H", "H", "H", "H", "H", "H", "H", "H", "H", "H", "H", "H", "H", "H", "H", "H", "H", "H"], "geometry": [0.0, -0.0, 0.0, 2.898455487484761, -0.0, 0.0, 4.080950756289596, 2.35942963131663, 1.2174699477468984, 3.3460028587871213, 4.892608660159938, 8.881784197001252e-16, 4.041164528792677, 5.118604072984856, -2.8042463841541654, 3.478776707297851, 7.7460250184836035, -3.8933999639977053, 3.9381926385807273, 7.982106866245374, -6.749476648748203, 6.708049136637367, 7.631134044394546, -7.53885605793394, 7.225612276214299, 8.19243928123566, -10.338950387296048, 5.8846145072621, 6.403693423131229, -12.18492583257969, 6.634907756410361, 6.867866472236063, -14.94535866460497, 5.177357293850006, 5.255227543813705, -16.87153632203438, 5.439751670393535, 2.378529904938703, -16.53311003207896, 8.165238646935485, 1.3730587120326438, -16.5485873649104, 9.616786274857255, 1.9359271703361678, -18.993573754222172, -0.767055253070098, 1.5289697611111777, -1.1646923834077225, -0.7452718304445813, 0.24297772405502083, 1.9184344424150672, -0.7457286935619997, -1.7815364687733708, -0.7450038602007598, 3.5864704579737903, -0.20716061663631724, -1.9439653240268295, 3.5763702773244646, -1.6715394017221823, 1.022652667217923, 6.147039210479564, 2.1671287522023226, 1.1690026566607556, 3.5521588296301045, 2.4097296717028334, 3.224208769952882, 4.283054311553789, 6.419226549019841, 1.0478566300818721, 1.3107647238336202, 5.220763796399033, 0.22784097819778726, 6.052170601688173, 4.669400968795417, -3.038973385895811, 3.0012603133894116, 3.7017921002800183, -3.9071000942236553, 1.4986168166511988, 8.221959115699093, -3.492597497412983, 4.624068546720239, 9.161045165212029, -2.8936199598628227, 2.7443191342498765, 6.604121741359802, -7.73751353693032, 3.3011192215512315, 9.855011840879278, -7.379784247075622, 7.319852605332125, 5.694674416840408, -7.119056002983244, 7.892535671000944, 8.876303162623202, -6.373742790287039, 9.2709575222014, 8.08427569944312, -10.67547594966282, 6.6759792490931735, 10.15029348538396, -10.761112779707625, 3.828870361502595, 6.607470095146311, -12.002249250367212, 6.319378390752622, 4.445900499631669, -11.653893318464531, 8.674072234323917, 6.551679592566427, -15.159052475845382, 6.325388916830855, 8.869733252813244, -15.396469791173569, 5.7889523821977855, 5.782672639303835, -18.780587162080202, 3.1629522690596694, 5.743200730367856, -16.767192986852113, 4.528763013735698, 1.8075968606100918, -14.761111334444601, 4.3733198608340045, 1.4424661406647852, -18.047959068462475, 8.108104709873144, -0.6781668409054928, -16.251082132744788, 9.209566529952692, 2.1505494797034954, -14.935175135045341, 9.882291941704201, 3.968226585046697, -19.27745800373506, 11.493144764103796, 1.0620974722625718, -18.965570681274528, 8.603739143530866, 1.201911386561739, -20.645743288197824], "name": "C15H32", "identifiers": {"molecule_hash": "5abf94dfc0bcb6fa0f10fb50f334ac452a869703", "molecular_formula": "C15H32"}, "molecular_charge": 0.0, "molecular_multiplicity": 1, "connectivity": [[0, 1, 1.0], [0, 15, 1.0], [0, 16, 1.0], [0, 17, 1.0], [1, 2, 1.0], [1, 18, 1.0], [1, 19, 1.0], [2, 3, 1.0], [2, 20, 1.0], [2, 21, 1.0], [3, 4, 1.0], [3, 22, 1.0], [3, 23, 1.0], [4, 5, 1.0], [4, 24, 1.0], [4, 25, 1.0], [5, 6, 1.0], [5, 26, 1.0], [5, 27, 1.0], [6, 7, 1.0], [6, 28, 1.0], [6, 29, 1.0], [7, 8, 1.0], [7, 30, 1.0], [7, 31, 1.0], [8, 9, 1.0], [8, 32, 1.0], [8, 33, 1.0], [9, 10, 1.0], [9, 34, 1.0], [9, 35, 1.0], [10, 11, 1.0], [10, 36, 1.0], [10, 37, 1.0], [11, 12, 1.0], [11, 38, 1.0], [11, 39, 1.0], [12, 13, 1.0], [12, 40, 1.0], [12, 41, 1.0], [13, 14, 1.0], [13, 42, 1.0], [13, 43, 1.0], [14, 44, 1.0], [14, 45, 1.0], [14, 46, 1.0]], "fix_com": true, "fix_orientation": true, "provenance": {"creator": "QCElemental", "version": "v0.22.0", "routine": "qcelemental.molparse.from_schema"}, "id": "219030"}