{"schema_name": "qcschema_molecule", "schema_version": 2, "validated": true, "symbols": ["C", "C", "C", "C", "C", "C", "C", "C", "C", "C", "C", "C", "C", "C", "C", "H", "H", "H", "H", "H", "H", "H", "H", "H", "H", "H", "H", "H", "H", "H", "H", "H", "H", "H", "H", "H", "H", "H", "H", "H", "H", "H", "H", "H", "H", "H", "H"], "geometry": [6.50110479769764, 2.842726986740107, 8.881784197001252e-16, 5.937701248403473, 3.5608114924913887e-16, 3.460133639485312e-16, 4.257282817043435, -0.8728965207394778, 2.204179394220316, 1.648181841982403, 0.3921475463147333, 2.353750142878309, 0.0, 0.0, 0.0, -2.7633643280153954, 0.8373742828652575, 0.3413305745275791, -3.128811091106943, 3.600403215594048, 1.1602768267749153, -2.1069568486862003, 5.550678234927771, -0.7250996940744678, -2.492041508378392, 8.311003826326303, 0.10283714636196173, -1.1054157841739252, 9.083380054963468, 2.5388748354037007, 1.786814108089876, 8.934509709419036, 2.342622372740789, 3.217545971344111, 9.583049866100257, 4.802322284505255, 3.9825548095595327, 7.28281272241891, 6.405511837881541, 1.7927037318465584, 5.72263088613129, 7.485256164629555, 2.703402632954162, 3.4540479075855353, 9.03778369330475, 7.8356484936610435, 3.339458303460619, -1.5023274238223232, 7.329169791073084, 3.440693305434576, 1.8029467507165822, 4.7896964273574305, 3.9651529780481147, -0.2984305415298879, 7.726085068510634, -1.0453691967769723, 0.08893366718023007, 5.060618297375893, -0.5266037772086041, -1.8023377280837225, 5.263924372999711, -0.5265704510470555, 3.9865849132003053, 4.002223528895964, -2.928447896751617, 2.073212952581283, 0.6494634033182989, -0.3532823534414091, 4.013681605670862, 1.88879248298695, 2.416059117025049, 2.7092053987825793, 0.01671852639418081, -2.012347412845351, -0.5089863573500379, 0.8357277900483039, 0.9957179479567446, -1.6126244237838838, -3.657937728041653, -0.3905521833294683, 1.7553596942706613, -3.784885393417409, 0.5136244009044899, -1.4362007104542858, -5.15529868168822, 3.94780808431984, 1.4452524219645417, -2.2472057533559626, 3.878782822783169, 3.0114223059486127, -3.049499557720104, 5.267284094670997, -2.5525356253847504, -0.09528901175822524, 5.20835719600105, -1.074540421324952, -1.8786970596334285, 9.560060099026558, -1.4374482684085739, -4.523190931025536, 8.65696621777515, 0.35257470725114093, -1.6300802416267723, 11.036045563703647, 3.0050767726799448, -1.7729179443311116, 7.934274694527678, 4.124148923361346, 2.3882804676165224, 10.219765898698139, 0.8294731283131513, 2.360372373019355, 7.042558619130027, 1.726013415210002, 2.0771149903967396, 10.882978214875235, 5.951172904285078, 4.9489701597641, 10.617133718893651, 4.325450668441864, 5.171745687624897, 7.930084880314702, 7.979466308546878, 5.1849493371886926, 6.041639097861644, 5.253922032692114, 0.5921466748622426, 5.037254830553842, 5.947207010346978, 0.5920922758815825, 6.942743128438322, 8.658701821523067, 1.1131913353568272, 2.3680377866766738, 9.797596778267252, 3.8401640572249134, 2.1722655486344875, 7.8736272225704695, 3.8777950535462193, 4.058808513762458, 10.633961004887643], "name": "C15H32", "identifiers": {"molecule_hash": "6355dd5a61eaeafb9622a20eb63f24b85d2c17f1", "molecular_formula": "C15H32"}, "molecular_charge": 0.0, "molecular_multiplicity": 1, "connectivity": [[0, 1, 1.0], [0, 15, 1.0], [0, 16, 1.0], [0, 17, 1.0], [1, 2, 1.0], [1, 18, 1.0], [1, 19, 1.0], [2, 3, 1.0], [2, 20, 1.0], [2, 21, 1.0], [3, 4, 1.0], [3, 22, 1.0], [3, 23, 1.0], [4, 5, 1.0], [4, 24, 1.0], [4, 25, 1.0], [5, 6, 1.0], [5, 26, 1.0], [5, 27, 1.0], [6, 7, 1.0], [6, 28, 1.0], [6, 29, 1.0], [7, 8, 1.0], [7, 30, 1.0], [7, 31, 1.0], [8, 9, 1.0], [8, 32, 1.0], [8, 33, 1.0], [9, 10, 1.0], [9, 34, 1.0], [9, 35, 1.0], [10, 11, 1.0], [10, 36, 1.0], [10, 37, 1.0], [11, 12, 1.0], [11, 38, 1.0], [11, 39, 1.0], [12, 13, 1.0], [12, 40, 1.0], [12, 41, 1.0], [13, 14, 1.0], [13, 42, 1.0], [13, 43, 1.0], [14, 44, 1.0], [14, 45, 1.0], [14, 46, 1.0]], "fix_com": true, "fix_orientation": true, "provenance": {"creator": "QCElemental", "version": "v0.22.0", "routine": "qcelemental.molparse.from_schema"}, "id": "221816"}