{"schema_name": "qcschema_molecule", "schema_version": 2, "validated": true, "symbols": ["C", "C", "C", "C", "C", "C", "C", "C", "C", "C", "C", "C", "C", "C", "C", "H", "H", "H", "H", "H", "H", "H", "H", "H", "H", "H", "H", "H", "H", "H", "H", "H", "H", "H", "H", "H", "H", "H", "H", "H", "H", "H", "H", "H", "H", "H", "H"], "geometry": [0.0, -0.0, 0.0, 2.8905750969235844, -7.658368698871358e-16, -2.58397611942573e-16, 4.08818974723502, 2.3331966978628693, 1.2364877581490068, 3.4948969495125604, 4.887681155008032, 1.7763568394002505e-15, 4.421797075433575, 5.155692050530275, -2.7284120077343412, 3.997728183155503, 7.816694099526671, -3.785423570306243, 4.696967827198572, 8.140825083004678, -6.578712610699393, 7.521135320883118, 7.84162358030552, -7.148049792392536, 8.27960642517195, 8.555100809150504, -9.85215087601175, 7.189053657596885, 6.83890535088768, -11.912048303603349, 8.176330909973496, 7.509029821459001, -14.5486978254632, 6.968306183663061, 6.006942669576886, -16.714597086248, 7.362802371966195, 3.1323268132196507, -16.657169161347063, 10.114625823329284, 2.2213266922663335, -16.71063468544262, 11.580020716937891, 2.984361420848761, -19.08268911266139, -0.767136483574234, 1.5163549132919463, -1.1478752447848939, -0.7390900999621239, 0.22313263424515428, 1.9030747895577833, -0.7289244250438682, -1.7658434567299648, -0.7484516764466097, 3.5730263582648507, -0.20590822434342604, -1.925670678909556, 3.5500617571391304, -1.6630117647100062, 1.0109386607065325, 6.1287110046257265, 2.078225858775803, 1.2712014636290372, 3.4904381807313736, 2.4083722581821374, 3.2031908550238457, 4.369501568354129, 6.3597643280468805, 1.1389513739878203, 1.4737493315007137, 5.251392196254149, 0.07160739138247552, 6.41928218614854, 4.678980878809675, -2.8040757913410452, 3.4571003984694615, 3.799779278334749, -3.935237547104154, 2.014144956904185, 8.307187022007025, -3.5518750026574772, 5.057671569627306, 9.173127623074262, -2.658315594265073, 3.60750820757182, 6.805015867596415, -7.6970409578364976, 4.101686454106653, 10.014937893610572, -7.183125567004774, 8.113394780909124, 5.9091132210489485, -6.778464117396225, 8.581722990795466, 9.026400672866577, -5.842893866931426, 10.331719903348647, 8.514367063308688, -9.982557798012342, 7.722634845195946, 10.500972824059495, -10.222527225921883, 5.137822058904578, 6.962679273024163, -11.9173815152277, 7.6499109509745455, 4.886592268604941, -11.463573019260053, 10.218752714228085, 7.282590435065775, -14.587196269097381, 7.827932138192802, 9.506494405825293, -14.892474841398856, 7.668622873980358, 6.753067282803737, -18.495452491469877, 4.94405562562459, 6.3706700922948665, -16.715370875974628, 6.447150412889802, 2.3509428599963202, -14.993212383847286, 6.376031094038129, 2.3234430989061075, -18.270561231465276, 10.108610671751018, 0.1712716038108022, -16.570080746170557, 11.113156451155175, 2.8953850920076674, -15.047124877737742, 11.811381901158072, 5.017149061784717, -19.221026388330483, 13.455017737304868, 2.1512207020962464, -19.080774932782745, 10.617078032455655, 2.348882042448661, -20.781702247978373], "name": "C15H32", "identifiers": {"molecule_hash": "5c00462aae658222f014a687654ff99adf32e27f", "molecular_formula": "C15H32"}, "molecular_charge": 0.0, "molecular_multiplicity": 1, "connectivity": [[0, 1, 1.0], [0, 15, 1.0], [0, 16, 1.0], [0, 17, 1.0], [1, 2, 1.0], [1, 18, 1.0], [1, 19, 1.0], [2, 3, 1.0], [2, 20, 1.0], [2, 21, 1.0], [3, 4, 1.0], [3, 22, 1.0], [3, 23, 1.0], [4, 5, 1.0], [4, 24, 1.0], [4, 25, 1.0], [5, 6, 1.0], [5, 26, 1.0], [5, 27, 1.0], [6, 7, 1.0], [6, 28, 1.0], [6, 29, 1.0], [7, 8, 1.0], [7, 30, 1.0], [7, 31, 1.0], [8, 9, 1.0], [8, 32, 1.0], [8, 33, 1.0], [9, 10, 1.0], [9, 34, 1.0], [9, 35, 1.0], [10, 11, 1.0], [10, 36, 1.0], [10, 37, 1.0], [11, 12, 1.0], [11, 38, 1.0], [11, 39, 1.0], [12, 13, 1.0], [12, 40, 1.0], [12, 41, 1.0], [13, 14, 1.0], [13, 42, 1.0], [13, 43, 1.0], [14, 44, 1.0], [14, 45, 1.0], [14, 46, 1.0]], "fix_com": true, "fix_orientation": true, "provenance": {"creator": "QCElemental", "version": "v0.22.0", "routine": "qcelemental.molparse.from_schema"}, "id": "216791"}