{"schema_name": "qcschema_molecule", "schema_version": 2, "validated": true, "symbols": ["C", "C", "C", "C", "C", "C", "C", "C", "C", "C", "C", "C", "C", "C", "C", "H", "H", "H", "H", "H", "H", "H", "H", "H", "H", "H", "H", "H", "H", "H", "H", "H", "H", "H", "H", "H", "H", "H", "H", "H", "H", "H", "H", "H", "H", "H", "H"], "geometry": [0.0, -0.0, 0.0, 2.8905750969235844, -7.976833048759488e-16, 1.302949817081775e-16, 4.08818974723502, 2.640588723555896, -8.326672684688674e-16, 3.4948969495125604, 4.31870416977107, -2.288716095766929, 4.421797075433575, 3.2779037278811565, -4.825011891652996, 3.997728183155503, 5.134178918582527, -7.005022846799851, 4.696967827198572, 4.1125861430671815, -9.624922226288643, 7.521135320883118, 3.5816157571799643, -9.987877891606741, 8.27960642517195, 2.945808614108364, -12.711287831981135, 7.189053657596885, 0.4648241768410586, -13.72776236938867, 8.176330909973496, -0.17770399851608953, -16.371272356329232, 6.968306183663061, -2.519141212446199, -17.58166782597569, 7.362802371966195, -5.032230524069386, -16.184851302596844, 10.114625823329284, -5.862216625440292, -15.80550600583557, 11.580020716937891, -6.29875039594117, -18.258728879918422, -0.767136483574234, 0.802328878224206, -1.7243022275175814, -0.7390900999621239, 1.088295568295304, 1.577052498537821, -0.7289244250438682, -1.9107524820764235, 0.1655535499183222, 3.5730263582648507, -1.0836570588492365, -1.6050835303093962, 3.5500617571391304, -0.9960355644416712, 1.6719803406865665, 6.1287110046257265, 2.4315542597565063, 0.15006586246384834, 3.4904381807313736, 3.6279456902195446, 1.7025565061128374, 4.369501568354129, 6.152749353019067, -1.971671356877151, 1.4737493315007137, 4.673606489427698, -2.3957566653061586, 6.41928218614854, 2.821256214733415, -4.668641823772685, 3.4571003984694615, 1.514722598311176, -5.256427738147449, 2.014144956904185, 5.67693531192091, -7.028341035932335, 5.057671569627306, 6.860491460870505, -6.6442884572573915, 3.60750820757182, 2.4086081926000515, -9.987556610071929, 4.101686454106653, 5.4855089944940225, -11.036551318032267, 8.113394780909124, 2.047132711813254, -8.756394378408716, 8.581722990795466, 5.2396275805735035, -9.389441978320358, 10.331719903348647, 2.8487520745438797, -12.807439958758144, 7.722634845195946, 4.4917276361287675, -13.949726734928799, 5.137822058904578, 0.5716921843455514, -13.790433382778417, 7.6499109509745455, -1.0502153301315997, -12.417299953204529, 10.218752714228085, -0.3958108463271557, -16.299256185851238, 7.827932138192802, 1.4262571419755306, -17.610367212373774, 7.668622873980358, -2.693780458498211, -19.50459503377875, 4.94405562562459, -2.1981177859196026, -17.75267132421104, 6.447150412889802, -4.943485266637449, -14.348703890479367, 6.376031094038129, -6.502442193291146, -17.231658105634622, 10.108610671751018, -7.607807862891594, -14.721350801411159, 11.113156451155175, -4.48766696049158, -14.651282099835718, 11.811381901158072, -4.567378515631414, -19.33283977133242, 13.455017737304868, -7.034008520972893, -17.866909264657906, 10.617078032455655, -7.655836903972308, -19.462388252029676], "name": "C15H32", "identifiers": {"molecule_hash": "5c00462aae658222f014a687654ff99adf32e27f", "molecular_formula": "C15H32"}, "molecular_charge": 0.0, "molecular_multiplicity": 1, "connectivity": [[0, 1, 1.0], [0, 15, 1.0], [0, 16, 1.0], [0, 17, 1.0], [1, 2, 1.0], [1, 18, 1.0], [1, 19, 1.0], [2, 3, 1.0], [2, 20, 1.0], [2, 21, 1.0], [3, 4, 1.0], [3, 22, 1.0], [3, 23, 1.0], [4, 5, 1.0], [4, 24, 1.0], [4, 25, 1.0], [5, 6, 1.0], [5, 26, 1.0], [5, 27, 1.0], [6, 7, 1.0], [6, 28, 1.0], [6, 29, 1.0], [7, 8, 1.0], [7, 30, 1.0], [7, 31, 1.0], [8, 9, 1.0], [8, 32, 1.0], [8, 33, 1.0], [9, 10, 1.0], [9, 34, 1.0], [9, 35, 1.0], [10, 11, 1.0], [10, 36, 1.0], [10, 37, 1.0], [11, 12, 1.0], [11, 38, 1.0], [11, 39, 1.0], [12, 13, 1.0], [12, 40, 1.0], [12, 41, 1.0], [13, 14, 1.0], [13, 42, 1.0], [13, 43, 1.0], [14, 44, 1.0], [14, 45, 1.0], [14, 46, 1.0]], "fix_com": true, "fix_orientation": true, "provenance": {"creator": "QCElemental", "version": "v0.22.0", "routine": "qcelemental.molparse.from_schema"}, "id": "216791"}