{"schema_name": "qcschema_molecule", "schema_version": 2, "validated": true, "symbols": ["C", "C", "C", "C", "C", "C", "C", "C", "C", "C", "C", "C", "C", "C", "C", "H", "H", "H", "H", "H", "H", "H", "H", "H", "H", "H", "H", "H", "H", "H", "H", "H", "H", "H", "H", "H", "H", "H", "H", "H", "H", "H", "H", "H", "H", "H", "H"], "geometry": [0.0, 0.0, -0.0, 2.888778619726894, 1.3478988416368047e-16, 1.936260894609317e-16, 4.002187779623897, 2.6706813722576457, 0.016322208603863297, 6.891407874314753, 2.7859044857326407, -0.17055010897197714, 8.283961210974256, 1.6739186007808442, 2.113149334983179, 11.1423849301305, 2.150511989207366, 2.123847344153736, 12.600945348949837, 0.8317018002086463, 1.6653345369377348e-16, 15.459900500420696, 1.2306556690679227, 0.2032440865427618, 17.030346037866988, -0.22946561256745707, -1.7490918347390318, 16.561120044797118, 0.42103013020725366, -4.535912160261888, 17.161573682709193, 3.158269938607403, -5.257976921517873, 16.865797779418564, 3.64827047793866, -8.094754362318952, 17.64505798947806, 6.3057069534411045, -8.953906541518457, 16.124381254216598, 8.51268564338475, -7.847397704620854, 13.309983715577905, 8.473056474627464, -8.505545288724907, -0.7400270529663604, 0.9517648099597406, 1.6619296620471513, -0.7446228261779938, -1.9118291412415738, -0.007299060174225963, -0.7419158335493022, 0.9665472338098995, -1.6523223251103583, 3.5699163635847775, -1.0079969318552242, -1.6584090786352557, 3.5576723451695815, -1.0519889847198574, 1.6309796128581386, 3.2056054379226513, 3.7211327814210464, -1.5622326140873677, 3.390976837726842, 3.6496880738088464, 1.7201694532839524, 7.484413646137677, 1.832179446462353, -1.891228964185748, 7.449306412786183, 4.754429872733906, -0.38366528118850196, 7.485306990479411, 2.4865474841080832, 3.825940600279669, 7.946689697150176, -0.34967893167233904, 2.2274772628519406, 11.898342885831113, 1.521066055263885, 3.9295292677112137, 11.492521533487224, 4.176408695127119, 2.033239067976853, 11.936221411633388, 1.5106235113831405, -1.818272018502158, 12.19229873921289, -1.1855884069440252, 0.04986220281934567, 15.876629525439785, 3.2391991899227497, 0.08292845920678521, 16.075390966660013, 0.642363209088547, 2.0750496243866206, 19.022460570391516, 0.07014537317023467, -1.334580264337467, 16.692538610920614, -2.2412370545790474, -1.48680984586308, 14.615112869908723, -0.004417794145402998, -5.040523998566288, 17.722796520764437, -0.831586554513937, -5.6803760693251535, 19.08983730434716, 3.602806771170811, -4.689777680587473, 15.94364811615425, 4.4321555382213145, -4.206944538749513, 14.923909802600832, 3.2709378224106334, -8.65160777456214, 18.016970160160923, 2.2889048569539803, -9.12180814288815, 17.515549163887496, 6.388906911464044, -11.005042709315024, 19.630408918167205, 6.587755819968944, -8.49710012679534, 16.34738413815685, 8.570577877298076, -5.807010199537972, 16.94161491604974, 10.261667564838131, -8.551408604344452, 13.02719771954848, 8.393057562514763, -10.538110643982428, 12.351355142202848, 6.8592901140112925, -7.679439290093602, 12.375552083523457, 10.163071583773515, -7.812473959802656], "name": "C15H32", "identifiers": {"molecule_hash": "6da82134e411990929cb4e91e62c2436b7c1bdc7", "molecular_formula": "C15H32"}, "molecular_charge": 0.0, "molecular_multiplicity": 1, "connectivity": [[0, 1, 1.0], [0, 15, 1.0], [0, 16, 1.0], [0, 17, 1.0], [1, 2, 1.0], [1, 18, 1.0], [1, 19, 1.0], [2, 3, 1.0], [2, 20, 1.0], [2, 21, 1.0], [3, 4, 1.0], [3, 22, 1.0], [3, 23, 1.0], [4, 5, 1.0], [4, 24, 1.0], [4, 25, 1.0], [5, 6, 1.0], [5, 26, 1.0], [5, 27, 1.0], [6, 7, 1.0], [6, 28, 1.0], [6, 29, 1.0], [7, 8, 1.0], [7, 30, 1.0], [7, 31, 1.0], [8, 9, 1.0], [8, 32, 1.0], [8, 33, 1.0], [9, 10, 1.0], [9, 34, 1.0], [9, 35, 1.0], [10, 11, 1.0], [10, 36, 1.0], [10, 37, 1.0], [11, 12, 1.0], [11, 38, 1.0], [11, 39, 1.0], [12, 13, 1.0], [12, 40, 1.0], [12, 41, 1.0], [13, 14, 1.0], [13, 42, 1.0], [13, 43, 1.0], [14, 44, 1.0], [14, 45, 1.0], [14, 46, 1.0]], "fix_com": true, "fix_orientation": true, "provenance": {"creator": "QCElemental", "version": "v0.22.0", "routine": "qcelemental.molparse.from_schema"}, "id": "215007"}