{"schema_name": "qcschema_molecule", "schema_version": 2, "validated": true, "symbols": ["C", "C", "C", "C", "C", "C", "C", "C", "C", "C", "C", "C", "C", "C", "C", "H", "H", "H", "H", "H", "H", "H", "H", "H", "H", "H", "H", "H", "H", "H", "H", "H", "H", "H", "H", "H", "H", "H", "H", "H", "H", "H", "H", "H", "H", "H", "H"], "geometry": [0.0, 0.0, 0.0, 2.8890591940042905, -4.020807957742668e-17, -3.3063102566667895e-16, 3.9958811402168237, 2.672180630309039, 1.5543122344752192e-15, 6.888241204177206, 2.835622927482157, -0.1379377338706744, 8.296389031291522, 1.7027965437658383, 2.1524731591955546, 9.222411866117481, -1.0476330232292381, 1.8709675562056571, 11.944750500874415, -1.3479876715733234, 0.911067020009224, 12.42175451602402, -0.4370242696917188, -1.7956605230481226, 15.024614073024818, -1.1652318480645416, -2.8467719079581255, 17.368847729513806, 0.0022744301363381847, -1.5912093482529353, 17.706703815858265, 2.874982479908415, -1.9405756271491708, 16.673506540619798, 4.523291180324539, 0.20523760372344357, 17.126650918114215, 7.343963174977011, -0.25875440098600966, 16.363445900665077, 9.07808434745532, 1.9327432939724725, 13.52730863968229, 9.13938887834336, 2.4879744674088498, -0.7401340989567493, 0.9621536081847062, 1.655891575965853, -0.7417868314838514, 0.9562567155871335, -1.658354292676795, -0.7446269730337023, -1.9118471183493262, 0.004430062995322642, 3.558114750189941, -1.038269749075322, 1.6400169938970262, 3.568499370182659, -1.0211798736771405, -1.6505384078735532, 3.3518269985815277, 3.66396129668424, 1.6844080170990785, 3.215123604044163, 3.7027091083613985, -1.6000536931559641, 7.381869235597445, 4.8229213517996055, -0.3022959249163382, 7.529730349560383, 1.9504701307824064, -1.8750571696113145, 7.064728943593752, 1.830022760945909, 3.7921152490379764, 9.916874254421032, 2.883224647525489, 2.6000393074042583, 7.954840262260187, -2.0999994465885474, 0.6455202285235944, 9.12137738308538, -1.9638262220744513, 3.7071475402133416, 13.20864237360002, -0.3796340835909834, 2.209934858816725, 12.438697721130627, -3.342401506602767, 1.0183195966087661, 11.001524159534418, -1.2725590234566484, -3.026597306048301, 12.154914177999672, 1.5931324573348478, -1.9259303594396253, 15.072349762962686, -0.6913160615287691, -4.847447409415434, 15.202933335460816, -3.212178604150415, -2.7489565878040616, 19.000067340740642, -0.9389592881034786, -2.4110768861069105, 17.414145395808127, -0.46259998880481, 0.4096693965621024, 19.71309360346862, 3.279567830076303, -2.1250868943832346, 16.85437492178179, 3.4542253890326373, -3.7213523289682726, 14.670648021402117, 4.171877376101196, 0.4620211494177873, 17.58696891566284, 3.97371129729912, 1.9659527181622365, 19.125000895044536, 7.632899351376445, -0.6487166350509359, 16.12340240098508, 7.92316278227786, -1.9598492647425219, 17.37853946233492, 8.514281423566164, 3.6299006763114807, 16.990176002086972, 10.986395748560538, 1.4994663473600032, 12.45891166754169, 9.662978910103462, 0.8138499481737835, 13.100787186252536, 10.511432005586352, 3.952682876209375, 12.832174479224557, 7.321001889184103, 3.130680156723343], "name": "C15H32", "identifiers": {"molecule_hash": "dcda4882f3e93c9eab8fde1994893e2be8c14b72", "molecular_formula": "C15H32"}, "molecular_charge": 0.0, "molecular_multiplicity": 1, "connectivity": [[0, 1, 1.0], [0, 15, 1.0], [0, 16, 1.0], [0, 17, 1.0], [1, 2, 1.0], [1, 18, 1.0], [1, 19, 1.0], [2, 3, 1.0], [2, 20, 1.0], [2, 21, 1.0], [3, 4, 1.0], [3, 22, 1.0], [3, 23, 1.0], [4, 5, 1.0], [4, 24, 1.0], [4, 25, 1.0], [5, 6, 1.0], [5, 26, 1.0], [5, 27, 1.0], [6, 7, 1.0], [6, 28, 1.0], [6, 29, 1.0], [7, 8, 1.0], [7, 30, 1.0], [7, 31, 1.0], [8, 9, 1.0], [8, 32, 1.0], [8, 33, 1.0], [9, 10, 1.0], [9, 34, 1.0], [9, 35, 1.0], [10, 11, 1.0], [10, 36, 1.0], [10, 37, 1.0], [11, 12, 1.0], [11, 38, 1.0], [11, 39, 1.0], [12, 13, 1.0], [12, 40, 1.0], [12, 41, 1.0], [13, 14, 1.0], [13, 42, 1.0], [13, 43, 1.0], [14, 44, 1.0], [14, 45, 1.0], [14, 46, 1.0]], "fix_com": true, "fix_orientation": true, "provenance": {"creator": "QCElemental", "version": "v0.22.0", "routine": "qcelemental.molparse.from_schema"}, "id": "217445"}