{"schema_name": "qcschema_molecule", "schema_version": 2, "validated": true, "symbols": ["C", "C", "C", "C", "C", "C", "C", "C", "C", "C", "C", "C", "C", "C", "C", "H", "H", "H", "H", "H", "H", "H", "H", "H", "H", "H", "H", "H", "H", "H", "H", "H", "H", "H", "H", "H", "H", "H", "H", "H", "H", "H", "H", "H", "H", "H", "H"], "geometry": [-0.0, 0.0, -0.0, 2.8956455981314297, 3.61045923995664e-16, -8.413147761470984e-16, 4.023794066049172, 2.6755649526574885, 0.006791544747150546, 6.938579084160226, 2.770012681949411, 5.551115123125783e-16, 8.184320219893044, 2.8993673159971793, -2.6231153412002586, 7.509171133434531, 0.7268960270753426, -4.417298614918164, 9.20280854355534, 0.6120528397726965, -6.76519648097532, 8.338102583258301, -1.327700542677365, -8.752369214023005, 7.861832669560347, -4.006878192228433, -7.733838696615614, 10.161452787516637, -5.239638812766657, -6.472512349609492, 9.67992329729978, -7.949927796793118, -5.537082343711426, 7.525491820493103, -8.247566312810498, -3.6056828165587795, 7.89742106615962, -6.742684716688155, -1.1546819193129771, 5.674746574288515, -6.92409678716491, 0.7049438235700638, 5.2001299883446865, -9.587371777327863, 1.7461922285207467, -0.7463333124439575, 0.9410946258409589, -1.6883099295857606, -0.7558545833906736, -1.9272338858378988, 0.03261136173930734, -0.749397436129192, 0.9995833800003527, 1.6529447804878057, 3.580235754838301, -1.062960355011836, -1.6369333418029264, 3.587053081800332, -1.0199570802441356, 1.6689132533633937, 3.3133786283437043, 3.658117869877654, 1.690081814024134, 3.2906527623512662, 3.74189897214944, -1.617824349318568, 7.567909148290601, 4.424794356090137, 1.0780576349152822, 7.671114434455378, 1.1162969764570472, 1.020393316342853, 7.6876650497736225, 4.701972606112217, -3.5260706513020135, 10.243779608661084, 2.9389694704486162, -2.3640986602379237, 7.65086968978086, -1.0616896079681926, -3.3843574507403167, 5.527279811558039, 0.8923880264912056, -5.00776216405058, 9.272106194164934, 2.485113619488528, -7.655936173462461, 11.145524618845457, 0.19685868575342624, -6.17000144490921, 6.586867390121224, -0.6445250193666272, -9.632024797298746, 9.75284155892731, -1.4104236024897128, -10.268455622926513, 7.228460785759116, -5.212825442531834, -9.300223117102528, 6.281764634930386, -3.9471721012918866, -6.397442203625121, 11.734323896726638, -5.275741746214868, -7.826439069982025, 10.809518420955998, -4.068761882171472, -4.892681626819632, 9.266956097552642, -9.15886337139015, -7.172808684548669, 11.432290541033995, -8.686770049907949, -4.703860575205529, 5.7232894751995556, -7.695669687046198, -4.471438957809528, 7.341853474795629, -10.261885885200117, -3.1566022535169234, 8.193773489249809, -4.744612804586245, -1.6089963726347722, 9.637056749397848, -7.38250835840722, -0.21574809004272366, 6.029562877377323, -5.633462238209478, 2.288566455724059, 3.9553396922117354, -6.226569297753836, -0.22449572491637582, 3.690673608281793, -9.574640193879087, 3.162910680892675, 4.640676623482989, -10.90900725756601, 0.2563430273369145, 6.904813106001425, -10.345096664585693, 2.649156871936457], "name": "C15H32", "identifiers": {"molecule_hash": "8e717571728b0e8b655a8ed4189021137947b962", "molecular_formula": "C15H32"}, "molecular_charge": 0.0, "molecular_multiplicity": 1, "connectivity": [[0, 1, 1.0], [0, 15, 1.0], [0, 16, 1.0], [0, 17, 1.0], [1, 2, 1.0], [1, 18, 1.0], [1, 19, 1.0], [2, 3, 1.0], [2, 20, 1.0], [2, 21, 1.0], [3, 4, 1.0], [3, 22, 1.0], [3, 23, 1.0], [4, 5, 1.0], [4, 24, 1.0], [4, 25, 1.0], [5, 6, 1.0], [5, 26, 1.0], [5, 27, 1.0], [6, 7, 1.0], [6, 28, 1.0], [6, 29, 1.0], [7, 8, 1.0], [7, 30, 1.0], [7, 31, 1.0], [8, 9, 1.0], [8, 32, 1.0], [8, 33, 1.0], [9, 10, 1.0], [9, 34, 1.0], [9, 35, 1.0], [10, 11, 1.0], [10, 36, 1.0], [10, 37, 1.0], [11, 12, 1.0], [11, 38, 1.0], [11, 39, 1.0], [12, 13, 1.0], [12, 40, 1.0], [12, 41, 1.0], [13, 14, 1.0], [13, 42, 1.0], [13, 43, 1.0], [14, 44, 1.0], [14, 45, 1.0], [14, 46, 1.0]], "fix_com": true, "fix_orientation": true, "provenance": {"creator": "QCElemental", "version": "v0.22.0", "routine": "qcelemental.molparse.from_schema"}, "id": "225518"}