{"schema_name": "qcschema_molecule", "schema_version": 2, "validated": true, "symbols": ["C", "C", "C", "C", "C", "C", "C", "C", "C", "C", "C", "C", "C", "C", "C", "H", "H", "H", "H", "H", "H", "H", "H", "H", "H", "H", "H", "H", "H", "H", "H", "H", "H", "H", "H", "H", "H", "H", "H", "H", "H", "H", "H", "H", "H", "H", "H"], "geometry": [0.0, 0.0, 0.0, 2.8904891353666167, -2.8182191017721895e-16, -4.244900086544593e-16, 4.089050066454886, 2.328160737733099, -1.2447765547781482, 3.5214418134277223, 4.885493447669037, 8.326672684688674e-16, 4.478507307822501, 5.122472909151677, 2.7232095558475846, 4.396470678624114, 7.819772286831436, 3.786542533377652, 1.7754672920739827, 9.044104919269884, 3.995200711995553, -0.03767494589552933, 7.681063992277977, 5.795159653822358, -2.459619378520273, 9.160519278843813, 6.394803037631886, -4.216606591731154, 9.732551866890603, 4.158563793007674, -5.355775132303155, 7.378508713718108, 2.9087017776330297, -7.362465437053779, 7.919496937408143, 0.8661497331683206, -6.4100708540836875, 8.032797534243926, -1.870972413207967, -4.580200959177914, 10.182849504459103, -2.4981413569017468, -3.942710205623682, 10.302348739981147, -5.31359482667847, -0.7292328922931108, -1.7632714734110804, 0.7540071610711057, -0.7392931740901482, 0.2172497485087584, -1.903734527540652, -0.767764147365945, 1.5191569829395761, 1.143762999147576, 3.548727851108964, -1.6667084218708226, -1.0055654447135975, 3.5734720669334408, -0.19917357960490126, 1.926233923930636, 3.4758670350208334, 2.407884833690494, -3.2065841247248277, 6.127791091114976, 2.062951673764321, -1.295269340823856, 4.405982051624795, 6.351828077788775, -1.1396426851363528, 1.5041810475810573, 5.258480705730836, -0.07365227270220281, 6.430484285188464, 4.476863725030244, 2.792394302308105, 3.4256556772537925, 3.8607001409405117, 3.952930231307737, 5.583459013290582, 9.020588477736467, 2.6122686772777026, 5.264000382696896, 7.810769384668105, 5.65122367367785, 2.0317284300749474, 10.974426269624399, 4.658383042746985, 0.9343617706277574, 9.198476790093117, 2.1295159384677422, 0.9407918124426587, 7.328236023371155, 7.569976404124696, -0.5209841797970021, 5.832917513588547, 5.044705888400778, -3.524585939939111, 8.117755488279576, 7.812281260058526, -1.9324615954986604, 10.941974717252595, 7.277129345191028, -5.759762394872624, 10.898036300950094, 4.8575754393066415, -3.2339569874903087, 10.880006168301339, 2.7727628581880177, -6.219766855256089, 6.244707244595315, 4.390059185440128, -3.871770922768727, 6.208398953355404, 2.101725820735269, -8.350521702776176, 9.666334516599736, 1.3176089229321186, -8.782689257491967, 6.4378121679962215, 0.9464633786336905, -8.048589817614289, 8.19487623443185, -3.104115554596561, -5.521334899737098, 6.237611582592762, -2.343407540259426, -2.8410394718841276, 9.958705926400981, -1.4322736969421275, -5.398417572634044, 11.974397349211044, -1.9076650240653645, -2.628836408959506, 11.826110393135803, -5.715374691937834, -3.081949209971311, 8.551149139061687, -5.952449771985748, -5.628229270878587, 10.615406031697269, -6.443002643190898], "name": "C15H32", "identifiers": {"molecule_hash": "832bc54f09e0de8cd10f8f833a5f952ae5d4079b", "molecular_formula": "C15H32"}, "molecular_charge": 0.0, "molecular_multiplicity": 1, "connectivity": [[0, 1, 1.0], [0, 15, 1.0], [0, 16, 1.0], [0, 17, 1.0], [1, 2, 1.0], [1, 18, 1.0], [1, 19, 1.0], [2, 3, 1.0], [2, 20, 1.0], [2, 21, 1.0], [3, 4, 1.0], [3, 22, 1.0], [3, 23, 1.0], [4, 5, 1.0], [4, 24, 1.0], [4, 25, 1.0], [5, 6, 1.0], [5, 26, 1.0], [5, 27, 1.0], [6, 7, 1.0], [6, 28, 1.0], [6, 29, 1.0], [7, 8, 1.0], [7, 30, 1.0], [7, 31, 1.0], [8, 9, 1.0], [8, 32, 1.0], [8, 33, 1.0], [9, 10, 1.0], [9, 34, 1.0], [9, 35, 1.0], [10, 11, 1.0], [10, 36, 1.0], [10, 37, 1.0], [11, 12, 1.0], [11, 38, 1.0], [11, 39, 1.0], [12, 13, 1.0], [12, 40, 1.0], [12, 41, 1.0], [13, 14, 1.0], [13, 42, 1.0], [13, 43, 1.0], [14, 44, 1.0], [14, 45, 1.0], [14, 46, 1.0]], "fix_com": true, "fix_orientation": true, "provenance": {"creator": "QCElemental", "version": "v0.22.0", "routine": "qcelemental.molparse.from_schema"}, "id": "217597"}