{"schema_name": "qcschema_molecule", "schema_version": 2, "validated": true, "symbols": ["C", "C", "C", "C", "C", "C", "C", "C", "C", "C", "C", "C", "C", "C", "C", "H", "H", "H", "H", "H", "H", "H", "H", "H", "H", "H", "H", "H", "H", "H", "H", "H", "H", "H", "H", "H", "H", "H", "H", "H", "H", "H", "H", "H", "H", "H", "H"], "geometry": [12.733202639868619, 2.649283536506622, -4.440892098500626e-16, 11.577036071354478, 1.773926149761368e-17, 4.094261783832102e-15, 10.281091163572261, -0.7411312831680545, -2.485606741766311, 8.024684305521001, 0.8909097954651894, -3.2926749980314116, 5.787796371630689, 0.8557835534591428, -1.4568361473044649, 3.5023693428840255, 2.3158527576467143, -2.4683009211987055, 1.2784708050838738, 2.523453201970858, -0.6223220517315722, 0.0, 0.0, 0.0, -2.456243118046209, 0.24437116016967053, 1.5177757817543456, -2.1294427488822594, 1.2916312862362935, 4.196256199657618, -4.606191764404201, 1.2953060046020917, 5.693388355079648, -4.442879021484815, 2.5420843925131926, 8.305969790850178, -2.618110172020143, 1.315315890021027, 10.200065674928137, -3.134731039283613, -1.4616811595340198, 10.853290258349597, -5.702278846839911, -1.940044849566517, 12.092286962500404, 11.304211483565096, 4.109911424635286, -0.1732011336925069, 14.052707248200822, 2.8798471261572325, -1.556754323165704, 13.758718861351161, 2.9970542477680464, 1.742723688638618, 10.254567463638356, -0.1674726855893166, 1.5618499178081837, 13.063872542204352, -1.3684176447179872, 0.3731999716672424, 9.659063566274671, -2.696041864576554, -2.339495623457214, 11.683567388440185, -0.7009884798445108, -3.989710583063683, 7.380983249114016, 0.21756371349200343, -5.126094301907033, 8.630954670846664, 2.8315587947567114, -3.590615830239083, 5.265025777165205, -1.095487709865734, -1.0797729173209092, 6.3469372900642345, 1.664329760016109, 0.3484841766323795, 4.107727870645196, 4.215914006414608, -2.971330701348065, 2.8555588114047166, 1.4416446132519667, -4.215058068779906, 1.9285382892502256, 3.4284445024819306, 1.1040527125667872, -0.12603158793942582, 3.7858866783603955, -1.4381703877965497, 1.3002760308527144, -1.21365119228442, 1.028734248891938, -0.42086519318829535, -0.9735152938511646, -1.7627011704183555, -3.329970335839906, -1.6133438971452436, 1.6415919575245914, -3.780172138295275, 1.4298428576278317, 0.4806245470022881, -1.3961254446939069, 3.209660049849737, 4.11681507837597, -0.71448641526536, 0.1713027961336453, 5.180028808038366, -5.293508749378725, -0.6331854589916961, 5.874385010790188, -6.032067870909646, 2.297698939181859, 4.601823038544282, -6.327932324105165, 2.600635174725893, 9.119442120859178, -3.8800692094622975, 4.505085442512172, 8.0615100769897, -0.6952219531091062, 1.4752012593384283, 9.496738499174075, -2.671693957233146, 2.415344717912686, 11.937336449999007, -1.65695207278605, -2.100031629031711, 12.130472885018664, -2.9635833920045442, -2.625846078793578, 9.169808287880427, -7.257126652410907, -1.5139310875357, 10.825098675044952, -5.886732626756098, -3.9053159609285637, 12.652132664130342, -5.9357130610327165, -0.7875268439051193, 13.77601764233603], "name": "C15H32", "identifiers": {"molecule_hash": "5c00462aae658222f014a687654ff99adf32e27f", "molecular_formula": "C15H32"}, "molecular_charge": 0.0, "molecular_multiplicity": 1, "connectivity": [[0, 1, 1.0], [0, 15, 1.0], [0, 16, 1.0], [0, 17, 1.0], [1, 2, 1.0], [1, 18, 1.0], [1, 19, 1.0], [2, 3, 1.0], [2, 20, 1.0], [2, 21, 1.0], [3, 4, 1.0], [3, 22, 1.0], [3, 23, 1.0], [4, 5, 1.0], [4, 24, 1.0], [4, 25, 1.0], [5, 6, 1.0], [5, 26, 1.0], [5, 27, 1.0], [6, 7, 1.0], [6, 28, 1.0], [6, 29, 1.0], [7, 8, 1.0], [7, 30, 1.0], [7, 31, 1.0], [8, 9, 1.0], [8, 32, 1.0], [8, 33, 1.0], [9, 10, 1.0], [9, 34, 1.0], [9, 35, 1.0], [10, 11, 1.0], [10, 36, 1.0], [10, 37, 1.0], [11, 12, 1.0], [11, 38, 1.0], [11, 39, 1.0], [12, 13, 1.0], [12, 40, 1.0], [12, 41, 1.0], [13, 14, 1.0], [13, 42, 1.0], [13, 43, 1.0], [14, 44, 1.0], [14, 45, 1.0], [14, 46, 1.0]], "fix_com": true, "fix_orientation": true, "provenance": {"creator": "QCElemental", "version": "v0.22.0", "routine": "qcelemental.molparse.from_schema"}, "id": "216791"}