{"schema_name": "qcschema_molecule", "schema_version": 2, "validated": true, "symbols": ["C", "C", "C", "C", "C", "C", "C", "C", "C", "C", "C", "C", "C", "C", "C", "H", "H", "H", "H", "H", "H", "H", "H", "H", "H", "H", "H", "H", "H", "H", "H", "H", "H", "H", "H", "H", "H", "H", "H", "H", "H", "H", "H", "H", "H", "H", "H"], "geometry": [12.044217523982336, 0.5108841755217131, 8.326672684688674e-17, 9.200687959222684, 9.290230979757085e-16, 7.528123764529253e-16, 8.502808478997515, -2.3747715104558194, 1.496338412868074, 5.693634721518996, -3.0955431077408706, 1.473577758996311, 3.9149083984935897, -1.158433860450964, 2.736866486709602, 2.628390296285838, 0.7655197899251023, 0.9634798898190912, 0.0, -0.0, 0.0, -0.06799746763330428, -2.318999261997091, -1.7324491073720494, -2.632444244738703, -2.7647658698015416, -3.011082812902166, -4.893011498701242, -3.439361002938789, -1.3170648720740725, -4.770069528420491, -6.034225794734532, 0.0021079958160390433, -3.724143857680494, -6.0129929586488275, 2.702945136625254, -3.710946661135273, -8.648986816130629, 3.898010459537533, -2.922709763934958, -8.720295442229006, 6.68475012449395, -0.17726631529570136, -7.962748363531929, 7.179095306000948, 12.749683131883288, 0.7698057016474931, 1.9107048126054647, 13.078627860537464, -1.0517211014621153, -0.8384948261486742, 12.496567347739914, 2.204029797412976, -1.0669048216148596, 8.227662807130121, 1.6322382279321848, 0.7773773665671719, 8.545781794035307, -0.19710503815762404, -1.9393225213993561, 9.115225184693177, -2.141283106537535, 3.4472597181598648, 9.580683862962623, -3.9589188026227893, 0.7477363098043037, 5.515218935961665, -4.893974309103743, 2.450230356950512, 5.104584149321844, -3.4445799436537063, -0.4613073646603556, 4.983438179346996, -0.1407024401391188, 4.166574893444295, 2.4485860719831245, -2.160905399538546, 3.7686842863454633, 3.843149984231356, 1.172430630761187, -0.6411124200824331, 2.411780072985364, 2.542502165964417, 1.9717400370279548, -1.2307168385467018, -0.2972860114820155, 1.6183776106592989, -0.7889837290086679, 1.59812309841586, -1.0279497821451218, 1.329326635679036, -2.0649354723566833, -3.2201704842038636, 0.5049743083649003, -3.9991152140066633, -0.7035545237173042, -2.4118843864619723, -4.262325881177747, -4.403291379244497, -3.1175361768077705, -1.0731919529279694, -4.076268298936191, -6.555239203249594, -3.4121462120781825, -2.523397962650489, -5.2038340498581155, -1.9655132886988356, 0.0803749700415638, -6.667293783899778, -6.820638098085376, 0.07579318220641973, -3.6699728155534213, -7.337317437190331, -1.1489315112778593, -1.8297616046205865, -5.230731743969985, 2.7189129305172868, -4.878078184672619, -4.755957543640671, 3.853973723178704, -5.596857416603854, -9.452903640518967, 3.7367167826623255, -2.4702052856981185, -9.881439221511945, 2.812964186115892, -4.172463858677535, -7.504663093998758, 7.775155807241298, -3.21707359459652, -10.626066168824405, 7.394369606281604, 1.1167788441861617, -9.123468546939623, 6.085254687632183, 0.2985129234547677, -8.198900922164773, 9.160927715940474, 0.17686037476955746, -6.002785474794404, 6.693345258536991], "name": "C15H32", "identifiers": {"molecule_hash": "dcda4882f3e93c9eab8fde1994893e2be8c14b72", "molecular_formula": "C15H32"}, "molecular_charge": 0.0, "molecular_multiplicity": 1, "connectivity": [[0, 1, 1.0], [0, 15, 1.0], [0, 16, 1.0], [0, 17, 1.0], [1, 2, 1.0], [1, 18, 1.0], [1, 19, 1.0], [2, 3, 1.0], [2, 20, 1.0], [2, 21, 1.0], [3, 4, 1.0], [3, 22, 1.0], [3, 23, 1.0], [4, 5, 1.0], [4, 24, 1.0], [4, 25, 1.0], [5, 6, 1.0], [5, 26, 1.0], [5, 27, 1.0], [6, 7, 1.0], [6, 28, 1.0], [6, 29, 1.0], [7, 8, 1.0], [7, 30, 1.0], [7, 31, 1.0], [8, 9, 1.0], [8, 32, 1.0], [8, 33, 1.0], [9, 10, 1.0], [9, 34, 1.0], [9, 35, 1.0], [10, 11, 1.0], [10, 36, 1.0], [10, 37, 1.0], [11, 12, 1.0], [11, 38, 1.0], [11, 39, 1.0], [12, 13, 1.0], [12, 40, 1.0], [12, 41, 1.0], [13, 14, 1.0], [13, 42, 1.0], [13, 43, 1.0], [14, 44, 1.0], [14, 45, 1.0], [14, 46, 1.0]], "fix_com": true, "fix_orientation": true, "provenance": {"creator": "QCElemental", "version": "v0.22.0", "routine": "qcelemental.molparse.from_schema"}, "id": "217445"}