{"schema_name": "qcschema_molecule", "schema_version": 2, "validated": true, "symbols": ["C", "C", "C", "C", "C", "C", "C", "C", "C", "C", "C", "C", "C", "C", "C", "H", "H", "H", "H", "H", "H", "H", "H", "H", "H", "H", "H", "H", "H", "H", "H", "H", "H", "H", "H", "H", "H", "H", "H", "H", "H", "H", "H", "H", "H", "H", "H"], "geometry": [6.066381132503519, 2.669965066169068, 4.440892098500626e-16, 4.929588976415455, 4.9924794441287425e-16, -2.4269380111877063e-16, 2.457459690438217, -0.2665862387858461, 1.5294698309911272, 0.0, -0.0, 0.0, -0.3684262154992803, 2.5584733296583915, -1.3190598043405282, -2.848648779611787, 2.8384764769603494, -2.8250483133946513, -5.166096526790876, 3.770593934151611, -1.3325383792829368, -6.208569996131184, 2.0151627716643987, 0.7384331725304834, -6.914596077540947, -0.6593991635051653, -0.14385905652884895, -8.958717674933109, -0.7404488453362118, -2.1969293950132793, -9.751903260342333, -3.4325618295122187, -2.954313655382487, -7.6021166778337275, -5.117114079815913, -3.949703878007567, -6.288675426010134, -4.084668415852684, -6.319966227166142, -4.173311509618993, -5.789926803322041, -7.344553364757422, -1.8536829320271795, -5.95021625716036, -5.61122954687843, 7.80850648552563, 2.7404857480917277, -1.1176943377597466, 6.535018544287265, 3.2631979871096646, 1.9288650242965935, 4.761466043614639, 4.071452755695852, -0.7776766803011357, 4.598996024315892, -0.620529783581601, -1.9526291458748042, 6.347017859614327, -1.3007967939439835, 0.7703714368875154, 2.4576219306345624, 1.1161133514355621, 3.0786208159086863, 2.4218163438762237, -2.1305221599138306, 2.4356260105892753, -1.5875638320889596, -0.3719532020403357, 1.2715232178649498, -0.05641927189084356, -1.4992233269799895, -1.4359757551279604, 1.2108105077935796, 2.844377075851922, -2.6273164191196536, -0.234679228104545, 4.088476292629627, 0.0794103966708104, -3.282551567089358, 1.0444812826646959, -3.7709898931594505, -2.528867649444143, 4.205178294156159, -4.3508579509051835, -6.680415821200921, 4.176808764777854, -2.688630895244848, -4.691533896796203, 5.593925446393891, -0.4618918005781594, -7.88795354323949, 2.917441507587884, 1.559869013718553, -4.835448303097493, 1.873802344164306, 2.2837339061404136, -7.570053930313596, -1.7493238439384542, 1.4971443347008389, -5.216253906871427, -1.6268558992967923, -0.8201417102571787, -10.634966670562367, 0.28222275350906945, -1.5239523797736834, -8.309667500482561, 0.2836224185927645, -3.875170777033672, -11.23575743715855, -3.3086300437417764, -4.400266325776213, -10.617800322359082, -4.3642009994126765, -1.3142552187447818, -6.210975592638313, -5.4164806276334785, -2.4462254884091523, -8.378133154491216, -6.992497303802634, -4.384532414603741, -7.716018306685819, -3.803534052716939, -7.800875500480364, -5.492205356941679, -2.2107552670335995, -5.92826669462737, -4.92466071255002, -7.695802966169619, -7.677124827234088, -3.575398277489087, -5.0730240649283465, -9.196040573369672, -0.36055067236182703, -7.10292836150271, -6.463869451030714, -2.3151646838308477, -6.789085862896838, -3.7773830081807414, -1.0681978298369061, -4.065731844218405, -5.256042226298255], "name": "C15H32", "identifiers": {"molecule_hash": "b3e5b4b46571a068b5365954117595147b9c622f", "molecular_formula": "C15H32"}, "molecular_charge": 0.0, "molecular_multiplicity": 1, "connectivity": [[0, 1, 1.0], [0, 15, 1.0], [0, 16, 1.0], [0, 17, 1.0], [1, 2, 1.0], [1, 18, 1.0], [1, 19, 1.0], [2, 3, 1.0], [2, 20, 1.0], [2, 21, 1.0], [3, 4, 1.0], [3, 22, 1.0], [3, 23, 1.0], [4, 5, 1.0], [4, 24, 1.0], [4, 25, 1.0], [5, 6, 1.0], [5, 26, 1.0], [5, 27, 1.0], [6, 7, 1.0], [6, 28, 1.0], [6, 29, 1.0], [7, 8, 1.0], [7, 30, 1.0], [7, 31, 1.0], [8, 9, 1.0], [8, 32, 1.0], [8, 33, 1.0], [9, 10, 1.0], [9, 34, 1.0], [9, 35, 1.0], [10, 11, 1.0], [10, 36, 1.0], [10, 37, 1.0], [11, 12, 1.0], [11, 38, 1.0], [11, 39, 1.0], [12, 13, 1.0], [12, 40, 1.0], [12, 41, 1.0], [13, 14, 1.0], [13, 42, 1.0], [13, 43, 1.0], [14, 44, 1.0], [14, 45, 1.0], [14, 46, 1.0]], "fix_com": true, "fix_orientation": true, "provenance": {"creator": "QCElemental", "version": "v0.22.0", "routine": "qcelemental.molparse.from_schema"}, "id": "226132"}