{"schema_name": "qcschema_molecule", "schema_version": 2, "validated": true, "symbols": ["C", "C", "C", "C", "C", "C", "C", "C", "C", "C", "C", "C", "C", "C", "C", "H", "H", "H", "H", "H", "H", "H", "H", "H", "H", "H", "H", "H", "H", "H", "H", "H", "H", "H", "H", "H", "H", "H", "H", "H", "H", "H", "H", "H", "H", "H", "H"], "geometry": [0.0, -0.0, 0.0, 2.893145704987713, -3.8242867236817607e-17, -1.1151047480651386e-15, 4.11989703204476, 1.6245522885915327, -2.0846202075392863, 4.863037945312187, 4.324754471829823, -1.3273970550154308, 2.675565446730688, 6.058249918453845, -0.5527639768855627, 3.442858351932389, 8.816331957172924, 2.220446049250313e-16, 3.122143573134315, 10.684588667306809, -2.200749328370474, 4.806336994983339, 10.3055903543235, -4.531937868716258, 7.6612583287471745, 10.603383003856283, -4.112346260489071, 8.472037938129565, 13.256532258511875, -3.2800010700677147, 11.33941612072292, 13.692722647682528, -3.321649870026949, 12.919784546827643, 12.012257915774907, -1.5635137425166437, 12.333217122896928, 12.349929969518177, 1.2518601377985648, 14.156939164064479, 10.963186351965033, 3.02581802979547, 14.04863295585895, 8.080182219077532, 2.839613069511893, -0.7290441701387729, -1.1959188988814473, 1.5002538968905172, -0.7246308188463261, -0.7252130243870178, -1.7788489874259839, -0.779089851831575, 1.8756389392202026, 0.2658255585819126, 3.5848961158843173, 0.60312369501898, 1.8398762178612993, 3.5198517331448524, -1.9428235721724194, -0.22324766057557477, 2.8753399384108294, 1.691889634605579, -3.7216269230002847, 5.83189076339256, 0.6856180999505535, -2.7224030291294183, 5.879624260338046, 5.15889808095564, -2.901635115056252, 6.208175731105493, 4.22945608013508, 0.22750692218407165, 1.8016956964940665, 5.282953735340458, 1.1334292488978712, 1.2218790063010085, 6.030195563905007, -2.0084121892562905, 5.372727071973139, 8.867861136585182, 0.7056269906547181, 2.2769341279047044, 9.516278098772702, 1.5392317650969751, 3.40118507984398, 12.58529869109121, -1.4742839784499278, 1.1613497307017524, 10.61002754451827, -2.8165464179410566, 4.217599797281768, 11.662472609633422, -5.961228442675329, 4.443822780656486, 8.454245339453445, -5.34315873802179, 8.611904698807122, 10.15106486825397, -5.879937282713651, 8.31428144124733, 9.214789738922219, -2.7506311753567814, 7.604695694898521, 14.635478695531976, -4.536102475283435, 7.739135130466772, 13.663015504919546, -1.4069529537728518, 11.705248487793902, 15.66113212961843, -2.8509760730850005, 12.013122793016244, 13.433105368594708, -5.247380759780692, 12.691796941601797, 10.045076683346688, -2.10006991795857, 14.903670246833629, 12.457097839080749, -1.8772659610903986, 12.3870597264095, 14.356920661225185, 1.6996628921010428, 10.416538165767859, 11.725111895417315, 1.653085018501208, 16.07780324973995, 11.598686245988324, 2.6587597331758444, 13.730949195792434, 11.514577104427223, 4.958893091023244, 15.2745373290431, 7.212731249548669, 4.237630389692236, 14.64552876497403, 7.407297117847347, 0.997303705920491, 12.142070159690375, 7.391164094260638, 3.170315871257289], "name": "C15H32", "identifiers": {"molecule_hash": "ac20f422e002446abf359a1dbe7152d97deb41a3", "molecular_formula": "C15H32"}, "molecular_charge": 0.0, "molecular_multiplicity": 1, "connectivity": [[0, 1, 1.0], [0, 15, 1.0], [0, 16, 1.0], [0, 17, 1.0], [1, 2, 1.0], [1, 18, 1.0], [1, 19, 1.0], [2, 3, 1.0], [2, 20, 1.0], [2, 21, 1.0], [3, 4, 1.0], [3, 22, 1.0], [3, 23, 1.0], [4, 5, 1.0], [4, 24, 1.0], [4, 25, 1.0], [5, 6, 1.0], [5, 26, 1.0], [5, 27, 1.0], [6, 7, 1.0], [6, 28, 1.0], [6, 29, 1.0], [7, 8, 1.0], [7, 30, 1.0], [7, 31, 1.0], [8, 9, 1.0], [8, 32, 1.0], [8, 33, 1.0], [9, 10, 1.0], [9, 34, 1.0], [9, 35, 1.0], [10, 11, 1.0], [10, 36, 1.0], [10, 37, 1.0], [11, 12, 1.0], [11, 38, 1.0], [11, 39, 1.0], [12, 13, 1.0], [12, 40, 1.0], [12, 41, 1.0], [13, 14, 1.0], [13, 42, 1.0], [13, 43, 1.0], [14, 44, 1.0], [14, 45, 1.0], [14, 46, 1.0]], "fix_com": true, "fix_orientation": true, "provenance": {"creator": "QCElemental", "version": "v0.22.0", "routine": "qcelemental.molparse.from_schema"}, "id": "216210"}