{"schema_name": "qcschema_molecule", "schema_version": 2, "validated": true, "symbols": ["C", "C", "C", "C", "C", "C", "C", "C", "C", "C", "C", "C", "C", "C", "C", "H", "H", "H", "H", "H", "H", "H", "H", "H", "H", "H", "H", "H", "H", "H", "H", "H", "H", "H", "H", "H", "H", "H", "H", "H", "H", "H", "H", "H", "H", "H", "H"], "geometry": [8.506606031750684, 2.0164845199815433, 3.3306690738754696e-16, 6.428493038996745, -6.830269932272743e-16, -5.677455695502351e-16, 5.320986353646628, -0.4786518831226316, -2.6411615291992714, 3.2137912475472916, -2.492649431180844, -2.733253123276186, 0.5026784614893679, -1.4875468135565515, -2.434968223952214, 0.0, 0.0, 0.0, -2.815827327562694, 0.4698442432482767, 0.49455421593986026, -3.341392694940593, 2.2531786504643314, 2.7312290895234534, -1.9967664521820907, 1.551374906210745, 5.209470824156055, -2.641025096870663, -1.086901043342258, 6.221066791360916, -1.3462083314569608, -1.7298203327681918, 8.7435002699894, 1.5607630582433258, -1.6318999144191726, 8.723581959513162, 2.807867985367833, -3.4512048478629724, 6.840694750910809, 5.701354117136837, -3.2413909467441346, 6.717746502122261, 7.058606093943034, -3.958580454138292, 9.176607844213798, 7.775700789289186, 3.8414528821398997, -0.6544699611529365, 9.289387807950018, 2.2951764772185705, 1.8963632528317556, 10.067208438651722, 1.4843114531952635, -1.2547118604499539, 4.932569214344395, 0.558580168221753, 1.3146479646657352, 7.194405802819195, -1.7821730178466169, 0.7354353635356666, 6.87639003300598, -1.0614449808986808, -3.8839962162476627, 4.61021925043578, 1.3066193179172196, -3.4295510771358657, 3.315808617392056, -3.5014944937506733, -4.541122332834192, 3.5762231271425535, -3.9180693300448675, -1.2671673690868777, 0.03482409241965745, -0.2922033450889443, -4.067036471217703, -0.8018265058192042, -3.1005300820670367, -2.516102134318132, 0.8103291745658525, -1.0385720129593976, 1.59712845637184, 0.9978943569088055, 1.817577877420088, -0.06742053408795845, -3.689420889176393, 1.270626335957759, -1.2090180243143334, -3.754120796212636, -1.3529009190349544, 0.8075949572852614, -2.76628601035162, 4.175246371009843, 2.1999519288069367, -5.389121399133532, 2.3319439158773525, 3.0590257645407175, -2.482185365720376, 2.96114315897555, 6.653752935907135, 0.04874349901295716, 1.7123065868772054, 4.933562448872693, -4.6960847342776315, -1.2276564856081986, 6.476531670166304, -2.1529463345413524, -2.5205104698501293, 4.809206281782597, -2.0371146582401964, -0.4247827574692318, 10.201990300250408, -1.947965840163706, -3.6260483277804982, 9.335271568758397, 2.196842407907659, 0.3005198430938374, 8.319584661590358, 2.228904722957334, -2.0567592667157317, 10.638251899858947, 2.0570757573588017, -3.103024890362488, 4.942906697767023, 2.276916600757337, -5.402120611737707, 7.319570150249451, 6.388952724161665, -4.45951577780639, 5.187101918774311, 6.217787057934915, -1.3045613174446982, 6.180391401993635, 9.113944630309032, -3.9091751626107407, 8.934008487415893, 6.585810241173005, -2.667967086123453, 10.722615692917145, 6.541354633313892, -5.873423413127464, 9.77766029828021], "name": "C15H32", "identifiers": {"molecule_hash": "8e717571728b0e8b655a8ed4189021137947b962", "molecular_formula": "C15H32"}, "molecular_charge": 0.0, "molecular_multiplicity": 1, "connectivity": [[0, 1, 1.0], [0, 15, 1.0], [0, 16, 1.0], [0, 17, 1.0], [1, 2, 1.0], [1, 18, 1.0], [1, 19, 1.0], [2, 3, 1.0], [2, 20, 1.0], [2, 21, 1.0], [3, 4, 1.0], [3, 22, 1.0], [3, 23, 1.0], [4, 5, 1.0], [4, 24, 1.0], [4, 25, 1.0], [5, 6, 1.0], [5, 26, 1.0], [5, 27, 1.0], [6, 7, 1.0], [6, 28, 1.0], [6, 29, 1.0], [7, 8, 1.0], [7, 30, 1.0], [7, 31, 1.0], [8, 9, 1.0], [8, 32, 1.0], [8, 33, 1.0], [9, 10, 1.0], [9, 34, 1.0], [9, 35, 1.0], [10, 11, 1.0], [10, 36, 1.0], [10, 37, 1.0], [11, 12, 1.0], [11, 38, 1.0], [11, 39, 1.0], [12, 13, 1.0], [12, 40, 1.0], [12, 41, 1.0], [13, 14, 1.0], [13, 42, 1.0], [13, 43, 1.0], [14, 44, 1.0], [14, 45, 1.0], [14, 46, 1.0]], "fix_com": true, "fix_orientation": true, "provenance": {"creator": "QCElemental", "version": "v0.22.0", "routine": "qcelemental.molparse.from_schema"}, "id": "225518"}