{"schema_name": "qcschema_molecule", "schema_version": 2, "validated": true, "symbols": ["C", "C", "C", "C", "C", "C", "C", "C", "C", "C", "C", "C", "C", "C", "C", "H", "H", "H", "H", "H", "H", "H", "H", "H", "H", "H", "H", "H", "H", "H", "H", "H", "H", "H", "H", "H", "H", "H", "H", "H", "H", "H", "H", "H", "H", "H", "H"], "geometry": [11.904166576084155, 2.852252940259041, 1.6653345369377348e-15, 11.41945507934355, 1.9351433183893988e-15, -4.466820607523047e-16, 8.920531145453172, -0.8196724560178068, 1.2542912755659774, 6.659717486882438, -1.1892654027875043, -0.525837878448709, 5.769215131839353, 1.1809007553372428, -1.9327553386404783, 3.370979001641449, 0.8101631065050959, -3.5490226458554033, 0.8652938676336824, 1.561291783149304, -2.2865304950053136, 0.0, -0.0, 0.0, -0.5805335316975424, -2.797196561772962, -0.5039698554185602, -2.780402876712336, -3.2457548097676785, -2.333924341603247, -3.6709700828012295, -6.002899731641185, -2.4713879781818338, -1.7214551922866625, -7.937226216823606, -3.40430890765807, -0.8106056590118018, -7.497038824979705, -6.117425571653864, 0.839346054250903, -9.627300159526282, -7.183067414526093, 3.3853870487368583, -9.950115042845603, -5.85205984215057, 13.700969359635558, 3.286400987068653, -0.8919105338113554, 11.97408870683738, 3.575390236913722, 1.9202892543173822, 10.44750217217117, 3.890057968107179, -0.9983762786081003, 11.489441615924607, -0.7135615430102922, -1.9270062606423275, 12.979178437442135, -0.9007503019085876, 0.9864458100083453, 8.418608067912121, 0.5280246019694348, 2.725696565780541, 9.227945770484657, -2.6084530518125058, 2.2160849658726054, 5.111866440433616, -1.957384913749129, 0.5794305600365945, 7.1374398010552165, -2.6348725042177126, -1.9108307749558766, 7.2844790104443184, 1.8097954325033117, -3.1641963521827288, 5.460390384001677, 2.7079103433744764, -0.5889651670579814, 3.2811858413660047, -1.1321147129924705, -4.215695011503314, 3.5455040184583253, 1.9631444331430403, -5.239795665195312, -0.6084632180691367, 1.528699745993289, -3.716667716768052, 1.016703538844137, 3.524466996753663, -1.6928166740191732, -1.6931247372769826, 0.884907325309533, 0.7621549299026781, 1.4095558567183533, 0.1281718419734838, 1.4878502895742443, -1.0330923967073615, -3.684564558472825, 1.2961597928806188, 1.10362068172756, -3.7457870196981586, -1.1915010492506695, -4.37803068590039, -2.0944768126325317, -1.739188316235808, -2.2811083750737433, -2.5871944140725964, -4.212138282266361, -5.321877637803958, -6.0934220222581255, -3.6946267088620095, -4.313795252959349, -6.577023713383283, -0.6040693856955281, -0.12089645655972203, -7.97796869724167, -2.121256039481214, -2.5797970621115587, -9.803688389437728, -3.29617160872282, -2.4531376995934755, -7.272521687071579, -7.335259106978224, 0.23361394271467428, -5.730334976434656, -6.233184762328498, -0.20165523065104485, -11.398796059172732, -7.102884209133183, 1.1802703035154332, -9.253139393882188, -9.1745625275068, 4.517659326169518, -11.386013417953844, -6.782608331146058, 3.161494646935364, -10.517520304292516, -3.8947437666862172, 4.4578622537228245, -8.19847414428462, -5.877419501481331], "name": "C15H32", "identifiers": {"molecule_hash": "ac20f422e002446abf359a1dbe7152d97deb41a3", "molecular_formula": "C15H32"}, "molecular_charge": 0.0, "molecular_multiplicity": 1, "connectivity": [[0, 1, 1.0], [0, 15, 1.0], [0, 16, 1.0], [0, 17, 1.0], [1, 2, 1.0], [1, 18, 1.0], [1, 19, 1.0], [2, 3, 1.0], [2, 20, 1.0], [2, 21, 1.0], [3, 4, 1.0], [3, 22, 1.0], [3, 23, 1.0], [4, 5, 1.0], [4, 24, 1.0], [4, 25, 1.0], [5, 6, 1.0], [5, 26, 1.0], [5, 27, 1.0], [6, 7, 1.0], [6, 28, 1.0], [6, 29, 1.0], [7, 8, 1.0], [7, 30, 1.0], [7, 31, 1.0], [8, 9, 1.0], [8, 32, 1.0], [8, 33, 1.0], [9, 10, 1.0], [9, 34, 1.0], [9, 35, 1.0], [10, 11, 1.0], [10, 36, 1.0], [10, 37, 1.0], [11, 12, 1.0], [11, 38, 1.0], [11, 39, 1.0], [12, 13, 1.0], [12, 40, 1.0], [12, 41, 1.0], [13, 14, 1.0], [13, 42, 1.0], [13, 43, 1.0], [14, 44, 1.0], [14, 45, 1.0], [14, 46, 1.0]], "fix_com": true, "fix_orientation": true, "provenance": {"creator": "QCElemental", "version": "v0.22.0", "routine": "qcelemental.molparse.from_schema"}, "id": "216210"}