{"schema_name": "qcschema_molecule", "schema_version": 2, "validated": true, "symbols": ["C", "C", "C", "C", "C", "C", "C", "C", "C", "C", "C", "C", "C", "C", "C", "H", "H", "H", "H", "H", "H", "H", "H", "H", "H", "H", "H", "H", "H", "H", "H", "H", "H", "H", "H", "H", "H", "H", "H", "H", "H", "H", "H", "H", "H", "H", "H"], "geometry": [11.227419018977304, 2.2348768738892546, 7.771561172376096e-16, 9.3850938428336, -5.194644333063403e-16, 3.075561676448668e-16, 8.350020295119489, -0.6026042779858987, 2.6440131691245, 6.425892486026764, -2.7934207990120443, 2.7351653269592626, 3.631362341986418, -2.008293977959734, 2.6008767291935984, 2.8513201635993592, -0.58940761360601, 0.19094899692657838, 0.0, 0.0, -0.0, -1.5811908222601667, -1.973053611967103, -1.441388432413809, -1.5937303605417252, -4.667840941919325, -0.36157874139086665, -2.7783144090491025, -4.899252599475311, 2.2723584259558818, -2.672162340671282, -7.600804479196698, 3.3161902537349555, -3.901631547091255, -7.934292702347709, 5.924183815758168, -2.56761431119678, -6.509063834068891, 8.067956969727256, -3.714173351547182, -7.035701481825979, 10.676242676128163, -2.381553922102548, -5.601997195547651, 12.811625003682426, 12.839732710247628, 1.8749033571324956, 1.2506383229960631, 10.299780663949884, 3.964979093151837, 0.6627805507567326, 11.970890695965974, 2.605871397954564, -1.8961895703048537, 10.341622898063159, -1.6856860838887018, -0.7414066107384595, 7.8259235852453175, 0.39167236028523994, -1.3034882291377516, 9.962003696916764, -1.0528202537144453, 3.869337818697142, 7.490254776431026, 1.105599018573805, 3.4544408762418106, 6.836923402831478, -4.131475495759964, 1.2012998026763981, 6.689678525738529, -3.8547295594620103, 4.495930844602782, 3.191972456761894, -0.8111770683077479, 4.240495714953627, 2.4742379124703784, -3.7095377771622884, 2.817818924584417, 3.445124093054568, -1.6740735624107268, -1.4773272959885804, 3.905295629870613, 1.1912107443226652, 0.11274077275950461, -0.2481463047000499, 1.810758006453139, -0.9774608689884987, -0.7735284487020943, 0.2850550329319912, 1.902847936688655, -3.539110911908671, -1.2915774024390472, -1.5536514418787026, -0.8893100739683899, -2.0513178250945128, -3.3966378490281754, 0.34083374441302583, -5.413552934804881, -0.3176391185369445, -2.6351895546642305, -5.895995247391221, -1.670920750895199, -1.8222078723822865, -3.6141962507538095, 3.5811506711938934, -4.756543955830325, -4.269548107679437, 2.1906851209776077, -3.596000525767669, -8.877915952357323, 1.9662393347250497, -0.6889130265825498, -8.211154518559885, 3.4172241253584206, -5.8865952894773805, -7.330504606637639, 5.831046096493116, -3.937681989196654, -9.955828096030709, 6.392423844645912, -0.5567083736199714, -7.031482194968458, 8.08587744372436, -2.627322491648066, -4.46784120292648, 7.70866889334841, -3.638470054657306, -9.07414073328729, 11.057471892956723, -5.726441365997509, -6.529011807984295, 10.652054840096328, -2.4847263229499332, -3.554409799195094, 12.513389970976732, -0.37733776979372124, -6.116044143166187, 12.917295883913251, -3.2356531821058576, -6.014414185384008, 14.651825164962716], "name": "C15H32", "identifiers": {"molecule_hash": "02466bcf7685142367d80e64257fd7698f9c45a1", "molecular_formula": "C15H32"}, "molecular_charge": 0.0, "molecular_multiplicity": 1, "connectivity": [[0, 1, 1.0], [0, 15, 1.0], [0, 16, 1.0], [0, 17, 1.0], [1, 2, 1.0], [1, 18, 1.0], [1, 19, 1.0], [2, 3, 1.0], [2, 20, 1.0], [2, 21, 1.0], [3, 4, 1.0], [3, 22, 1.0], [3, 23, 1.0], [4, 5, 1.0], [4, 24, 1.0], [4, 25, 1.0], [5, 6, 1.0], [5, 26, 1.0], [5, 27, 1.0], [6, 7, 1.0], [6, 28, 1.0], [6, 29, 1.0], [7, 8, 1.0], [7, 30, 1.0], [7, 31, 1.0], [8, 9, 1.0], [8, 32, 1.0], [8, 33, 1.0], [9, 10, 1.0], [9, 34, 1.0], [9, 35, 1.0], [10, 11, 1.0], [10, 36, 1.0], [10, 37, 1.0], [11, 12, 1.0], [11, 38, 1.0], [11, 39, 1.0], [12, 13, 1.0], [12, 40, 1.0], [12, 41, 1.0], [13, 14, 1.0], [13, 42, 1.0], [13, 43, 1.0], [14, 44, 1.0], [14, 45, 1.0], [14, 46, 1.0]], "fix_com": true, "fix_orientation": true, "provenance": {"creator": "QCElemental", "version": "v0.22.0", "routine": "qcelemental.molparse.from_schema"}, "id": "221735"}