{"schema_name": "qcschema_molecule", "schema_version": 2, "validated": true, "symbols": ["C", "C", "C", "C", "C", "C", "C", "C", "C", "C", "C", "C", "C", "C", "C", "H", "H", "H", "H", "H", "H", "H", "H", "H", "H", "H", "H", "H", "H", "H", "H", "H", "H", "H", "H", "H", "H", "H", "H", "H", "H", "H", "H", "H", "H", "H", "H"], "geometry": [10.523570688625917, 1.3279409292542088, 3.885780586188048e-16, 7.949128231289345, 1.039925719830987e-14, 8.761041322104806e-16, 7.54957891738447, -1.6454669643652993, 2.356271949402752, 5.078756728702659, -3.1892274624973176, 2.436730611621114, 2.7846626177598024, -1.8659171233240635, 3.6443721219861946, 1.6338430964548447, 0.4805341067038142, 2.3604406256720094, 0.0, -0.0, 0.0, 1.4254781291903622, -0.5289757472690859, -2.4700674284106725, -0.2945858354202344, -0.6731750092902353, -4.804672909872398, -2.228316614086848, -2.8454124370418095, -4.867962670969092, -1.0843792810244757, -5.528668688608572, -4.84174382314497, -0.8378662517570117, -6.73942049730965, -2.2156805548282557, 0.31184303861944757, -9.398574825662564, -2.315886024469648, 0.2871882924333886, -10.818988799513837, 0.21586687331519272, 1.8689708049031575, -9.565195504785214, 2.295526328306587, 10.719151283028836, 2.5750830817382884, 1.642953118811845, 12.073536961332024, -0.04514883606586966, 0.07276151298195277, 10.781723868734307, 2.48123252842634, -1.699819196984361, 6.45213260530133, 1.4176652712379187, -0.15289367899521233, 7.782180367490732, -1.1902187584959827, -1.6910518769139542, 7.6727046585042045, -0.4562113499043028, 4.054803714688658, 9.150622853647366, -2.960348477237865, 2.4761449984842465, 5.423964747275465, -4.8957245761215855, 3.5606547815199696, 4.623395522655317, -3.8703514171530626, 0.5358637696619857, 3.338674742029929, -1.3271519548466364, 5.571276881208672, 1.2717630541914087, -3.269628826492942, 3.8733057574460696, 3.1088951034352346, 1.868952943329535, 1.9272919669832616, 0.41616483677877947, 1.3912842844157296, 3.7711518093373084, -1.3114623137960968, -1.5524908727109885, 0.4102941803533759, -1.190468819404089, 1.6728000060498938, -0.31077117211212557, 2.805162279079461, 0.9882311793995143, -2.7760767414841956, 2.533867543153049, -2.266869288134018, -2.3202480189282086, 0.9018673972484597, -0.8244178589200032, -6.49406230044902, -1.3176828834222207, 1.1245836664145838, -4.985736097480732, -3.351007407931861, -2.612839452793561, -6.594675604269553, -3.5713616239206276, -2.6521106751591432, -3.299967858337412, -2.2608170190797123, -6.779213587290853, -6.005326979745039, 0.7769697804903508, -5.4934821958437166, -5.762338798665109, 0.2984590098534442, -5.5334276757063465, -0.9800020730372199, -2.721600895944305, -6.841817822317028, -1.3454567791291054, -0.7242788374920552, -10.522237085813869, -3.7201902957698394, 2.265517998548649, -9.270599418556479, -3.010224472537555, -1.6741654849961856, -11.015374623556179, 0.865942447215006, 0.9868359494153007, -12.746022420368355, -0.096147515800871, 3.8280298281800955, -9.296558624474004, 1.677981237547928, 1.900581598661761, -10.723703931936772, 4.010979654226181, 1.122543941270056, -7.70797472169962, 2.8131139364727167], "name": "C15H32", "identifiers": {"molecule_hash": "e035da528855b71ec77bc9eb53d5bcd918055c5e", "molecular_formula": "C15H32"}, "molecular_charge": 0.0, "molecular_multiplicity": 1, "connectivity": [[0, 1, 1.0], [0, 15, 1.0], [0, 16, 1.0], [0, 17, 1.0], [1, 2, 1.0], [1, 18, 1.0], [1, 19, 1.0], [2, 3, 1.0], [2, 20, 1.0], [2, 21, 1.0], [3, 4, 1.0], [3, 22, 1.0], [3, 23, 1.0], [4, 5, 1.0], [4, 24, 1.0], [4, 25, 1.0], [5, 6, 1.0], [5, 26, 1.0], [5, 27, 1.0], [6, 7, 1.0], [6, 28, 1.0], [6, 29, 1.0], [7, 8, 1.0], [7, 30, 1.0], [7, 31, 1.0], [8, 9, 1.0], [8, 32, 1.0], [8, 33, 1.0], [9, 10, 1.0], [9, 34, 1.0], [9, 35, 1.0], [10, 11, 1.0], [10, 36, 1.0], [10, 37, 1.0], [11, 12, 1.0], [11, 38, 1.0], [11, 39, 1.0], [12, 13, 1.0], [12, 40, 1.0], [12, 41, 1.0], [13, 14, 1.0], [13, 42, 1.0], [13, 43, 1.0], [14, 44, 1.0], [14, 45, 1.0], [14, 46, 1.0]], "fix_com": true, "fix_orientation": true, "provenance": {"creator": "QCElemental", "version": "v0.22.0", "routine": "qcelemental.molparse.from_schema"}, "id": "225079"}