{"schema_name": "qcschema_molecule", "schema_version": 2, "validated": true, "symbols": ["C", "C", "C", "C", "C", "C", "C", "C", "C", "C", "C", "C", "C", "C", "C", "H", "H", "H", "H", "H", "H", "H", "H", "H", "H", "H", "H", "H", "H", "H", "H", "H", "H", "H", "H", "H", "H", "H", "H", "H", "H", "H", "H", "H", "H", "H", "H"], "geometry": [4.131805635248294, 2.624222798321588, 1.3877787807814457e-15, 2.9137141875079893, 5.074274845744746e-16, -1.543811027179881e-15, 0.0, -0.0, 0.0, -1.2766338128017893, -0.22671787339507443, -2.595292327262831, -0.7679543514078426, 1.9488057011032982, -4.438778476819521, -2.233308482541129, 1.783059546323434, -6.954045546410003, -4.714461227814271, 3.2883225624388244, -7.074888492259699, -6.880091166531864, 2.4367631373404364, -5.34298759205225, -7.947927240872161, -0.21506254208167386, -5.835795958545018, -9.173058060871655, -0.5402567942303989, -8.440151201353528, -10.65329796709361, -3.01438944307606, -8.758603358041501, -9.123865231283972, -5.466629803072445, -8.51381478863998, -7.050912514578908, -5.782159777542292, -10.5107428579938, -5.776383747034667, -8.384372587562668, -10.507357756689995, -4.256574720198691, -8.970420669180482, -8.118876331140187, 6.1789001316194625, 2.4777728515379365, 0.021111747068091713, 3.568560188850501, 3.684554643720716, 1.6654664269127573, 3.604238896842512, 3.728033417085749, -1.6428454308220166, 3.602536529151127, -1.0823712587946455, -1.6066790467635823, 3.5733600280315567, -0.9971183895687283, 1.6696663374859002, -0.6847508451043482, 1.6899381261186954, 0.9531385387059264, -0.6535911665336285, -1.5840550974560013, 1.132640679801587, -3.2960140996226475, -0.4101407421630629, -2.285569750370843, -0.6773808333333732, -1.9878581774362853, -3.4759083165675975, 1.238626308336049, 1.9808280483805132, -4.863735806234337, -1.18171701486192, 3.743518957267345, -3.521877272459535, -2.569723282660453, -0.18842222380918416, -7.428432197949112, -1.0314357527214009, 2.5105883860401774, -8.452291872183773, -5.37194267106622, 3.2858703264543925, -9.020660010176046, -4.287915673133168, 5.2520623770107395, -6.63755253498727, -8.411339518444208, 3.7965954728456475, -5.534682640556001, -6.2756275698615855, 2.5558515412679514, -3.384055247426618, -9.360608077898117, -0.6074011869527092, -4.3925006045054396, -6.474411342024583, -1.6189708268658292, -5.5775502660072975, -10.475399838424813, 1.0204791576294312, -8.755707482007656, -7.751048251411314, -0.39230570451922153, -9.912116886380764, -11.568073127166604, -2.9930980124898237, -10.600541498695714, -12.169962249195283, -3.0531421641905974, -7.370097343056872, -8.314946829205372, -5.5907561641613155, -6.6323481947242815, -10.431630544028433, -7.046790089655419, -8.671830098668288, -7.872205881771439, -5.46029841344412, -12.369054036623174, -5.608513119836265, -4.338586797336724, -10.264535034832544, -7.202056358892602, -9.840323685159676, -10.782992930902246, -4.521439799178528, -8.497238554351895, -12.130519907736517, -3.288849467884286, -10.771143469330013, -8.294005932600017, -5.450796527397137, -9.074160022632936, -6.455676048753787, -2.8330946229193605, -7.529218712197668, -7.778680289156868], "name": "C15H32", "identifiers": {"molecule_hash": "ac20f422e002446abf359a1dbe7152d97deb41a3", "molecular_formula": "C15H32"}, "molecular_charge": 0.0, "molecular_multiplicity": 1, "connectivity": [[0, 1, 1.0], [0, 15, 1.0], [0, 16, 1.0], [0, 17, 1.0], [1, 2, 1.0], [1, 18, 1.0], [1, 19, 1.0], [2, 3, 1.0], [2, 20, 1.0], [2, 21, 1.0], [3, 4, 1.0], [3, 22, 1.0], [3, 23, 1.0], [4, 5, 1.0], [4, 24, 1.0], [4, 25, 1.0], [5, 6, 1.0], [5, 26, 1.0], [5, 27, 1.0], [6, 7, 1.0], [6, 28, 1.0], [6, 29, 1.0], [7, 8, 1.0], [7, 30, 1.0], [7, 31, 1.0], [8, 9, 1.0], [8, 32, 1.0], [8, 33, 1.0], [9, 10, 1.0], [9, 34, 1.0], [9, 35, 1.0], [10, 11, 1.0], [10, 36, 1.0], [10, 37, 1.0], [11, 12, 1.0], [11, 38, 1.0], [11, 39, 1.0], [12, 13, 1.0], [12, 40, 1.0], [12, 41, 1.0], [13, 14, 1.0], [13, 42, 1.0], [13, 43, 1.0], [14, 44, 1.0], [14, 45, 1.0], [14, 46, 1.0]], "fix_com": true, "fix_orientation": true, "provenance": {"creator": "QCElemental", "version": "v0.22.0", "routine": "qcelemental.molparse.from_schema"}, "id": "216210"}