{"schema_name": "qcschema_molecule", "schema_version": 2, "validated": true, "symbols": ["C", "C", "C", "C", "C", "C", "C", "C", "C", "C", "C", "C", "C", "C", "C", "H", "H", "H", "H", "H", "H", "H", "H", "H", "H", "H", "H", "H", "H", "H", "H", "H", "H", "H", "H", "H", "H", "H", "H", "H", "H", "H", "H", "H", "H", "H", "H"], "geometry": [0.0, -0.0, 0.0, 2.8746716800578103, 4.434359225553449e-16, -2.4079221182237535e-17, 4.052633360145682, -0.23269053235788104, 2.6236498957782257, 3.300599566833174, 1.83592655911821, 4.495518068073367, 3.769530198849526, 4.534184512885519, 3.589553864550533, 6.5209167724581505, 5.0955802205351, 2.947990538685494, 7.065973305991761, 7.865734753794254, 2.3713307026625623, 5.78141319754697, 8.871113261986116, 4.996003610813204e-16, 6.5121476480904885, 11.58922475202501, -0.6012656186121624, 5.276137491959748, 12.65591238810517, -2.984083678403596, 2.4064692798121463, 13.044461742342806, -2.9183006925898844, 1.4963558465975062, 15.587546844919615, -1.892457119691598, 1.9969003092486748, 16.133964981666487, 0.8983650294666127, 0.9402010535864107, 14.186184438830411, 2.7470301173606257, -1.9004927361107438, 13.79501547345802, 2.540118859014111, -0.7499636726699956, -1.694944496906279, 0.9360825010536383, -0.7545356003927146, 0.03672087927100813, -1.929978677005196, -0.7688719584414876, 1.6496888448674996, 0.9959752024167527, 3.561514465235351, -1.5710601929566712, -1.1718936941265041, 3.5657530008076153, 1.730701940647809, -0.9240228609672118, 3.5332580302129823, -2.074505640868964, 3.4370364003759573, 6.120537722651465, -0.2686302997717559, 2.4252215369096684, 1.290087391735611, 1.6342014450971494, 4.977606180328835, 4.33877207877487, 1.5259110587395348, 6.27002237159596, 3.1424670608161875, 5.853338875075243, 5.07041212564034, 2.5654669625091664, 4.926426349912887, 1.9406485703700058, 7.113147021448585, 3.93925597809947, 1.3225260828013754, 7.712212771075489, 4.490769247707533, 4.541992430334819, 9.119589577389236, 8.124472849929077, 2.177638425546013, 6.4968200204610245, 9.030946066498128, 4.000634483009414, 6.273191776403511, 7.654892492181611, -1.6179201379794077, 3.719294037954623, 8.727729068407793, 0.21289726763745753, 8.576290747749848, 11.676590295603456, -0.837818875178579, 6.090539513418812, 12.785636290021046, 1.042475928493212, 6.1779390189902275, 14.466602377546991, -3.4675892969756354, 5.733736946768051, 11.369795153191006, -4.55234772727955, 1.6904765719796526, 12.883297201618648, -4.860349990742606, 1.4954787801317542, 11.492458816404687, -1.8762121834622327, -0.5469475211476083, 15.728979093552722, -2.2448872154948827, 2.3601067677993512, 17.103856010977967, -3.0234173586923285, 1.1739428689134668, 17.99101177834387, 1.34701583740797, 4.038389504367613, 16.34151880805567, 1.2197556451894322, 1.4121445183980397, 14.789126994638941, 4.67789499520187, 1.9024627213774354, 12.362452263217639, 2.478691271944338, -2.433474090089718, 12.985481390690936, 0.7058773621549165, -2.5914220412379616, 12.5050954107212, 4.007732852213474, -2.923587974719384, 15.589997976348515, 2.747577789362131], "name": "C15H32", "identifiers": {"molecule_hash": "60547b44b77a7bb91c15373d871270d72e96ef27", "molecular_formula": "C15H32"}, "molecular_charge": 0.0, "molecular_multiplicity": 1, "connectivity": [[0, 1, 1.0], [0, 15, 1.0], [0, 16, 1.0], [0, 17, 1.0], [1, 2, 1.0], [1, 18, 1.0], [1, 19, 1.0], [2, 3, 1.0], [2, 20, 1.0], [2, 21, 1.0], [3, 4, 1.0], [3, 22, 1.0], [3, 23, 1.0], [4, 5, 1.0], [4, 24, 1.0], [4, 25, 1.0], [5, 6, 1.0], [5, 26, 1.0], [5, 27, 1.0], [6, 7, 1.0], [6, 28, 1.0], [6, 29, 1.0], [7, 8, 1.0], [7, 30, 1.0], [7, 31, 1.0], [8, 9, 1.0], [8, 32, 1.0], [8, 33, 1.0], [9, 10, 1.0], [9, 34, 1.0], [9, 35, 1.0], [10, 11, 1.0], [10, 36, 1.0], [10, 37, 1.0], [11, 12, 1.0], [11, 38, 1.0], [11, 39, 1.0], [12, 13, 1.0], [12, 40, 1.0], [12, 41, 1.0], [13, 14, 1.0], [13, 42, 1.0], [13, 43, 1.0], [14, 44, 1.0], [14, 45, 1.0], [14, 46, 1.0]], "fix_com": true, "fix_orientation": true, "provenance": {"creator": "QCElemental", "version": "v0.22.0", "routine": "qcelemental.molparse.from_schema"}, "id": "232489"}