{"schema_name": "qcschema_molecule", "schema_version": 2, "validated": true, "symbols": ["C", "C", "C", "C", "C", "C", "C", "C", "C", "C", "C", "C", "C", "C", "C", "H", "H", "H", "H", "H", "H", "H", "H", "H", "H", "H", "H", "H", "H", "H", "H", "H", "H", "H", "H", "H", "H", "H", "H", "H", "H", "H", "H", "H", "H", "H", "H"], "geometry": [9.861555516793436, 1.5258869370788521, 2.220446049250313e-16, 7.4089128690454125, 1.1876517172718008e-15, -6.262218667595335e-16, 7.0369276506795515, -1.507993460131574, -2.444067561953282, 4.615412569444957, -3.123143344791725, -2.5579721446454085, 2.326270017996323, -1.8868587907209973, -3.848702753101537, 1.187327561555818, 0.4662697009496064, -2.597442536954113, -0.0, 0.0, 0.0, -1.2322164915257297, 2.376708079037078, 1.1010510315365036, -2.608862059752781, 1.9799620716979713, 3.620082741244041, -0.8664948372824934, 1.3939522208880826, 5.861373189841868, -2.230995203905854, 1.1291911537938075, 8.423201631351514, -2.8841200413512027, -1.5766669379611304, 9.238160279583715, -4.754453850286957, -2.99333157781383, 7.547458651978895, -5.488750852667549, -5.579931012776676, 8.612302175657696, -7.335760654636644, -7.016409928055743, 6.919287163417588, 11.494901444896348, 0.30440982927479276, -0.23592328567740717, 9.882724782914725, 2.894687280017293, -1.5301762317120602, 10.099072135299846, 2.553557150078383, 1.7598863199963766, 5.827279436620347, 1.2686362910948352, 0.3094228732615526, 7.420259996282466, -1.3020934763247016, 1.591313315247991, 8.664093284824292, -2.744302215944713, -2.6647199639335937, 7.086204932426722, -0.22711371293367755, -4.053620507432561, 5.02946169469292, -4.835914511166464, -3.6133867875220376, 4.1154025591033205, -3.750782789256162, -0.6664480104499313, 0.8474848672088192, -3.3062594846834026, -4.022836110086502, 2.8676849827961304, -1.3985912992259781, -5.771714560679127, -0.2635160315463809, 1.2054778081533917, -3.8536450864433647, 2.605146193110548, 1.9459500624722894, -2.4541065649687965, -1.420240813920192, -1.4810092964190615, -0.16769370088867797, 1.4213966497766313, -0.709579979226613, 1.2964819360369209, 0.19616060828655812, 3.8407277189653852, 1.3310550114022446, -2.5815180734557344, 3.1083971759634803, -0.26736449911315385, -4.010774634904025, 0.4970632148062921, 3.3946522076516827, -3.6597070353945194, 3.691914126789676, 4.059598265014739, 0.5065342582467516, 2.917855646588826, 5.996477664393226, 0.22081505722240524, -0.31020534896136853, 5.497144081103893, -1.0346682855160092, 1.9292893540617326, 9.888515955133185, -3.9424067456375553, 2.2703827270072243, 8.413289246256111, -3.6549664318973214, -1.4975460601631845, 11.143526673293564, -1.144757962178479, -2.6678301644848252, 9.374727611632931, -3.9507045784701615, -3.2520007451389517, 5.674815333368263, -6.452235085630268, -1.857223579189644, 7.299183764056335, -6.321225993295024, -5.337047497712614, 10.476347327337088, -3.7925925288564875, -6.710366658167979, 8.882738723670549, -9.078110970573295, -5.961492069450829, 6.6614126438576715, -6.530571885804351, -7.351896240306306, 5.06071694019512, -7.82293720431324, -8.838661749594586, 7.726478122662281], "name": "C15H32", "identifiers": {"molecule_hash": "6e0a461dd4b932c23070675fcf4821cd67924a27", "molecular_formula": "C15H32"}, "molecular_charge": 0.0, "molecular_multiplicity": 1, "connectivity": [[0, 1, 1.0], [0, 15, 1.0], [0, 16, 1.0], [0, 17, 1.0], [1, 2, 1.0], [1, 18, 1.0], [1, 19, 1.0], [2, 3, 1.0], [2, 20, 1.0], [2, 21, 1.0], [3, 4, 1.0], [3, 22, 1.0], [3, 23, 1.0], [4, 5, 1.0], [4, 24, 1.0], [4, 25, 1.0], [5, 6, 1.0], [5, 26, 1.0], [5, 27, 1.0], [6, 7, 1.0], [6, 28, 1.0], [6, 29, 1.0], [7, 8, 1.0], [7, 30, 1.0], [7, 31, 1.0], [8, 9, 1.0], [8, 32, 1.0], [8, 33, 1.0], [9, 10, 1.0], [9, 34, 1.0], [9, 35, 1.0], [10, 11, 1.0], [10, 36, 1.0], [10, 37, 1.0], [11, 12, 1.0], [11, 38, 1.0], [11, 39, 1.0], [12, 13, 1.0], [12, 40, 1.0], [12, 41, 1.0], [13, 14, 1.0], [13, 42, 1.0], [13, 43, 1.0], [14, 44, 1.0], [14, 45, 1.0], [14, 46, 1.0]], "fix_com": true, "fix_orientation": true, "provenance": {"creator": "QCElemental", "version": "v0.22.0", "routine": "qcelemental.molparse.from_schema"}, "id": "216444"}