{"schema_name": "qcschema_molecule", "schema_version": 2, "validated": true, "symbols": ["C", "C", "C", "C", "C", "C", "C", "C", "C", "C", "C", "C", "C", "C", "C", "H", "H", "H", "H", "H", "H", "H", "H", "H", "H", "H", "H", "H", "H", "H", "H", "H", "H", "H", "H", "H", "H", "H", "H", "H", "H", "H", "H", "H", "H", "H", "H"], "geometry": [6.678620302381576, 2.817593307475405, 1.1102230246251565e-15, 6.0326237698326795, -9.847102482292423e-16, 3.4207344265734524e-15, 4.332363839978946, -0.839621127905266, 2.1930185106701754, 1.7046924956187728, 0.38668006477930394, 2.313567862313512, 0.0, -0.0, 0.0, -0.681429771089126, -2.7575985341860796, -0.5545402061352048, -2.553046199888187, -3.016905990992981, -2.7472758706208653, -3.4728618975745755, -5.72198486505855, -3.2525729046654446, -1.4542699178808585, -7.614226477696574, -4.138562748901382, -0.29913500498525636, -7.149854332557455, -6.77715821575897, -1.503303773201951, -8.657436958981046, -8.94813028978444, -4.259417778185253, -8.047923979284091, -9.616494180904873, -4.786471540732639, -5.3576732516317485, -10.561894982771724, -3.4741817698732436, -4.668598385516494, -13.047155373814501, -4.240957011778268, -2.0593692405312902, -14.021679471899326, 8.00979314531129, 3.2603282631415174, -1.49721366332057, 7.5338072170064265, 3.378925145537233, 1.7808084171076448, 5.018173857909003, 3.985573334334827, -0.2892194711234173, 7.779563698253734, -1.0772333440079336, 0.10134400412567135, 5.167819528728405, -0.5003089908214696, -1.7946274499166561, 5.302092383522399, -0.4370895495459096, 3.9617961491853437, 4.130435514849883, -2.882032037387353, 2.119599740121412, 0.7356537661863243, -0.3491166914533741, 3.9716862993927777, 1.9120329187327698, 2.403958843117607, 2.6394490531415626, 0.8730460103965682, 0.8315575211816216, -1.6647510586833094, -1.7357638456262061, 1.0580975243442956, 0.30953089942571554, 1.0245948093166182, -3.8181980265604585, -0.9700276494854567, -1.4944264786715888, -3.607314050743533, 1.1352191579027908, -4.2012562585642605, -1.8563473409230666, -2.3411613664513955, -1.7153302452161205, -2.222081760916762, -4.447502741445305, -4.9942397332852035, -5.642678449618869, -4.6266761395739895, -4.314429081138752, -6.449251007231995, -1.5222298667575946, -2.2759306875232146, -9.498403926976156, -4.098689163533127, 0.05556326483185314, -7.652081157396146, -2.7499510606551514, 1.6835268424243566, -7.683041034788338, -6.716903044788854, -0.3100894943246757, -5.146555909742601, -7.222362546187004, -1.3933046810565681, -10.65610263483755, -8.47620977884793, -0.3364190051759004, -8.419158680310954, -10.62148027879728, -5.454541158491519, -8.423397088461599, -7.989492203140671, -4.865261112812377, -9.37392455433385, -11.06765708482471, -4.268524924966564, -3.9839995487591593, -9.124547529288812, -6.81761829034728, -5.161564823280223, -10.819564868229305, -1.4358539874015175, -4.718755744383168, -12.806159585612182, -3.9228255236711043, -6.085641310226705, -14.468552179602723, -6.2620043236424525, -1.9615532047327857, -14.368617458558395, -3.2824653458032147, -1.6097669357065039, -15.77915574936631, -3.771765681611613, -0.5938442121781513, -12.662322135917384], "name": "C15H32", "identifiers": {"molecule_hash": "c2a1af28faf87f4e24beeba6ea81e5f6c714c8e7", "molecular_formula": "C15H32"}, "molecular_charge": 0.0, "molecular_multiplicity": 1, "connectivity": [[0, 1, 1.0], [0, 15, 1.0], [0, 16, 1.0], [0, 17, 1.0], [1, 2, 1.0], [1, 18, 1.0], [1, 19, 1.0], [2, 3, 1.0], [2, 20, 1.0], [2, 21, 1.0], [3, 4, 1.0], [3, 22, 1.0], [3, 23, 1.0], [4, 5, 1.0], [4, 24, 1.0], [4, 25, 1.0], [5, 6, 1.0], [5, 26, 1.0], [5, 27, 1.0], [6, 7, 1.0], [6, 28, 1.0], [6, 29, 1.0], [7, 8, 1.0], [7, 30, 1.0], [7, 31, 1.0], [8, 9, 1.0], [8, 32, 1.0], [8, 33, 1.0], [9, 10, 1.0], [9, 34, 1.0], [9, 35, 1.0], [10, 11, 1.0], [10, 36, 1.0], [10, 37, 1.0], [11, 12, 1.0], [11, 38, 1.0], [11, 39, 1.0], [12, 13, 1.0], [12, 40, 1.0], [12, 41, 1.0], [13, 14, 1.0], [13, 42, 1.0], [13, 43, 1.0], [14, 44, 1.0], [14, 45, 1.0], [14, 46, 1.0]], "fix_com": true, "fix_orientation": true, "provenance": {"creator": "QCElemental", "version": "v0.22.0", "routine": "qcelemental.molparse.from_schema"}, "id": "215468"}