{"schema_name": "qcschema_molecule", "schema_version": 2, "validated": true, "symbols": ["C", "C", "C", "C", "C", "C", "C", "C", "C", "C", "C", "C", "C", "C", "C", "H", "H", "H", "H", "H", "H", "H", "H", "H", "H", "H", "H", "H", "H", "H", "H", "H", "H", "H", "H", "H", "H", "H", "H", "H", "H", "H", "H", "H", "H", "H", "H"], "geometry": [0.0, 0.0, -0.0, 2.8968435357580673, -9.581300024548405e-18, -1.6625760099621245e-16, 4.01817257017954, 2.6687197456737324, 0.17156455117394892, 6.9129404179229095, 2.7706792878639215, 5.273559366969494e-16, 8.285772239537962, 1.4685704478546073, 2.2024321916948835, 11.15135929266962, 1.9330531244316738, 2.2430195008261515, 12.5725600292494, 0.8079091579863241, -0.018017064469389873, 15.404192078217267, 1.4203279936022264, 0.008675641404084722, 16.895524569825298, 0.3271739417795916, -2.23616180564785, 15.831158809407516, 0.987569459755183, -4.859835427570716, 15.472727262386586, 3.822860063079193, -5.335854787629443, 14.284638049120776, 4.385961914206483, -7.916793568691303, 13.782038846256349, 7.203123924485765, -8.417442441747102, 12.042005928286178, 8.51633206192212, -6.4917248251087365, 9.451865932218467, 7.252656093360878, -6.175733448828313, -0.7446041858358539, 0.8650707348219471, 1.729112532525995, -0.7595638535968074, -1.9221661706789563, -0.11951231898074571, -0.7467630956073817, 1.0750517564755673, -1.6059016879019068, 3.591235496225535, -0.9176195948976578, -1.727890865493463, 3.578737782473521, -1.1529209898113164, 1.580702158949998, 3.217339067880694, 3.824943526243018, -1.3550056368100958, 3.4028426138953916, 3.5538319454966483, 1.9472696395281874, 7.504759667628495, 1.9302741450481855, -1.8008991085023478, 7.509487025458759, 4.757916720705218, -0.0720054537868351, 7.471458238702974, 2.151899075358021, 3.985724620264506, 7.929686155461032, -0.5736745778565153, 2.150606514764303, 11.94330545545173, 1.1535264946392678, 3.995524843110518, 11.502924687090891, 3.9792702390326355, 2.3125036356736026, 11.736108807035103, 1.5228981626001097, -1.7697762785498146, 12.301666039834716, -1.2518049765405543, -0.05039858966496666, 15.64153695350336, 3.4798269591048485, 0.06309885682272326, 16.24077280382468, 0.712152808774158, 1.7705864070769075, 18.858272564215603, 0.9889319710791624, -2.109207130587185, 16.97093625361241, -1.7390982301826718, -2.0591565006274912, 14.010083570743689, 0.031548122026772485, -5.125590429171448, 17.092823010655003, 0.2041352069770952, -6.30883044147997, 17.299791278410517, 4.798830401202481, -5.177047424621605, 14.271638920388302, 4.616717798975271, -3.8499989590822294, 12.509352629648332, 3.326187243349698, -8.08350908736604, 15.52043100512535, 3.6526554765755397, -9.413562478000738, 12.949199006363795, 7.398022150245947, -10.30871803943325, 15.591959972916175, 8.217140465116993, -8.475829683699207, 12.982445194051278, 8.618045884439406, -4.647815224472991, 11.769951299415318, 10.481187412385978, -7.095283889774855, 8.483174365868678, 7.066743913065772, -7.9983687549806195, 9.613639902865552, 5.358742994512329, -5.358325101897602, 8.231564744012111, 8.36032713078762, -4.923198717725275], "name": "C15H32", "identifiers": {"molecule_hash": "9d3b7404f076d125bc9fce96b30510beecb7e336", "molecular_formula": "C15H32"}, "molecular_charge": 0.0, "molecular_multiplicity": 1, "connectivity": [[0, 1, 1.0], [0, 15, 1.0], [0, 16, 1.0], [0, 17, 1.0], [1, 2, 1.0], [1, 18, 1.0], [1, 19, 1.0], [2, 3, 1.0], [2, 20, 1.0], [2, 21, 1.0], [3, 4, 1.0], [3, 22, 1.0], [3, 23, 1.0], [4, 5, 1.0], [4, 24, 1.0], [4, 25, 1.0], [5, 6, 1.0], [5, 26, 1.0], [5, 27, 1.0], [6, 7, 1.0], [6, 28, 1.0], [6, 29, 1.0], [7, 8, 1.0], [7, 30, 1.0], [7, 31, 1.0], [8, 9, 1.0], [8, 32, 1.0], [8, 33, 1.0], [9, 10, 1.0], [9, 34, 1.0], [9, 35, 1.0], [10, 11, 1.0], [10, 36, 1.0], [10, 37, 1.0], [11, 12, 1.0], [11, 38, 1.0], [11, 39, 1.0], [12, 13, 1.0], [12, 40, 1.0], [12, 41, 1.0], [13, 14, 1.0], [13, 42, 1.0], [13, 43, 1.0], [14, 44, 1.0], [14, 45, 1.0], [14, 46, 1.0]], "fix_com": true, "fix_orientation": true, "provenance": {"creator": "QCElemental", "version": "v0.22.0", "routine": "qcelemental.molparse.from_schema"}, "id": "219115"}