{"schema_name": "qcschema_molecule", "schema_version": 2, "validated": true, "symbols": ["C", "C", "C", "C", "C", "C", "C", "C", "C", "C", "C", "C", "C", "C", "C", "H", "H", "H", "H", "H", "H", "H", "H", "H", "H", "H", "H", "H", "H", "H", "H", "H", "H", "H", "H", "H", "H", "H", "H", "H", "H", "H", "H", "H", "H", "H", "H"], "geometry": [8.71228469407018, 2.872258195705264, -6.661338147750939e-16, 8.606686125865984, -1.0612029819900127e-15, -4.1786820063610485e-15, 7.002923042740991, -1.1190875550047577, -2.1231154949691975, 4.258758276453523, -0.2308920195313625, -2.199819990672501, 2.7792620909122894, -0.7160134478812137, 0.2196058193385107, 0.0, 0.0, 0.0, -1.4974139544058032, -0.2502373583816222, 2.4496014144725775, -1.743235984218024, -2.952263502034948, 3.417177582273661, -3.4454036729465236, -3.234425791694026, 5.725512677736745, -2.454783937464945, -1.9554023273869463, 8.106168600215286, -4.1160348855351465, -2.4263884236510047, 10.407601933010337, -3.2842215002975363, -1.030667850616119, 12.791022168868286, -0.6014240370567685, -1.618602630127616, 13.688699248599884, -0.03265060373218809, -4.416869857650068, 14.10151488458721, -1.7653853959465042, -5.69523728902154, 16.005560647062698, 6.846097581777146, 3.7078313145276924, 0.35287800388965307, 9.38360123768459, 3.6012822253707513, -1.8246438617668077, 9.992614246880574, 3.5797550119892088, 1.468195120814962, 7.8957157741829604, -0.6628272543090847, 1.8372783987326589, 10.532683455416745, -0.7600318699937865, -0.16172971852444112, 7.03804624738468, -3.1918006033116297, -1.9606893131021836, 7.895600782441472, -0.6728661579801589, -3.9473526708217226, 3.299204145509151, -1.1812083144337375, -3.7802316725246174, 4.185097551343339, 1.7997814908534084, -2.6447561140735374, 2.9615621257434355, -2.7226236691739336, 0.7358444031878246, 3.62435324050956, 0.3578871630010824, 1.7897439143053475, -0.12758878731285106, 1.964482646010382, -0.6683808213073316, -0.893755994562486, -1.1629580916070554, -1.4774358367299798, -0.6107313649763064, 0.9437528276311307, 3.9030614211482786, -3.405002912432715, 0.5251347021582655, 2.1577168055642217, 0.1372916243229345, -3.7145074543190137, 3.872124075266512, -2.4860618534920844, -4.140763081306209, 1.8806360242105162, -3.711116294439142, -5.257772816616791, 6.122644712713094, -5.337887072074549, -2.488373871689849, 5.282463914002239, -2.289626773589403, 0.09520779905737653, 7.79988282425628, -0.5234996419576063, -2.6363745628455537, 8.477932207123777, -4.197131934188407, -4.472662766304371, 10.780054787094645, -6.066367560060003, -1.8660651547105465, 9.956145822123645, -4.631506553644751, -1.4546944656221523, 14.314323438607374, -3.433572574366508, 1.0171521509193449, 12.464905981261657, 0.7681214909878231, -0.8532236001765172, 12.326567134188293, -0.26326304934229094, -0.5906213159373976, 15.464301400720508, 1.9378663997887804, -4.603950343279368, 14.730536752424353, -0.13863639028629304, -5.42518152622544, 12.285300608325166, -3.7355305436929256, -5.718889692114489, 15.355686791133273, -1.2009308376312342, -7.661271436920483, 16.339653856751546, -1.7266985372538972, -4.710910509033762, 17.833501963343206], "name": "C15H32", "identifiers": {"molecule_hash": "a105dd5e88b6a435cf6b5138a04f08e8871ba2f5", "molecular_formula": "C15H32"}, "molecular_charge": 0.0, "molecular_multiplicity": 1, "connectivity": [[0, 1, 1.0], [0, 15, 1.0], [0, 16, 1.0], [0, 17, 1.0], [1, 2, 1.0], [1, 18, 1.0], [1, 19, 1.0], [2, 3, 1.0], [2, 20, 1.0], [2, 21, 1.0], [3, 4, 1.0], [3, 22, 1.0], [3, 23, 1.0], [4, 5, 1.0], [4, 24, 1.0], [4, 25, 1.0], [5, 6, 1.0], [5, 26, 1.0], [5, 27, 1.0], [6, 7, 1.0], [6, 28, 1.0], [6, 29, 1.0], [7, 8, 1.0], [7, 30, 1.0], [7, 31, 1.0], [8, 9, 1.0], [8, 32, 1.0], [8, 33, 1.0], [9, 10, 1.0], [9, 34, 1.0], [9, 35, 1.0], [10, 11, 1.0], [10, 36, 1.0], [10, 37, 1.0], [11, 12, 1.0], [11, 38, 1.0], [11, 39, 1.0], [12, 13, 1.0], [12, 40, 1.0], [12, 41, 1.0], [13, 14, 1.0], [13, 42, 1.0], [13, 43, 1.0], [14, 44, 1.0], [14, 45, 1.0], [14, 46, 1.0]], "fix_com": true, "fix_orientation": true, "provenance": {"creator": "QCElemental", "version": "v0.22.0", "routine": "qcelemental.molparse.from_schema"}, "id": "219959"}