{"schema_name": "qcschema_molecule", "schema_version": 2, "validated": true, "symbols": ["C", "C", "C", "C", "C", "C", "C", "C", "C", "C", "C", "C", "C", "C", "C", "H", "H", "H", "H", "H", "H", "H", "H", "H", "H", "H", "H", "H", "H", "H", "H", "H", "H", "H", "H", "H", "H", "H", "H", "H", "H", "H", "H", "H", "H", "H", "H"], "geometry": [9.625993053091811, 2.872282083456325, -1.6653345369377348e-16, 9.949911367992742, 3.3035513692343572e-15, -2.418644783091619e-15, 8.467830207771089, -1.3732984667732877, 2.0793835993516487, 5.579883566049218, -1.1277770805309957, 1.9741133138802334, 4.37827618524935, -2.2264191914570706, -0.42111718135242837, 1.4903750964744606, -2.4695422721943827, -0.3038592113443368, -0.0, 0.0, 0.0, 0.31302738200373537, 1.8599368330122894, -2.1972406266375173, -1.5439304110136851, 4.0878173976213406, -2.147936344822828, -1.3628611842607792, 5.87636181641761, 0.12875294128701031, 1.1510772966423413, 7.306257936311022, 0.32081956736217654, 1.2546106414703744, 9.33734426453818, 2.4077939959299686, 2.357393392034859, 8.503277625265197, 4.957290643781648, 0.8599644868038883, 6.49293757848345, 6.39976343760722, 1.9532761552185796, 5.974702815844958, 9.023416443463095, 10.84426437309207, 3.743526645334638, -1.402205977506964, 10.110082187641233, 3.6708541448477487, 1.8291794265216512, 7.699840047593045, 3.427693301557535, -0.4323731041925386, 11.942418781459423, -0.4377084757010776, 0.24633824635867382, 9.434047123967137, -0.7454882764858881, -1.8424560349390848, 9.114375609022138, -0.6833151261235849, 3.9061130091882488, 8.957638409060767, -3.369725268809211, 2.01840585957792, 4.803765970422707, -2.105450084243915, 3.609084599815496, 5.044364212801657, 0.8418782792143723, 2.192200304548153, 5.156076803854136, -4.103053945021546, -0.7452777393225725, 4.913423848285179, -1.106542997168044, -2.0558264223052785, 1.0034029242363423, -3.7189725113987886, 1.2555003049061968, 0.8470489982668221, -3.415121505354229, -2.0131678551734713, -1.9921623259700085, -0.4825493661743531, 0.17336800885812037, 0.5145552076766413, 0.9044655614413657, 1.7689668830426737, 0.030741031617163905, 0.843433172021824, -3.963279695726283, 2.2400941683666153, 2.5636324510006823, -2.2575743189078707, -1.284602056155817, 5.188780111985455, -3.8658957497135997, -3.458414614811942, 3.3414142661200996, -2.23517807187776, -2.875850315694642, 7.258673886708133, -0.039705685556173154, -1.7392935261173879, 4.845031588846694, 1.8600393136675553, 1.4900280174809608, 8.213951177719041, -1.4923579271833343, 2.704992994449354, 5.988087861034217, 0.5861668812297023, -0.625200750454552, 10.119670128609869, 2.7006890036122044, 2.4100041290070875, 10.89686888786683, 1.735615019849476, 2.5215971815338825, 10.170700858017144, 6.150769920707283, 4.278443997149163, 7.825552357049888, 4.664046410694925, 0.8306200897654537, 4.739442474252405, 5.3342162932636965, -1.0972738058292695, 7.095615467237001, 6.583562334417998, 0.8767971112759487, 4.53110184213725, 10.0066509454898, 3.8980325710300514, 5.327803231824225, 8.900174460379313, 1.9333259619893992, 7.668656324319658, 10.183013314858563], "name": "C15H32", "identifiers": {"molecule_hash": "832bc54f09e0de8cd10f8f833a5f952ae5d4079b", "molecular_formula": "C15H32"}, "molecular_charge": 0.0, "molecular_multiplicity": 1, "connectivity": [[0, 1, 1.0], [0, 15, 1.0], [0, 16, 1.0], [0, 17, 1.0], [1, 2, 1.0], [1, 18, 1.0], [1, 19, 1.0], [2, 3, 1.0], [2, 20, 1.0], [2, 21, 1.0], [3, 4, 1.0], [3, 22, 1.0], [3, 23, 1.0], [4, 5, 1.0], [4, 24, 1.0], [4, 25, 1.0], [5, 6, 1.0], [5, 26, 1.0], [5, 27, 1.0], [6, 7, 1.0], [6, 28, 1.0], [6, 29, 1.0], [7, 8, 1.0], [7, 30, 1.0], [7, 31, 1.0], [8, 9, 1.0], [8, 32, 1.0], [8, 33, 1.0], [9, 10, 1.0], [9, 34, 1.0], [9, 35, 1.0], [10, 11, 1.0], [10, 36, 1.0], [10, 37, 1.0], [11, 12, 1.0], [11, 38, 1.0], [11, 39, 1.0], [12, 13, 1.0], [12, 40, 1.0], [12, 41, 1.0], [13, 14, 1.0], [13, 42, 1.0], [13, 43, 1.0], [14, 44, 1.0], [14, 45, 1.0], [14, 46, 1.0]], "fix_com": true, "fix_orientation": true, "provenance": {"creator": "QCElemental", "version": "v0.22.0", "routine": "qcelemental.molparse.from_schema"}, "id": "217597"}