{"schema_name": "qcschema_molecule", "schema_version": 2, "validated": true, "symbols": ["C", "C", "C", "C", "C", "C", "C", "C", "C", "C", "C", "C", "C", "C", "C", "H", "H", "H", "H", "H", "H", "H", "H", "H", "H", "H", "H", "H", "H", "H", "H", "H", "H", "H", "H", "H", "H", "H", "H", "H", "H", "H", "H", "H", "H", "H", "H"], "geometry": [8.594064281118717, 2.446035204108789, 1.609823385706477e-15, 7.038865232988162, 2.6812001710886304e-16, -1.3785006055414237e-15, 5.440263894607126, -0.38673776545172095, -2.394915568211838, 3.4951805709200885, 1.7074826827208538, -2.9367339632761955, 1.6453941346657037, 2.262184098073588, -0.7682033218830845, 0.0, -0.0, 0.0, -1.9577098297705562, 0.6154198841567686, 2.0532940096344414, -0.8080189074929478, 1.2006658373390833, 4.648810009138354, -2.8033826374535242, 1.8607720397585163, 6.643429128381704, -1.7078125609453787, 2.522088344633654, 9.255588251950348, -0.05600588557298991, 4.917977112093082, 9.426820176404412, -1.4733909971379715, 7.437900796969413, 9.755011650441482, -3.149563301949241, 8.33065936665175, 7.552341416419437, -1.824099351242395, 8.558693599155426, 4.977224945787033, 0.4502761432333813, 10.35539137043046, 4.972810651962893, 9.821674478795284, 2.547289119680744, -1.6665194605593745, 9.799502434949952, 2.563548413429112, 1.6787327212394798, 7.384311656584956, 4.124710349758257, -0.014426163527755387, 8.3202231865118, -1.6178555009425315, 0.19983004006193392, 5.815807633391563, -0.03661043350074383, 1.6735817074790664, 6.709528596387818, -0.5387892663708513, -4.030122140254262, 4.4689756998444095, -2.212510110463019, -2.25867118737032, 4.4902090827316234, 3.459146080308594, -3.424853113380711, 2.4159058691308983, 1.1774766203258653, -4.628231396704616, 0.4014848673392154, 3.8223930291119763, -1.3402840638143623, 2.700676579817539, 2.955885639794243, 0.8730097452284871, 1.2001452611362504, -1.5570550218039407, 0.660629147353385, -0.9828258097763941, -0.7065263298339407, -1.6862946954571265, -3.2681087427746958, -0.9819549520388724, 2.246523177634496, -3.1073105080740384, 2.2322397961604983, 1.4378362555705773, 0.29780331486971967, -0.4352134613714044, 5.29503846215739, 0.5376622443645944, 2.761865756571003, 4.467731071754315, -4.0809656261843985, 0.2397047964149842, 6.863039576330103, -3.9773203954541936, 3.4112171271468728, 5.937511260320879, -3.2644998268162873, 2.692773150279839, 10.618085164734072, -0.5774334826588046, 0.9013365512636344, 9.890140942753211, 1.1896027316142286, 4.712789963627028, 11.071559082499693, 1.2128736076109257, 5.027875645936482, 7.793510071095566, -0.0702345843016845, 8.909726542098966, 10.16018392622775, -2.655069026669837, 7.309728468758591, 11.456614567854416, -3.928847589149791, 10.187080820538252, 8.059688461059, -4.782613681555949, 7.0714515969791965, 7.360999138623095, -3.2124689539030373, 9.219712098365758, 3.5858812616233187, -1.2171625605505922, 6.690406326911841, 4.32423551783708, 1.972439302377377, 9.668007692449892, 6.194230500261998, 1.2296926108253414, 10.563154456182662, 3.0664092405507613, -0.08600289040886189, 12.241001218943975, 5.644626314209461], "name": "C15H32", "identifiers": {"molecule_hash": "4e10a6362f41d0461fed21f281326cafa09c6c70", "molecular_formula": "C15H32"}, "molecular_charge": 0.0, "molecular_multiplicity": 1, "connectivity": [[0, 1, 1.0], [0, 15, 1.0], [0, 16, 1.0], [0, 17, 1.0], [1, 2, 1.0], [1, 18, 1.0], [1, 19, 1.0], [2, 3, 1.0], [2, 20, 1.0], [2, 21, 1.0], [3, 4, 1.0], [3, 22, 1.0], [3, 23, 1.0], [4, 5, 1.0], [4, 24, 1.0], [4, 25, 1.0], [5, 6, 1.0], [5, 26, 1.0], [5, 27, 1.0], [6, 7, 1.0], [6, 28, 1.0], [6, 29, 1.0], [7, 8, 1.0], [7, 30, 1.0], [7, 31, 1.0], [8, 9, 1.0], [8, 32, 1.0], [8, 33, 1.0], [9, 10, 1.0], [9, 34, 1.0], [9, 35, 1.0], [10, 11, 1.0], [10, 36, 1.0], [10, 37, 1.0], [11, 12, 1.0], [11, 38, 1.0], [11, 39, 1.0], [12, 13, 1.0], [12, 40, 1.0], [12, 41, 1.0], [13, 14, 1.0], [13, 42, 1.0], [13, 43, 1.0], [14, 44, 1.0], [14, 45, 1.0], [14, 46, 1.0]], "fix_com": true, "fix_orientation": true, "provenance": {"creator": "QCElemental", "version": "v0.22.0", "routine": "qcelemental.molparse.from_schema"}, "id": "227982"}