{"schema_name": "qcschema_molecule", "schema_version": 2, "validated": true, "symbols": ["C", "C", "C", "C", "C", "C", "C", "C", "C", "C", "C", "C", "C", "C", "C", "H", "H", "H", "H", "H", "H", "H", "H", "H", "H", "H", "H", "H", "H", "H", "H", "H", "H", "H", "H", "H", "H", "H", "H", "H", "H", "H", "H", "H", "H", "H", "H"], "geometry": [4.00510761817417, 2.666350576505604, 1.0408340855860843e-15, 2.8935247301449207, -6.654162373974219e-16, -6.353721827162804e-17, 0.0, 0.0, -0.0, -1.217047891646099, -2.62286125784993, 0.18757301519713288, -0.7394285662047748, -4.330698109856025, -2.1028796957291416, -2.2792802236334833, -6.7856193160899085, -2.110664798446408, -1.6113014315451777, -8.644329116663878, 0.00508295631848571, -3.080783571239924, -11.129162646792082, -0.1957191228114562, -2.326396828655857, -13.145113937442494, 1.7476567875659197, -2.7305196168036945, -12.468268961215346, 4.538400581063174, -5.48392973062823, -11.970935284765998, 5.277180533943688, -5.806378414033596, -11.51605903740213, 8.116899641233092, -8.554161491531723, -11.21479392169772, 8.992276732783148, -10.012266236247774, -8.959388058526747, 7.899276539291004, -8.889014974487473, -6.378487926286775, 8.557169638001975, 3.40202515828209, 3.719531840762152, -1.6560819017734083, 6.056265303034771, 2.617976861415907, -0.0043852446847830115, 3.407803492821488, 3.719169236970112, 1.6581985331465032, 3.5711489800919685, -1.02045533557194, 1.6522177207691642, 3.5979091695460097, -1.0183460518230643, -1.6373783978462, -0.6541272705309544, 1.1357346422325059, 1.5849451898239515, -0.6780303722751525, 0.9448645210721842, -1.6978322124026943, -0.5552519520155572, -3.54123390488812, 1.9023910330015823, -3.2474417754115152, -2.3808429227795864, 0.41271487577326793, -1.1918181446524798, -3.276821783312328, -3.8106725819043157, 1.2574575440984876, -4.797779109013544, -2.229572730985542, -1.9993841187942465, -7.721326316658249, -3.9201598670195423, -4.283372640198099, -6.329472358807319, -2.0076769204778473, -1.9718981876707964, -7.773823376653344, 1.827470256563384, 0.40759142082520233, -9.043255337244185, -0.057107010515965104, -5.094315995103979, -10.741227804960381, -0.06313050269770086, -2.7851935657351095, -11.919226980444073, -2.0710850607925515, -3.3718241441429644, -14.867580141061241, 1.3349840347804451, -0.3410544129923153, -13.606801831911316, 1.4730847297187262, -1.5861801869819598, -10.836992177625222, 5.040402865007342, -2.0149221400042676, -14.0251805366548, 5.675187733641469, -6.639419037059338, -13.578340035221656, 4.711708697007765, -6.196986787893724, -10.354141379976022, 4.233953148031364, -4.70773902810268, -9.870193048702586, 8.671436580568402, -4.988873614395127, -13.10407471117662, 9.135626460500752, -8.569549365184525, -11.068066320715738, 11.043883072269008, -9.581015218459665, -12.93767549794955, 8.537202594433305, -10.163019672124598, -9.138145881234513, 5.859280948539984, -11.937046008169233, -9.042368471485771, 8.613963216934243, -8.694897373719156, -6.153038076853835, 10.589208119759965, -7.035318110351393, -6.11268341449342, 7.7212165132847845, -10.093220886713052, -4.864080615579368, 7.874439801729341], "name": "C15H32", "identifiers": {"molecule_hash": "6da82134e411990929cb4e91e62c2436b7c1bdc7", "molecular_formula": "C15H32"}, "molecular_charge": 0.0, "molecular_multiplicity": 1, "connectivity": [[0, 1, 1.0], [0, 15, 1.0], [0, 16, 1.0], [0, 17, 1.0], [1, 2, 1.0], [1, 18, 1.0], [1, 19, 1.0], [2, 3, 1.0], [2, 20, 1.0], [2, 21, 1.0], [3, 4, 1.0], [3, 22, 1.0], [3, 23, 1.0], [4, 5, 1.0], [4, 24, 1.0], [4, 25, 1.0], [5, 6, 1.0], [5, 26, 1.0], [5, 27, 1.0], [6, 7, 1.0], [6, 28, 1.0], [6, 29, 1.0], [7, 8, 1.0], [7, 30, 1.0], [7, 31, 1.0], [8, 9, 1.0], [8, 32, 1.0], [8, 33, 1.0], [9, 10, 1.0], [9, 34, 1.0], [9, 35, 1.0], [10, 11, 1.0], [10, 36, 1.0], [10, 37, 1.0], [11, 12, 1.0], [11, 38, 1.0], [11, 39, 1.0], [12, 13, 1.0], [12, 40, 1.0], [12, 41, 1.0], [13, 14, 1.0], [13, 42, 1.0], [13, 43, 1.0], [14, 44, 1.0], [14, 45, 1.0], [14, 46, 1.0]], "fix_com": true, "fix_orientation": true, "provenance": {"creator": "QCElemental", "version": "v0.22.0", "routine": "qcelemental.molparse.from_schema"}, "id": "215007"}