{"schema_name": "qcschema_molecule", "schema_version": 2, "validated": true, "symbols": ["C", "C", "C", "C", "C", "C", "C", "C", "C", "C", "C", "C", "C", "C", "C", "H", "H", "H", "H", "H", "H", "H", "H", "H", "H", "H", "H", "H", "H", "H", "H", "H", "H", "H", "H", "H", "H", "H", "H", "H", "H", "H", "H", "H", "H", "H", "H"], "geometry": [15.46608214634348, 0.3268692419469433, 1.97758476261356e-16, 12.587739051899678, -4.922810023112057e-15, 6.464091308947331e-16, 11.172330074543824, 2.526141297498753, -0.15526059222073801, 8.284663128889344, 2.29977152732171, 0.016923535725066427, 7.066003296841639, 0.864464022450647, -2.193420957990219, 4.166279544163993, 1.0028756638410603, -2.2311704118032205, 2.88266828722841, -0.28914730812587125, 0.022951503591937098, -0.0, -0.0, 0.0, -1.3569158439802242, -1.2680530485217731, 2.238118496353305, -0.37205451967362635, -0.5077114530096065, 4.8657769247843845, -0.33550185166252433, 2.346974368416006, 5.359105591862227, 0.7832413800436855, 3.0248653213726784, 7.943435698954137, 0.9651034906521576, 5.87765653577347, 8.461282688648472, 2.544521762982032, 7.390479920695498, 6.543622178040881, 5.260488187829854, 6.429077442098908, 6.219918060241784, 16.107129653267457, 1.2809117692109404, -1.7237963539775785, 16.437763643183548, -1.4980044708199685, 0.10776934133851902, 16.087880263226676, 1.4695510316414442, 1.6124382346650061, 12.00251156310049, -1.0005816361021076, 1.7222537369989315, 12.039199188374072, -1.2128856484041977, -1.5877148074445786, 11.838639621974597, 3.756057784437025, 1.3783434277791542, 11.68263547489444, 3.4857928670225946, -1.925526217957897, 7.792691163193801, 1.3870406262737827, 1.8126557859894732, 7.46774751265538, 4.2065316592917625, 0.1010658550767183, 7.796784814429389, 1.6461231139528316, -3.9725062929698125, 7.650286156149928, -1.124835608763271, -2.1540704475097145, 3.4661405229864917, 0.14961763348735696, -3.9884044743849785, 3.586028145428125, 2.996739211494856, -2.2881547889469473, 3.634309679887343, 0.5050127738820545, 1.779045250794794, 3.3842608363130093, -2.3052989161668593, 0.04275152231289872, -0.46824860647864935, 2.019857149269758, -0.041842612037189864, -0.7525458977677925, -0.7873429065725703, -1.7662034900544745, -3.3818853821155246, -0.8312323619724564, 2.1152082617424908, -1.1988216578692696, -3.3285257731864495, 2.048495533837045, 1.545445683980489, -1.2537389320025674, 5.125687512325891, -1.5362643342097395, -1.4372834852925567, 6.309959627909036, -2.2611298064328564, 3.1114982506802358, 5.206262497984481, 0.7673174353312306, 3.280291674250804, 3.878126429207391, 2.666882866565797, 2.1711833660060473, 8.103674917256722, -0.3608856213270477, 2.1477293116725344, 9.435697591075824, 1.7719367701345912, 6.153802763577523, 10.353713459828496, -0.9476342772730322, 6.6805991076397175, 8.525862537389692, 1.5973408817519403, 7.396617362264451, 4.700368250975017, 2.5935519555925453, 9.369785079064888, 7.1591714808120335, 6.245226734102645, 6.3425979305829285, 8.041383799229127, 5.312882252510251, 4.534001687353761, 5.3909567855344465, 6.347149541941486, 7.674949955834535, 4.974172439856309], "name": "C15H32", "identifiers": {"molecule_hash": "9d3b7404f076d125bc9fce96b30510beecb7e336", "molecular_formula": "C15H32"}, "molecular_charge": 0.0, "molecular_multiplicity": 1, "connectivity": [[0, 1, 1.0], [0, 15, 1.0], [0, 16, 1.0], [0, 17, 1.0], [1, 2, 1.0], [1, 18, 1.0], [1, 19, 1.0], [2, 3, 1.0], [2, 20, 1.0], [2, 21, 1.0], [3, 4, 1.0], [3, 22, 1.0], [3, 23, 1.0], [4, 5, 1.0], [4, 24, 1.0], [4, 25, 1.0], [5, 6, 1.0], [5, 26, 1.0], [5, 27, 1.0], [6, 7, 1.0], [6, 28, 1.0], [6, 29, 1.0], [7, 8, 1.0], [7, 30, 1.0], [7, 31, 1.0], [8, 9, 1.0], [8, 32, 1.0], [8, 33, 1.0], [9, 10, 1.0], [9, 34, 1.0], [9, 35, 1.0], [10, 11, 1.0], [10, 36, 1.0], [10, 37, 1.0], [11, 12, 1.0], [11, 38, 1.0], [11, 39, 1.0], [12, 13, 1.0], [12, 40, 1.0], [12, 41, 1.0], [13, 14, 1.0], [13, 42, 1.0], [13, 43, 1.0], [14, 44, 1.0], [14, 45, 1.0], [14, 46, 1.0]], "fix_com": true, "fix_orientation": true, "provenance": {"creator": "QCElemental", "version": "v0.22.0", "routine": "qcelemental.molparse.from_schema"}, "id": "219115"}