{"schema_name": "qcschema_molecule", "schema_version": 2, "validated": true, "symbols": ["C", "C", "C", "C", "C", "C", "C", "C", "C", "C", "C", "C", "C", "C", "C", "H", "H", "H", "H", "H", "H", "H", "H", "H", "H", "H", "H", "H", "H", "H", "H", "H", "H", "H", "H", "H", "H", "H", "H", "H", "H", "H", "H", "H", "H", "H", "H"], "geometry": [0.0, 0.0, 0.0, 2.8965441952262294, -4.459372242985789e-16, 2.1830947040026705e-16, 4.013114241046756, 2.0311398121001973, 1.7490151802368756, 6.923908589042679, 2.084050325981139, 1.9121560419994679, 8.259460030354287, 3.8246012583422533, -1.0366707492437399e-14, 7.839246694531308, 3.236578263871337, -2.811587571129923, 8.774422678664198, 0.6239084804386761, -3.6391906475645075, 8.334703617581956, 0.09629978342038151, -6.456113865605059, 9.094395890177788, -2.5842486107845977, -7.271453825279744, 7.2459941179339085, -4.644482722219746, -6.384571325061087, 8.175057475996805, -7.370386887323499, -6.846306141005496, 9.49581529320861, -8.604915139378628, -4.570148043485967, 11.859537754313234, -7.236121124444343, -3.6027130452893292, 13.164136760480455, -8.628770602310668, -1.4221442243965465, 15.498754560086761, -7.233338715648023, -0.4253994386098101, -0.7485830059342198, -0.3242413697016464, 1.9045245932517691, -0.7445262774640375, 1.8169585993440212, -0.6610541159890688, -0.7571191593512141, -1.4778568533755065, -1.2363395330005515, 3.5749264503587135, 0.2584171474968538, -1.9367149595993232, 3.5874015607709184, -1.8605647908371912, 0.6068528763017473, 3.239638800257267, 1.7157160012727728, 3.648154302305837, 3.3204639098455004, 3.8999409311143345, 1.1639982315137087, 7.4712547525981625, 2.7290658010727546, 3.804516072580024, 7.656945425918815, 0.15077492774107787, 1.7511810502778795, 10.29805441864336, 3.7791294660825985, 0.39047835825486155, 7.65076043517742, 5.775497427952413, 0.36252020498702103, 8.810850111347364, 4.684602338688318, -3.937291506122646, 5.827169569219407, 3.427402660836537, -3.2747674855185043, 10.803190153057962, 0.4588112359515793, -3.2243528911247368, 7.841897074972506, -0.8361018276396195, -2.5089390811027292, 6.3316351700312525, 0.40932171156999586, -6.909773419123268, 9.398890812930489, 1.4857855474162118, -7.570177472425709, 11.002959857244672, -2.9881436632788936, -6.575706639216304, 9.213420964490975, -2.670011316418584, -9.34091788176578, 5.445110843981675, -4.344805191151371, -7.3682495453061, 6.826489790268748, -4.408437046017608, -4.3676596652723285, 6.564663192454423, -8.567670952994185, -7.3645291439062435, 9.451111203327283, -7.394787086006558, -8.483809454007453, 10.010432033386897, -10.551241762925544, -5.076457627510101, 8.130156406741033, -8.761215419912089, -3.012939144426565, 11.358147325009408, -5.326722004454564, -2.969412522718031, 13.20768690323838, -6.992568911131899, -5.1637469328435035, 13.706951468519257, -10.530619603963636, -2.0500259815436785, 11.806306082100432, -8.898509013771038, 0.12397319720878841, 16.913555477947753, -6.985473106518288, -1.9184269601077284, 14.997264504843164, -5.3496657724813925, 0.27666266916303134, 16.39633870751864, -8.266442043857685, 1.127941811245113], "name": "C15H32", "identifiers": {"molecule_hash": "74392a4f1bfc3172d2e8e71f160084608028bf8e", "molecular_formula": "C15H32"}, "molecular_charge": 0.0, "molecular_multiplicity": 1, "connectivity": [[0, 1, 1.0], [0, 15, 1.0], [0, 16, 1.0], [0, 17, 1.0], [1, 2, 1.0], [1, 18, 1.0], [1, 19, 1.0], [2, 3, 1.0], [2, 20, 1.0], [2, 21, 1.0], [3, 4, 1.0], [3, 22, 1.0], [3, 23, 1.0], [4, 5, 1.0], [4, 24, 1.0], [4, 25, 1.0], [5, 6, 1.0], [5, 26, 1.0], [5, 27, 1.0], [6, 7, 1.0], [6, 28, 1.0], [6, 29, 1.0], [7, 8, 1.0], [7, 30, 1.0], [7, 31, 1.0], [8, 9, 1.0], [8, 32, 1.0], [8, 33, 1.0], [9, 10, 1.0], [9, 34, 1.0], [9, 35, 1.0], [10, 11, 1.0], [10, 36, 1.0], [10, 37, 1.0], [11, 12, 1.0], [11, 38, 1.0], [11, 39, 1.0], [12, 13, 1.0], [12, 40, 1.0], [12, 41, 1.0], [13, 14, 1.0], [13, 42, 1.0], [13, 43, 1.0], [14, 44, 1.0], [14, 45, 1.0], [14, 46, 1.0]], "fix_com": true, "fix_orientation": true, "provenance": {"creator": "QCElemental", "version": "v0.22.0", "routine": "qcelemental.molparse.from_schema"}, "id": "224742"}