{"schema_name": "qcschema_molecule", "schema_version": 2, "validated": true, "symbols": ["C", "C", "C", "C", "C", "C", "C", "C", "C", "C", "C", "C", "C", "C", "C", "H", "H", "H", "H", "H", "H", "H", "H", "H", "H", "H", "H", "H", "H", "H", "H", "H", "H", "H", "H", "H", "H", "H", "H", "H", "H", "H", "H", "H", "H", "H", "H"], "geometry": [0.0, 0.0, -0.0, 2.8779278877767407, -3.5089601351003046e-16, -3.7255665359705037e-16, 4.078011113403914, 1.9319685057320148, -1.7980133652558874, 4.835683709900344, 4.4469330081597676, -0.5996993261028754, 2.689598806016292, 5.911671879606866, 0.6456144171786922, 3.4259417879858862, 8.473225384703063, 1.7764781073676819, 3.263479142985167, 10.746115436318714, 8.881784197001252e-16, 5.1281895006634866, 10.839258573370397, -2.2031756330471843, 7.915518052021801, 10.734483073973674, -1.4638857521596558, 8.725206411883544, 12.804365823187952, 0.3671880885447427, 11.58086512803323, 12.987396221378747, 0.7444099004326246, 12.859238859699397, 10.560255651670003, 1.640833021483311, 11.833742365610682, 9.541031511637954, 4.13067524673552, 13.286165701371067, 7.280262004962986, 5.17486462635024, 13.138601798413879, 4.927431950280817, 3.5285152890394245, -0.7570478714132267, -1.4004757927591456, 1.3285823423819347, -0.7327467821035607, -0.4675861705344204, -1.8847965057660843, -0.7819869101611163, 1.846972842112804, 0.5206270498616645, 3.585752360911632, 0.3267173272592634, 1.929877477544228, 3.526091010258374, -1.9040624910298085, -0.5137501572573598, 2.7758353103183975, 2.2869046613187947, -3.3829429613504445, 5.782265805242972, 1.1074416809515917, -2.6482619025235223, 5.740645883261049, 5.6117907884530105, -2.057318936025119, 6.306080734338356, 4.0918100518179035, 0.8333551596534874, 1.90338245071965, 4.732242391203355, 2.163042836807959, 1.1399953302592403, 6.181857466905768, -0.7208718956059159, 5.334374209237149, 8.34165061710731, 2.5995080718909698, 2.1645252524142498, 8.866612495631205, 3.3774183482768834, 3.4915445939480687, 12.470364138366703, 1.1372780251690706, 1.333551143273958, 10.840745544229877, -0.7683159882173785, 4.785412503977198, 12.599652656528718, -3.256551447325845, 4.716981759931192, 9.304676350283707, -3.541135852191507, 9.066965590963857, 10.867265114061343, -3.1914469986556027, 8.352461985726475, 8.87591672813193, -0.6399597494949241, 8.026152289840013, 14.637727250241252, -0.3234096521848926, 7.799922671119036, 12.508041833535756, 2.2052118729249157, 11.978163414667737, 14.505419111488862, 2.1083379515361838, 12.459368108428997, 13.578148177830505, -1.0449872324121285, 12.692164790466066, 9.107289049206981, 0.1651895420852636, 14.896989740613693, 10.920056929336232, 1.8494475087580398, 11.851524589021484, 11.070351427330365, 5.54061870656856, 9.83589075291966, 9.00256677738945, 3.8971998206779235, 15.278655059086168, 7.814570602617888, 5.444996168156199, 12.554100082042794, 6.831747155770103, 7.065934959644382, 14.104849507220667, 3.3238136907119307, 4.417639186225864, 14.014023365587123, 5.223829603270839, 1.6726627847988242, 11.164638627127303, 4.368053242244033, 3.2032598697964576], "name": "C15H32", "identifiers": {"molecule_hash": "259980b2f0b7dbfa932b2ffe814fa268dd0cf48b", "molecular_formula": "C15H32"}, "molecular_charge": 0.0, "molecular_multiplicity": 1, "connectivity": [[0, 1, 1.0], [0, 15, 1.0], [0, 16, 1.0], [0, 17, 1.0], [1, 2, 1.0], [1, 18, 1.0], [1, 19, 1.0], [2, 3, 1.0], [2, 20, 1.0], [2, 21, 1.0], [3, 4, 1.0], [3, 22, 1.0], [3, 23, 1.0], [4, 5, 1.0], [4, 24, 1.0], [4, 25, 1.0], [5, 6, 1.0], [5, 26, 1.0], [5, 27, 1.0], [6, 7, 1.0], [6, 28, 1.0], [6, 29, 1.0], [7, 8, 1.0], [7, 30, 1.0], [7, 31, 1.0], [8, 9, 1.0], [8, 32, 1.0], [8, 33, 1.0], [9, 10, 1.0], [9, 34, 1.0], [9, 35, 1.0], [10, 11, 1.0], [10, 36, 1.0], [10, 37, 1.0], [11, 12, 1.0], [11, 38, 1.0], [11, 39, 1.0], [12, 13, 1.0], [12, 40, 1.0], [12, 41, 1.0], [13, 14, 1.0], [13, 42, 1.0], [13, 43, 1.0], [14, 44, 1.0], [14, 45, 1.0], [14, 46, 1.0]], "fix_com": true, "fix_orientation": true, "provenance": {"creator": "QCElemental", "version": "v0.22.0", "routine": "qcelemental.molparse.from_schema"}, "id": "230196"}