{"schema_name": "qcschema_molecule", "schema_version": 2, "validated": true, "symbols": ["C", "C", "C", "C", "C", "C", "C", "C", "C", "C", "C", "C", "C", "C", "C", "H", "H", "H", "H", "H", "H", "H", "H", "H", "H", "H", "H", "H", "H", "H", "H", "H", "H", "H", "H", "H", "H", "H", "H", "H", "H", "H", "H", "H", "H", "H", "H"], "geometry": [5.858707494379496, 2.8764858109209133, 2.1094237467877974e-15, 5.949802537130144, -8.49441543629709e-16, -2.5944164888658296e-16, 4.263304556366165, -1.2540943447891295, 1.9971294531045962, 1.658411055093957, -2.094640809833742, 1.0789343564528322, 0.0, 0.0, 0.0, -2.644540021385293, -0.820461717600928, -0.8460855025333777, -4.71524013109877, -0.7234943483573717, 1.1666479991119014, -4.509695582357176, -2.582630183907243, 3.3669135775188344, -4.397584770215195, -5.367805692407541, 2.6206184354170374, -6.62726337971152, -6.24851136802342, 1.025083397570819, -6.759663053411134, -9.10979466720324, 0.6699618220697037, -4.404884079393826, -10.314236110614244, -0.48466450181800447, -3.694825247848412, -9.265738743681386, -3.070441936351073, -1.5158760687142383, -10.64988537812737, -4.3538991184086715, 0.9958502401898375, -10.422703973457763, -2.972714818372334, 7.082080416687017, 3.672656048050132, -1.4727717449350655, 6.504623095879307, 3.630055357482474, 1.8228928975505831, 3.9423258080859536, 3.5981751226178695, -0.31703391306660733, 5.438172376808026, -0.7243820756222503, -1.8830007866696612, 7.917925863274085, -0.5861598347133565, 0.30399975070822066, 4.04140639123666, 0.04170701863070092, 3.611224664711413, 5.228752643631886, -2.9286287897175676, 2.7528380597161988, 0.6878299278384078, -3.0307938738101035, 2.654400899092291, 1.90229953216227, -3.5580513211970803, -0.38420369879970295, 0.9823282428438197, 0.8177197325574057, -1.6365038180364555, -0.16922589744745822, 1.545021150683743, 1.3877421468929474, -2.542708042170789, -2.726625995463627, -1.678535226098391, -3.249052022827732, 0.4224429981588388, -2.394855291067021, -6.544625935055945, -1.0096087093108606, 0.2232843917442628, -4.786981644257595, 1.2051292153325788, 1.9406962560136243, -6.155355652915593, -2.2917975295638384, 4.605179826320183, -2.852781668910305, -2.118743707069202, 4.530364295640379, -4.305611019980099, -6.516917785494977, 4.3523841794736935, -2.6265032795031193, -5.748880538641989, 1.5997877757146546, -8.396065535885658, -5.605122745060688, 1.910637483671546, -6.561570828931659, -5.3206833435494145, -0.8342468542904464, -8.403381809338244, -9.559346841006102, -0.5211010001570195, -7.124653902869062, -10.00029691619256, 2.5129172973880323, -2.806395130339322, -10.09645594985588, 0.8245162542671842, -4.720515371703847, -12.363004268001594, -0.6529842599229005, -5.366774593009074, -9.336478621125732, -4.306021730975784, -3.197714906695564, -7.2511426217116215, -2.8968047139663637, -2.0130042036563496, -12.65911712035572, -4.564427006075264, -1.298608168386052, -9.910572122298976, -6.282484925589059, 2.523296949735947, -11.341063589326776, -4.030679669954273, 0.9304408093490684, -11.300635860707137, -1.0956532279672673, 1.5244557317462546, -8.43101085326565, -2.7101105959702765], "name": "C15H32", "identifiers": {"molecule_hash": "259980b2f0b7dbfa932b2ffe814fa268dd0cf48b", "molecular_formula": "C15H32"}, "molecular_charge": 0.0, "molecular_multiplicity": 1, "connectivity": [[0, 1, 1.0], [0, 15, 1.0], [0, 16, 1.0], [0, 17, 1.0], [1, 2, 1.0], [1, 18, 1.0], [1, 19, 1.0], [2, 3, 1.0], [2, 20, 1.0], [2, 21, 1.0], [3, 4, 1.0], [3, 22, 1.0], [3, 23, 1.0], [4, 5, 1.0], [4, 24, 1.0], [4, 25, 1.0], [5, 6, 1.0], [5, 26, 1.0], [5, 27, 1.0], [6, 7, 1.0], [6, 28, 1.0], [6, 29, 1.0], [7, 8, 1.0], [7, 30, 1.0], [7, 31, 1.0], [8, 9, 1.0], [8, 32, 1.0], [8, 33, 1.0], [9, 10, 1.0], [9, 34, 1.0], [9, 35, 1.0], [10, 11, 1.0], [10, 36, 1.0], [10, 37, 1.0], [11, 12, 1.0], [11, 38, 1.0], [11, 39, 1.0], [12, 13, 1.0], [12, 40, 1.0], [12, 41, 1.0], [13, 14, 1.0], [13, 42, 1.0], [13, 43, 1.0], [14, 44, 1.0], [14, 45, 1.0], [14, 46, 1.0]], "fix_com": true, "fix_orientation": true, "provenance": {"creator": "QCElemental", "version": "v0.22.0", "routine": "qcelemental.molparse.from_schema"}, "id": "230196"}