{"schema_name": "qcschema_molecule", "schema_version": 2, "validated": true, "symbols": ["C", "C", "C", "C", "C", "C", "C", "C", "C", "C", "C", "C", "C", "C", "C", "H", "H", "H", "H", "H", "H", "H", "H", "H", "H", "H", "H", "H", "H", "H", "H", "H", "H", "H", "H", "H", "H", "H", "H", "H", "H", "H", "H", "H", "H", "H", "H"], "geometry": [0.0, 0.0, 0.0, 2.8885613897406297, -5.278411769405458e-16, -4.630569702414076e-16, 4.001009386976936, 0.5230025127855755, 2.6219861462142506, 6.910294022808375, 0.513284543328522, 2.768229646265736, 8.200908170781709, 3.1032101144292215, 2.5209256222347225, 7.924926781726676, 4.506358013249489, 1.7763568394002505e-15, 9.17937997528629, 3.1982195814544627, -2.2558774199103255, 8.9701404919834, 4.744571795762603, -4.693996739576029, 10.348615325700349, 3.6115912719631607, -6.977468533768144, 9.17875291823322, 1.160988473983494, -7.9916686285671705, 10.477194162755726, 0.08967515841221285, -10.371009451420097, 12.461128229995508, -1.9755874901145916, -9.911560353284507, 14.79756136154117, -1.176657867201257, -8.406119908866335, 16.78741916890237, -3.2681655404777725, -8.233951347029242, 19.11451508841653, -2.4917189515014027, -6.709821434545031, -0.7416071981921967, -1.4166066633491856, 1.2879166771995618, -0.7410454267207475, 1.8225902339879885, 0.586956839350992, -0.7445408463109926, -0.40386987723222434, -1.868761119164927, 3.5613482212362, 1.3846404399034857, -1.3553131002447436, 3.566759535414915, -1.8255811891013294, -0.6596626735482148, 3.2724846424324445, -0.9100292950956945, 3.902800870258477, 3.2825419712012627, 2.3182079303159853, 3.3253949483465925, 7.463503870383779, -0.2455196366791852, 4.595001907887342, 7.666397982698474, -0.7966281105148745, 1.3774599046935063, 10.206327382452319, 2.8570782952720424, 2.9076285977679337, 7.48327120892519, 4.316695496123816, 4.018243270175106, 8.766332779093286, 6.369615080716204, 0.22300145935764348, 5.939430680590522, 4.838383885911652, -0.409600900121891, 11.16763473413942, 2.8803568899811247, -1.8264592016320074, 8.347325918886412, 1.3450145747359556, -2.5352603894834322, 6.983952122701452, 5.011218667240379, -5.163540862932162, 9.729300320575202, 6.623457971441081, -4.344700516321695, 12.322305961190803, 3.3177849483881703, -6.49436405933408, 10.33653385342733, 4.999715208637529, -8.494437509014176, 7.2079261713412075, 1.5477775072709474, -8.429823788915325, 9.155755018912215, -0.28086285723321236, -6.5289333454380145, 9.038754312517984, -0.7161972320125232, -11.59573871979536, 11.327496887687285, 1.6259728894074126, -11.442513294174308, 13.073848882123611, -2.6861805126041705, -11.742001918657522, 11.560665490681897, -3.5622417920703096, -8.959529236798314, 14.25174992602607, -0.6237091281929628, -6.504527629302227, 15.638976163653485, 0.48761977539658297, -9.27620265592545, 17.365960188027113, -3.814711065574789, -10.129538292367965, 15.944385932201945, -4.940580725978661, -7.385248723355713, 20.036661774136167, -0.8590027023784357, -7.545894828184904, 18.60806016670712, -2.000802856264445, -4.781695895705826, 20.490778112423357, -4.011049179037048, -6.625942445573757], "name": "C15H32", "identifiers": {"molecule_hash": "6e0a461dd4b932c23070675fcf4821cd67924a27", "molecular_formula": "C15H32"}, "molecular_charge": 0.0, "molecular_multiplicity": 1, "connectivity": [[0, 1, 1.0], [0, 15, 1.0], [0, 16, 1.0], [0, 17, 1.0], [1, 2, 1.0], [1, 18, 1.0], [1, 19, 1.0], [2, 3, 1.0], [2, 20, 1.0], [2, 21, 1.0], [3, 4, 1.0], [3, 22, 1.0], [3, 23, 1.0], [4, 5, 1.0], [4, 24, 1.0], [4, 25, 1.0], [5, 6, 1.0], [5, 26, 1.0], [5, 27, 1.0], [6, 7, 1.0], [6, 28, 1.0], [6, 29, 1.0], [7, 8, 1.0], [7, 30, 1.0], [7, 31, 1.0], [8, 9, 1.0], [8, 32, 1.0], [8, 33, 1.0], [9, 10, 1.0], [9, 34, 1.0], [9, 35, 1.0], [10, 11, 1.0], [10, 36, 1.0], [10, 37, 1.0], [11, 12, 1.0], [11, 38, 1.0], [11, 39, 1.0], [12, 13, 1.0], [12, 40, 1.0], [12, 41, 1.0], [13, 14, 1.0], [13, 42, 1.0], [13, 43, 1.0], [14, 44, 1.0], [14, 45, 1.0], [14, 46, 1.0]], "fix_com": true, "fix_orientation": true, "provenance": {"creator": "QCElemental", "version": "v0.22.0", "routine": "qcelemental.molparse.from_schema"}, "id": "216444"}