{"schema_name": "qcschema_molecule", "schema_version": 2, "validated": true, "symbols": ["C", "C", "C", "C", "C", "C", "C", "C", "C", "C", "C", "C", "C", "C", "C", "H", "H", "H", "H", "H", "H", "H", "H", "H", "H", "H", "H", "H", "H", "H", "H", "H", "H", "H", "H", "H", "H", "H", "H", "H", "H", "H", "H", "H", "H", "H", "H"], "geometry": [0.0, 0.0, -0.0, 2.8716846945308117, -1.75461854934686e-16, 1.7562145564614467e-16, 3.9963151167283666, 2.6528560774937158, 2.220446049250313e-16, 6.891791803242347, 2.7397786535240196, 0.07962965941539946, 8.045232294310448, 3.0994647095931733, 2.700404899632886, 7.3774817695690205, 1.067528073633482, 4.632231968289601, 8.68332315707246, 1.3713257633629428, 7.201836806673892, 11.109490495137967, -0.1620450652285519, 7.5385922911067444, 13.284864859852767, 0.4444001430748423, 5.746757774065375, 14.38197783767339, 3.0874023903126675, 6.04763849485391, 16.562927797905537, 3.607580437357315, 4.243243461291199, 17.849406569747817, 6.160055664814993, 4.610493329771492, 16.18104684404163, 8.440167969821344, 4.06402484065242, 17.572778734080583, 10.947068557638461, 4.288421959318026, 15.903122015583893, 13.221476247288424, 3.753145886782898, -0.7503560715522755, 1.0130722658359155, -1.6489801157201427, -0.7498440913438983, 0.937277789536362, 1.693332492070226, -0.7667985338793546, -1.9248273996557452, -0.042991622647663874, 3.5698676663337046, -1.0180503773060123, -1.6739586655672347, 3.5691472634505836, -1.0676802535400065, 1.6386246345822504, 3.3184245463871687, 3.6340099782093067, -1.7017426072537392, 3.2258058900383224, 3.732495684427393, 1.6065941931735188, 7.649121163906878, 0.9998758087066202, -0.7763508300779993, 7.564768314185523, 4.292768421489011, -1.1207495990572642, 7.437373752499534, 4.943350522741882, 3.4540629287319438, 10.107509672098237, 3.229414638467662, 2.4989769295443662, 7.816461325700498, -0.8131366568705581, 3.84970870578042, 5.320701911302921, 1.0925837589812715, 4.915052747663927, 7.374999449760221, 0.7820789946454139, 8.701104096849564, 9.049761034926144, 3.3886215203252803, 7.552410051858857, 11.774285398343068, 0.07241873110250463, 9.49549293310354, 10.63237207492902, -2.176072974451455, 7.339542678160842, 12.676404006931266, 0.16191244895438817, 3.7769701060170284, 14.80178141587429, -0.9433302287320345, 6.05757284772049, 12.888162550274, 4.502627078277594, 5.764084429364552, 15.036798488684166, 3.3345217701905074, 8.00919608326234, 17.98042003028171, 2.1021343051674437, 4.458601216477323, 15.874752100989365, 3.4614905682927204, 2.283182585991334, 18.56924806954417, 6.291461265361196, 6.559613474204319, 19.523188709675836, 6.251069466555896, 3.380861054154073, 15.385874473247664, 8.26476834757272, 2.1468967364657385, 14.552162307280643, 8.45778364420809, 5.356383975121762, 19.193634835424653, 10.946768711471991, 2.985139936840395, 18.381444311430467, 11.107999708667462, 6.19794550809924, 14.30486270863786, 13.30629223634054, 5.074415734860534, 15.115044518671194, 13.137881904976235, 1.8350283512968524, 16.953062836923262, 14.999954350292418, 3.923544063455829], "name": "C15H32", "identifiers": {"molecule_hash": "6a02818aa3eee1cd5314097353bdd09c8c5d82c6", "molecular_formula": "C15H32"}, "molecular_charge": 0.0, "molecular_multiplicity": 1, "connectivity": [[0, 1, 1.0], [0, 15, 1.0], [0, 16, 1.0], [0, 17, 1.0], [1, 2, 1.0], [1, 18, 1.0], [1, 19, 1.0], [2, 3, 1.0], [2, 20, 1.0], [2, 21, 1.0], [3, 4, 1.0], [3, 22, 1.0], [3, 23, 1.0], [4, 5, 1.0], [4, 24, 1.0], [4, 25, 1.0], [5, 6, 1.0], [5, 26, 1.0], [5, 27, 1.0], [6, 7, 1.0], [6, 28, 1.0], [6, 29, 1.0], [7, 8, 1.0], [7, 30, 1.0], [7, 31, 1.0], [8, 9, 1.0], [8, 32, 1.0], [8, 33, 1.0], [9, 10, 1.0], [9, 34, 1.0], [9, 35, 1.0], [10, 11, 1.0], [10, 36, 1.0], [10, 37, 1.0], [11, 12, 1.0], [11, 38, 1.0], [11, 39, 1.0], [12, 13, 1.0], [12, 40, 1.0], [12, 41, 1.0], [13, 14, 1.0], [13, 42, 1.0], [13, 43, 1.0], [14, 44, 1.0], [14, 45, 1.0], [14, 46, 1.0]], "fix_com": true, "fix_orientation": true, "provenance": {"creator": "QCElemental", "version": "v0.22.0", "routine": "qcelemental.molparse.from_schema"}, "id": "223581"}