{"schema_name": "qcschema_molecule", "schema_version": 2, "validated": true, "symbols": ["C", "C", "C", "C", "C", "C", "C", "C", "C", "C", "C", "C", "C", "C", "C", "H", "H", "H", "H", "H", "H", "H", "H", "H", "H", "H", "H", "H", "H", "H", "H", "H", "H", "H", "H", "H", "H", "H", "H", "H", "H", "H", "H", "H", "H", "H", "H"], "geometry": [0.0, 0.0, 0.0, 2.8747050587402203, 1.072656766340256e-16, 2.8636100648010057e-17, 4.051735410489771, 2.3438519450468465, -1.2025911983660338, 3.283894779566789, 4.856507178759529, 8.881784197001252e-16, 3.7192279850670387, 5.0458846515336875, 2.8451857747293516, 6.454605926236138, 4.6894468087406675, 3.6654026148051777, 6.8340237233185235, 5.065234125395289, 6.49386926841298, 9.585322682049835, 5.012616044057266, 7.365270460905566, 11.025785485715598, 2.5652122704493965, 6.820878740106637, 10.057391241744991, 0.16105865079937676, 8.118444193853696, 11.264935598725055, -0.4422918519055199, 10.67281428843874, 10.762727407436232, 1.422013194374112, 12.819261588691907, 7.982994904619039, 1.8617268179193016, 13.45108565747779, 6.528563926348587, -0.5158898296992342, 14.167963081654216, 3.8387360814533595, 0.03636356753553471, 15.011460285319403, -0.7546622739951014, -1.7757066910675259, 0.7568733958650353, -0.7495967813300848, 0.23250863060771804, -1.9224167823723248, -0.7697083752811403, 1.541404226318742, 1.1557793678634245, 3.561392189184719, -1.6769921712334332, -1.0146004183275739, 3.56643586412148, -0.2048539056040415, 1.95114103003884, 3.5418217025289884, 2.3987061477074336, -3.217641016478889, 6.119947684215368, 2.152395169935866, -1.1517725619709696, 4.325289697695919, 6.385618545697095, -0.9483592258436822, 1.2760734072506454, 5.22132046514444, -0.3887571604776152, 2.5254618671968307, 3.6557869287390883, 3.8328450869079678, 3.0589112159355145, 6.906899509399064, 3.495041250718703, 7.098995469552775, 2.790791592040055, 3.1189585130567106, 7.665273102199567, 6.027567641092249, 2.6240088489523643, 6.012960921761173, 6.895523661478599, 7.040889322170129, 5.725221689442085, 3.635264374510682, 7.5218264713032505, 9.648600516476895, 5.442532485300032, 9.394054758427433, 10.594813026246047, 6.5725386578293605, 6.430658268205393, 13.02203718510386, 2.8408157344804588, 7.336259918491884, 11.032197169332175, 2.264036137509592, 4.766624968683819, 10.431152744235192, -1.4548461446827763, 6.870228377941691, 7.987404315681408, 0.23092033507157383, 8.310372027769512, 13.321580684635888, -0.5948690324696666, 10.406221771216158, 10.639733390029823, -2.334469590939875, 11.26168453670775, 11.657291982354508, 3.245837374301977, 12.383848054624087, 11.730754351705677, 0.7218192433783472, 14.521715635059877, 7.024183343518136, 2.776913108109152, 11.847477209771291, 7.866259978403924, 3.221014218966235, 15.020468457838003, 6.486489595036977, -1.8231990522522323, 12.552381510838364, 7.5478605967276025, -1.5132820607425668, 15.683417929230362, 3.8141683468182377, 1.2845477339928548, 16.669422157508404, 2.820420958933579, -1.6970927567685687, 15.51412839661151, 2.7630289386126208, 0.9838827334803675, 13.510393874968857], "name": "C15H32", "identifiers": {"molecule_hash": "61b25cc27aeccdad0b2f455d6dac3084d1d10ba3", "molecular_formula": "C15H32"}, "molecular_charge": 0.0, "molecular_multiplicity": 1, "connectivity": [[0, 1, 1.0], [0, 15, 1.0], [0, 16, 1.0], [0, 17, 1.0], [1, 2, 1.0], [1, 18, 1.0], [1, 19, 1.0], [2, 3, 1.0], [2, 20, 1.0], [2, 21, 1.0], [3, 4, 1.0], [3, 22, 1.0], [3, 23, 1.0], [4, 5, 1.0], [4, 24, 1.0], [4, 25, 1.0], [5, 6, 1.0], [5, 26, 1.0], [5, 27, 1.0], [6, 7, 1.0], [6, 28, 1.0], [6, 29, 1.0], [7, 8, 1.0], [7, 30, 1.0], [7, 31, 1.0], [8, 9, 1.0], [8, 32, 1.0], [8, 33, 1.0], [9, 10, 1.0], [9, 34, 1.0], [9, 35, 1.0], [10, 11, 1.0], [10, 36, 1.0], [10, 37, 1.0], [11, 12, 1.0], [11, 38, 1.0], [11, 39, 1.0], [12, 13, 1.0], [12, 40, 1.0], [12, 41, 1.0], [13, 14, 1.0], [13, 42, 1.0], [13, 43, 1.0], [14, 44, 1.0], [14, 45, 1.0], [14, 46, 1.0]], "fix_com": true, "fix_orientation": true, "provenance": {"creator": "QCElemental", "version": "v0.22.0", "routine": "qcelemental.molparse.from_schema"}, "id": "230758"}