{"schema_name": "qcschema_molecule", "schema_version": 2, "validated": true, "symbols": ["C", "C", "C", "C", "C", "C", "C", "C", "C", "C", "C", "C", "C", "C", "C", "H", "H", "H", "H", "H", "H", "H", "H", "H", "H", "H", "H", "H", "H", "H", "H", "H", "H", "H", "H", "H", "H", "H", "H", "H", "H", "H", "H", "H", "H", "H", "H"], "geometry": [12.672004571632533, 1.6703468632023344, -1.6877124697778356e-14, 10.334518959250651, -8.858076950498351e-16, 7.798572069112059e-16, 10.768627524381229, -2.5122717976721947, -1.3334301070940338, 8.572108234466295, -4.38029667431753, -1.2379447212215824, 6.0974289296288084, -3.4419575344573117, -2.416866473567182, 4.232936229855007, -2.2928533623731067, -0.5451397438291181, 1.8231648172405976, -1.3386249652102742, -1.792307007925462, 0.0, 0.0, 0.0, -0.8652331825761364, -1.5529729222184747, 2.273383391851439, -2.1431645219818174, -4.03787483453725, 1.582483957306635, -3.379217120774843, -5.389086597492725, 3.8129445627087195, -1.627555843171078, -6.009657926837245, 6.022225676939066, 0.6448131362802982, -7.628558482387367, 5.312765736099842, 2.303385943684268, -8.394593508147631, 7.54454957964235, 1.0483172327329315, -10.20879632619725, 9.388764046375764, 13.290560922572281, 2.0902300193334264, -1.9361904052223666, 12.324566963415231, 3.477073793218829, 0.9535710736266073, 14.25663820434276, 0.7418958092689555, 0.9664664790051181, 8.769031928682956, 1.014264354462984, -0.9161045170296407, 9.724182225684627, -0.35429796934289515, 1.9573865839657907, 12.449938224407894, -3.420865027186162, -0.5119274216113452, 11.247610134629443, -2.1362564009283918, -3.325044546150598, 9.178724366393547, -6.112894077968196, -2.205319281372363, 8.218881973414073, -4.93415581293864, 0.7372708313953242, 6.524532860781335, -2.0557986577039737, -3.911725937775595, 5.146097918544227, -5.018737731311619, -3.3791302902430194, 3.761686369522364, -3.734166630383044, 0.8806025901298292, 5.129426391632299, -0.737425810260404, 0.502896198802459, 2.3294151475119804, -0.02428197139464148, -3.3215652516621654, 0.8613837131108064, -2.9315816131878947, -2.722318592835958, 0.894492381430716, 1.7457012028374261, 0.6888214279285125, -1.6716742467089745, 0.6007639314609838, -1.0804469504338856, -2.1812702165289246, -0.40266935144800764, 3.4007172096069347, 0.7581604998496805, -1.9271829679558627, 3.5179058284555986, -3.5966170576152674, -3.6753291871712555, 0.13939727832513799, -0.7627284604953424, -5.303438697692055, 0.6790030211920682, -4.9464572843320855, -4.220339319537777, 4.520599098322095, -4.244135873024652, -7.1507893943996725, 3.126882900261582, -0.9526510352688347, -4.250958593933691, 6.905935202572511, -2.7460880879330536, -6.97658499998229, 7.479882890915409, 1.8175448995077519, -6.593672108890366, 3.943700991702363, -0.009922487580004358, -9.341484936500775, 4.323972242824061, 4.038853293365404, -9.271171330056474, 6.814430548462036, 2.912929688255735, -6.682826679206038, 8.557838757142711, 2.354278622767526, -10.76803553566632, 10.897962161222802, -0.6168025270606119, -9.370198900312714, 10.295616231204221, 0.4271208493350134, -11.93920399827984, 8.424284052278432], "name": "C15H32", "identifiers": {"molecule_hash": "e198d5f5814ab8c93de6f978e3f5cd25d99a4c14", "molecular_formula": "C15H32"}, "molecular_charge": 0.0, "molecular_multiplicity": 1, "connectivity": [[0, 1, 1.0], [0, 15, 1.0], [0, 16, 1.0], [0, 17, 1.0], [1, 2, 1.0], [1, 18, 1.0], [1, 19, 1.0], [2, 3, 1.0], [2, 20, 1.0], [2, 21, 1.0], [3, 4, 1.0], [3, 22, 1.0], [3, 23, 1.0], [4, 5, 1.0], [4, 24, 1.0], [4, 25, 1.0], [5, 6, 1.0], [5, 26, 1.0], [5, 27, 1.0], [6, 7, 1.0], [6, 28, 1.0], [6, 29, 1.0], [7, 8, 1.0], [7, 30, 1.0], [7, 31, 1.0], [8, 9, 1.0], [8, 32, 1.0], [8, 33, 1.0], [9, 10, 1.0], [9, 34, 1.0], [9, 35, 1.0], [10, 11, 1.0], [10, 36, 1.0], [10, 37, 1.0], [11, 12, 1.0], [11, 38, 1.0], [11, 39, 1.0], [12, 13, 1.0], [12, 40, 1.0], [12, 41, 1.0], [13, 14, 1.0], [13, 42, 1.0], [13, 43, 1.0], [14, 44, 1.0], [14, 45, 1.0], [14, 46, 1.0]], "fix_com": true, "fix_orientation": true, "provenance": {"creator": "QCElemental", "version": "v0.22.0", "routine": "qcelemental.molparse.from_schema"}, "id": "225435"}