{"schema_name": "qcschema_molecule", "schema_version": 2, "validated": true, "symbols": ["C", "C", "C", "C", "C", "C", "C", "C", "C", "C", "C", "C", "C", "C", "C", "H", "H", "H", "H", "H", "H", "H", "H", "H", "H", "H", "H", "H", "H", "H", "H", "H", "H", "H", "H", "H", "H", "H", "H", "H", "H", "H", "H", "H", "H", "H", "H"], "geometry": [0.0, 0.0, 0.0, 2.8891582993172285, 3.506658298536594e-16, 5.670433025242591e-16, 3.9939042216453027, 2.665201531781374, -0.2014385365592215, 6.880147260777894, 2.8642915453851847, 2.220446049250313e-16, 8.394874419712758, 1.545736952483613, -2.1113835083764543, 9.326892377486333, -1.119304840972745, -1.4632490137186958, 10.7991968243528, -2.3400181288288264, -3.634320373804906, 11.631698092654739, -5.075124669088963, -3.148349045896742, 13.467598798338653, -5.491472026772538, -0.9417094382719657, 16.01611909537454, -4.1500204108252134, -1.2436774149508971, 18.023188907559657, -4.952299188126047, 0.6907478303163566, 17.41366561445741, -4.4410804722140576, 3.480752021654431, 17.114002784957993, -1.6399090005580121, 4.146684127662133, 16.57408349802673, -1.1257375359632555, 6.947882354098249, 18.75429538125096, -1.7660375582092862, 8.73531809890259, -0.7401911471230767, 0.8436789254859087, -1.7192963403235593, -0.7445353855368085, -1.9074835209887335, 0.12954178658309967, -0.7416863427715311, 1.0701182181732758, 1.587240239357174, 3.555333355401078, -1.155411147400974, -1.5603538362758163, 3.5702292212859095, -0.896227772016357, 1.7207648946506842, 3.169461956906458, 3.826736285781621, 1.2826940385152894, 3.391074670728829, 3.505828808204961, -1.9805523475285798, 7.350522260266367, 4.863505674003248, -0.0022066987062885346, 7.486858416813808, 2.149142571429386, 1.830962914581686, 7.267071028438766, 1.482882536769186, -3.830740110185218, 10.039098917671001, 2.6921953596144528, -2.5648293331106435, 10.512497821790843, -1.0031540211127012, 0.21105765502198454, 7.743912691756213, -2.3262724119872575, -0.9590060421008041, 9.616891397353323, -2.329591083853286, -5.317086824456219, 12.431586957496592, -1.177928585450046, -4.09011523467727, 9.955294135796859, -6.222236150863123, -2.825589315280279, 12.497653284139432, -5.804915075253761, -4.86508474360253, 13.804336444377178, -7.513964241397348, -0.7738728999257898, 12.576172612522743, -4.923319090318827, 0.8173706615276108, 16.754201884606065, -4.554632436065764, -3.120784055071831, 15.754720044232066, -2.115959977966569, -1.1713827592382413, 18.376801105587678, -6.965626045319103, 0.4647868133869797, 19.790797201816066, -4.009688916977741, 0.22432441698647443, 15.709389801074158, -5.452728692382549, 4.025406683308129, 18.931259484031738, -5.249288586989761, 4.602653306893155, 15.579039572853935, -0.8370526239676903, 3.043983586127401, 18.814031127060193, -0.622178078785274, 3.5881407623042794, 16.112006055995845, 0.864550732995438, 7.165530456132303, 14.895084826746205, -2.1674416590071797, 7.518094087432976, 18.29769845854423, -1.225698065144945, 10.661343318731582, 19.179195920832917, -3.771377023737369, 8.745969083126626, 20.46552977557925, -0.7661321525183005, 8.197187441174643], "name": "C15H32", "identifiers": {"molecule_hash": "8b7b31007802153f90d4663c7fcf2164c7d36c0e", "molecular_formula": "C15H32"}, "molecular_charge": 0.0, "molecular_multiplicity": 1, "connectivity": [[0, 1, 1.0], [0, 15, 1.0], [0, 16, 1.0], [0, 17, 1.0], [1, 2, 1.0], [1, 18, 1.0], [1, 19, 1.0], [2, 3, 1.0], [2, 20, 1.0], [2, 21, 1.0], [3, 4, 1.0], [3, 22, 1.0], [3, 23, 1.0], [4, 5, 1.0], [4, 24, 1.0], [4, 25, 1.0], [5, 6, 1.0], [5, 26, 1.0], [5, 27, 1.0], [6, 7, 1.0], [6, 28, 1.0], [6, 29, 1.0], [7, 8, 1.0], [7, 30, 1.0], [7, 31, 1.0], [8, 9, 1.0], [8, 32, 1.0], [8, 33, 1.0], [9, 10, 1.0], [9, 34, 1.0], [9, 35, 1.0], [10, 11, 1.0], [10, 36, 1.0], [10, 37, 1.0], [11, 12, 1.0], [11, 38, 1.0], [11, 39, 1.0], [12, 13, 1.0], [12, 40, 1.0], [12, 41, 1.0], [13, 14, 1.0], [13, 42, 1.0], [13, 43, 1.0], [14, 44, 1.0], [14, 45, 1.0], [14, 46, 1.0]], "fix_com": true, "fix_orientation": true, "provenance": {"creator": "QCElemental", "version": "v0.22.0", "routine": "qcelemental.molparse.from_schema"}, "id": "217522"}