{"schema_name": "qcschema_molecule", "schema_version": 2, "validated": true, "symbols": ["C", "C", "C", "C", "C", "C", "C", "C", "C", "C", "C", "C", "C", "C", "C", "H", "H", "H", "H", "H", "H", "H", "H", "H", "H", "H", "H", "H", "H", "H", "H", "H", "H", "H", "H", "H", "H", "H", "H", "H", "H", "H", "H", "H", "H", "H", "H"], "geometry": [0.0, 0.0, -0.0, 2.8968435357580673, -5.872153466302723e-18, -1.6642989218540158e-16, 4.01817257017954, 2.6642312934032186, 0.2310218418665291, 6.9129404179229095, 2.769990576399719, 0.061773156426383466, 8.285772239537962, 1.419101492642124, 2.2346269650451065, 11.15135929266962, 1.882563805457655, 2.2855599710666636, 12.5725600292494, 0.808110030979857, 1.3877787807814457e-16, 15.404192078217267, 1.4197815146458541, 0.04034013923901982, 16.895524569825298, 0.37694853863551936, -2.2283115151249375, 15.831158809407516, 1.0956755205963484, -4.836609243517458, 15.472727262386586, 3.940874351613216, -5.249296593006631, 14.284638049120776, 4.5613790645750445, -7.817039295756309, 13.782038846256349, 7.389002931448101, -8.254754218671566, 12.042005928286178, 8.658950169801042, -6.3002368963998645, 9.451865932218467, 7.388543188859026, -6.012498115251799, -0.7446041858358539, 0.8263046013493961, 1.7479697457829924, -0.7595638535968074, -1.919023810936614, -0.16233790422779756, -0.7467630956073817, 1.110588606999603, -1.5815338935065788, 3.591235496225535, -0.8788676367309638, -1.747919975600377, 3.578737782473521, -1.1878766529404134, 1.554604509660181, 3.217339067880694, 3.8542030269943126, -1.269390515737133, 3.4028426138953916, 3.509533582496917, 2.0260193925989665, 7.504759667628495, 1.9699459399348629, -1.7574153942025792, 7.509487025458759, 4.7583394229552365, 0.03409167774366634, 7.471458238702974, 2.0625012049195224, 4.032711142496431, 7.929686155461032, -0.6214804199003122, 2.1372816824897103, 11.94330545545173, 1.0641582919950052, 4.020249902098919, 11.502924687090891, 3.9267231187312928, 2.400647881109529, 11.736108807035103, 1.5619773263075198, -1.7353828747194762, 12.301666039834716, -1.2503701614687612, -0.07829544329333168, 15.64153695350336, 3.477555165216403, 0.14066699656261644, 16.24077280382468, 0.6725000133836251, 1.7860239583973838, 18.858272564215603, 1.035711579890376, -2.0866342962827304, 16.97093625361241, -1.692756405608975, -2.0974183892515916, 14.010083570743689, 0.14581691278586192, -5.123612979096192, 17.092823010655003, 0.3447418016046975, -6.302710989113993, 17.299791278410517, 4.913061431932815, -5.0687691427348165, 14.271638920388302, 4.701407139417326, -3.7461108005163335, 12.509352629648332, 3.505584797667354, -8.007341379616278, 15.52043100512535, 3.86162583424835, -9.329785446302957, 12.949199006363795, 7.626019288747354, -10.141214382889235, 15.591959972916175, 8.404069178346932, -8.29051913308804, 12.982445194051278, 8.719528171160304, -4.454517897538155, 11.769951299415318, 10.636773650595323, -6.859838872455965, 8.483174365868678, 7.243313442008607, -7.838825336382984, 9.613639902865552, 5.4768764892125565, -5.237518334170455, 8.231564744012111, 8.468013239633075, -4.7355788581116816], "name": "C15H32", "identifiers": {"molecule_hash": "9d3b7404f076d125bc9fce96b30510beecb7e336", "molecular_formula": "C15H32"}, "molecular_charge": 0.0, "molecular_multiplicity": 1, "connectivity": [[0, 1, 1.0], [0, 15, 1.0], [0, 16, 1.0], [0, 17, 1.0], [1, 2, 1.0], [1, 18, 1.0], [1, 19, 1.0], [2, 3, 1.0], [2, 20, 1.0], [2, 21, 1.0], [3, 4, 1.0], [3, 22, 1.0], [3, 23, 1.0], [4, 5, 1.0], [4, 24, 1.0], [4, 25, 1.0], [5, 6, 1.0], [5, 26, 1.0], [5, 27, 1.0], [6, 7, 1.0], [6, 28, 1.0], [6, 29, 1.0], [7, 8, 1.0], [7, 30, 1.0], [7, 31, 1.0], [8, 9, 1.0], [8, 32, 1.0], [8, 33, 1.0], [9, 10, 1.0], [9, 34, 1.0], [9, 35, 1.0], [10, 11, 1.0], [10, 36, 1.0], [10, 37, 1.0], [11, 12, 1.0], [11, 38, 1.0], [11, 39, 1.0], [12, 13, 1.0], [12, 40, 1.0], [12, 41, 1.0], [13, 14, 1.0], [13, 42, 1.0], [13, 43, 1.0], [14, 44, 1.0], [14, 45, 1.0], [14, 46, 1.0]], "fix_com": true, "fix_orientation": true, "provenance": {"creator": "QCElemental", "version": "v0.22.0", "routine": "qcelemental.molparse.from_schema"}, "id": "219115"}