{"schema_name": "qcschema_molecule", "schema_version": 2, "validated": true, "symbols": ["C", "C", "C", "C", "C", "C", "C", "C", "C", "C", "C", "C", "C", "C", "C", "H", "H", "H", "H", "H", "H", "H", "H", "H", "H", "H", "H", "H", "H", "H", "H", "H", "H", "H", "H", "H", "H", "H", "H", "H", "H", "H", "H", "H", "H", "H", "H"], "geometry": [0.0, 0.0, -0.0, 2.8723708416799294, 3.713588125073361e-16, -1.494322714347849e-16, 3.988201841663844, 1.8254423439468443, -1.9256540244350269, 6.864773292466458, 1.7792738378235537, -2.0991156192379354, 8.212403699222431, 2.676237442539129, 0.2851715669117987, 11.068192415392739, 2.948248129807812, 6.661338147750939e-16, 12.464135135242802, 0.47472290670101824, -0.4630426729041235, 15.309882077206321, 0.8126796743336671, -0.7150093062448969, 16.785709664389092, -1.6522600816454436, -0.9943404201560226, 15.951638181406976, -3.3525539639133477, -3.172057397882041, 16.016395617562033, -2.101249578961095, -5.7615569870679435, 15.258304511862573, -3.8833315539868094, -7.888787487852518, 15.445623503471769, -2.7418091859970204, -10.531764556464452, 13.887546710923699, -0.35033144503914215, -10.965746127345803, 11.077282395573256, -0.6660435588397906, -10.448598058843567, -0.7481634828291026, 1.8835862299453825, 0.44711592247701715, -0.7676169738713691, -1.3271487127195254, 1.394209041586792, -0.7495023665523779, -0.5361545514667039, -1.8596747184048135, 3.5721521144423303, -1.9186685886402026, -0.39891994267945496, 3.559463584153625, 0.47459091630692807, 1.9022065199378648, 3.193039788997317, 1.385317658266696, -3.7956966869821445, 3.356475443558323, 3.7588317542745733, -1.478863055571533, 7.477275938176408, -0.14989573200295703, -2.577095104023682, 7.463032264455815, 2.9791708278035216, -3.6895363162322496, 7.413925198786798, 4.513400238745445, 0.8445231772945283, 7.811875294643466, 1.3758094159948788, 1.8575608110553392, 11.838343643682665, 3.841705056809421, 1.71159402268393, 11.476959960261603, 4.263362355879192, -1.5618055649752687, 11.725451870467843, -0.4247822461332663, -2.1842505404776054, 12.056112407989945, -0.8484612866150084, 1.093522132283161, 15.700627984318162, 2.0560777727150823, -2.336185674503861, 16.025616936763903, 1.8300414858253065, 0.9506051344694366, 18.801155865175495, -1.196877628444088, -1.222920227728681, 16.641147320767768, -2.7297846517335023, 0.7776343634592888, 14.028756484515233, -4.060181240811532, -2.81279746383998, 17.166745396912052, -5.038868617940257, -3.202711024523856, 17.92618716267604, -1.3530103231545016, -6.1260060788401045, 14.749200574235434, -0.4528174696367535, -5.762982380408303, 13.318900641993606, -4.554501057530792, -7.547904790183692, 16.45572098409388, -5.580958834290024, -7.811878926655666, 14.866043991870802, -4.180404062575618, -11.916841343980362, 17.439206890650016, -2.3197281623958625, -10.94567349575954, 14.634420136862321, 1.196184705278792, -9.795035592402282, 14.159408963771526, 0.2581421255989973, -12.932756910225827, 10.282128915935075, -2.2385134580412682, -11.547178677396676, 10.70107786574837, -1.0565793694023227, -8.445421578282188, 10.022706337749204, 1.0462805315869517, -10.950039332173926], "name": "C15H32", "identifiers": {"molecule_hash": "31778aba6c486be94c30652242194f9e84775615", "molecular_formula": "C15H32"}, "molecular_charge": 0.0, "molecular_multiplicity": 1, "connectivity": [[0, 1, 1.0], [0, 15, 1.0], [0, 16, 1.0], [0, 17, 1.0], [1, 2, 1.0], [1, 18, 1.0], [1, 19, 1.0], [2, 3, 1.0], [2, 20, 1.0], [2, 21, 1.0], [3, 4, 1.0], [3, 22, 1.0], [3, 23, 1.0], [4, 5, 1.0], [4, 24, 1.0], [4, 25, 1.0], [5, 6, 1.0], [5, 26, 1.0], [5, 27, 1.0], [6, 7, 1.0], [6, 28, 1.0], [6, 29, 1.0], [7, 8, 1.0], [7, 30, 1.0], [7, 31, 1.0], [8, 9, 1.0], [8, 32, 1.0], [8, 33, 1.0], [9, 10, 1.0], [9, 34, 1.0], [9, 35, 1.0], [10, 11, 1.0], [10, 36, 1.0], [10, 37, 1.0], [11, 12, 1.0], [11, 38, 1.0], [11, 39, 1.0], [12, 13, 1.0], [12, 40, 1.0], [12, 41, 1.0], [13, 14, 1.0], [13, 42, 1.0], [13, 43, 1.0], [14, 44, 1.0], [14, 45, 1.0], [14, 46, 1.0]], "fix_com": true, "fix_orientation": true, "provenance": {"creator": "QCElemental", "version": "v0.22.0", "routine": "qcelemental.molparse.from_schema"}, "id": "220048"}