{"schema_name": "qcschema_molecule", "schema_version": 2, "validated": true, "symbols": ["C", "C", "C", "C", "C", "C", "C", "C", "C", "C", "C", "C", "C", "C", "C", "H", "H", "H", "H", "H", "H", "H", "H", "H", "H", "H", "H", "H", "H", "H", "H", "H", "H", "H", "H", "H", "H", "H", "H", "H", "H", "H", "H", "H", "H", "H", "H"], "geometry": [4.005491275764511, 2.666919333945335, 3.0531133177191805e-15, 2.8958390020639193, 4.760013070950153e-16, 4.987406800318246e-16, 0.0, -0.0, 0.0, -1.2482716658655293, -2.6316880639287006, -0.038137578515887866, -1.9879022113800326, -3.7218168291130884, 2.5501291300270377, 0.1472293064167805, -4.311285111356191, 4.41929907731595, 1.94412653825594, -6.417646592773575, 3.577715122477054, 3.952779997665613, -7.026778546993306, 5.571124686853051, 5.695384299535052, -9.244878634176152, 4.906712601083714, 7.505671787108607, -8.731016164682753, 2.7018455908217174, 9.354686827258465, -10.9067066384548, 2.116662730060141, 8.549547075515198, -12.720518600699338, 0.0014242541162194922, 6.14463211220455, -14.25049032667693, 0.49043324094200313, 5.602069785092875, -16.179971600451076, -1.594346984868373, 3.1878802453082464, -17.69597115090776, -1.131042610519045, 3.380107268960456, 3.730369835817901, -1.6411742492999444, 3.4295485277896214, 3.709189848880264, 1.6725620889836799, 6.056487099348395, 2.619958694507375, -0.03051065467428804, 3.614456776913619, -1.0277033421603485, 1.6230093044488392, 3.562295172504301, -1.011860969580679, -1.6612729446995238, -0.6210128849015074, 1.0474620558386405, -1.6558928291124886, -0.6851097175905305, 1.0632383052472025, 1.6229266288705848, -2.9777643112858114, -2.5112664088299845, -1.139625494610354, -0.042907601738993745, -3.952158328904369, -1.0506891007412338, -3.0639726932243176, -5.446170614284409, 2.2331076482719654, -3.2871002087808407, -2.4039680337116858, 3.447273954150574, -0.7144260826178268, -4.864100862749668, 6.202937308096981, 1.2208658859703612, -2.6074975060255574, 4.825034380303987, 0.8489290306881038, -8.115451047274618, 3.1819928251324026, 2.851423531524997, -5.893950569345342, 1.8149637972936343, 5.09276480823544, -5.349847324401455, 5.924469819102993, 3.0055457493666085, -7.454905156458927, 7.345384995601422, 4.552827691279038, -10.907203388569462, 4.524080112296742, 6.822836253079513, -9.700903506739715, 6.564760340279358, 8.589636534195877, -7.047414398565084, 3.166871705436385, 6.450504075976951, -8.267072588261907, 1.0017173213965784, 11.161723056320923, -10.100593035670217, 1.5659339224994226, 9.720751064071836, -11.979988307343723, 3.832882226825439, 10.099845450759059, -14.029209602715657, -0.33737978121710865, 8.320021110868089, -11.649719092863938, -1.7408083684508662, 4.5326794618418615, -12.988616103693976, 0.6607204312048509, 6.3086237249994, -15.23006700261589, 2.2927592975932365, 7.194855361662713, -17.46932045439495, -1.7595293963315388, 5.459527834029735, -15.207566764321523, -3.40047111160077, 3.295765359251166, -18.739644365393264, 0.6336790681717939, 1.5479879599832018, -16.46509915048895, -1.0267799377797096, 2.8576349988238627, -19.049203998522483, -2.6374286412740466], "name": "C15H32", "identifiers": {"molecule_hash": "6e0a461dd4b932c23070675fcf4821cd67924a27", "molecular_formula": "C15H32"}, "molecular_charge": 0.0, "molecular_multiplicity": 1, "connectivity": [[0, 1, 1.0], [0, 15, 1.0], [0, 16, 1.0], [0, 17, 1.0], [1, 2, 1.0], [1, 18, 1.0], [1, 19, 1.0], [2, 3, 1.0], [2, 20, 1.0], [2, 21, 1.0], [3, 4, 1.0], [3, 22, 1.0], [3, 23, 1.0], [4, 5, 1.0], [4, 24, 1.0], [4, 25, 1.0], [5, 6, 1.0], [5, 26, 1.0], [5, 27, 1.0], [6, 7, 1.0], [6, 28, 1.0], [6, 29, 1.0], [7, 8, 1.0], [7, 30, 1.0], [7, 31, 1.0], [8, 9, 1.0], [8, 32, 1.0], [8, 33, 1.0], [9, 10, 1.0], [9, 34, 1.0], [9, 35, 1.0], [10, 11, 1.0], [10, 36, 1.0], [10, 37, 1.0], [11, 12, 1.0], [11, 38, 1.0], [11, 39, 1.0], [12, 13, 1.0], [12, 40, 1.0], [12, 41, 1.0], [13, 14, 1.0], [13, 42, 1.0], [13, 43, 1.0], [14, 44, 1.0], [14, 45, 1.0], [14, 46, 1.0]], "fix_com": true, "fix_orientation": true, "provenance": {"creator": "QCElemental", "version": "v0.22.0", "routine": "qcelemental.molparse.from_schema"}, "id": "216444"}