{"schema_name": "qcschema_molecule", "schema_version": 2, "validated": true, "symbols": ["C", "C", "C", "C", "C", "C", "C", "C", "C", "C", "C", "C", "C", "C", "C", "H", "H", "H", "H", "H", "H", "H", "H", "H", "H", "H", "H", "H", "H", "H", "H", "H", "H", "H", "H", "H", "H", "H", "H", "H", "H", "H", "H", "H", "H", "H", "H"], "geometry": [8.942630807575414, 2.3643117888612792, 2.220446049250313e-16, 7.279449118328277, -1.209063823671375e-15, 3.835337433306214e-15, 5.560245226150537, -0.2557718737497783, 2.3203655706273127, 3.6103957211220004, 1.8593068030274174, 2.704465237530611, 1.7153798701602594, 2.2657773306422753, 0.5476641652407142, 0.0, -0.0, 0.0, -1.9915186747720754, 0.5805396403290686, -2.018688981010759, -3.9031222419169973, -1.5497486984608675, -2.4945893076914833, -2.825626567004247, -4.011198575146963, -3.599368688508434, -1.7853030203012923, -3.874000966761338, -6.321696355840471, -3.6324280301446996, -4.700262157282177, -8.405291610944328, -5.9944940691290585, -3.065340483699571, -8.807853308780068, -5.533511174354363, -0.3276054423902681, -9.645301179833604, -4.251436299972572, -0.04974703108860812, -12.224550400992332, -4.0444668413175044, 2.7046209189748005, -13.07091855920381, 10.224071982492918, 2.354207618482157, -1.6023390881218165, 10.079698780478463, 2.4670486533084164, 1.707114018304166, 7.831572812161002, 4.084110926247843, -0.11291013440430442, 8.4903471277017, -1.6582549473979742, -0.08011203687409851, 6.155574734436541, -0.041923619997845996, -1.7187297417108203, 6.741885214068077, -0.3423384739229465, 4.001797287034306, 4.594702303541707, -2.065708709755702, 2.2230865811248, 2.5642016334385036, 1.453623919057869, 4.428033920686294, 4.5906421396245065, 3.630428744334653, 3.0520947805210996, 2.7088077994164337, 2.796470645424055, -1.1718005449845363, 0.5388408568664862, 3.8801114634022733, 1.0354521668455459, 1.1400901554576173, -1.5998013276879708, -0.5906361969195136, -0.943016163530757, -0.5713876643927895, 1.7385348619662477, -3.0411322929609863, 2.2516146955407352, -1.4405530275952951, -1.047294512696838, 1.092416585685635, -3.771032473100025, -5.380969302351245, -0.8313254358264044, -3.7229523681825927, -4.823011959198938, -1.9992858401052, -0.7105047634051578, -4.294194818819876, -5.44803950682179, -3.5242926578721034, -1.3416195146045788, -4.687710638919047, -2.3546493895785576, -0.1540261681060242, -5.115216448444611, -6.452794432713621, -1.0704329826657482, -1.9925042322609752, -6.722273857550781, -4.252156085552124, -6.616104081066641, -7.987009274270767, -2.5933847358225153, -4.8283937284025065, -10.172342294618343, -7.115085519683697, -3.0510567912327073, -7.087241161144208, -7.1661445423201355, -3.9868921320318615, -10.225307072747214, -4.425923399350037, 0.6718083634411371, -8.232630940125986, -7.352237812594151, 0.6305223692852042, -9.713374051547097, -2.372067457927088, -0.874639168246004, -12.170693210382707, -5.31031798569421, -1.1161716674158644, -13.628533598354622, -5.897913901249822, 3.5727955285955932, -13.230834235351807, -3.1239856820247978, 2.8547920300934098, -14.898412593360739, -2.95299363368468, 3.811510138622459, -11.729561420941053], "name": "C15H32", "identifiers": {"molecule_hash": "c2a1af28faf87f4e24beeba6ea81e5f6c714c8e7", "molecular_formula": "C15H32"}, "molecular_charge": 0.0, "molecular_multiplicity": 1, "connectivity": [[0, 1, 1.0], [0, 15, 1.0], [0, 16, 1.0], [0, 17, 1.0], [1, 2, 1.0], [1, 18, 1.0], [1, 19, 1.0], [2, 3, 1.0], [2, 20, 1.0], [2, 21, 1.0], [3, 4, 1.0], [3, 22, 1.0], [3, 23, 1.0], [4, 5, 1.0], [4, 24, 1.0], [4, 25, 1.0], [5, 6, 1.0], [5, 26, 1.0], [5, 27, 1.0], [6, 7, 1.0], [6, 28, 1.0], [6, 29, 1.0], [7, 8, 1.0], [7, 30, 1.0], [7, 31, 1.0], [8, 9, 1.0], [8, 32, 1.0], [8, 33, 1.0], [9, 10, 1.0], [9, 34, 1.0], [9, 35, 1.0], [10, 11, 1.0], [10, 36, 1.0], [10, 37, 1.0], [11, 12, 1.0], [11, 38, 1.0], [11, 39, 1.0], [12, 13, 1.0], [12, 40, 1.0], [12, 41, 1.0], [13, 14, 1.0], [13, 42, 1.0], [13, 43, 1.0], [14, 44, 1.0], [14, 45, 1.0], [14, 46, 1.0]], "fix_com": true, "fix_orientation": true, "provenance": {"creator": "QCElemental", "version": "v0.22.0", "routine": "qcelemental.molparse.from_schema"}, "id": "215468"}