{"schema_name": "qcschema_molecule", "schema_version": 2, "validated": true, "symbols": ["C", "C", "C", "C", "C", "C", "C", "C", "C", "C", "C", "C", "C", "C", "C", "H", "H", "H", "H", "H", "H", "H", "H", "H", "H", "H", "H", "H", "H", "H", "H", "H", "H", "H", "H", "H", "H", "H", "H", "H", "H", "H", "H", "H", "H", "H", "H"], "geometry": [8.376332929435666, 2.580761605845442, -2.220446049250313e-16, 9.642380870726274, 3.194241278314629e-15, 4.9922905573427045e-16, 8.942099352299406, -1.6539455913900611, 2.2594871549924234, 6.1197035279502465, -2.145939725308905, 2.5952481860283276, 4.852367610621576, -3.3777915015985034, 0.3216362947609519, 2.149688328655756, -4.264331136789929, 0.8184244091310775, 0.3432957561496923, -2.2318982173732174, 1.7834384462956931, -0.0, 0.0, 0.0, -1.907214143179071, 1.9611704785586306, 0.9223091658401771, -1.264169083756043, 3.2373188677596483, 3.43151822621837, 1.220502957736988, 4.696421850724291, 3.3976051013992166, 1.8830922232744318, 6.033975126839788, 5.883321769636888, 3.7441197012088105, 4.610938029037925, 7.566939377893782, 2.8415347053742606, 2.0534953513451697, 8.524870775459803, 4.747179942287856, 0.7809435378084917, 10.256856238064335, 9.076127066779307, 3.765297888474243, -1.5499569972319238, 8.731202033306898, 3.5953067517996526, 1.777539795483448, 6.318292263302027, 2.427150545910856, -0.22421609290920974, 11.704629649885359, 0.24431836877701615, -0.020158521032414667, 9.177943072915234, -0.9936267729472312, -1.7655859233179623, 9.670509370662607, -0.7661699752365436, 3.9940122919669796, 9.93252828116302, -3.474069783143648, 2.0858727230315126, 5.846963034065004, -3.3533863648763553, 4.267775016398868, 5.160077282738226, -0.3553569090840264, 3.0391821553433425, 5.984818904103957, -5.013366503020405, -0.28545883220889356, 4.872238460188088, -2.057379565540272, -1.2842954508975786, 2.199821502354555, -5.813229327616159, 2.2043118830380495, 1.381136358897785, -5.0837341218951755, -0.9309269828643525, -1.5117905308646238, -3.100601794802908, 2.142096007687644, 1.0058505266138844, -1.5506230610223757, 3.631659302329224, -0.6131627857140152, -0.7066870649784108, -1.8573130001826341, 1.835793562449839, 0.9187140539053336, -0.33207631306978413, -2.1118827957990853, 3.427583726638045, -0.5374886066043338, -3.7715266417391615, 1.0567159636317607, 1.0917322910622451, -2.797371462058656, 4.55635188455145, 3.9121019643964896, -1.244093089151305, 1.8335545300227225, 4.96232175698287, 1.123019387665173, 6.089444058856702, 1.857767398186886, 2.783723426971161, 3.4201646523589453, 2.891517404376379, 0.13752017595892974, 6.420298652526796, 6.949006040535535, 2.706147326361741, 7.891025623872583, 5.461240421982629, 4.2239348220200235, 5.805531345541773, 9.200716154641603, 5.525485704950121, 4.3413028351209295, 6.519253650659168, 2.452762436287774, 0.8045243527523187, 6.910545392035858, 1.0293649154650328, 2.291117300380223, 9.51905369056963, 4.065313809435255, -1.0566887736927146, 10.929721129866476, 6.548307828537835, 0.46131624802233917, 9.274848619579135, 5.1502955658, 1.952454148943831, 11.92195208530789], "name": "C15H32", "identifiers": {"molecule_hash": "1faa50a58f73ac596064fc265035309006bfb488", "molecular_formula": "C15H32"}, "molecular_charge": 0.0, "molecular_multiplicity": 1, "connectivity": [[0, 1, 1.0], [0, 15, 1.0], [0, 16, 1.0], [0, 17, 1.0], [1, 2, 1.0], [1, 18, 1.0], [1, 19, 1.0], [2, 3, 1.0], [2, 20, 1.0], [2, 21, 1.0], [3, 4, 1.0], [3, 22, 1.0], [3, 23, 1.0], [4, 5, 1.0], [4, 24, 1.0], [4, 25, 1.0], [5, 6, 1.0], [5, 26, 1.0], [5, 27, 1.0], [6, 7, 1.0], [6, 28, 1.0], [6, 29, 1.0], [7, 8, 1.0], [7, 30, 1.0], [7, 31, 1.0], [8, 9, 1.0], [8, 32, 1.0], [8, 33, 1.0], [9, 10, 1.0], [9, 34, 1.0], [9, 35, 1.0], [10, 11, 1.0], [10, 36, 1.0], [10, 37, 1.0], [11, 12, 1.0], [11, 38, 1.0], [11, 39, 1.0], [12, 13, 1.0], [12, 40, 1.0], [12, 41, 1.0], [13, 14, 1.0], [13, 42, 1.0], [13, 43, 1.0], [14, 44, 1.0], [14, 45, 1.0], [14, 46, 1.0]], "fix_com": true, "fix_orientation": true, "provenance": {"creator": "QCElemental", "version": "v0.22.0", "routine": "qcelemental.molparse.from_schema"}, "id": "223766"}