{"schema_name": "qcschema_molecule", "schema_version": 2, "validated": true, "symbols": ["C", "C", "C", "C", "C", "C", "C", "C", "C", "C", "C", "C", "C", "C", "C", "H", "H", "H", "H", "H", "H", "H", "H", "H", "H", "H", "H", "H", "H", "H", "H", "H", "H", "H", "H", "H", "H", "H", "H", "H", "H", "H", "H", "H", "H", "H", "H"], "geometry": [0.0, 0.0, -0.0, 2.9018976309833096, 3.7703931211338527e-16, -1.344571623011703e-16, 4.115611405104509, 1.9658033565308568, -1.784456620702456, 4.833019535937753, 4.501245746296677, -0.5571376814109448, 2.623358411929189, 5.994356167648799, 0.5871793240391149, 3.3373391231715903, 8.552915292388208, 1.787976504507733, 3.3875598378219367, 10.848042917919434, 1.3322676295501878e-15, 5.411068689439025, 10.863075615559616, -2.0886355867788557, 8.148447072720174, 10.576330556802267, -1.164119060063082, 9.023785055010713, 12.663516232173606, 0.6462785050862907, 11.811455676942433, 12.43419050379848, 1.4378268764756035, 12.51921156545469, 9.93856373034952, 2.749706802214165, 11.054754817331885, 9.431794016795884, 5.200781355378444, 11.795046684616628, 6.963135286598372, 6.538743049289533, 11.033831572741041, 4.569832241768235, 5.088421363015058, -0.7473462089972938, -1.4260375371232845, 1.3027298766414237, -0.7294035758459116, -0.43421826681724474, -1.889839020782247, -0.7782858741048637, 1.8319176588290678, 0.5568670771631672, 3.602338714012266, 0.30047559508605415, 1.9303383640109326, 3.543464012203711, -1.8946114921142505, -0.5417462148182084, 2.8433597595393847, 2.312920545250396, -3.3883931421532436, 5.844536236294271, 1.1623899793403274, -2.5980858123469353, 5.797158359248764, 5.650066920341352, -1.9805580825875428, 6.234520006435722, 4.146293780083622, 0.9337297240253724, 1.7416536588217744, 4.824196938646907, 2.050254529736721, 1.1632459175393137, 6.295272990664812, -0.8592081744574487, 5.157927736135043, 8.367852516062447, 2.7640424498367557, 1.9545988275180584, 8.979684664674425, 3.272606443553841, 3.6070323932168327, 12.555283427754999, 1.1551285490784056, 1.5240514702817054, 11.016633077008208, -0.8981574921468254, 5.238787401460781, 12.646413931221153, -3.137070833464198, 5.003222956290246, 9.364490576744545, -3.4602423274410894, 9.40802981201621, 10.54952399077612, -2.8143268247677704, 8.37327017559505, 8.732511300578983, -0.2544586757268137, 8.739505304963568, 14.509034211152875, -0.26026127366093776, 7.827302584330166, 12.67514577938389, 2.335886941935181, 12.278715526466723, 14.014906827417, 2.6991617122216174, 13.007841444972746, 12.661191011506705, -0.2428434671799553, 12.249684466821503, 8.367233653945513, 1.429245499884226, 14.548703258925551, 9.971462566257223, 3.183781447663305, 11.35523862937892, 11.026319711005634, 6.495630301835888, 9.018603194210842, 9.384945147250896, 4.811891480074442, 13.842931004232922, 6.949094447659594, 6.875590223570639, 10.901214899523735, 6.923320109356241, 8.409286859187077, 11.509492738185727, 2.8630323726903777, 6.1588253097132934, 11.986436291977432, 4.43982012523753, 3.2566730591770225, 8.992256849382665, 4.541608707258198, 4.734016986449385], "name": "C15H32", "identifiers": {"molecule_hash": "b3e5b4b46571a068b5365954117595147b9c622f", "molecular_formula": "C15H32"}, "molecular_charge": 0.0, "molecular_multiplicity": 1, "connectivity": [[0, 1, 1.0], [0, 15, 1.0], [0, 16, 1.0], [0, 17, 1.0], [1, 2, 1.0], [1, 18, 1.0], [1, 19, 1.0], [2, 3, 1.0], [2, 20, 1.0], [2, 21, 1.0], [3, 4, 1.0], [3, 22, 1.0], [3, 23, 1.0], [4, 5, 1.0], [4, 24, 1.0], [4, 25, 1.0], [5, 6, 1.0], [5, 26, 1.0], [5, 27, 1.0], [6, 7, 1.0], [6, 28, 1.0], [6, 29, 1.0], [7, 8, 1.0], [7, 30, 1.0], [7, 31, 1.0], [8, 9, 1.0], [8, 32, 1.0], [8, 33, 1.0], [9, 10, 1.0], [9, 34, 1.0], [9, 35, 1.0], [10, 11, 1.0], [10, 36, 1.0], [10, 37, 1.0], [11, 12, 1.0], [11, 38, 1.0], [11, 39, 1.0], [12, 13, 1.0], [12, 40, 1.0], [12, 41, 1.0], [13, 14, 1.0], [13, 42, 1.0], [13, 43, 1.0], [14, 44, 1.0], [14, 45, 1.0], [14, 46, 1.0]], "fix_com": true, "fix_orientation": true, "provenance": {"creator": "QCElemental", "version": "v0.22.0", "routine": "qcelemental.molparse.from_schema"}, "id": "226132"}