{"schema_name": "qcschema_molecule", "schema_version": 2, "validated": true, "symbols": ["C", "C", "C", "C", "C", "C", "C", "C", "C", "C", "C", "C", "C", "C", "C", "H", "H", "H", "H", "H", "H", "H", "H", "H", "H", "H", "H", "H", "H", "H", "H", "H", "H", "H", "H", "H", "H", "H", "H", "H", "H", "H", "H", "H", "H", "H", "H"], "geometry": [-0.0, 0.0, -0.0, 2.8956455981314297, 8.321689507445081e-16, -3.8165370326266917e-16, 4.023794066049172, 1.9795121707651253, 1.8000626396772597, 6.938579084160226, 2.054106426068182, 1.8583909837668635, 8.184320219893044, 3.909867635395454, 1.1102230246251565e-15, 7.509171133434531, 3.502579530444854, -2.7879816212530075, 9.20280854355534, 4.992613176483207, -4.6061161269426245, 8.338102583258301, 4.88737322596073, -7.381079767877168, 7.861832669560347, 2.21729737939193, -8.423237273398309, 10.161452787516637, 0.4569231200641899, -8.31495353363138, 9.67992329729978, -2.1804715587049843, -9.43960680520875, 7.525491820493103, -3.6969543831635754, -8.207059579815505, 7.89742106615962, -4.225374711748256, -5.379897403182207, 5.674746574288515, -5.607516908582124, -4.122598238051166, 5.2001299883446865, -8.28104146230026, -5.137240231419305, -0.7463333124439575, 1.8305506333840662, -0.6205915659609024, -0.7558545833906736, -1.4510215769958252, -1.2687908948005922, -0.749397436129192, -0.36771204663096835, 1.8963599952744399, 3.580235754838301, 0.30997275685544, -1.9270060642977809, 3.587053081800332, -1.8760180303310534, 0.553299415023118, 3.3133786283437043, 1.5788124896749536, 3.7074996979716275, 3.2906527623512662, 3.8602021493118537, 1.3107261000946107, 7.567909148290601, 2.5579471091738455, 3.7680127314747, 7.671114434455378, 0.1432134431508072, 1.5055933612317773, 7.6876650497736225, 5.852381166900499, 0.5397733819960697, 10.243779608661084, 3.7654613562446766, 0.21864308403370014, 7.65086968978086, 1.4832552763589733, -3.2219580945757835, 5.527279811558039, 4.021440084686861, -3.1148126631942317, 9.272106194164934, 6.9791776544332915, -4.0100159178932735, 11.145524618845457, 4.285411335419307, -4.4433006716401735, 6.586867390121224, 5.984140492458171, -7.575049621150345, 9.75284155892731, 5.84316644720691, -8.560834158462981, 7.228460785759116, 2.3739070189885947, -10.393857060177043, 6.281764634930386, 1.3649891774736922, -7.392174165380612, 11.734323896726638, 1.3384952363719487, -9.343180935372333, 10.809518420955998, 0.26528596717345954, -6.357891168528351, 9.266956097552642, -1.979556683886421, -11.463652036598528, 11.432290541033995, -3.285883187014379, -9.316074811434635, 5.7232894751995556, -2.706862232892668, -8.478796797758385, 7.341853474795629, -5.491962066537484, -9.225442665124033, 8.193773489249809, -2.4389041044149704, -4.376296009419772, 9.637056749397848, -5.329763885346589, -5.112885078579879, 6.029562877377323, -5.712891624904271, -2.08237904659458, 3.9553396922117354, -4.4667070502683615, -4.343856774494222, 3.690673608281793, -9.222071367337925, -4.078129290897477, 4.640676623482989, -8.26156776453457, -7.128720022928057, 6.904813106001425, -9.448728864300097, -4.976000399989168], "name": "C15H32", "identifiers": {"molecule_hash": "8e717571728b0e8b655a8ed4189021137947b962", "molecular_formula": "C15H32"}, "molecular_charge": 0.0, "molecular_multiplicity": 1, "connectivity": [[0, 1, 1.0], [0, 15, 1.0], [0, 16, 1.0], [0, 17, 1.0], [1, 2, 1.0], [1, 18, 1.0], [1, 19, 1.0], [2, 3, 1.0], [2, 20, 1.0], [2, 21, 1.0], [3, 4, 1.0], [3, 22, 1.0], [3, 23, 1.0], [4, 5, 1.0], [4, 24, 1.0], [4, 25, 1.0], [5, 6, 1.0], [5, 26, 1.0], [5, 27, 1.0], [6, 7, 1.0], [6, 28, 1.0], [6, 29, 1.0], [7, 8, 1.0], [7, 30, 1.0], [7, 31, 1.0], [8, 9, 1.0], [8, 32, 1.0], [8, 33, 1.0], [9, 10, 1.0], [9, 34, 1.0], [9, 35, 1.0], [10, 11, 1.0], [10, 36, 1.0], [10, 37, 1.0], [11, 12, 1.0], [11, 38, 1.0], [11, 39, 1.0], [12, 13, 1.0], [12, 40, 1.0], [12, 41, 1.0], [13, 14, 1.0], [13, 42, 1.0], [13, 43, 1.0], [14, 44, 1.0], [14, 45, 1.0], [14, 46, 1.0]], "fix_com": true, "fix_orientation": true, "provenance": {"creator": "QCElemental", "version": "v0.22.0", "routine": "qcelemental.molparse.from_schema"}, "id": "225518"}