{"schema_name": "qcschema_molecule", "schema_version": 2, "validated": true, "symbols": ["C", "C", "C", "C", "C", "C", "C", "C", "C", "C", "C", "C", "C", "C", "C", "H", "H", "H", "H", "H", "H", "H", "H", "H", "H", "H", "H", "H", "H", "H", "H", "H", "H", "H", "H", "H", "H", "H", "H", "H", "H", "H", "H", "H", "H", "H", "H"], "geometry": [0.0, 0.0, -0.0, 2.888778619726894, 2.3547194006254997e-16, 1.457191943327998e-17, 4.002187779623897, 1.6711084085868089, -2.0833151689958367, 6.891407874314753, 1.5961718094142179, -2.2896695609032633, 8.283961210974256, 2.6958122327009257, 1.3322676295501878e-15, 11.1423849301305, 3.0001305449740294, -0.36694150774658363, 12.600945348949837, 0.516431039515436, -0.6519408453957377, 15.459900500420696, 0.9234702965317683, -0.8384653516676438, 17.030346037866988, -1.5135323428781948, -0.9061989631219811, 16.561120044797118, -3.294105387176496, -3.146527481896319, 17.161573682709193, -2.160463391289396, -5.740504180577181, 16.865797779418564, -4.079852762173256, -7.886046354509192, 17.64505798947806, -3.1032211337996287, -10.502590210593855, 16.124381254216598, -0.8654832749492654, -11.545492899757921, 13.309983715577905, -1.4059883274568374, -11.923094543944199, -0.7400270529663604, 1.893708440513027, 0.2858929824245059, -0.7446228261779938, -1.19283914739512, 1.4940812260454925, -0.7419158335493022, -0.6950344710766122, -1.783622635329268, 3.5699163635847775, -1.92586515946217, -0.23962861744610742, 3.5576723451695815, 0.6252510966813198, 1.837344928866, 3.2056054379226513, 1.0859964702790534, -3.8869025694022765, 3.390976837726842, 3.6145899079548522, -1.7927481087494346, 7.484413646137677, -0.3448051616106287, -2.6105052996576847, 7.449306412786183, 2.6514408086636023, -3.965055371730298, 7.485306990479411, 4.542995158186208, 0.42653822840310807, 7.946689697150176, 1.5289113902895042, 1.6572146126621305, 11.898342885831113, 4.024695336779091, 1.2476656829390218, 11.492521533487224, 4.187051993708155, -2.0112300460825816, 11.936221411633388, -0.48728153107278205, -2.313147906184731, 12.19229873921289, -0.6970857182595616, 0.9603007921212082, 15.876629525439785, 2.0763300671211513, -2.487597630990849, 16.075390966660013, 2.025420536247721, 0.7849414547618094, 19.022460570391516, -1.002573443496154, -0.8836692513223022, 16.692538610920614, -2.5571141594474387, 0.8336151558884821, 14.615112869908723, -3.953826914960066, -3.126364409912118, 17.722796520764437, -4.969000048526391, -2.8752820738763973, 19.08983730434716, -1.4390450753996387, -5.736146842149241, 15.94364811615425, -0.5455997415344931, -6.086436230598141, 14.923909802600832, -4.7506482080131285, -7.936037608696301, 18.016970160160923, -5.728997816751409, -7.458220515344506, 17.515549163887496, -4.6593707130369895, -11.841425636961706, 19.630408918167205, -2.5700137397304363, -10.44003192935332, 16.34738413815685, 0.7698496066161686, -10.323928718833841, 16.94161491604974, -0.33133138235409554, -13.353599883356345, 13.02719771954848, -3.0489164743339403, -13.1224730719875, 12.351355142202848, -1.7604745098119858, -10.145165261281289, 12.375552083523457, 0.18667116585904342, -12.817485216115372], "name": "C15H32", "identifiers": {"molecule_hash": "6da82134e411990929cb4e91e62c2436b7c1bdc7", "molecular_formula": "C15H32"}, "molecular_charge": 0.0, "molecular_multiplicity": 1, "connectivity": [[0, 1, 1.0], [0, 15, 1.0], [0, 16, 1.0], [0, 17, 1.0], [1, 2, 1.0], [1, 18, 1.0], [1, 19, 1.0], [2, 3, 1.0], [2, 20, 1.0], [2, 21, 1.0], [3, 4, 1.0], [3, 22, 1.0], [3, 23, 1.0], [4, 5, 1.0], [4, 24, 1.0], [4, 25, 1.0], [5, 6, 1.0], [5, 26, 1.0], [5, 27, 1.0], [6, 7, 1.0], [6, 28, 1.0], [6, 29, 1.0], [7, 8, 1.0], [7, 30, 1.0], [7, 31, 1.0], [8, 9, 1.0], [8, 32, 1.0], [8, 33, 1.0], [9, 10, 1.0], [9, 34, 1.0], [9, 35, 1.0], [10, 11, 1.0], [10, 36, 1.0], [10, 37, 1.0], [11, 12, 1.0], [11, 38, 1.0], [11, 39, 1.0], [12, 13, 1.0], [12, 40, 1.0], [12, 41, 1.0], [13, 14, 1.0], [13, 42, 1.0], [13, 43, 1.0], [14, 44, 1.0], [14, 45, 1.0], [14, 46, 1.0]], "fix_com": true, "fix_orientation": true, "provenance": {"creator": "QCElemental", "version": "v0.22.0", "routine": "qcelemental.molparse.from_schema"}, "id": "215007"}