{"schema_name": "qcschema_molecule", "schema_version": 2, "validated": true, "symbols": ["C", "C", "C", "C", "C", "C", "C", "C", "C", "C", "C", "C", "C", "C", "C", "H", "H", "H", "H", "H", "H", "H", "H", "H", "H", "H", "H", "H", "H", "H", "H", "H", "H", "H", "H", "H", "H", "H", "H", "H", "H", "H", "H", "H", "H", "H", "H"], "geometry": [0.0, 0.0, -0.0, 2.8883006518517718, 9.819476220963315e-16, 3.849623401547577e-16, 4.005203628414929, 2.6717471884690456, 1.1102230246251565e-16, 6.916851243483853, 2.7878563902588316, 0.028463039174085103, 8.145900420625374, 3.159851427207472, 2.6296641191006334, 7.699568256342884, 1.0298089078564803, 4.54129933494483, 9.122057554883458, 1.3528525985677784, 7.066031621017862, 11.63654001373625, -0.08401618031918545, 7.284740569568682, 13.783059990053095, 0.6972091365762658, 5.5005730374520585, 14.831594985554347, 3.3543785874708334, 5.964101873599462, 17.041720644445064, 3.9977638662793575, 4.209546477377892, 18.299942786518386, 6.556509044917835, 4.7236416856419785, 16.630558503682426, 8.861106072083107, 4.2003745136298996, 18.028905010041484, 11.368134717257764, 4.5481704831200265, 16.36384025869983, 13.671724186919224, 4.036204749691264, -0.7419488468130973, 0.9917988700845757, -1.6375862808520008, -0.7413855877799693, 0.9260877784044158, 1.6758597688074024, -0.7446328449180035, -1.911521051648815, -0.03745295559287576, 3.567296774279151, -1.0031645042627204, -1.6613048164913693, 3.566007607773183, -1.0572797750984375, 1.6221060207762414, 3.3164030175106345, 3.6372075848790852, -1.6784264849285544, 3.2563722243691466, 3.7292781802774435, 1.5982204615620126, 7.680220250993262, 1.0913507731976, -0.8501727091457414, 7.5241590281434005, 4.351385823457039, -1.1568073026527712, 7.461458242743331, 4.923676613914689, 3.4394542566740056, 10.161420615678598, 3.4165055912996403, 2.3431336081194507, 8.2049079039099, -0.7757487466543728, 3.6944866242237695, 5.689318837299413, 0.9242075094987119, 4.937307659693202, 7.920012166138315, 0.6699739884719631, 8.584967964407143, 9.407257366001126, 3.351537670447714, 7.44758363154976, 12.308680091534391, 0.08860192775472475, 9.221280117305039, 11.251644352823575, -2.0837176160367705, 6.997942817909073, 13.174547942562281, 0.5241420075598231, 3.5457710174459627, 15.3154073107323, -0.6552376780998153, 5.728647940956144, 13.338962013102067, 4.741770088540202, 5.735804781608362, 15.457647635242472, 3.496508876637814, 7.920085165909882, 18.46822324667808, 2.5269252351241622, 4.383000682069372, 16.398754565538116, 3.9399903355206165, 2.2553260525132734, 18.946468853034148, 6.61399470150174, 6.676374505082929, 19.989580986250246, 6.693653794685716, 3.559488246632541, 15.906611022335118, 8.751587384412154, 2.276568930619, 14.989299058095416, 8.839235023050877, 5.435876012736408, 19.661076997192765, 11.416259276390658, 3.298951508842552, 18.767683175373637, 11.474223752300876, 6.464074521354872, 14.749374765672613, 13.71585744479491, 5.303737959086374, 15.644858239321675, 13.653373090411966, 2.1132222520994617, 17.408771605926304, 15.418286300496037, 4.29540300684391], "name": "C15H32", "identifiers": {"molecule_hash": "f0e3ae41ac778526c739b5ea0044318367ef8312", "molecular_formula": "C15H32"}, "molecular_charge": 0.0, "molecular_multiplicity": 1, "connectivity": [[0, 1, 1.0], [0, 15, 1.0], [0, 16, 1.0], [0, 17, 1.0], [1, 2, 1.0], [1, 18, 1.0], [1, 19, 1.0], [2, 3, 1.0], [2, 20, 1.0], [2, 21, 1.0], [3, 4, 1.0], [3, 22, 1.0], [3, 23, 1.0], [4, 5, 1.0], [4, 24, 1.0], [4, 25, 1.0], [5, 6, 1.0], [5, 26, 1.0], [5, 27, 1.0], [6, 7, 1.0], [6, 28, 1.0], [6, 29, 1.0], [7, 8, 1.0], [7, 30, 1.0], [7, 31, 1.0], [8, 9, 1.0], [8, 32, 1.0], [8, 33, 1.0], [9, 10, 1.0], [9, 34, 1.0], [9, 35, 1.0], [10, 11, 1.0], [10, 36, 1.0], [10, 37, 1.0], [11, 12, 1.0], [11, 38, 1.0], [11, 39, 1.0], [12, 13, 1.0], [12, 40, 1.0], [12, 41, 1.0], [13, 14, 1.0], [13, 42, 1.0], [13, 43, 1.0], [14, 44, 1.0], [14, 45, 1.0], [14, 46, 1.0]], "fix_com": true, "fix_orientation": true, "provenance": {"creator": "QCElemental", "version": "v0.22.0", "routine": "qcelemental.molparse.from_schema"}, "id": "216179"}