{"schema_name": "qcschema_molecule", "schema_version": 2, "validated": true, "symbols": ["C", "C", "C", "C", "C", "C", "C", "C", "C", "C", "C", "C", "C", "C", "C", "H", "H", "H", "H", "H", "H", "H", "H", "H", "H", "H", "H", "H", "H", "H", "H", "H", "H", "H", "H", "H", "H", "H", "H", "H", "H", "H", "H", "H", "H", "H", "H"], "geometry": [9.216142529974894, 2.7652767918412717, -1.1102230246251565e-16, 10.057671915187607, -1.5028945993913187e-15, 5.52363797771628e-16, 9.345828286232607, -1.4694603783666635, 2.39589529026315, 6.510304777207104, -1.739057573478036, 2.9424501106517145, 5.038866468605555, -3.1872474980503878, 0.9112880892629084, 2.342364690071302, -3.9220959965841717, 1.6869857140040647, 0.524040043638272, -1.7357657859557007, 2.2578123715214944, -0.0, 0.0, 0.0, -2.18049174338932, 1.8680430862937587, 0.4123660414937518, -1.8403735020935312, 3.8080918948216147, 2.542042427905315, 0.34592108047628506, 5.6641756839677715, 2.1219851053904737, 0.5254488654667608, 7.816363287038087, 4.078346878505375, 2.29330910733811, 7.358839520916053, 6.331582835910133, 1.5454239729744668, 5.218516213986105, 8.127180830577348, 3.262003987959308, 5.074549587013665, 10.446680654053978, 9.915995899796958, 3.7405089770341857, -1.663899379411665, 9.931911014749808, 3.755868080419509, 1.6505639572672615, 7.173406322339879, 2.9461597265978248, 0.0019164927505989082, 12.101578047443862, -0.06604213580342284, -0.20110492998212265, 9.298740615249796, -0.9448666192473071, -1.6576378624815287, 10.236802036701302, -0.5573710387875743, 4.009988569976843, 10.171016247976528, -3.349394741108494, 2.2764718660060006, 6.304638905135488, -2.726238253271479, 4.735355569612253, 5.680591608417908, 0.11704678800596091, 3.225889356686569, 6.0603491501942175, -4.916752684160473, 0.4672196144031642, 4.987404002992399, -2.1023835773340176, -0.8303209088780483, 2.4474839545956097, -5.1308415170951776, 3.3476193662477587, 1.52739440727583, -5.076919497327238, 0.1930209503703917, -1.2576639923876436, -2.545838883840707, 2.8910053866415955, 1.236263109955545, -0.6398310066558819, 3.84013159032944, -0.468313247845558, -1.1652890963203555, -1.6293076117967211, 1.7031299249906775, 1.0234902982152552, -0.5140332132873269, -2.5109234836112173, 2.880674539451712, -1.3472211305540225, -3.895907666772893, 0.7949798903808466, 0.780960815773962, -3.582492170558946, 4.890960358460373, 2.685985180090629, -1.632111884334135, 2.8443259016172093, 4.339395497949896, 0.10671954420731267, 6.494495300889348, 0.2565738378189173, 2.1365591554724075, 4.657902643121541, 2.0614426255660963, -1.3564021572064482, 8.276473815858681, 4.770045614996673, 1.1972580884163715, 9.50534022378249, 3.1218402069130815, 2.4030235766767625, 9.104939306064079, 7.413596782946627, 4.195254211588926, 7.008661582556687, 5.627509417345776, 1.6087923261274728, 3.4198893759515006, 7.141319359406709, -0.4012263974762704, 5.4813769678341515, 8.734832840794788, 2.7123246695338317, 3.5339048146823306, 11.685150404066716, 5.218101999261101, 4.770093139218674, 9.901949512464173, 3.1829607588877957, 6.8123348820643965, 11.536816351789433], "name": "C15H32", "identifiers": {"molecule_hash": "832bc54f09e0de8cd10f8f833a5f952ae5d4079b", "molecular_formula": "C15H32"}, "molecular_charge": 0.0, "molecular_multiplicity": 1, "connectivity": [[0, 1, 1.0], [0, 15, 1.0], [0, 16, 1.0], [0, 17, 1.0], [1, 2, 1.0], [1, 18, 1.0], [1, 19, 1.0], [2, 3, 1.0], [2, 20, 1.0], [2, 21, 1.0], [3, 4, 1.0], [3, 22, 1.0], [3, 23, 1.0], [4, 5, 1.0], [4, 24, 1.0], [4, 25, 1.0], [5, 6, 1.0], [5, 26, 1.0], [5, 27, 1.0], [6, 7, 1.0], [6, 28, 1.0], [6, 29, 1.0], [7, 8, 1.0], [7, 30, 1.0], [7, 31, 1.0], [8, 9, 1.0], [8, 32, 1.0], [8, 33, 1.0], [9, 10, 1.0], [9, 34, 1.0], [9, 35, 1.0], [10, 11, 1.0], [10, 36, 1.0], [10, 37, 1.0], [11, 12, 1.0], [11, 38, 1.0], [11, 39, 1.0], [12, 13, 1.0], [12, 40, 1.0], [12, 41, 1.0], [13, 14, 1.0], [13, 42, 1.0], [13, 43, 1.0], [14, 44, 1.0], [14, 45, 1.0], [14, 46, 1.0]], "fix_com": true, "fix_orientation": true, "provenance": {"creator": "QCElemental", "version": "v0.22.0", "routine": "qcelemental.molparse.from_schema"}, "id": "217597"}