{"schema_name": "qcschema_molecule", "schema_version": 2, "validated": true, "symbols": ["C", "C", "C", "C", "C", "C", "C", "C", "C", "C", "C", "C", "C", "C", "C", "H", "H", "H", "H", "H", "H", "H", "H", "H", "H", "H", "H", "H", "H", "H", "H", "H", "H", "H", "H", "H", "H", "H", "H", "H", "H", "H", "H", "H", "H", "H", "H"], "geometry": [5.125780013120514, 2.86367697000261, 1.5543122344752192e-15, 4.87459983953377, 5.9164557430106605e-16, 6.986560142210805e-16, 2.439694431463179, -0.9689127467728748, -1.2073612227130532, 0.0, -0.0, 0.0, -0.22171166114654567, -0.4512841524282849, 2.8405016482754037, -0.08188767829082516, -3.2254986184970806, 3.6027877291985595, -0.6410249276492542, -3.7236045168119976, 6.385346871392968, 1.2794791536379169, -2.602564661341307, 8.212646418412417, 0.7464112323976435, -3.2893479676398565, 10.956328348803005, 2.650176254898972, -2.215576241469982, 12.844729403735862, 2.6939121602233342, 0.6612734991360556, 13.17956726042458, 0.8695627981605423, 1.734899377248035, 15.146041317032477, -1.953760400505955, 1.4800737848698988, 14.596754651593162, -2.8327346208813484, 2.6179270958317407, 12.09461174404076, -2.2463764397122654, 5.41809643169826, 11.810706110116431, 4.966392214755482, 3.6305003263937885, -1.9230471332033676, 6.957769350438416, 3.4604212048407383, 0.7636762894513152, 3.653115936018011, 3.7646719111469475, 1.1506835400018347, 6.48705525592415, -0.8309122710127308, -1.0113803932303371, 5.014543429563216, -0.7060094339518043, 1.9515909708804613, 2.428628904425144, -0.4465727590754849, -3.2199887899762487, 2.4555404318329566, -3.046146447151268, -1.1656120761344382, -0.1929491965416259, 2.0351553216003375, -0.3690184281796095, -1.610457750383604, -0.9009012150541036, -0.9579040313048068, -2.0294522369742527, 0.33674789859832477, 3.5018616840072507, 1.2564405325362982, 0.6277495494444116, 3.827042558492055, 1.800930223028189, -3.985149261680464, 3.146843906354124, -1.4282303893748072, -4.303277399499504, 2.44021355810757, -0.7392831366544712, -5.776486907067288, 6.698110531202334, -2.5327471256363108, -2.986338420212622, 6.848066551960142, 3.1866755023041295, -3.2635162572254726, 7.698399610023903, 1.3173229557626769, -0.5358476404643135, 7.999413437493635, 0.7513052974478889, -5.361845343026773, 11.126644508957877, -1.1832689855275136, -2.6968641104517097, 11.442473796865125, 2.33532209930416, -3.093223481594383, 14.703821681654516, 4.54088976812466, -2.840771736896451, 12.24700042385858, 4.608195493791181, 1.212108651577413, 13.764609991317712, 2.3969958760154464, 1.6018048866684094, 11.348773262531058, 1.3198554579801325, 3.7465514584393205, 15.410221427508677, 1.2660105842246585, 0.8330587846891255, 16.977391338652613, -2.99503537538039, 2.3975236593096767, 16.146335709721434, -2.5067079592157633, -0.5207530439208155, 14.667392113460098, -4.881766420130549, 2.323897301730555, 11.922784208672848, -1.9824686454961686, 1.57739202441498, 10.50770064448962, -0.20331180609355926, 5.773921856714689, 11.75474546841714, -3.0536633538724764, 6.182487596111719, 10.061660115306275, -3.0243534535924534, 6.51335799320752, 13.394018820380008], "name": "C15H32", "identifiers": {"molecule_hash": "60547b44b77a7bb91c15373d871270d72e96ef27", "molecular_formula": "C15H32"}, "molecular_charge": 0.0, "molecular_multiplicity": 1, "connectivity": [[0, 1, 1.0], [0, 15, 1.0], [0, 16, 1.0], [0, 17, 1.0], [1, 2, 1.0], [1, 18, 1.0], [1, 19, 1.0], [2, 3, 1.0], [2, 20, 1.0], [2, 21, 1.0], [3, 4, 1.0], [3, 22, 1.0], [3, 23, 1.0], [4, 5, 1.0], [4, 24, 1.0], [4, 25, 1.0], [5, 6, 1.0], [5, 26, 1.0], [5, 27, 1.0], [6, 7, 1.0], [6, 28, 1.0], [6, 29, 1.0], [7, 8, 1.0], [7, 30, 1.0], [7, 31, 1.0], [8, 9, 1.0], [8, 32, 1.0], [8, 33, 1.0], [9, 10, 1.0], [9, 34, 1.0], [9, 35, 1.0], [10, 11, 1.0], [10, 36, 1.0], [10, 37, 1.0], [11, 12, 1.0], [11, 38, 1.0], [11, 39, 1.0], [12, 13, 1.0], [12, 40, 1.0], [12, 41, 1.0], [13, 14, 1.0], [13, 42, 1.0], [13, 43, 1.0], [14, 44, 1.0], [14, 45, 1.0], [14, 46, 1.0]], "fix_com": true, "fix_orientation": true, "provenance": {"creator": "QCElemental", "version": "v0.22.0", "routine": "qcelemental.molparse.from_schema"}, "id": "232489"}