{"schema_name": "qcschema_molecule", "schema_version": 2, "validated": true, "symbols": ["C", "C", "C", "C", "C", "C", "C", "C", "C", "C", "C", "C", "C", "C", "C", "H", "H", "H", "H", "H", "H", "H", "H", "H", "H", "H", "H", "H", "H", "H", "H", "H", "H", "H", "H", "H", "H", "H", "H", "H", "H", "H", "H", "H", "H", "H", "H"], "geometry": [0.0, 0.0, 0.0, 2.896753541074156, -2.326871751223002e-16, -2.3830703583887066e-16, 4.006167787631383, -2.562856505683465, -0.7875184095711574, 6.909767344253713, -2.790088786542692, -0.6774844815339922, 8.3419690348764, -2.0442719269609926, -3.0992548237678696, 8.289071890434892, 0.7205792271132376, -4.011120505032292, 9.961411589219846, 2.6026422531462527, -2.550588089517675, 8.93703625651184, 3.5290287352606025, -4.440892098500626e-16, 10.531819428890833, 5.634725700388648, 1.205198385220391, 13.246196573696652, 4.933334000029239, 1.9811765802554004, 13.459609607494247, 2.8372595968233645, 3.998618310456707, 13.795562687143901, 0.14997308219409256, 2.9552949561511532, 13.992797091446027, -1.8442045814146735, 5.0498899924876515, 14.665860246482334, -4.509778974916573, 4.117336728001941, 12.685308083545516, -5.687447475486468, 2.359631683334751, -0.7455387779185938, -0.42236757469440533, -1.886448470138956, -0.7480501362163597, -1.4299679493340585, 1.2994913795438092, -0.7581258101988388, 1.837275477550952, 0.5794600547560815, 3.5772924037626974, 1.4970055744566062, -1.252991767329071, 3.590750404939999, 0.4827904030425565, 1.8945792441571965, 3.3515586486658955, -3.037145744631658, -2.70090169980324, 3.186039159556122, -4.005575204467363, 0.4585058342640149, 7.385268336546689, -4.772971379361984, -0.3079145368680378, 7.626705658165292, -1.7428673908062833, 0.9577235244383195, 7.602616990351491, -3.2323790752539643, -4.632851658059406, 10.330028775544577, -2.6001663989891854, -2.8750182344108755, 6.341659163164762, 1.4220942750182375, -4.092135052781565, 8.953753972108505, 0.7099595097793205, -5.975909864203942, 11.838651180677656, 1.7594184954513805, -2.298699551643415, 10.252569903643156, 4.271735666589445, -3.7511748647124383, 7.015340623684266, 4.254527571143531, -0.28253184843139345, 8.748665104037283, 1.9581460300995777, 1.3296957333780022, 9.537824465462995, 6.3294431522022965, 2.889761511180943, 10.61694477644468, 7.237550149781409, -0.11205449985591232, 14.137352698893348, 6.657116755877199, 2.7095145078543776, 14.351191779102429, 4.398276701118448, 0.31011629261202867, 15.078429071974398, 3.243087325737271, 5.230089566040433, 11.789235663982135, 2.894516066454368, 5.231471145368211, 12.232816266766973, -0.3214621103146882, 1.687175253143005, 15.516642501005558, 0.09264040934709639, 1.7930436577589681, 15.428747094015954, -1.2352923035084102, 6.419382355143085, 12.197833359811778, -1.9166427987543355, 6.093052176009458, 16.49900936905981, -4.447268957590115, 3.1458785065479864, 14.927457987928552, -5.743639768425169, 5.763384285866539, 10.821076778447189, -5.7261141619718, 3.262176140807002, 13.188302407045303, -7.633849365570606, 1.8652254492764504, 12.497288469255066, -4.626470490446888, 0.5951783703044109], "name": "C15H32", "identifiers": {"molecule_hash": "e035da528855b71ec77bc9eb53d5bcd918055c5e", "molecular_formula": "C15H32"}, "molecular_charge": 0.0, "molecular_multiplicity": 1, "connectivity": [[0, 1, 1.0], [0, 15, 1.0], [0, 16, 1.0], [0, 17, 1.0], [1, 2, 1.0], [1, 18, 1.0], [1, 19, 1.0], [2, 3, 1.0], [2, 20, 1.0], [2, 21, 1.0], [3, 4, 1.0], [3, 22, 1.0], [3, 23, 1.0], [4, 5, 1.0], [4, 24, 1.0], [4, 25, 1.0], [5, 6, 1.0], [5, 26, 1.0], [5, 27, 1.0], [6, 7, 1.0], [6, 28, 1.0], [6, 29, 1.0], [7, 8, 1.0], [7, 30, 1.0], [7, 31, 1.0], [8, 9, 1.0], [8, 32, 1.0], [8, 33, 1.0], [9, 10, 1.0], [9, 34, 1.0], [9, 35, 1.0], [10, 11, 1.0], [10, 36, 1.0], [10, 37, 1.0], [11, 12, 1.0], [11, 38, 1.0], [11, 39, 1.0], [12, 13, 1.0], [12, 40, 1.0], [12, 41, 1.0], [13, 14, 1.0], [13, 42, 1.0], [13, 43, 1.0], [14, 44, 1.0], [14, 45, 1.0], [14, 46, 1.0]], "fix_com": true, "fix_orientation": true, "provenance": {"creator": "QCElemental", "version": "v0.22.0", "routine": "qcelemental.molparse.from_schema"}, "id": "225079"}