{"schema_name": "qcschema_molecule", "schema_version": 2, "validated": true, "symbols": ["C", "C", "C", "C", "C", "C", "C", "C", "C", "C", "C", "C", "C", "C", "C", "H", "H", "H", "H", "H", "H", "H", "H", "H", "H", "H", "H", "H", "H", "H", "H", "H", "H", "H", "H", "H", "H", "H", "H", "H", "H", "H", "H", "H", "H", "H", "H"], "geometry": [0.0, -0.0, 0.0, 2.8883006518517718, 3.736125203584589e-16, -9.863218645601788e-16, 4.005203628414929, -0.030811676004383393, -2.671569516167238, 6.916851243483853, -0.003689548206877391, -2.7879992439991903, 8.145900420625374, 2.593048552591819, -3.1899676526905223, 7.699568256342884, 4.5291211611783275, -1.0821125374181664, 9.122057554883458, 7.049960080178657, -1.4342509859028296, 11.63654001373625, 7.285225040070848, 3.1086244689504383e-15, 13.783059990053095, 5.4921667475181755, -0.7605976189323862, 14.831594985554347, 5.925021199203349, -3.422935970149945, 17.041720644445064, 4.163162700747797, -4.046044216618969, 18.299942786518386, 4.647715230632116, -6.610547992819825, 16.630558503682426, 4.097905305194551, -8.908957233319628, 18.028905010041484, 4.416766071386649, -11.419830084720754, 16.36384025869983, 3.8782684525452433, -13.717362167509274, -0.7419488468130973, -1.6489152089232137, -0.972847603542015, -0.7413855877799693, 1.6650683022469126, -0.9453528901261218, -0.7446328449180035, -0.015406026180536991, 1.9118258574296347, 3.567296774279151, -1.6496254376677046, 1.0222566367159107, 3.566007607773183, 1.634191130739185, 1.038502678708206, 3.3164030175106345, -1.720260627115127, -3.617609411698427, 3.2563722243691466, 1.5551066254078019, -3.747461510577753, 7.680220250993262, -0.8627020736130104, -1.0814736602058417, 7.5241590281434005, -1.2069123268571473, -4.337755681839854, 7.461458242743331, 3.382443688836438, -4.963014373746454, 10.161420615678598, 2.3035772557280234, -3.443300362700461, 8.2049079039099, 3.703187189606798, 0.7330908355969792, 5.689318837299413, 4.9263209895146725, -0.9810850907776294, 7.920012166138315, 8.576670647737728, -0.768934779653013, 9.407257366001126, 7.408437067609713, -3.4372033574731042, 12.308680091534391, 9.219645104840442, -0.19493959115259152, 11.251644352823575, 7.021507731435809, 2.002875923140093, 13.174547942562281, 3.539490603233124, -0.5649984264341217, 15.3154073107323, 5.735823451071885, 0.5891290048508215, 13.338962013102067, 5.680739325591938, -4.807602394122162, 15.457647635242472, 7.879235313466359, -3.587614003024496, 18.46822324667808, 4.353567680402393, -2.5773037413319373, 16.398754565538116, 2.209738500227186, -3.965737662497946, 18.946468853034148, 6.599655244537591, -6.690549536238549, 19.989580986250246, 3.4820575992381118, -6.734258131124305, 15.906611022335118, 2.175490670138288, -8.77725971969629, 14.989299058095416, 5.333576868775492, -8.901335944870036, 19.661076997192765, 3.1670751786886457, -11.453544941894826, 18.767683175373637, 6.331319239272886, -11.54800704995922, 14.749374765672613, 5.145208407761045, -13.776110199373939, 15.644858239321675, 1.9556254664051615, -13.676835674522872, 17.408771605926304, 4.117307407744288, -15.466797313775126], "name": "C15H32", "identifiers": {"molecule_hash": "f0e3ae41ac778526c739b5ea0044318367ef8312", "molecular_formula": "C15H32"}, "molecular_charge": 0.0, "molecular_multiplicity": 1, "connectivity": [[0, 1, 1.0], [0, 15, 1.0], [0, 16, 1.0], [0, 17, 1.0], [1, 2, 1.0], [1, 18, 1.0], [1, 19, 1.0], [2, 3, 1.0], [2, 20, 1.0], [2, 21, 1.0], [3, 4, 1.0], [3, 22, 1.0], [3, 23, 1.0], [4, 5, 1.0], [4, 24, 1.0], [4, 25, 1.0], [5, 6, 1.0], [5, 26, 1.0], [5, 27, 1.0], [6, 7, 1.0], [6, 28, 1.0], [6, 29, 1.0], [7, 8, 1.0], [7, 30, 1.0], [7, 31, 1.0], [8, 9, 1.0], [8, 32, 1.0], [8, 33, 1.0], [9, 10, 1.0], [9, 34, 1.0], [9, 35, 1.0], [10, 11, 1.0], [10, 36, 1.0], [10, 37, 1.0], [11, 12, 1.0], [11, 38, 1.0], [11, 39, 1.0], [12, 13, 1.0], [12, 40, 1.0], [12, 41, 1.0], [13, 14, 1.0], [13, 42, 1.0], [13, 43, 1.0], [14, 44, 1.0], [14, 45, 1.0], [14, 46, 1.0]], "fix_com": true, "fix_orientation": true, "provenance": {"creator": "QCElemental", "version": "v0.22.0", "routine": "qcelemental.molparse.from_schema"}, "id": "216179"}