{"schema_name": "qcschema_molecule", "schema_version": 2, "validated": true, "symbols": ["C", "C", "C", "C", "C", "C", "C", "C", "C", "C", "C", "C", "C", "C", "C", "H", "H", "H", "H", "H", "H", "H", "H", "H", "H", "H", "H", "H", "H", "H", "H", "H", "H", "H", "H", "H", "H", "H", "H", "H", "H", "H", "H", "H", "H", "H", "H"], "geometry": [10.988291801264614, 2.6279300660294913, 1.3322676295501878e-15, 9.78400861936639, 1.0003283926996684e-14, -4.086324828038473e-15, 9.376696577216586, -1.131740209222759, -2.637936826828575, 7.6062179816565285, 0.3445681854978564, -4.401119155500541, 4.893917578977779, 0.7370589926665476, -3.4524617910406175, 3.409759627392102, -1.715479736079498, -3.039754043771597, 0.5882069501283566, -1.333799044378516, -2.5004354438359075, 0.0, -0.0, 0.0, -2.8393440401479775, 0.13563087011955022, 0.5474503770101901, -3.5049170626196178, 1.432273026284833, 3.058114619628306, -3.1215868916221474, 4.321397000211241, 3.1753614016302225, -5.488987387470427, 5.915131961136016, 2.6356059019955174, -6.592655317495263, 5.785120081867461, -0.04352829196501551, -4.886035404377506, 6.758292426323438, -2.1765611514860312, -4.220819883953876, 9.565415673922491, -1.9859967604829567, 12.768235425824145, 2.6243999244720473, -1.0244564027018455, 11.37337573498799, 3.2534185968019886, 1.9157699479964068, 9.771270378425735, 4.0299362940092305, -0.8708032512002191, 10.992602385474711, -1.2791760234475542, 1.0608987374944787, 8.00338827154565, 0.06678417233897321, 1.0215858885474014, 11.20463596367995, -1.2975090502717161, -3.566463257987134, 8.681404761261065, -3.052480293917985, -2.4256124991382864, 8.42838805796613, 2.182735407389152, -4.805861596768466, 7.534564646160019, -0.6441522611171437, -6.203045946904297, 3.896687545372325, 1.8817860431713924, -4.840753888251589, 4.919637928867179, 1.8435331498007073, -1.724220874183437, 4.2416375311538355, -2.7919588046235266, -1.4993606067114569, 3.59641918031116, -2.8856217753563986, -4.7212815922914055, -0.3260505014172114, -3.175790277766181, -2.4937141867885577, -0.2621226137700052, -0.2800515472913845, -4.049993608046571, 0.9324588183105946, -1.0022936168657126, 1.5373749389561446, 0.796155054653048, 1.8910141148087893, -0.019951488408494922, -3.582057650109296, -1.7814080316156826, 0.5957523411831005, -3.787792040337573, 1.07114848956622, -1.0140792540420316, -5.460020804541308, 1.0060012746650515, 3.529346986395421, -2.375906761125515, 0.5518646983532001, 4.532754428201798, -2.4971489067676975, 4.8133451417049145, 5.069185773448485, -1.5911446567200267, 4.890725058711343, 1.9319343925730526, -5.064878228812413, 7.872235819724035, 3.0928039118650035, -6.958875716368816, 5.344216955413485, 3.955729868728149, -8.335129578734067, 6.878377060375309, -0.06261830562966786, -7.1447246881625075, 3.852465324908426, -0.4634023579649691, -5.849218607495047, 6.430211811605043, -3.9619472803043188, -3.154950109464745, 5.6575155899478675, -2.260475891382664, -3.0806838321646755, 9.974070403492835, -0.33146750437171857, -3.1556684830985646, 10.173959276120156, -3.630644707529904, -5.915088382889592, 10.72093983531873, -1.877852693157104], "name": "C15H32", "identifiers": {"molecule_hash": "61a3e2956e6b34bd5fbc39c7c7818c1f923cd91e", "molecular_formula": "C15H32"}, "molecular_charge": 0.0, "molecular_multiplicity": 1, "connectivity": [[0, 1, 1.0], [0, 15, 1.0], [0, 16, 1.0], [0, 17, 1.0], [1, 2, 1.0], [1, 18, 1.0], [1, 19, 1.0], [2, 3, 1.0], [2, 20, 1.0], [2, 21, 1.0], [3, 4, 1.0], [3, 22, 1.0], [3, 23, 1.0], [4, 5, 1.0], [4, 24, 1.0], [4, 25, 1.0], [5, 6, 1.0], [5, 26, 1.0], [5, 27, 1.0], [6, 7, 1.0], [6, 28, 1.0], [6, 29, 1.0], [7, 8, 1.0], [7, 30, 1.0], [7, 31, 1.0], [8, 9, 1.0], [8, 32, 1.0], [8, 33, 1.0], [9, 10, 1.0], [9, 34, 1.0], [9, 35, 1.0], [10, 11, 1.0], [10, 36, 1.0], [10, 37, 1.0], [11, 12, 1.0], [11, 38, 1.0], [11, 39, 1.0], [12, 13, 1.0], [12, 40, 1.0], [12, 41, 1.0], [13, 14, 1.0], [13, 42, 1.0], [13, 43, 1.0], [14, 44, 1.0], [14, 45, 1.0], [14, 46, 1.0]], "fix_com": true, "fix_orientation": true, "provenance": {"creator": "QCElemental", "version": "v0.22.0", "routine": "qcelemental.molparse.from_schema"}, "id": "215492"}