{"schema_name": "qcschema_molecule", "schema_version": 2, "validated": true, "symbols": ["C", "C", "C", "C", "C", "C", "C", "C", "C", "C", "C", "C", "C", "C", "C", "H", "H", "H", "H", "H", "H", "H", "H", "H", "H", "H", "H", "H", "H", "H", "H", "H", "H", "H", "H", "H", "H", "H", "H", "H", "H", "H", "H", "H", "H", "H", "H"], "geometry": [9.473807935617568, 0.7948745960313481, 2.4875934645507414e-15, 6.696145239194978, -2.4266658362799943e-15, -6.206466836029785e-16, 6.03552004706937, -1.7069257269271134, -2.239267549937874, 3.337957887095588, -2.77111277170068, -2.275010035622483, 1.1998986733352004, -0.8053677520858489, -2.510539686058634, 0.0, -0.0, 0.0, -2.0939618734455605, 1.96584364328251, -0.3495062355951172, -3.2453321670244195, 2.9633473623536544, 2.118158056270837, -4.597781463912229, 1.0164241526958528, 3.7895364683495125, -6.8897056192742125, -0.2377187558309269, 2.5406001079486313, -8.530713993740461, -1.7984362137867826, 4.35312156392725, -7.249584473133446, -4.059845002993388, 5.642200323175609, -6.347731439836079, -6.122145377901675, 3.8219247218446952, -5.1305801306461145, -8.412976545146792, 5.115459371132548, -6.943093334679515, -10.003701609683251, 6.710020179099654, 9.95075831368788, 1.8185859168409169, -1.7146983518809722, 9.899070093842512, 2.0149988269473633, 1.5937554252596706, 10.712594635226047, -0.8381909945654414, 0.11440060767611702, 5.521573738397405, 1.6831312217593795, -0.030319945915573708, 6.267570599549677, -0.9778723855747613, 1.7573283752702793, 7.346618708971118, -3.2918872281577425, -2.2601211206542944, 6.366828272141485, -0.6735457366691039, -3.98788537366075, 3.2194347618081536, -4.066626019866573, -3.864259019994599, 3.0352225009811518, -3.9184481971951293, -0.5945534358313601, 1.897956743298472, 0.8545578180749132, -3.505245835437897, -0.2883228985442705, -1.5811471178808536, -3.696632904796178, -0.7545649974610878, -1.6725591310780337, 0.9250036330535197, 1.4303260027236897, 0.7554848502986184, 1.2650164205427092, -1.3232598581017354, 3.570017817462304, -1.3801863003370811, -3.5687062473110003, 1.1859834364702617, -1.5494419415377945, -1.7548398093872033, 3.8481553400696753, 3.2253690552631835, -4.575001503536342, 4.46231498849265, 1.6547690213401167, -5.22292114461398, 1.9770018465940087, 5.497906152486695, -3.261389708923258, -0.41345443234829904, 4.407035869725578, -8.077126005046953, 1.2289469298783386, 1.7214963129815741, -6.282589702979035, -1.4091488149932092, 0.9689386601883293, -9.25659804448172, -0.5471452076763846, 5.814951979730504, -10.17446829110027, -2.4791790405594964, 3.3210532428315553, -5.661163560987659, -3.4159382795524986, 6.776634105853071, -8.59855104338838, -4.861977572758156, 6.965766164543684, -4.978764638647655, -5.326769993845368, 2.514275378967652, -7.934087006104058, -6.757830952075248, 2.6742212966399803, -4.306084220967339, -9.614621005626256, 3.6668770511281172, -3.565900172600367, -7.777983557713232, 6.289293249396945, -5.992918501893338, -11.664447098367628, 7.4510416861841975, -7.684474776623026, -8.957369699037958, 8.309264805263386, -8.538741545328888, -10.647645375998135, 5.588877105658738], "name": "C15H32", "identifiers": {"molecule_hash": "8b7b31007802153f90d4663c7fcf2164c7d36c0e", "molecular_formula": "C15H32"}, "molecular_charge": 0.0, "molecular_multiplicity": 1, "connectivity": [[0, 1, 1.0], [0, 15, 1.0], [0, 16, 1.0], [0, 17, 1.0], [1, 2, 1.0], [1, 18, 1.0], [1, 19, 1.0], [2, 3, 1.0], [2, 20, 1.0], [2, 21, 1.0], [3, 4, 1.0], [3, 22, 1.0], [3, 23, 1.0], [4, 5, 1.0], [4, 24, 1.0], [4, 25, 1.0], [5, 6, 1.0], [5, 26, 1.0], [5, 27, 1.0], [6, 7, 1.0], [6, 28, 1.0], [6, 29, 1.0], [7, 8, 1.0], [7, 30, 1.0], [7, 31, 1.0], [8, 9, 1.0], [8, 32, 1.0], [8, 33, 1.0], [9, 10, 1.0], [9, 34, 1.0], [9, 35, 1.0], [10, 11, 1.0], [10, 36, 1.0], [10, 37, 1.0], [11, 12, 1.0], [11, 38, 1.0], [11, 39, 1.0], [12, 13, 1.0], [12, 40, 1.0], [12, 41, 1.0], [13, 14, 1.0], [13, 42, 1.0], [13, 43, 1.0], [14, 44, 1.0], [14, 45, 1.0], [14, 46, 1.0]], "fix_com": true, "fix_orientation": true, "provenance": {"creator": "QCElemental", "version": "v0.22.0", "routine": "qcelemental.molparse.from_schema"}, "id": "217522"}