{"schema_name": "qcschema_molecule", "schema_version": 2, "validated": true, "symbols": ["C", "C", "C", "C", "C", "C", "C", "C", "C", "C", "C", "C", "C", "C", "C", "H", "H", "H", "H", "H", "H", "H", "H", "H", "H", "H", "H", "H", "H", "H", "H", "H", "H", "H", "H", "H", "H", "H", "H", "H", "H", "H", "H", "H", "H", "H", "H"], "geometry": [0.0, 0.0, -0.0, 2.8968435357580673, -1.0596636316483816e-17, -1.6619597617858374e-16, 4.01817257017954, 2.6697178923383755, 0.15526059222073316, 6.9129404179229095, 2.77062760221158, -0.01692353572507077, 8.285772239537962, 1.4819956883793834, 2.193420957990218, 11.15135929266962, 1.9467176108658668, 2.231170411803219, 12.5725600292494, 0.8077840371368666, -0.0229515035919358, 15.404192078217267, 1.4203544896130327, 2.3592239273284576e-16, 16.895524569825298, 0.31350917928998556, -2.2381184963533025, 15.831158809407516, 0.9578667648208778, -4.865776924784384, 15.472727262386586, 3.7901969120119396, -5.3591055918622335, 14.284638049120776, 4.33752367356337, -7.9434356989541435, 13.782038846256349, 7.151575126809624, -8.461282688648485, 12.042005928286178, 8.476521207718823, -6.543622178040897, 9.451865932218467, 7.214798913581683, -6.219918060241798, -0.7446041858358539, 0.875616158140915, 1.723796353977577, -0.7595638535968074, -1.9228603046394768, -0.10776934133851486, -0.7467630956073817, 1.0652227230479956, -1.6124382346650086, 3.591235496225535, -0.9281565759014561, -1.7222537369989288, 3.578737782473521, -1.1432444245557924, 1.587714807444582, 3.217339067880694, 3.8165956885467307, -1.378343427779162, 3.4028426138953916, 3.5656597327587938, 1.9255262179578905, 7.504759667628495, 1.9192380976744219, -1.8126557859894754, 7.509487025458759, 4.757388148919422, -0.10106585507672705, 7.471458238702974, 2.1762040647477447, 3.97250629296981, 7.929686155461032, -0.5605277957343393, 2.154070447509718, 11.94330545545173, 1.1779099687386854, 3.9884044743849785, 11.502924687090891, 3.993320969077449, 2.2881547889469416, 11.736108807035103, 1.5120598154150204, -1.7790452507947951, 12.301666039834716, -1.252089463445742, -0.04275152231289332, 15.64153695350336, 3.4801474576320954, 0.04184261203718584, 16.24077280382468, 0.722954410519655, 1.7662034900544765, 18.858272564215603, 0.9760303133605338, -2.115208261742489, 16.97093625361241, -1.7516432845047718, -2.0484955338370385, 14.010083570743689, 0.00024000790999573196, -5.125687512325889, 17.092823010655003, 0.16559654655224915, -6.309959627909032, 17.299791278410517, 4.767119052254378, -5.206262497984489, 14.271638920388302, 4.593115567824569, -3.8781264292073985, 12.509352629648332, 3.2767504602541484, -8.103674917256727, 15.52043100512535, 3.5950885284713845, -9.435697591075828, 12.949199006363795, 7.334917650787368, -10.353713459828514, 15.591959972916175, 8.16521611741382, -8.525862537389708, 12.982445194051278, 8.589495883483023, -4.700368250975033, 11.769951299415318, 10.437653316640873, -7.159171480812055, 8.483174365868678, 7.017757395849294, -8.041383799229141, 9.613639902865552, 5.325913941790736, -5.3909567855344545, 8.231564744012111, 8.330099872544695, -4.974172439856327], "name": "C15H32", "identifiers": {"molecule_hash": "9d3b7404f076d125bc9fce96b30510beecb7e336", "molecular_formula": "C15H32"}, "molecular_charge": 0.0, "molecular_multiplicity": 1, "connectivity": [[0, 1, 1.0], [0, 15, 1.0], [0, 16, 1.0], [0, 17, 1.0], [1, 2, 1.0], [1, 18, 1.0], [1, 19, 1.0], [2, 3, 1.0], [2, 20, 1.0], [2, 21, 1.0], [3, 4, 1.0], [3, 22, 1.0], [3, 23, 1.0], [4, 5, 1.0], [4, 24, 1.0], [4, 25, 1.0], [5, 6, 1.0], [5, 26, 1.0], [5, 27, 1.0], [6, 7, 1.0], [6, 28, 1.0], [6, 29, 1.0], [7, 8, 1.0], [7, 30, 1.0], [7, 31, 1.0], [8, 9, 1.0], [8, 32, 1.0], [8, 33, 1.0], [9, 10, 1.0], [9, 34, 1.0], [9, 35, 1.0], [10, 11, 1.0], [10, 36, 1.0], [10, 37, 1.0], [11, 12, 1.0], [11, 38, 1.0], [11, 39, 1.0], [12, 13, 1.0], [12, 40, 1.0], [12, 41, 1.0], [13, 14, 1.0], [13, 42, 1.0], [13, 43, 1.0], [14, 44, 1.0], [14, 45, 1.0], [14, 46, 1.0]], "fix_com": true, "fix_orientation": true, "provenance": {"creator": "QCElemental", "version": "v0.22.0", "routine": "qcelemental.molparse.from_schema"}, "id": "219115"}