{"schema_name": "qcschema_molecule", "schema_version": 2, "validated": true, "symbols": ["C", "C", "C", "C", "C", "C", "C", "C", "C", "C", "C", "C", "C", "C", "C", "H", "H", "H", "H", "H", "H", "H", "H", "H", "H", "H", "H", "H", "H", "H", "H", "H", "H", "H", "H", "H", "H", "H", "H", "H", "H", "H", "H", "H", "H", "H", "H"], "geometry": [5.115070907105262, 2.8645552038482673, 1.3322676295501878e-15, 4.873715031161852, -1.8145678628143558e-15, 2.2884278465670556e-15, 2.439316950386519, -0.976088302130983, 1.202591198366036, 0.0, 0.0, 0.0, -0.22525874447495134, -0.4178963089607499, -2.8451857747293507, -0.09973757586081478, -3.173542304555826, -3.665402614805175, -0.5060534254382247, -3.5200699405150946, -6.493869268412979, -0.6846160121956968, -6.266072494303088, -7.365270460905563, 1.633207527163714, -7.906929697171786, -6.820878740106634, 4.110177601496014, -7.143803698732512, -8.118444193853694, 4.610014234085383, -8.397740915625914, -10.672814288438733, 2.794456214281555, -7.740781670537379, -12.819261588691903, 2.5896772323008763, -4.933946009781922, -13.45108565747779, 5.081010936841052, -3.6842713456362146, -14.167963081654214, 4.756541271887375, -0.9575742435627408, -15.011460285319403, 6.947868327685212, 3.467467316522182, -0.7568733958650338, 4.946318214195165, 3.631026420870206, 1.922416782372326, 3.6437325359780104, 3.7609598945654765, -1.155779367863424, 6.4871329583159465, -0.8250603310268338, 1.0146004183275776, 5.019768980453213, -0.7064877024060899, -1.951141030038837, 2.4274680054172455, -0.46336949457760324, 3.217641016478891, 2.456453775030296, -3.053072662969125, 1.151772561970973, -1.611146399875301, -0.9093361458623033, 0.9483592258436829, -0.19495158649048275, 2.0313614341070094, 0.388757160477616, 1.2601576879886724, 0.6549444272441531, -3.832845086907967, -2.0242636363332136, 0.3963370334307441, -3.495041250718703, 1.7381120019851735, -3.9750648835588134, -3.1189585130567083, -1.5347796223060701, -4.267588326377017, -2.6240088489523625, -2.26094548579896, -2.5482377706009087, -7.040889322170129, 1.0119608014851327, -2.5352408966542863, -7.521826471303248, -1.1183272384472764, -6.293031778491925, -9.394054758427433, -2.323786212573169, -7.141029847650911, -6.4306582682053905, 1.1909748846416726, -9.872993889049663, -7.33625991849188, 1.9327819682889753, -7.938605034010732, -4.766624968683814, 5.6889965979684005, -7.651914459476542, -6.870228377941687, 4.214355543365014, -5.075259890776913, -8.310372027769509, 4.589379901717668, -10.459934657677765, -10.406221771216153, 6.5480022021865505, -7.933610510082746, -11.261684536707744, 0.9019652105372846, -8.479062253199057, -12.383848054624082, 3.41090388412829, -8.764177979004064, -14.521715635059874, 1.758222597122686, -3.9016821166359303, -11.847477209771291, 1.2449900178432807, -4.703499536782986, -15.020468457838, 6.387236878933708, -3.7521052673243505, -12.552381510838359, 5.9893030265108465, -4.783708676562641, -15.683417929230359, 3.5148267970682396, -0.8282976021904735, -16.6694221575084, 6.569373394252988, -0.08839289704076236, -15.514128396611508, 3.902682295860804, 0.19388712185523804, -13.510393874968855], "name": "C15H32", "identifiers": {"molecule_hash": "61b25cc27aeccdad0b2f455d6dac3084d1d10ba3", "molecular_formula": "C15H32"}, "molecular_charge": 0.0, "molecular_multiplicity": 1, "connectivity": [[0, 1, 1.0], [0, 15, 1.0], [0, 16, 1.0], [0, 17, 1.0], [1, 2, 1.0], [1, 18, 1.0], [1, 19, 1.0], [2, 3, 1.0], [2, 20, 1.0], [2, 21, 1.0], [3, 4, 1.0], [3, 22, 1.0], [3, 23, 1.0], [4, 5, 1.0], [4, 24, 1.0], [4, 25, 1.0], [5, 6, 1.0], [5, 26, 1.0], [5, 27, 1.0], [6, 7, 1.0], [6, 28, 1.0], [6, 29, 1.0], [7, 8, 1.0], [7, 30, 1.0], [7, 31, 1.0], [8, 9, 1.0], [8, 32, 1.0], [8, 33, 1.0], [9, 10, 1.0], [9, 34, 1.0], [9, 35, 1.0], [10, 11, 1.0], [10, 36, 1.0], [10, 37, 1.0], [11, 12, 1.0], [11, 38, 1.0], [11, 39, 1.0], [12, 13, 1.0], [12, 40, 1.0], [12, 41, 1.0], [13, 14, 1.0], [13, 42, 1.0], [13, 43, 1.0], [14, 44, 1.0], [14, 45, 1.0], [14, 46, 1.0]], "fix_com": true, "fix_orientation": true, "provenance": {"creator": "QCElemental", "version": "v0.22.0", "routine": "qcelemental.molparse.from_schema"}, "id": "230758"}