{"schema_name": "qcschema_molecule", "schema_version": 2, "validated": true, "symbols": ["C", "C", "C", "C", "C", "C", "C", "C", "C", "C", "C", "C", "C", "C", "C", "H", "H", "H", "H", "H", "H", "H", "H", "H", "H", "H", "H", "H", "H", "H", "H", "H", "H", "H", "H", "H", "H", "H", "H", "H", "H", "H", "H", "H", "H", "H", "H"], "geometry": [0.0, 0.0, -0.0, 2.8885613897406297, -5.573645079808266e-16, 4.2706307614499233e-16, 4.001009386976936, 2.67363852817083, -5.551115123125783e-16, 6.910294022808375, 2.8151557544813453, 0.03813757851588484, 8.200908170781709, 3.079256473131602, -2.5501291300270417, 7.924926781726676, 0.8815090520308029, -4.419299077315954, 9.17937997528629, -1.5866776381039103, -3.5777151224770574, 8.9701404919834, -3.6752056595288427, -5.571124686853053, 10.348615325700349, -6.136190194722726, -4.906712601083717, 9.17875291823322, -7.610170307483561, -2.7018455908217183, 10.477194162755726, -10.153108763460361, -2.1166627300601424, 12.461128229995508, -10.106531182329512, -0.0014242541162219347, 14.79756136154117, -8.47389231078993, -0.4904332409420076, 16.78741916890237, -8.71417916255181, 1.5943469848683678, 19.11451508841653, -7.0676098951442885, 1.131042610519038, -0.7416071981921967, 0.9859264118020306, 1.6411742492999475, -0.7410454267207475, 0.932142451980305, -1.672562088983677, -0.7445408463109926, -1.9116610835055121, 0.030510654674292037, 3.5613482212362, -1.0582738516960701, -1.623009304448838, 3.566759535414915, -1.0040287466416358, 1.6612729446995242, 3.2724846424324445, 3.649387193669169, 1.6558928291124881, 3.2825419712012627, 3.714626324137021, -1.6229266288705853, 7.463503870383779, 4.458203243181888, 1.1396254946103501, 7.666397982698474, 1.195016547619457, 1.0506891007412311, 10.206327382452319, 3.4103417246812304, -2.2331076482719707, 7.48327120892519, 4.785022598650731, -3.447273954150578, 8.766332779093286, 1.4646824499465607, -6.202937308096985, 5.939430680590522, 0.5447703678750551, -4.825034380303987, 11.16763473413942, -1.2277339653580717, -3.1819928251324066, 8.347325918886412, -2.2231769752427026, -1.8149637972936363, 6.983952122701452, -4.083518597558532, -5.924469819102994, 9.729300320575202, -2.9651201227548745, -7.345384995601424, 12.322305961190803, -5.719891662998731, -4.524080112296746, 10.33653385342733, -7.3523154473079835, -6.564760340279361, 7.2079261713412075, -7.964199138989621, -3.1668717054363835, 9.155755018912215, -6.457740857433015, -1.0017173213965798, 9.038754312517984, -11.511817662005827, -1.565933922499422, 11.327496887687285, -10.903389938901082, -3.8328822268254394, 13.073848882123611, -12.040612512961175, 0.3373797812171073, 11.560665490681897, -9.483265099877126, 1.740808368450864, 14.25174992602607, -6.5008723467497616, -0.660720431204856, 15.638976163653485, -9.001608942986579, -2.292759297593242, 17.365960188027113, -10.680057248620573, 1.7595293963315337, 15.944385932201945, -8.209021429799515, 3.4004711116007647, 20.036661774136167, -7.568148071971244, -0.6336790681718014, 18.60806016670712, -5.080703757159929, 1.0267799377797018, 20.490778112423357, -7.282554426222788, 2.6374286412740378], "name": "C15H32", "identifiers": {"molecule_hash": "6e0a461dd4b932c23070675fcf4821cd67924a27", "molecular_formula": "C15H32"}, "molecular_charge": 0.0, "molecular_multiplicity": 1, "connectivity": [[0, 1, 1.0], [0, 15, 1.0], [0, 16, 1.0], [0, 17, 1.0], [1, 2, 1.0], [1, 18, 1.0], [1, 19, 1.0], [2, 3, 1.0], [2, 20, 1.0], [2, 21, 1.0], [3, 4, 1.0], [3, 22, 1.0], [3, 23, 1.0], [4, 5, 1.0], [4, 24, 1.0], [4, 25, 1.0], [5, 6, 1.0], [5, 26, 1.0], [5, 27, 1.0], [6, 7, 1.0], [6, 28, 1.0], [6, 29, 1.0], [7, 8, 1.0], [7, 30, 1.0], [7, 31, 1.0], [8, 9, 1.0], [8, 32, 1.0], [8, 33, 1.0], [9, 10, 1.0], [9, 34, 1.0], [9, 35, 1.0], [10, 11, 1.0], [10, 36, 1.0], [10, 37, 1.0], [11, 12, 1.0], [11, 38, 1.0], [11, 39, 1.0], [12, 13, 1.0], [12, 40, 1.0], [12, 41, 1.0], [13, 14, 1.0], [13, 42, 1.0], [13, 43, 1.0], [14, 44, 1.0], [14, 45, 1.0], [14, 46, 1.0]], "fix_com": true, "fix_orientation": true, "provenance": {"creator": "QCElemental", "version": "v0.22.0", "routine": "qcelemental.molparse.from_schema"}, "id": "216444"}