{"schema_name": "qcschema_molecule", "schema_version": 2, "validated": true, "symbols": ["C", "C", "C", "C", "C", "C", "C", "C", "C", "C", "C", "C", "C", "C", "C", "H", "H", "H", "H", "H", "H", "H", "H", "H", "H", "H", "H", "H", "H", "H", "H", "H", "H", "H", "H", "H", "H", "H", "H", "H", "H", "H", "H", "H", "H", "H", "H"], "geometry": [5.279594302269863, 2.868730688679655, 4.440892098500626e-16, 4.924899184200347, 7.69896039358857e-16, -4.428554999100238e-16, 2.462378474305978, -0.9022635063550575, -1.2364877581490066, 0.0, 0.0, 0.0, -0.37972306329476235, -0.8870084998200805, 2.7284120077343426, -2.9685791987896035, -0.13961955163334294, 3.7854235703062464, -3.3760626054001444, -0.7938016727502122, 6.578712610699397, -3.4256686128278715, -3.633340863469187, 7.148049792392538, -4.226824072312196, -4.298531138398019, 9.852150876011752, -2.3897791440559493, -3.4268097830352087, 11.912048303603353, -3.1759856875153867, -4.324396798393813, 14.548697825463204, -1.53701633928867, -3.3098185476905844, 16.714597086248, 1.2674680907601266, -4.054070283207543, 16.657169161347063, 1.8339144225383892, -6.8968843962061035, 16.710634685442617, 0.8968311548860157, -8.25757508138146, 19.08268911266139, 3.8688320240595258, 3.816137888290279, 1.147875244784895, 5.148839773305303, 3.6296154378253194, -1.9030747895577826, 7.121537539239105, 3.3754643888465585, 0.7484516764466089, 5.045509477936854, -0.7025603732088371, 1.925670678909555, 6.4944194471670365, -0.8585667875611687, -1.0109386607065343, 2.4650352959544044, -2.95865113322574, -1.2712014636290383, 2.4611195987025734, -0.2998046153433176, -3.2031908550238453, -1.5682789795547276, -0.68735954923891, -1.138951373987818, -0.11295255161342088, 2.050503629941511, -0.0716073913824733, -0.15172077009518325, -2.9278944013508204, 2.804075791341046, 1.0843183957944935, -0.09598275408460522, 3.9352375471041556, -3.2119649573579903, 1.8891606471548341, 3.551875002657481, -4.444824955320205, -1.0251083164714059, 2.6583155942650762, -1.9166634348447837, 0.12351102407090497, 7.697040957836499, -5.162967066874489, 0.026948706835696168, 7.183125567004778, -1.5804371084239006, -4.458257981596408, 6.778464117396225, -4.7316342241330025, -4.540532566868171, 5.842893866931429, -4.438207781499668, -6.340134893502058, 9.982557798012346, -6.089646342808542, -3.5069956509751328, 10.222527225921887, -2.2609162801949276, -1.3758915941275234, 11.9173815152277, -0.5087705424270776, -4.123747697565556, 11.463573019260055, -3.2018779143651424, -6.37916958748595, 14.587196269097383, -5.1156040752879015, -3.7335271175075375, 14.89247484139886, -2.3634364828938867, -3.913287810738357, 18.495452491469877, -1.6496043946988403, -1.2562334168681275, 16.71537087597463, 2.155304358608742, -3.241219648706963, 14.993212383847286, 2.191323171570488, -3.1740122124608785, 18.270561231465276, 3.869215113012392, -7.142471747482547, 16.570080746170557, 1.042422805985007, -7.80515702151963, 15.047124877737744, -1.1489842186599457, -8.237749641443463, 19.221026388330483, 1.4935996180858835, -10.220635112292019, 19.08077493278274, 1.645668390185584, -7.379887523648912, 20.781702247978373], "name": "C15H32", "identifiers": {"molecule_hash": "5c00462aae658222f014a687654ff99adf32e27f", "molecular_formula": "C15H32"}, "molecular_charge": 0.0, "molecular_multiplicity": 1, "connectivity": [[0, 1, 1.0], [0, 15, 1.0], [0, 16, 1.0], [0, 17, 1.0], [1, 2, 1.0], [1, 18, 1.0], [1, 19, 1.0], [2, 3, 1.0], [2, 20, 1.0], [2, 21, 1.0], [3, 4, 1.0], [3, 22, 1.0], [3, 23, 1.0], [4, 5, 1.0], [4, 24, 1.0], [4, 25, 1.0], [5, 6, 1.0], [5, 26, 1.0], [5, 27, 1.0], [6, 7, 1.0], [6, 28, 1.0], [6, 29, 1.0], [7, 8, 1.0], [7, 30, 1.0], [7, 31, 1.0], [8, 9, 1.0], [8, 32, 1.0], [8, 33, 1.0], [9, 10, 1.0], [9, 34, 1.0], [9, 35, 1.0], [10, 11, 1.0], [10, 36, 1.0], [10, 37, 1.0], [11, 12, 1.0], [11, 38, 1.0], [11, 39, 1.0], [12, 13, 1.0], [12, 40, 1.0], [12, 41, 1.0], [13, 14, 1.0], [13, 42, 1.0], [13, 43, 1.0], [14, 44, 1.0], [14, 45, 1.0], [14, 46, 1.0]], "fix_com": true, "fix_orientation": true, "provenance": {"creator": "QCElemental", "version": "v0.22.0", "routine": "qcelemental.molparse.from_schema"}, "id": "216791"}