{"schema_name": "qcschema_molecule", "schema_version": 2, "validated": true, "symbols": ["C", "C", "C", "C", "C", "C", "C", "C", "C", "C", "C", "C", "C", "C", "C", "H", "H", "H", "H", "H", "H", "H", "H", "H", "H", "H", "H", "H", "H", "H", "H", "H", "H", "H", "H", "H", "H", "H", "H", "H", "H", "H", "H", "H", "H", "H", "H"], "geometry": [-0.0, -0.0, 0.0, 2.8980200621282375, 2.5408366587756873e-13, 2.5448978530111446e-13, 4.080951902202506, 1.296257274290165, -2.3161499482690817, 3.347279217599561, 4.080343379444102, -2.691256265816371, 4.052367473905935, 5.805476442280273, -0.46927757920635793, 3.768195113517846, 8.642067518309123, -1.0410133547568834, 1.128930117128896, 9.468806685379462, -1.9294590831434424, -0.9827929230395462, 8.99953403834198, 0.0, -3.615588356900485, 9.844225565484296, -0.8989167952745865, -4.642801605878378, 8.441874001185273, -3.2295430182570515, -5.059049531017013, 5.601014724288289, -2.8030135441592035, -5.973364117673536, 4.129636044695433, -5.15179945887341, -3.865739816043216, 2.806757855707793, -6.653285151130239, -1.9095970846908195, 4.558519403254293, -7.878152495417648, 0.13865342230895406, 3.1034112312311817, -9.31812229183949, -0.7467022752786789, -1.0875259463622196, 1.5951362305138017, -0.7475413217245902, -0.8390173643416969, -1.741006654816038, -0.7682959600817172, 1.914843547095368, 0.14462023378997435, 3.5757646577243656, -1.9582936293929232, 0.06907218664350756, 3.5850899835702577, 0.9007231610871178, 1.735407743834238, 3.54553259634758, 0.23553275041019694, -4.018626983114029, 6.146870201279579, 1.1578686396623814, -2.1735698792704934, 4.272647278674853, 4.778631915152969, -4.413047132555437, 1.315206007709881, 4.208640573673607, -3.0582416404175587, 6.023069849198845, 5.440191464149611, 0.07089624822847806, 2.913173743628263, 5.3112376609039575, 1.1885578695056696, 5.146607079696493, 9.164845630046631, -2.501912674792692, 4.284361699069647, 9.721322246838529, 0.6550756845113019, 1.182122676937733, 11.494525687055072, -2.3791103538848244, 0.684469150446147, 8.511629039632146, -3.709270355692324, -0.5215662754087218, 10.013410057805283, 1.7514412570226865, -1.038091209595291, 6.994483914597208, 0.5126559298972078, -4.960053312351419, 9.610680863719907, 0.6652708533069598, -3.5600745357922676, 11.877062223080886, -1.3137904410189245, -6.456211108777261, 9.295675770727179, -3.7662814474579944, -3.3858517481062176, 8.744113884459175, -4.844418959359603, -6.436714505822313, 5.383911958295892, -1.2673796373221693, -3.314701475656651, 4.723291467226837, -2.113443849642512, -7.026779370174737, 5.404004522560974, -6.407409099343887, -7.324323919208582, 2.6755727894597365, -4.5558352506607696, -4.731852658154523, 1.6426608733388832, -8.138275261184116, -2.8820045926413416, 1.483411735668921, -5.39096835151062, -1.0038976554182635, 5.723452846186919, -6.429252428823821, -2.8730194153126085, 5.8742799870886175, -9.161783268105546, 1.5130955870913765, 4.386547243168195, -10.184134178791107, 1.1749823011287743, 1.8373800879733055, -8.047830813868437, -0.6828820062529446, 1.9437548583321425, -10.82576667787746], "name": "C15H32", "identifiers": {"molecule_hash": "6355dd5a61eaeafb9622a20eb63f24b85d2c17f1", "molecular_formula": "C15H32"}, "molecular_charge": 0.0, "molecular_multiplicity": 1, "connectivity": [[0, 1, 1.0], [0, 15, 1.0], [0, 16, 1.0], [0, 17, 1.0], [1, 2, 1.0], [1, 18, 1.0], [1, 19, 1.0], [2, 3, 1.0], [2, 20, 1.0], [2, 21, 1.0], [3, 4, 1.0], [3, 22, 1.0], [3, 23, 1.0], [4, 5, 1.0], [4, 24, 1.0], [4, 25, 1.0], [5, 6, 1.0], [5, 26, 1.0], [5, 27, 1.0], [6, 7, 1.0], [6, 28, 1.0], [6, 29, 1.0], [7, 8, 1.0], [7, 30, 1.0], [7, 31, 1.0], [8, 9, 1.0], [8, 32, 1.0], [8, 33, 1.0], [9, 10, 1.0], [9, 34, 1.0], [9, 35, 1.0], [10, 11, 1.0], [10, 36, 1.0], [10, 37, 1.0], [11, 12, 1.0], [11, 38, 1.0], [11, 39, 1.0], [12, 13, 1.0], [12, 40, 1.0], [12, 41, 1.0], [13, 14, 1.0], [13, 42, 1.0], [13, 43, 1.0], [14, 44, 1.0], [14, 45, 1.0], [14, 46, 1.0]], "fix_com": true, "fix_orientation": true, "provenance": {"creator": "QCElemental", "version": "v0.22.0", "routine": "qcelemental.molparse.from_schema"}, "id": "221816"}