{"schema_name": "qcschema_molecule", "schema_version": 2, "validated": true, "symbols": ["C", "C", "C", "C", "C", "C", "C", "C", "C", "C", "C", "C", "C", "C", "C", "H", "H", "H", "H", "H", "H", "H", "H", "H", "H", "H", "H", "H", "H", "H", "H", "H", "H", "H", "H", "H", "H", "H", "H", "H", "H", "H", "H", "H", "H", "H", "H"], "geometry": [0.0, 0.0, -0.0, 2.8747050587402203, 8.855153663518119e-17, -6.696698442984029e-17, 4.051735410489771, 0.493301532436607, -2.587763731251954, 3.283894779566789, 2.986912246819198, -3.829362506624872, 3.7192279850670387, 5.34681849239366, -2.228803719196172, 6.454605926236138, 5.774339544128363, -1.443291560892707, 6.8340237233185235, 8.235710948078953, 8.881784197001252e-16, 9.585322682049835, 8.89045011476105, 0.5774299302717418, 11.025785485715598, 6.955962384580252, 2.1723922491132854, 10.057391241744991, 6.5004606608369535, 4.866116235215238, 11.264935598725055, 8.14350447172496, 6.91288086377595, 10.762727407436232, 10.982590234612049, 6.7630097547534165, 7.982994904619039, 11.751222766110885, 6.8048876265961855, 6.528563926348587, 10.85416885623923, 9.120544865289038, 3.8387360814533595, 11.858921618275259, 9.203870938815326, -0.7546622739951014, -0.4953225372427861, 1.865649263438769, -0.7495967813300848, -1.3728277601295769, -1.3656831585223006, -0.7697083752811403, 1.8593480881919715, -0.5045568580734159, 3.561392189184719, -1.831419357131148, 0.6982978516178069, 3.56643586412148, 1.412485437293817, 1.3615437309081007, 3.5418217025289884, -1.0618308404296315, -3.870338507196655, 6.119947684215368, 0.4156198588427882, -2.405544664937219, 4.325289697695919, 3.179583681650202, -5.618341129174807, 1.2760734072506454, 2.904748912776438, -4.356116766488574, 2.5254618671968307, 5.270633209535813, -0.5252666933209675, 3.0589112159355145, 7.00381599466123, -3.296533890329342, 7.098995469552775, 4.175731987568522, -0.2822805065310745, 7.665273102199567, 5.77618763370279, -3.1388932010474098, 6.012960921761173, 9.792725492987593, -1.106750392839988, 5.725221689442085, 8.166777993176833, 1.7597607073541108, 9.648600516476895, 10.754562093429811, 1.4862095533409327, 10.594813026246047, 9.112911037897488, -1.2273885230300503, 13.02203718510386, 7.531846372838485, 2.2720549828078647, 11.032197169332175, 5.1509472309640465, 1.146436150796542, 10.431152744235192, 4.522405998225945, 5.3725654260310005, 7.987404315681408, 6.694763260787401, 4.929072156409841, 13.321580684635888, 7.839455906602019, 6.869224978552331, 10.639733390029823, 7.444077684764096, 8.767040224530891, 11.657291982354508, 11.760978153684526, 5.057128213619627, 11.730754351705677, 11.89433516652551, 8.362179079164017, 7.024183343518136, 11.04964510931941, 5.096989857173762, 7.866259978403924, 13.824689862672976, 6.698309898220301, 6.486489595036977, 8.776242262197382, 9.157723960296618, 7.5478605967276025, 11.435677912039022, 10.839044756359876, 3.8141683468182377, 13.93390127606818, 9.239377315324003, 2.820420958933579, 11.189143239287455, 10.879861088374785, 2.7630289386126208, 11.25808428323416, 7.533545391224024], "name": "C15H32", "identifiers": {"molecule_hash": "61b25cc27aeccdad0b2f455d6dac3084d1d10ba3", "molecular_formula": "C15H32"}, "molecular_charge": 0.0, "molecular_multiplicity": 1, "connectivity": [[0, 1, 1.0], [0, 15, 1.0], [0, 16, 1.0], [0, 17, 1.0], [1, 2, 1.0], [1, 18, 1.0], [1, 19, 1.0], [2, 3, 1.0], [2, 20, 1.0], [2, 21, 1.0], [3, 4, 1.0], [3, 22, 1.0], [3, 23, 1.0], [4, 5, 1.0], [4, 24, 1.0], [4, 25, 1.0], [5, 6, 1.0], [5, 26, 1.0], [5, 27, 1.0], [6, 7, 1.0], [6, 28, 1.0], [6, 29, 1.0], [7, 8, 1.0], [7, 30, 1.0], [7, 31, 1.0], [8, 9, 1.0], [8, 32, 1.0], [8, 33, 1.0], [9, 10, 1.0], [9, 34, 1.0], [9, 35, 1.0], [10, 11, 1.0], [10, 36, 1.0], [10, 37, 1.0], [11, 12, 1.0], [11, 38, 1.0], [11, 39, 1.0], [12, 13, 1.0], [12, 40, 1.0], [12, 41, 1.0], [13, 14, 1.0], [13, 42, 1.0], [13, 43, 1.0], [14, 44, 1.0], [14, 45, 1.0], [14, 46, 1.0]], "fix_com": true, "fix_orientation": true, "provenance": {"creator": "QCElemental", "version": "v0.22.0", "routine": "qcelemental.molparse.from_schema"}, "id": "230758"}