{"schema_name": "qcschema_molecule", "schema_version": 2, "validated": true, "symbols": ["C", "C", "C", "C", "C", "C", "C", "C", "C", "C", "C", "C", "C", "C", "C", "H", "H", "H", "H", "H", "H", "H", "H", "H", "H", "H", "H", "H", "H", "H", "H", "H", "H", "H", "H", "H", "H", "H", "H", "H", "H", "H", "H", "H", "H", "H", "H"], "geometry": [0.0, 0.0, 0.0, 2.8984714001273577, -1.5228408406399823e-16, -1.6159630044373653e-16, 4.081441374967813, 2.6533861812497506, -4.440892098500626e-16, 3.363352864569142, 4.332042609758908, 2.2645865310464917, 3.9024739012980576, 3.1852228246002383, 4.877734737336451, 6.683718459761598, 2.520177714768164, 5.343454668300429, 7.149640574815129, 1.457140055164834, 7.997411735609825, 9.936898696993781, 0.9186407646534569, 8.61682737462895, 11.287039287446799, -0.9255393612726155, 6.813117885759885, 10.174050000912455, -3.6142257832209035, 6.608858068697813, 11.241275446097237, -5.55845715104202, 8.490937194342655, 10.738831227499386, -5.070696804014197, 11.311830413694027, 7.943592931103494, -4.861041267890149, 12.069501154784033, 6.343787984640566, -7.193811506601717, 11.437252928516441, 3.614218666679643, -6.960525489502813, 12.378898656151396, -0.7461931079550935, -1.9260027565108513, -0.1371618571888853, -0.743697392000688, 1.0802444706054304, -1.6045405362944123, -0.7673585137507661, 0.8418980482548083, 1.727356088864931, 3.576420720903505, -1.0189888522079698, -1.6736866395565793, 3.586021585410735, -1.0754834126049349, 1.6338256280626464, 3.524275646115585, 3.6342044528328143, -1.7423017507343044, 6.1432412825316, 2.4629183197384954, -0.09149146067971614, 4.385712774572468, 6.129960560493458, 2.0946789219791495, 1.350250792839145, 4.813405674929302, 2.153042250831776, 2.74586014756776, 1.4846230071423716, 5.150730501013702, 3.2778476881491247, 4.529412381705458, 6.329890971590655, 7.308217661540814, 1.1420771831055114, 3.9306168847610907, 7.855769990011549, 4.211990316620986, 5.057214016403849, 6.417952583309911, 2.7984416540251797, 9.401605769185624, 6.020961305349963, -0.26668361575986665, 8.233352652291943, 10.060306246401318, 0.22812915965519664, 10.563872732925146, 10.974964613775066, 2.716078104115936, 8.584195105602031, 13.27698532769265, -1.0680628031418387, 7.384882922972761, 11.317068481072065, -0.07272858844710228, 4.926010575599637, 10.564825368772109, -4.336870046905304, 4.705779554082718, 8.108706503210309, -3.5469618497994486, 6.754170478931282, 13.294383685389418, -5.676363675556253, 8.210550075548555, 10.49944885206395, -7.42747347170314, 7.987083486962588, 11.727164655639653, -3.3484228679326185, 11.903787409255813, 11.605415033047924, -6.6161671481590325, 12.393565315627058, 7.088852206801829, -3.1988558567763468, 11.176370109364946, 7.841518172633498, -4.515040150000327, 14.113626754745454, 6.330874738692899, -7.502487754190119, 9.388179427312021, 7.226807812138308, -8.878139521284876, 12.269259005289438, 3.5511543576606748, -6.719271907720357, 14.435522807234697, 2.500316944656082, -8.640046941481728, 11.905449075368818, 2.6734782663199796, -5.320639309575727, 11.530848814872597], "name": "C15H32", "identifiers": {"molecule_hash": "00865eb0779d20a5569fd35a2884bf1b96d289d8", "molecular_formula": "C15H32"}, "molecular_charge": 0.0, "molecular_multiplicity": 1, "connectivity": [[0, 1, 1.0], [0, 15, 1.0], [0, 16, 1.0], [0, 17, 1.0], [1, 2, 1.0], [1, 18, 1.0], [1, 19, 1.0], [2, 3, 1.0], [2, 20, 1.0], [2, 21, 1.0], [3, 4, 1.0], [3, 22, 1.0], [3, 23, 1.0], [4, 5, 1.0], [4, 24, 1.0], [4, 25, 1.0], [5, 6, 1.0], [5, 26, 1.0], [5, 27, 1.0], [6, 7, 1.0], [6, 28, 1.0], [6, 29, 1.0], [7, 8, 1.0], [7, 30, 1.0], [7, 31, 1.0], [8, 9, 1.0], [8, 32, 1.0], [8, 33, 1.0], [9, 10, 1.0], [9, 34, 1.0], [9, 35, 1.0], [10, 11, 1.0], [10, 36, 1.0], [10, 37, 1.0], [11, 12, 1.0], [11, 38, 1.0], [11, 39, 1.0], [12, 13, 1.0], [12, 40, 1.0], [12, 41, 1.0], [13, 14, 1.0], [13, 42, 1.0], [13, 43, 1.0], [14, 44, 1.0], [14, 45, 1.0], [14, 46, 1.0]], "fix_com": true, "fix_orientation": true, "provenance": {"creator": "QCElemental", "version": "v0.22.0", "routine": "qcelemental.molparse.from_schema"}, "id": "227163"}