{"schema_name": "qcschema_molecule", "schema_version": 2, "validated": true, "symbols": ["C", "C", "C", "C", "C", "C", "C", "C", "C", "C", "C", "C", "C", "C", "C", "H", "H", "H", "H", "H", "H", "H", "H", "H", "H", "H", "H", "H", "H", "H", "H", "H", "H", "H", "H", "H", "H", "H", "H", "H", "H", "H", "H", "H", "H", "H", "H"], "geometry": [0.0, 0.0, -0.0, 2.8747050587402203, 1.0214740914395371e-16, -4.3495499183892943e-17, 4.051735410489771, 1.1060833667231906, -2.39090926564469, 3.283894779566789, 3.8263443576998735, -2.9907776302562485, 3.7192279850670387, 5.727698778381956, -0.8657370925560186, 6.454605926236138, 5.951981829662173, 1.3322676295501878e-15, 6.8340237233185235, 7.989908699738487, 1.9970713032214866, 9.585322682049835, 8.485086037344926, 2.71603451861028, 11.025785485715598, 6.221573641255397, 3.794301280359657, 10.057391241744991, 5.126467691861944, 6.297174368080481, 11.264935598725055, 6.224154970047307, 8.681271901432392, 10.762727407436232, 9.014847779945786, 9.224321585281618, 7.982994904619039, 9.750384844373768, 9.451334693892235, 6.528563926348587, 8.318582352463931, 11.480353123697006, 3.8387360814533595, 9.273141682410087, 11.80483399056142, -0.7546622739951014, -0.9329390630416389, 1.6898568858697003, -0.7495967813300848, -1.0006909993176016, -1.6578190710504503, -0.7697083752811403, 1.9262037713319091, -0.038625993822644644, 3.561392189184719, -1.946088705155114, 0.2333570288557958, 3.56643586412148, 1.0401688238716438, 1.6634197484663147, 3.5418217025289884, -0.09162408781476628, -4.012307306339937, 6.119947684215368, 0.9865340097700879, -2.2329656624407304, 4.325289697695919, 4.447073408870733, -4.679641816262047, 1.2760734072506454, 3.8743655038096647, -3.5217341569812537, 2.5254618671968307, 5.240697912526635, 0.7684822172393451, 3.0589112159355145, 7.59415476986524, -1.4997958222689634, 7.098995469552775, 4.11955347245594, 0.7387144942036845, 7.665273102199567, 6.36493991739231, -1.6445467324793954, 6.012960921761173, 9.768827799706674, 1.3009121541205748, 5.725221689442085, 7.496310071654897, 3.6875948593344954, 9.648600516476895, 10.073192624854432, 4.04971789146572, 10.594813026246047, 9.138556471125586, 1.0190268863717256, 13.02203718510386, 6.7561027098586806, 4.030635161210017, 11.032197169332175, 4.719214115195224, 2.361269014528318, 10.431152744235192, 3.0846413809477258, 6.308851149038039, 7.987404315681408, 5.299705021235805, 6.405367602953911, 13.321580684635888, 5.939767092086596, 8.565190459603903, 10.639733390029823, 5.095989511168593, 10.310488726408906, 11.657291982354508, 10.18366192842041, 7.758104319231149, 11.730754351705677, 9.511599502105195, 10.996850590837633, 7.024183343518136, 9.483893242953153, 7.6242856453772845, 7.866259978403924, 11.787811391047185, 9.850731338372157, 6.486489595036977, 6.293657828035073, 11.012547730719858, 7.5478605967276025, 8.466018008537786, 13.288572519927925, 3.8141683468182377, 11.27758177969444, 12.342440891024848, 2.820420958933579, 8.216943864859498, 13.268388645701174, 2.7630289386126208, 9.095272857062112, 10.038664231142807], "name": "C15H32", "identifiers": {"molecule_hash": "61b25cc27aeccdad0b2f455d6dac3084d1d10ba3", "molecular_formula": "C15H32"}, "molecular_charge": 0.0, "molecular_multiplicity": 1, "connectivity": [[0, 1, 1.0], [0, 15, 1.0], [0, 16, 1.0], [0, 17, 1.0], [1, 2, 1.0], [1, 18, 1.0], [1, 19, 1.0], [2, 3, 1.0], [2, 20, 1.0], [2, 21, 1.0], [3, 4, 1.0], [3, 22, 1.0], [3, 23, 1.0], [4, 5, 1.0], [4, 24, 1.0], [4, 25, 1.0], [5, 6, 1.0], [5, 26, 1.0], [5, 27, 1.0], [6, 7, 1.0], [6, 28, 1.0], [6, 29, 1.0], [7, 8, 1.0], [7, 30, 1.0], [7, 31, 1.0], [8, 9, 1.0], [8, 32, 1.0], [8, 33, 1.0], [9, 10, 1.0], [9, 34, 1.0], [9, 35, 1.0], [10, 11, 1.0], [10, 36, 1.0], [10, 37, 1.0], [11, 12, 1.0], [11, 38, 1.0], [11, 39, 1.0], [12, 13, 1.0], [12, 40, 1.0], [12, 41, 1.0], [13, 14, 1.0], [13, 42, 1.0], [13, 43, 1.0], [14, 44, 1.0], [14, 45, 1.0], [14, 46, 1.0]], "fix_com": true, "fix_orientation": true, "provenance": {"creator": "QCElemental", "version": "v0.22.0", "routine": "qcelemental.molparse.from_schema"}, "id": "230758"}