{"schema_name": "qcschema_molecule", "schema_version": 2, "validated": true, "symbols": ["C", "C", "C", "C", "C", "C", "C", "C", "C", "C", "C", "C", "C", "C", "C", "H", "H", "H", "H", "H", "H", "H", "H", "H", "H", "H", "H", "H", "H", "H", "H", "H", "H", "H", "H", "H", "H", "H", "H", "H", "H", "H", "H", "H", "H", "H", "H"], "geometry": [12.139920729821885, 2.7463417420258063, 5.551115123125783e-16, 11.292203066676013, -5.412563366266976e-16, 3.935004406920237e-15, 10.172173468471993, -0.8863407550480845, -2.5083791883658866, 7.912420319116158, 0.6345842016156392, -3.459966353896905, 5.697397788814005, 0.7540475010425955, -1.6276790609849634, 3.403704205764642, 2.104022962547962, -2.7239161447527875, 1.224536216277384, 2.4573832555234136, -0.871410340954199, 0.0, 0.0, 0.0, -2.3324333800169423, 0.35940740348573, 1.654080456720874, -1.8105044605080023, 1.5740578741595033, 4.210829474688427, -4.152713435634606, 1.740574850322326, 5.873510205954749, -3.7466661454858237, 3.106936013594188, 8.381263027948103, -1.7130962333992181, 1.9674951334138846, 10.088647450518426, -2.048294403864173, -0.8337334210489247, 10.692783376098747, -4.546851149190089, -1.4661037240792791, 11.965302690519476, 10.541126771666637, 4.041971078753532, -0.26563539258381963, 13.497979647290924, 3.115408986079458, -1.526739174152825, 13.054086429919721, 3.253328933128669, 1.789597016777439, 9.911282537881082, -0.2943034104863564, 1.5254031336685068, 12.907721938921483, -1.21948737810711, 0.46499458787503767, 9.61331779428891, -2.880231817574777, -2.319080348191276, 11.659062298092064, -0.8442969590729044, -3.96138375940233, 7.262737771325772, -0.19565986553615367, -5.251656519846327, 8.51045475299506, 2.5709331023203488, -3.928940460585228, 5.183651282526009, -1.1789748763387706, -1.0569697004779086, 6.277587891196561, 1.7305912456053878, 0.11660215788419903, 4.002622975153483, 3.968799690475036, -3.4211305666279612, 2.727573694137548, 1.0620814437110047, -4.3946325643989645, 1.9095520973856663, 3.5287650148600367, 0.7739646734689875, -0.2328297963121524, 3.6448046727327377, -1.7610219265752112, 1.3866502599041874, -1.1529039833678227, 1.035562505408127, -0.5265862132351414, -1.1090107704510799, -1.6787148515158914, -3.2251404219774042, -1.4913711584858667, 1.9702182201552503, -3.7378754823732097, 1.500717769594689, 0.6262077819695759, -1.0303256016443876, 3.484217350149752, 3.948719802075696, -0.3309127287440888, 0.47941505269249607, 5.182609180005941, -4.87473611705241, -0.17976904666510474, 6.224934607552951, -5.657190775621785, 2.7159861538117274, 4.821515410538656, -5.553357407690042, 3.169338590613172, 9.40468617848327, -3.249479798591903, 5.089436148848604, 8.00083797618121, 0.15447002605993015, 2.2441611147752196, 9.221170585539108, -1.6717169094401012, 3.0428380311452825, 11.867913266072417, -0.48146930486717654, -1.4372580917145794, 11.91524890139459, -1.8594401720164093, -1.9506441180532699, 8.948247827803652, -6.1621198856478605, -1.0680063181724053, 10.72562824437898, -4.644604082375253, -3.470400978440286, 12.483717941146264, -4.8072079696936, -0.3547944624837598, 13.699941381922168], "name": "C15H32", "identifiers": {"molecule_hash": "a105dd5e88b6a435cf6b5138a04f08e8871ba2f5", "molecular_formula": "C15H32"}, "molecular_charge": 0.0, "molecular_multiplicity": 1, "connectivity": [[0, 1, 1.0], [0, 15, 1.0], [0, 16, 1.0], [0, 17, 1.0], [1, 2, 1.0], [1, 18, 1.0], [1, 19, 1.0], [2, 3, 1.0], [2, 20, 1.0], [2, 21, 1.0], [3, 4, 1.0], [3, 22, 1.0], [3, 23, 1.0], [4, 5, 1.0], [4, 24, 1.0], [4, 25, 1.0], [5, 6, 1.0], [5, 26, 1.0], [5, 27, 1.0], [6, 7, 1.0], [6, 28, 1.0], [6, 29, 1.0], [7, 8, 1.0], [7, 30, 1.0], [7, 31, 1.0], [8, 9, 1.0], [8, 32, 1.0], [8, 33, 1.0], [9, 10, 1.0], [9, 34, 1.0], [9, 35, 1.0], [10, 11, 1.0], [10, 36, 1.0], [10, 37, 1.0], [11, 12, 1.0], [11, 38, 1.0], [11, 39, 1.0], [12, 13, 1.0], [12, 40, 1.0], [12, 41, 1.0], [13, 14, 1.0], [13, 42, 1.0], [13, 43, 1.0], [14, 44, 1.0], [14, 45, 1.0], [14, 46, 1.0]], "fix_com": true, "fix_orientation": true, "provenance": {"creator": "QCElemental", "version": "v0.22.0", "routine": "qcelemental.molparse.from_schema"}, "id": "219959"}