{"schema_name": "qcschema_molecule", "schema_version": 2, "validated": true, "symbols": ["C", "C", "C", "C", "C", "C", "C", "C", "C", "C", "C", "C", "C", "C", "C", "H", "H", "H", "H", "H", "H", "H", "H", "H", "H", "H", "H", "H", "H", "H", "H", "H", "H", "H", "H", "H", "H", "H", "H", "H", "H", "H", "H", "H", "H", "H", "H"], "geometry": [9.467447254623723, 1.5138095581979076, -1.1102230246251565e-16, 7.026170192503759, 3.375522763369181e-15, -1.130010780518924e-15, 6.761190671876888, -1.6850252946634874, -2.322957138462542, 4.398969786862278, -3.358674590078874, -2.3845565857820765, 2.1080524788103743, -2.2411360285218676, -3.7462059116323645, 1.0265922759247308, 0.20907914343065792, -2.6793708058718217, -0.0, 0.0, 0.0, -1.0831983934851404, 2.478623670547898, 0.9853215459275511, -2.239953099417397, 2.3166996037799783, 3.619702180288125, -0.3302615773830929, 1.8725856867645954, 5.734736280409639, -1.5079936091100996, 1.6276897652951743, 8.370915851810214, -1.9855408285988245, -1.0779657188407668, 9.253414162167825, -3.7444768048821695, -2.64062901536373, 7.598434152712956, -4.306313054869759, -5.242959556934905, 8.68744342783772, -6.04551095351511, -6.813435370462175, 7.027209400561016, 11.123450739450321, 0.26470716617922646, -0.07510427824807105, 9.568757425688794, 2.7727139016412434, -1.6469596091394485, 9.641350981643393, 2.6878600535805806, 1.6987515849285764, 5.412829076828214, 1.2982772061826966, 0.14217831957607924, 6.946418454656577, -1.192873100702279, 1.702808000899185, 8.45021457181085, -2.893384658364603, -2.415613177948577, 6.824269812594087, -0.5103475342791614, -4.042313182994285, 4.865356843309302, -5.140145905755574, -3.3421637612780586, 3.8906334700766734, -3.89765653903166, -0.4408964332666321, 0.6018158781416656, -3.6752593914268505, -3.779052342414941, 2.6278192864918974, -1.9206944771333987, -5.733859717465256, -0.5022129800819298, 0.8551350188245173, -3.931985504941003, 2.4680483832851534, 1.7074302156720433, -2.7552907729000484, -1.4784087061004927, -1.4662577507325238, 0.053815029986214014, 1.502786491457846, -0.6608051236317829, 1.2721449454999627, 0.4119129421162411, 3.92879219232575, 0.9768008855344066, -2.5294495060677344, 3.149311986157204, -0.34880669680236676, -3.6853647750366396, 0.8238572184411991, 3.6382118885453205, -3.253389334349139, 4.08567586226275, 4.024646735897362, 1.0176317386163998, 3.454390816776179, 5.717668626359175, 0.7998130285349314, 0.17143216454120536, 5.339326399669911, -0.265610134205129, 2.5332607537024847, 9.76439496717977, -3.291110524835255, 2.7001583546133303, 8.425767551754275, -2.7593065681587694, -1.0210350111023767, 11.18315628777554, -0.15952476136718285, -2.0668423109848155, 9.40702570332725, -2.911029326867933, -2.8701178249977666, 5.706089710966828, -5.532989432569154, -1.6112059850856109, 7.316873890496655, -5.150762928623743, -5.0243187382857855, 10.575455062405473, -2.515266256897509, -6.2587151210486685, 8.981810525544809, -7.872606387354631, -5.868561078199892, 6.751163081463503, -5.21708229838363, -7.11712461536802, 5.148686833501023, -6.420921148119479, -8.675439180399625, 7.855755406173481], "name": "C15H32", "identifiers": {"molecule_hash": "f4ffcf7bc8f45b520c6aa6fe3a03f6a7d6590ab9", "molecular_formula": "C15H32"}, "molecular_charge": 0.0, "molecular_multiplicity": 1, "connectivity": [[0, 1, 1.0], [0, 15, 1.0], [0, 16, 1.0], [0, 17, 1.0], [1, 2, 1.0], [1, 18, 1.0], [1, 19, 1.0], [2, 3, 1.0], [2, 20, 1.0], [2, 21, 1.0], [3, 4, 1.0], [3, 22, 1.0], [3, 23, 1.0], [4, 5, 1.0], [4, 24, 1.0], [4, 25, 1.0], [5, 6, 1.0], [5, 26, 1.0], [5, 27, 1.0], [6, 7, 1.0], [6, 28, 1.0], [6, 29, 1.0], [7, 8, 1.0], [7, 30, 1.0], [7, 31, 1.0], [8, 9, 1.0], [8, 32, 1.0], [8, 33, 1.0], [9, 10, 1.0], [9, 34, 1.0], [9, 35, 1.0], [10, 11, 1.0], [10, 36, 1.0], [10, 37, 1.0], [11, 12, 1.0], [11, 38, 1.0], [11, 39, 1.0], [12, 13, 1.0], [12, 40, 1.0], [12, 41, 1.0], [13, 14, 1.0], [13, 42, 1.0], [13, 43, 1.0], [14, 44, 1.0], [14, 45, 1.0], [14, 46, 1.0]], "fix_com": true, "fix_orientation": true, "provenance": {"creator": "QCElemental", "version": "v0.22.0", "routine": "qcelemental.molparse.from_schema"}, "id": "229775"}