{"schema_name": "qcschema_molecule", "schema_version": 2, "validated": true, "symbols": ["C", "C", "C", "C", "C", "C", "C", "C", "C", "C", "C", "C", "C", "C", "C", "H", "H", "H", "H", "H", "H", "H", "H", "H", "H", "H", "H", "H", "H", "H", "H", "H", "H", "H", "H", "H", "H", "H", "H", "H", "H", "H", "H", "H", "H", "H", "H"], "geometry": [0.0, 0.0, 0.0, 2.8904891353666167, -4.2931605224698673e-16, -2.744140735940159e-16, 4.089050066454886, 1.6266422282710638, -2.0793835993516523, 3.5214418134277223, 4.468883848476921, -1.9741133138802347, 4.478507307822501, 5.786040036987492, 0.42111718135242615, 4.396470678624114, 8.682995597986688, 0.30385921134433547, 1.7754672920739827, 9.887237355292502, 1.7763568394002505e-15, -0.03767494589552933, 9.367750695626636, 2.1972406266375195, -2.459619378520273, 10.963347518288575, 2.147936344822834, -4.216606591731154, 10.58298829926312, -0.12875294128700254, -5.355775132303155, 7.924645839078056, -0.32081956736216943, -7.362465437053779, 7.594154013124052, -2.407793995929959, -6.4100708540836875, 6.591786060713403, -4.957290643781641, -4.580200959177914, 8.305068465232049, -6.399763437607212, -3.942710205623682, 7.276718713138168, -9.023416443463091, -0.7292328922931108, -1.308232198249045, 1.4022059775069646, -0.7392931740901482, -0.5705306566412289, -1.829179426521651, -0.767764147365945, 1.8517789381575869, 0.43237310419254005, 3.548727851108964, -1.9309055635939614, -0.24633824635867763, 3.5734720669334408, 0.5961568617657611, 1.8424560349390822, 3.4758670350208334, 0.906847440700085, -3.906113009188251, 6.127791091114976, 1.363645870300197, -2.0184058595779244, 4.405982051624795, 5.349674170540225, -3.6090845998154966, 1.5041810475810573, 4.7803035274506, -2.1922003045481535, 6.430484285188464, 5.22344099644331, 0.7452777393225682, 3.4256556772537925, 5.128766002967595, 2.055826422305278, 5.583459013290582, 9.306915875376685, -1.255500304906199, 5.264000382696896, 9.428234329783164, 2.013167855173469, 2.0317284300749474, 11.920927315183132, -0.17336800885811776, 0.9343617706277574, 9.274565734133768, -1.7689668830426717, 0.9407918124426587, 9.762171890859282, 3.963279695726284, -0.5209841797970021, 7.373963819778419, 2.2575743189078734, -3.524585939939111, 10.58227493056673, 3.865895749713607, -1.9324615954986604, 12.949417021882962, 2.2351780718777654, -5.759762394872624, 11.931540463155445, 0.039705685556182146, -3.2339569874903087, 11.072623981768428, -1.8600393136675493, -6.219766855256089, 7.486110875450715, 1.4923579271833418, -3.871770922768727, 6.528236927143443, -0.5861668812296967, -8.350521702776176, 9.374454392996212, -2.7006890036121947, -8.782689257491967, 6.2712725136424945, -1.7356150198494653, -8.048589817614289, 6.241759307796713, -6.150769920707274, -5.521334899737098, 4.758784323114882, -4.664046410694918, -2.8410394718841276, 8.53073081325196, -5.33421629326369, -5.398417572634044, 10.18244001748439, -6.583562334417991, -2.628836408959506, 8.50819203797178, -10.006650945489792, -3.081949209971311, 5.416706052694801, -8.900174460379308, -5.628229270878587, 7.106712890455965, -10.183013314858556], "name": "C15H32", "identifiers": {"molecule_hash": "832bc54f09e0de8cd10f8f833a5f952ae5d4079b", "molecular_formula": "C15H32"}, "molecular_charge": 0.0, "molecular_multiplicity": 1, "connectivity": [[0, 1, 1.0], [0, 15, 1.0], [0, 16, 1.0], [0, 17, 1.0], [1, 2, 1.0], [1, 18, 1.0], [1, 19, 1.0], [2, 3, 1.0], [2, 20, 1.0], [2, 21, 1.0], [3, 4, 1.0], [3, 22, 1.0], [3, 23, 1.0], [4, 5, 1.0], [4, 24, 1.0], [4, 25, 1.0], [5, 6, 1.0], [5, 26, 1.0], [5, 27, 1.0], [6, 7, 1.0], [6, 28, 1.0], [6, 29, 1.0], [7, 8, 1.0], [7, 30, 1.0], [7, 31, 1.0], [8, 9, 1.0], [8, 32, 1.0], [8, 33, 1.0], [9, 10, 1.0], [9, 34, 1.0], [9, 35, 1.0], [10, 11, 1.0], [10, 36, 1.0], [10, 37, 1.0], [11, 12, 1.0], [11, 38, 1.0], [11, 39, 1.0], [12, 13, 1.0], [12, 40, 1.0], [12, 41, 1.0], [13, 14, 1.0], [13, 42, 1.0], [13, 43, 1.0], [14, 44, 1.0], [14, 45, 1.0], [14, 46, 1.0]], "fix_com": true, "fix_orientation": true, "provenance": {"creator": "QCElemental", "version": "v0.22.0", "routine": "qcelemental.molparse.from_schema"}, "id": "217597"}