{"schema_name": "qcschema_molecule", "schema_version": 2, "validated": true, "symbols": ["C", "C", "C", "C", "C", "C", "C", "C", "C", "C", "C", "C", "C", "C", "C", "H", "H", "H", "H", "H", "H", "H", "H", "H", "H", "H", "H", "H", "H", "H", "H", "H", "H", "H", "H", "H", "H", "H", "H", "H", "H", "H", "H", "H", "H", "H", "H"], "geometry": [0.0, 0.0, -0.0, 2.8723708416799294, 3.639327399736538e-16, 1.6670432552362554e-16, 3.988201841663844, 2.6533720381614345, 1.1102230246251565e-16, 6.864773292466458, 2.74749719983909, -0.15284276158320342, 8.212403699222431, 1.6342131115519691, 2.1384380228229527, 11.068192415392739, 2.0283084690763715, 2.1396569325918415, 12.464135135242802, 0.662643329623258, 0.025964837427974313, 15.309882077206321, 1.0780095653885693, 0.09788737417375284, 16.785709664389092, -0.4150755599580169, -1.8831857391347786, 15.951638181406976, -0.004375139240503034, -4.615359907370813, 16.016395617562033, 2.735785007952746, -5.4887402105197705, 15.258304511862573, 3.0535776374871526, -8.245537920507456, 15.445623503471769, 5.757021629730152, -9.235382192418335, 13.887546710923699, 7.717245456861896, -7.7983615464613525, 11.077282395573256, 7.124730537070182, -7.671703213216812, -0.7481634828291026, 0.9713630241225297, 1.6745935653584327, -0.7676169738713691, -1.9248705553884844, -0.003987770540227087, -0.7495023665523779, 0.9807787400565138, -1.668509761549402, 3.5721521144423303, -1.030476334766485, -1.666896756607379, 3.559463584153625, -1.0539996824883802, 1.653091301667747, 3.193039788997317, 3.707740932122018, -1.6059500409849918, 3.356475443558323, 3.6592340248305897, 1.710514088103154, 7.477275938176408, 1.7671730441875633, -1.8817511359243004, 7.463032264455815, 4.727220628761446, -0.37619433414711756, 7.413925198786798, 2.492184420727487, 3.8565551889190286, 7.811875294643466, -0.4015866116618987, 2.2764252478925497, 11.838343643682665, 1.4008111611253247, 3.9655995678924967, 11.476959960261603, 4.066530885381261, 2.0196093083950144, 11.725451870467843, 1.2929567717061474, -1.8109812717711777, 12.056112407989945, -1.37732756736172, 0.13655028693837806, 15.700627984318162, 3.1099810565636887, -0.11505277495601213, 16.025616936763903, 0.5691243424769091, 1.9821199369164262, 18.801155865175495, 0.06410339453267039, -1.7099534191513237, 16.641147320767768, -2.4423711192627686, -1.4461198995462536, 14.028756484515233, -0.751930741794652, -4.88175188230277, 17.166745396912052, -1.1422637774521787, -5.860272034487007, 17.92618716267604, 3.5150464351056847, -5.196444550998248, 14.749200574235434, 3.870892540777846, -4.293390328802544, 13.318900641993606, 2.3444409829586745, -8.498114089734898, 16.45572098409388, 1.8298442313203553, -9.424660416368877, 14.866043991870802, 5.772513873542475, -11.232318074367289, 17.439206890650016, 6.347790645615075, -9.213819020505401, 14.634420136862321, 7.931573717334409, -5.8705807610542635, 14.159408963771526, 9.563392767048246, -8.710014778355543, 10.282128915935075, 6.8401994051961115, -9.568696358789484, 10.70107786574837, 5.402271194338163, -6.577003234116974, 10.022706337749204, 8.666674617428637, -6.773980764849577], "name": "C15H32", "identifiers": {"molecule_hash": "31778aba6c486be94c30652242194f9e84775615", "molecular_formula": "C15H32"}, "molecular_charge": 0.0, "molecular_multiplicity": 1, "connectivity": [[0, 1, 1.0], [0, 15, 1.0], [0, 16, 1.0], [0, 17, 1.0], [1, 2, 1.0], [1, 18, 1.0], [1, 19, 1.0], [2, 3, 1.0], [2, 20, 1.0], [2, 21, 1.0], [3, 4, 1.0], [3, 22, 1.0], [3, 23, 1.0], [4, 5, 1.0], [4, 24, 1.0], [4, 25, 1.0], [5, 6, 1.0], [5, 26, 1.0], [5, 27, 1.0], [6, 7, 1.0], [6, 28, 1.0], [6, 29, 1.0], [7, 8, 1.0], [7, 30, 1.0], [7, 31, 1.0], [8, 9, 1.0], [8, 32, 1.0], [8, 33, 1.0], [9, 10, 1.0], [9, 34, 1.0], [9, 35, 1.0], [10, 11, 1.0], [10, 36, 1.0], [10, 37, 1.0], [11, 12, 1.0], [11, 38, 1.0], [11, 39, 1.0], [12, 13, 1.0], [12, 40, 1.0], [12, 41, 1.0], [13, 14, 1.0], [13, 42, 1.0], [13, 43, 1.0], [14, 44, 1.0], [14, 45, 1.0], [14, 46, 1.0]], "fix_com": true, "fix_orientation": true, "provenance": {"creator": "QCElemental", "version": "v0.22.0", "routine": "qcelemental.molparse.from_schema"}, "id": "220048"}