{"schema_name": "qcschema_molecule", "schema_version": 2, "validated": true, "symbols": ["C", "C", "C", "C", "C", "C", "C", "C", "C", "C", "C", "C", "C", "C", "C", "H", "H", "H", "H", "H", "H", "H", "H", "H", "H", "H", "H", "H", "H", "H", "H", "H", "H", "H", "H", "H", "H", "H", "H", "H", "H", "H", "H", "H", "H", "H", "H"], "geometry": [0.0, 0.0, -0.0, 2.9018976309833096, 3.907002332731197e-16, -8.712461818193449e-17, 4.115611405104509, 2.1701129702862905, -1.5294698309911268, 4.833019535937753, 4.535594301147524, -4.440892098500626e-16, 2.623358411929189, 5.876833046444432, 1.3190598043405286, 3.3373391231715903, 8.268513893465125, 2.8250483133946527, 3.3875598378219367, 10.765889494916804, 1.3325383792829388, 5.411068689439025, 11.037369564050646, -0.7384331725304816, 8.148447072720174, 10.639231448023214, 0.14385905652884778, 9.023785055010713, 12.488227276198474, 2.1969293950132784, 11.811455676942433, 12.16340702423003, 2.954313655382487, 12.51921156545469, 9.525532835301858, 3.949703878007565, 11.054754817331885, 8.72151890264523, 6.319966227166141, 11.795046684616628, 6.107204725267858, 7.34455336475742, 11.033831572741041, 3.9101792360109293, 5.611229546878429, -0.7473462089972938, -1.575261107283051, 1.1176943377597468, -0.7294035758459116, -0.1987881931963742, -1.9288650242965928, -0.7782858741048637, 1.749640600601685, 0.7776766803011371, 3.602338714012266, 0.06108356157721673, 1.9526291458748035, 3.543464012203711, -1.8137170442351547, -0.7703714368875166, 2.8433597595393847, 2.711623758246386, -3.0786208159086867, 5.844536236294271, 1.472727499889305, -2.435626010589277, 5.797158359248764, 5.850563667653641, -1.2715232178649492, 6.234520006435722, 4.000197112514996, 1.43597575512796, 1.7416536588217744, 4.535816152952013, 2.6273164191196545, 1.1632459175393137, 6.353140538580032, -0.07941039667080974, 5.157927736135043, 7.964955845499803, 3.7709898931594505, 1.9545988275180584, 8.509684171720142, 4.350857950905184, 3.6070323932168327, 12.318308643043906, 2.6886308952448488, 1.5240514702817054, 11.043529653090513, 0.4618918005781625, 5.238787401460781, 12.935988844846648, -1.5598690137185525, 5.003222956290246, 9.718617194462233, -2.2837339061404127, 9.40802981201621, 10.815334056312896, -1.4971443347008386, 8.37327017559505, 8.697635909112815, 0.8201417102571775, 8.739505304963568, 14.431125348189388, 1.523952379773684, 7.827302584330166, 12.292222735655288, 3.875170777033672, 12.278715526466723, 13.577214132219567, 4.400266325776211, 13.007841444972746, 12.595136521666301, 1.3142552187447816, 12.249684466821503, 8.128303794674206, 2.446225488409152, 14.548703258925551, 9.50486220426384, 4.384532414603738, 11.35523862937892, 10.144914036769618, 7.8008755004803625, 9.018603194210842, 8.722794794691266, 5.928266694627368, 13.842931004232922, 6.051893005665215, 7.677124827234087, 10.901214899523735, 5.8379195429238155, 9.196040573369668, 11.509492738185727, 2.0848202039192874, 6.463869451030712, 11.986436291977432, 4.0061577313357315, 3.7773830081807382, 8.992256849382665, 3.9257033246546413, 5.256042226298253], "name": "C15H32", "identifiers": {"molecule_hash": "b3e5b4b46571a068b5365954117595147b9c622f", "molecular_formula": "C15H32"}, "molecular_charge": 0.0, "molecular_multiplicity": 1, "connectivity": [[0, 1, 1.0], [0, 15, 1.0], [0, 16, 1.0], [0, 17, 1.0], [1, 2, 1.0], [1, 18, 1.0], [1, 19, 1.0], [2, 3, 1.0], [2, 20, 1.0], [2, 21, 1.0], [3, 4, 1.0], [3, 22, 1.0], [3, 23, 1.0], [4, 5, 1.0], [4, 24, 1.0], [4, 25, 1.0], [5, 6, 1.0], [5, 26, 1.0], [5, 27, 1.0], [6, 7, 1.0], [6, 28, 1.0], [6, 29, 1.0], [7, 8, 1.0], [7, 30, 1.0], [7, 31, 1.0], [8, 9, 1.0], [8, 32, 1.0], [8, 33, 1.0], [9, 10, 1.0], [9, 34, 1.0], [9, 35, 1.0], [10, 11, 1.0], [10, 36, 1.0], [10, 37, 1.0], [11, 12, 1.0], [11, 38, 1.0], [11, 39, 1.0], [12, 13, 1.0], [12, 40, 1.0], [12, 41, 1.0], [13, 14, 1.0], [13, 42, 1.0], [13, 43, 1.0], [14, 44, 1.0], [14, 45, 1.0], [14, 46, 1.0]], "fix_com": true, "fix_orientation": true, "provenance": {"creator": "QCElemental", "version": "v0.22.0", "routine": "qcelemental.molparse.from_schema"}, "id": "226132"}