{"schema_name": "qcschema_molecule", "schema_version": 2, "validated": true, "symbols": ["C", "C", "C", "C", "C", "C", "C", "C", "C", "C", "C", "C", "C", "C", "C", "H", "H", "H", "H", "H", "H", "H", "H", "H", "H", "H", "H", "H", "H", "H", "H", "H", "H", "H", "H", "H", "H", "H", "H", "H", "H", "H", "H", "H", "H", "H", "H"], "geometry": [0.0, 0.0, 0.0, 2.8904891353666167, -4.48103075085095e-16, -2.42526267861197e-16, 4.089050066454886, 1.471409390313012, -2.1919752503497785, 3.5214418134277223, 4.313794408913989, -2.293299811372143, 4.478507307822501, 5.80134458466763, 4.440892098500626e-16, 4.396470678624114, 8.682145969860901, -0.3272374260427888, 1.7754672920739827, 9.861153799433946, -0.7177104317208434, -0.03767494589552933, 9.502534379107932, 1.5114429663839761, -2.459619378520273, 11.09034287491259, 1.3464450471707679, -4.216606591731154, 10.545723158123014, -0.8966279799661132, -5.355775132303155, 7.880451644390804, -0.8952199450625882, -7.362465437053779, 7.3993390876299765, -2.952698455338047, -6.4100708540836875, 6.214548588403712, -5.422707795881127, -4.580200959177914, 7.818602678673001, -6.98574165157668, -3.942710205623682, 6.602515943373792, -9.527825709981801, -0.7292328922931108, -1.2029953997676068, 1.4934708420420422, -0.7392931740901482, -0.7018049085896211, -1.7829392796326693, -0.767764147365945, 1.8782795367057874, 0.2968125991689464, 3.548727851108964, -1.9436932252505479, -0.10552475184668986, 3.5734720669334408, 0.728327252593788, 1.794320667451342, 3.4758670350208334, 0.6209119707139936, -3.9616359557483385, 6.127791091114976, 1.213533192636972, -2.112067580342447, 4.405982051624795, 5.073579231862359, -3.9878940755222665, 1.5041810475810573, 4.608561686928688, -2.5334172904578254, 6.430484285188464, 5.263760418210113, 0.3641442183241774, 3.4256556772537925, 5.2644673689162715, 1.6781079564379966, 5.583459013290582, 9.191227024703563, -1.9277733028852282, 5.264000382696896, 9.549496685544538, 1.3234653161981318, 2.0317284300749474, 11.876893963261784, -1.0382457829486125, 0.9343617706277574, 9.121689901946988, -2.4375370197780177, 0.9407918124426587, 10.024111089097282, 3.2441921716624957, -0.5209841797970021, 7.518386917005749, 1.716345649043416, -3.524585939939111, 10.834981552089804, 3.087534197321294, -1.9324615954986604, 13.077505762064407, 1.289288665430532, -5.759762394872624, 11.902946043170605, -0.8265046029819718, -3.2339569874903087, 10.908393776038599, -2.6588894894117914, -6.219766855256089, 7.574691378734457, 0.9450072694399392, -3.871770922768727, 6.468465153017021, -1.0585025053226347, -8.350521702776176, 9.15368172444477, -3.374052036967372, -8.782689257491967, 6.1287406777544025, -2.186265341245984, -8.048589817614289, 5.778811079865597, -6.587630255043681, -5.521334899737098, 4.407668975627202, -4.997180340585436, -2.8410394718841276, 8.121017328398278, -5.939386266554921, -5.398417572634044, 9.67767964520535, -7.305333285046812, -2.628836408959506, 7.759367932067022, -10.597858472101244, -3.081949209971311, 4.756356273011438, -9.26989130953936, -5.628229270878587, 6.348783960888614, -10.672022793075506], "name": "C15H32", "identifiers": {"molecule_hash": "832bc54f09e0de8cd10f8f833a5f952ae5d4079b", "molecular_formula": "C15H32"}, "molecular_charge": 0.0, "molecular_multiplicity": 1, "connectivity": [[0, 1, 1.0], [0, 15, 1.0], [0, 16, 1.0], [0, 17, 1.0], [1, 2, 1.0], [1, 18, 1.0], [1, 19, 1.0], [2, 3, 1.0], [2, 20, 1.0], [2, 21, 1.0], [3, 4, 1.0], [3, 22, 1.0], [3, 23, 1.0], [4, 5, 1.0], [4, 24, 1.0], [4, 25, 1.0], [5, 6, 1.0], [5, 26, 1.0], [5, 27, 1.0], [6, 7, 1.0], [6, 28, 1.0], [6, 29, 1.0], [7, 8, 1.0], [7, 30, 1.0], [7, 31, 1.0], [8, 9, 1.0], [8, 32, 1.0], [8, 33, 1.0], [9, 10, 1.0], [9, 34, 1.0], [9, 35, 1.0], [10, 11, 1.0], [10, 36, 1.0], [10, 37, 1.0], [11, 12, 1.0], [11, 38, 1.0], [11, 39, 1.0], [12, 13, 1.0], [12, 40, 1.0], [12, 41, 1.0], [13, 14, 1.0], [13, 42, 1.0], [13, 43, 1.0], [14, 44, 1.0], [14, 45, 1.0], [14, 46, 1.0]], "fix_com": true, "fix_orientation": true, "provenance": {"creator": "QCElemental", "version": "v0.22.0", "routine": "qcelemental.molparse.from_schema"}, "id": "217597"}