{"schema_name": "qcschema_molecule", "schema_version": 2, "validated": true, "symbols": ["C", "C", "C", "C", "C", "C", "C", "C", "C", "C", "C", "C", "C", "C", "C", "H", "H", "H", "H", "H", "H", "H", "H", "H", "H", "H", "H", "H", "H", "H", "H", "H", "H", "H", "H", "H", "H", "H", "H", "H", "H", "H", "H", "H", "H", "H", "H"], "geometry": [12.480191708690265, 0.19811597363602831, 1.3877787807814457e-17, 9.614661336643351, -4.465508532173353e-15, -2.981693658212304e-16, 8.318617015466756, 2.5680611609278476, 0.10388929060231883, 5.4428216822093125, 2.4575143551734455, 0.26030019928227993, 4.1689405494696645, 1.344281507582305, -2.072812805724017, 1.2927884336355602, 1.540212221855629, -2.0586004956967154, -0.0, -0.0, 0.0, -2.867791185094638, 0.22058899077739286, -0.05560426819782845, -4.231850589248629, -1.4469720383907867, 1.8654899759332415, -3.4206925713510485, -1.0867553962396481, 4.611649548972584, -3.6717892710035613, 1.6062018549582273, 5.591647509366616, -2.929960974885649, 1.8676006358231991, 8.358774060531465, -3.3004823560721963, 4.510954687898642, 9.453709112444123, -1.8850956234728153, 6.628606636187562, 8.094540357679534, 0.9589702623953443, 6.236735663813938, 7.9447800039804966, 13.155104716531406, 1.2834360842935888, -1.63527704688239, 13.378653646597499, -1.667909017129087, -0.07138106095400262, 13.164819684833509, 1.1623314316718254, 1.7056314500990313, 8.992068627141425, -1.1406097186225783, 1.6252716361487742, 8.997382390074359, -1.033503688950034, -1.693091682734444, 9.043555154991774, 3.611228120323307, 1.7498903165375528, 8.87489555354297, 3.681143743898504, -1.5659299737050256, 4.904010720702955, 1.370496680382429, 1.9494995452668986, 4.710147900306367, 4.381020778889781, 0.5609939717330179, 4.901746180893259, 2.321737111763243, -3.756019782857085, 4.708449967341645, -0.652097204751718, -2.2904032815303537, 0.5627874274000828, 0.9328917992609096, -3.907711830507456, 0.7448440778037908, 3.539138455076695, -1.8588410073265464, 0.6984436099531444, 0.6075274561899989, 1.8602166332773729, 0.5473473704646977, -2.0010901814060684, -0.19037302873459486, -3.3970751463044015, 2.2108985501391087, 0.23673176841752244, -3.551837583916691, -0.2624624638669724, -1.9583167336555305, -6.275989940918833, -1.1015455917605075, 1.711152111817901, -3.9490914397965886, -3.4408459439440433, 1.3493831882814629, -1.450149159004249, -1.70973736533414, 4.84856769876127, -4.55112071281369, -2.3535001112063636, 5.8110545458264, -5.631528827796619, 2.262704564118201, 5.330086937760959, -2.4890718282329907, 2.871830944637639, 4.441657863085974, -0.9456198842451791, 1.2845959665968882, 8.583391241923016, -4.0370017418402036, 0.5190712139963725, 9.489078734658753, -2.717958005805704, 4.488372316039863, 11.449720323416907, -5.330092167390472, 4.9632037635497355, 9.45529325858877, -2.6501679757912457, 6.866046406574594, 6.176629534582764, -2.281085122111013, 8.414584418957835, 9.077778002948552, 1.7769629356427206, 5.9338465094068855, 9.829178094138767, 1.450034637723425, 4.588403355406068, 6.783478811262094, 1.9023396107036348, 7.881630788680321, 7.108118720154203], "name": "C15H32", "identifiers": {"molecule_hash": "31778aba6c486be94c30652242194f9e84775615", "molecular_formula": "C15H32"}, "molecular_charge": 0.0, "molecular_multiplicity": 1, "connectivity": [[0, 1, 1.0], [0, 15, 1.0], [0, 16, 1.0], [0, 17, 1.0], [1, 2, 1.0], [1, 18, 1.0], [1, 19, 1.0], [2, 3, 1.0], [2, 20, 1.0], [2, 21, 1.0], [3, 4, 1.0], [3, 22, 1.0], [3, 23, 1.0], [4, 5, 1.0], [4, 24, 1.0], [4, 25, 1.0], [5, 6, 1.0], [5, 26, 1.0], [5, 27, 1.0], [6, 7, 1.0], [6, 28, 1.0], [6, 29, 1.0], [7, 8, 1.0], [7, 30, 1.0], [7, 31, 1.0], [8, 9, 1.0], [8, 32, 1.0], [8, 33, 1.0], [9, 10, 1.0], [9, 34, 1.0], [9, 35, 1.0], [10, 11, 1.0], [10, 36, 1.0], [10, 37, 1.0], [11, 12, 1.0], [11, 38, 1.0], [11, 39, 1.0], [12, 13, 1.0], [12, 40, 1.0], [12, 41, 1.0], [13, 14, 1.0], [13, 42, 1.0], [13, 43, 1.0], [14, 44, 1.0], [14, 45, 1.0], [14, 46, 1.0]], "fix_com": true, "fix_orientation": true, "provenance": {"creator": "QCElemental", "version": "v0.22.0", "routine": "qcelemental.molparse.from_schema"}, "id": "220048"}