{"schema_name": "qcschema_molecule", "schema_version": 2, "validated": true, "symbols": ["C", "C", "C", "C", "C", "C", "C", "C", "C", "C", "C", "C", "C", "C", "C", "H", "H", "H", "H", "H", "H", "H", "H", "H", "H", "H", "H", "H", "H", "H", "H", "H", "H", "H", "H", "H", "H", "H", "H", "H", "H", "H", "H", "H", "H", "H", "H"], "geometry": [8.9031389052612, 1.7897634793804116, 9.43689570931383e-16, 6.625951301225454, 4.2540439080671566e-16, -1.2746109440774493e-16, 4.506633862172078, 0.8785490363687418, 1.7781900873494827, 2.13598650530915, -0.8214887301022542, 1.7906909822825154, 0.0, -0.0, 0.0, 0.698663849853696, 0.07987442030566394, -2.8169034224924827, -1.523717723950081, 0.7084347337555201, -4.600108851635614, -2.929002048433116, -1.5949442054743974, -5.691129939821757, -4.180524407018446, -3.380469849787758, -3.7744622790159594, -6.313209426253964, -2.1753059628707367, -2.227319642036097, -7.44959233026872, -3.9935976905549113, -0.2775286805148507, -9.642009267477576, -2.8861008032786843, 1.2688212029795376, -8.893110639672699, -0.6860771966621401, 3.0025136854917407, -11.07218878635312, 0.24860768056001348, 4.667770957570647, -10.318641462581837, 2.4518609590894673, 6.390873284927792, 9.703194788087124, 1.9819856822092832, 1.9016292477414263, 8.361837210683777, 3.6839799451112696, -0.6418575555981214, 10.40549794042619, 1.1068186571557166, -1.24997026250959, 7.236665923522368, -1.8973317379517138, 0.5773465992234911, 5.902396091734742, -0.19527058711662942, -1.9292065597250008, 5.28898722435078, 0.9802691552638185, 3.696570040179756, 3.9596772133851976, 2.822481474016605, 1.292480894339135, 2.689439032393556, -2.773394758973912, 1.3481603196608218, 1.3522198021582605, -0.8779939180801172, 3.7087033614502536, -0.6623072534803819, 1.8852254812392941, 0.5672537103893041, -1.605599012339655, -1.2725814055330833, 0.2877841269325257, 1.5403907228277973, -1.7342674785975551, -3.3760403990847045, 2.184293077935232, 1.4980349162416944, -3.080169734158103, -0.8066852252805607, 1.8017845049400454, -6.208307088973498, -2.8559450845962804, 1.9631835442387957, -3.62480962316875, -4.378568947240726, -0.9150634648362763, -7.012864356899067, -1.584428143376413, -2.6912279381656052, -6.830475159393623, -2.743889643018426, -4.148149615296811, -2.490988993176382, -4.943182337170167, -5.015750152007931, -4.799931909805527, -5.607206058887181, -0.48474753028309436, -1.2671019056267026, -7.808111406639431, -1.5232968117740562, -3.514464758725745, -8.109011033873117, -5.700290882870742, -1.2569282473392747, -5.952064707841978, -4.619612467051496, 1.0192092942804205, -11.146113996943123, -2.2616763843610195, -0.020007282784696212, -10.4698294954234, -4.394231574657914, 2.429600662465569, -7.312290955052663, -1.2797987022631296, 4.213087382331236, -8.18524333688395, 0.9006870625475738, 1.8709899845177016, -11.773935421102966, -1.3260036838931075, 5.822955790562409, -12.656498417547233, 0.8257271017273244, 3.4580444574117783, -9.67055283261141, 4.077891016610485, 5.282626830174753, -8.775538167283187, 1.9096946524944003, 7.662557561976069, -11.907642901335683, 3.079443670130127, 7.56011420170284], "name": "C15H32", "identifiers": {"molecule_hash": "02466bcf7685142367d80e64257fd7698f9c45a1", "molecular_formula": "C15H32"}, "molecular_charge": 0.0, "molecular_multiplicity": 1, "connectivity": [[0, 1, 1.0], [0, 15, 1.0], [0, 16, 1.0], [0, 17, 1.0], [1, 2, 1.0], [1, 18, 1.0], [1, 19, 1.0], [2, 3, 1.0], [2, 20, 1.0], [2, 21, 1.0], [3, 4, 1.0], [3, 22, 1.0], [3, 23, 1.0], [4, 5, 1.0], [4, 24, 1.0], [4, 25, 1.0], [5, 6, 1.0], [5, 26, 1.0], [5, 27, 1.0], [6, 7, 1.0], [6, 28, 1.0], [6, 29, 1.0], [7, 8, 1.0], [7, 30, 1.0], [7, 31, 1.0], [8, 9, 1.0], [8, 32, 1.0], [8, 33, 1.0], [9, 10, 1.0], [9, 34, 1.0], [9, 35, 1.0], [10, 11, 1.0], [10, 36, 1.0], [10, 37, 1.0], [11, 12, 1.0], [11, 38, 1.0], [11, 39, 1.0], [12, 13, 1.0], [12, 40, 1.0], [12, 41, 1.0], [13, 14, 1.0], [13, 42, 1.0], [13, 43, 1.0], [14, 44, 1.0], [14, 45, 1.0], [14, 46, 1.0]], "fix_com": true, "fix_orientation": true, "provenance": {"creator": "QCElemental", "version": "v0.22.0", "routine": "qcelemental.molparse.from_schema"}, "id": "221735"}