{"schema_name": "qcschema_molecule", "schema_version": 2, "validated": true, "symbols": ["C", "C", "C", "C", "C", "C", "C", "C", "C", "C", "C", "C", "C", "C", "C", "H", "H", "H", "H", "H", "H", "H", "H", "H", "H", "H", "H", "H", "H", "H", "H", "H", "H", "H", "H", "H", "H", "H", "H", "H", "H", "H", "H", "H", "H", "H", "H"], "geometry": [0.0, -0.0, 0.0, 2.898455487484761, -0.0, 0.0, 4.080950756289596, 1.015567562406762, 2.4531130803509558, 3.3460028587871213, 3.736014982045796, 3.159083974097773, 4.041164528792677, 5.719245756009512, 1.1636723857624474, 3.478776707297851, 8.428804716628658, 2.0284767476039116, 3.9381926385807273, 10.453203578624057, 1.7763568394002505e-15, 6.708049136637367, 10.69488980420442, -0.8293910668008624, 7.225612276214299, 12.93148354310185, -2.605127609578512, 5.8846145072621, 12.757508893114384, -5.169687983334146, 6.634907756410361, 14.894323282557124, -6.9778556483223335, 5.177357293850006, 14.906609932851419, -9.489949141739327, 5.439751670393535, 12.49143566336917, -11.088965998208602, 8.165238646935485, 11.733647435425816, -11.750002206888563, 9.616786274857255, 13.74214698956423, -13.253567598316085, -0.767055253070098, 1.9195516400603367, 0.09786919587901155, -0.7452718304445813, -1.0531655897549848, 1.6218110632214233, -0.7457286935619997, -0.8793503592532246, -1.7191991993264624, 3.5864704579737903, 1.0970005791790347, -1.6181799749671661, 3.5763702773244646, -1.9367054588176833, -0.29838635200603725, 6.147039210479564, 0.9000204663357292, 2.291937477349397, 3.5521588296301045, -0.24174426779167146, 4.017944622803554, 4.283054311553789, 4.225161035537381, 4.944945624435562, 1.3107647238336202, 3.839482019309431, 3.544949076155615, 6.052170601688173, 5.527792222157378, 0.694390233389719, 3.0012603133894116, 5.349458715765587, -0.5932852166518654, 1.4986168166511988, 8.533437705746598, 2.641834571146553, 4.624068546720239, 8.863776656386978, 3.7055699125587287, 2.7443191342498765, 10.038929371729095, -1.6442131182775699, 3.3011192215512315, 12.290341249372233, 0.7280012989244469, 7.319852605332125, 8.94514311461136, -1.7591730291672245, 7.892535671000944, 10.89340963207458, 0.864280960889142, 9.2709575222014, 13.066178916190793, -2.9319394377317987, 6.6759792490931735, 14.699092540346044, -1.663335380300099, 3.828870361502595, 12.79516202442437, -4.898619896962976, 6.319378390752622, 10.91965088656176, -6.0283069966938765, 8.674072234323917, 14.790860639153705, -7.345190195101763, 6.325388916830855, 16.714232217289936, -6.029750524946167, 5.7889523821977855, 16.542014529715864, -10.607144399154476, 3.1629522690596694, 15.211855228676063, -9.095195203481962, 4.528763013735698, 10.911316011019373, -10.104503805038062, 4.3733198608340045, 12.754769021099227, -12.850112930331338, 8.108104709873144, 9.97522897074619, -12.84727160647375, 9.209566529952692, 11.285586346786078, -10.015980241013125, 9.882291941704201, 15.477318517511215, -12.158117486829312, 11.493144764103796, 13.056806073165596, -13.7964030629274, 8.603739143530866, 14.248430754339061, -14.989113647648324], "name": "C15H32", "identifiers": {"molecule_hash": "5abf94dfc0bcb6fa0f10fb50f334ac452a869703", "molecular_formula": "C15H32"}, "molecular_charge": 0.0, "molecular_multiplicity": 1, "connectivity": [[0, 1, 1.0], [0, 15, 1.0], [0, 16, 1.0], [0, 17, 1.0], [1, 2, 1.0], [1, 18, 1.0], [1, 19, 1.0], [2, 3, 1.0], [2, 20, 1.0], [2, 21, 1.0], [3, 4, 1.0], [3, 22, 1.0], [3, 23, 1.0], [4, 5, 1.0], [4, 24, 1.0], [4, 25, 1.0], [5, 6, 1.0], [5, 26, 1.0], [5, 27, 1.0], [6, 7, 1.0], [6, 28, 1.0], [6, 29, 1.0], [7, 8, 1.0], [7, 30, 1.0], [7, 31, 1.0], [8, 9, 1.0], [8, 32, 1.0], [8, 33, 1.0], [9, 10, 1.0], [9, 34, 1.0], [9, 35, 1.0], [10, 11, 1.0], [10, 36, 1.0], [10, 37, 1.0], [11, 12, 1.0], [11, 38, 1.0], [11, 39, 1.0], [12, 13, 1.0], [12, 40, 1.0], [12, 41, 1.0], [13, 14, 1.0], [13, 42, 1.0], [13, 43, 1.0], [14, 44, 1.0], [14, 45, 1.0], [14, 46, 1.0]], "fix_com": true, "fix_orientation": true, "provenance": {"creator": "QCElemental", "version": "v0.22.0", "routine": "qcelemental.molparse.from_schema"}, "id": "219030"}