{"schema_name": "qcschema_molecule", "schema_version": 2, "validated": true, "symbols": ["C", "C", "C", "C", "C", "C", "C", "C", "C", "C", "C", "C", "C", "C", "C", "H", "H", "H", "H", "H", "H", "H", "H", "H", "H", "H", "H", "H", "H", "H", "H", "H", "H", "H", "H", "H", "H", "H", "H", "H", "H", "H", "H", "H", "H", "H", "H"], "geometry": [0.0, -0.0, 0.0, 2.890729045438993, 5.778592151647513e-16, -3.9889446375239434e-16, 4.089268621593044, 0.7085111761854929, 2.5430227094548226, 3.484757581919012, 3.3649686131540277, 3.543369222562534, 4.2578979666705035, 5.579371199159006, 1.8377173132363467, 7.105777029129783, 5.765328059367844, 1.3447633421016578, 7.934259475280662, 8.194923211525413, 4.440892098500626e-16, 6.96676552158022, 8.470389166749131, -2.713901006451965, 8.026341076936056, 10.81528904688261, -4.040067067390111, 7.124856894635412, 11.13987128142385, -6.780445857015762, 4.3386899080332135, 11.918452213010829, -7.15301990380412, 3.876106456554502, 14.76498294400792, -7.498261240711619, 4.454088974714191, 16.4863475533566, -5.236495092731582, 2.858407591167544, 16.045785034758005, -2.855497253784827, 0.02935259623362929, 16.525423781501182, -3.2092795472988067, -0.7383186639423482, -1.2297833726826028, 1.4697758660061497, -0.7290514565179126, -0.6697680036540521, -1.797107349830925, -0.7675350587543148, 1.8755473854395512, 0.31348500410306357, 3.550111490327087, -1.8775220521593852, -0.512466639582537, 3.5718260880374038, 1.2563402256627902, -1.4752703929696136, 3.4784442546293732, -0.6564600102092344, 3.955379001486836, 6.1250522476477, 0.4836410996365841, 2.3921145288298873, 1.4711823166960105, 3.505946361790274, 3.9232096356962547, 4.413443409343332, 3.584544878680638, 5.365173652565814, 3.632687077979409, 7.320461176669035, 2.7376838360231153, 3.2412993012720457, 5.468761016904927, 0.05837591693396127, 7.737830435749835, 4.148056968711635, 0.24540776576338774, 8.091777599026473, 5.65256035347309, 3.146622215010611, 9.989674881916024, 8.253596138018095, -0.025856541584067028, 7.330558087397765, 9.821946522264739, 1.1058546196078423, 7.489475548807011, 6.796394371240454, -3.791912739798028, 4.915985632870936, 8.537447925984914, -2.7144360024110914, 10.078516007139726, 10.682988729520098, -4.048398861932618, 7.570997499858946, 12.484003941048234, -2.934999448274734, 8.326875780883388, 12.519579409788994, -7.717331265708019, 7.454878623437809, 9.363212375809706, -7.759687625641399, 3.6313232046462254, 10.99518207132936, -8.84586104063885, 3.1835348885772636, 11.198757364207854, -5.616740370303546, 1.9202401299240814, 15.034768298160374, -8.06479181095863, 5.007477280674678, 15.408222589567641, -9.090582108954763, 4.186139117137946, 18.43443282541939, -5.840613001218388, 6.441037357325746, 16.32565378095644, -4.744110215553395, 3.5579260214028983, 17.29424524867617, -1.3807147404890556, 3.1379383339330573, 14.136005044699557, -2.1554896975702866, -0.8171337690552503, 15.195662431971918, -4.520603897181708, -0.967611803275785, 16.346527706286487, -1.424959544432424, -0.315286285933601, 18.417657436253435, -3.929107867160984], "name": "C15H32", "identifiers": {"molecule_hash": "61a3e2956e6b34bd5fbc39c7c7818c1f923cd91e", "molecular_formula": "C15H32"}, "molecular_charge": 0.0, "molecular_multiplicity": 1, "connectivity": [[0, 1, 1.0], [0, 15, 1.0], [0, 16, 1.0], [0, 17, 1.0], [1, 2, 1.0], [1, 18, 1.0], [1, 19, 1.0], [2, 3, 1.0], [2, 20, 1.0], [2, 21, 1.0], [3, 4, 1.0], [3, 22, 1.0], [3, 23, 1.0], [4, 5, 1.0], [4, 24, 1.0], [4, 25, 1.0], [5, 6, 1.0], [5, 26, 1.0], [5, 27, 1.0], [6, 7, 1.0], [6, 28, 1.0], [6, 29, 1.0], [7, 8, 1.0], [7, 30, 1.0], [7, 31, 1.0], [8, 9, 1.0], [8, 32, 1.0], [8, 33, 1.0], [9, 10, 1.0], [9, 34, 1.0], [9, 35, 1.0], [10, 11, 1.0], [10, 36, 1.0], [10, 37, 1.0], [11, 12, 1.0], [11, 38, 1.0], [11, 39, 1.0], [12, 13, 1.0], [12, 40, 1.0], [12, 41, 1.0], [13, 14, 1.0], [13, 42, 1.0], [13, 43, 1.0], [14, 44, 1.0], [14, 45, 1.0], [14, 46, 1.0]], "fix_com": true, "fix_orientation": true, "provenance": {"creator": "QCElemental", "version": "v0.22.0", "routine": "qcelemental.molparse.from_schema"}, "id": "215492"}