{"schema_name": "qcschema_molecule", "schema_version": 2, "validated": true, "symbols": ["C", "C", "C", "C", "C", "C", "C", "C", "C", "C", "C", "C", "C", "C", "C", "H", "H", "H", "H", "H", "H", "H", "H", "H", "H", "H", "H", "H", "H", "H", "H", "H", "H", "H", "H", "H", "H", "H", "H", "H", "H", "H", "H", "H", "H", "H", "H"], "geometry": [0.0, -0.0, 0.0, 2.8729597337070687, -6.422404401401102e-15, 2.3180869942073533e-15, 3.9804040024937963, -1.7734229872272944, 1.9764953281272617, 6.853601852688778, -2.033827003335871, 1.9605187302760418, 8.321487177343075, 0.42460324498579827, 2.4030205824075197, 9.170375618822169, 1.7681116636702823, -6.661338147750939e-16, 10.576212793896069, 4.223981967554146, 0.5150720020742474, 11.281288292828908, 5.715804476916406, -1.8525312797978593, 12.888158556525976, 4.291453862958629, -3.7806958702529347, 15.372632721038443, 3.2880043236813057, -2.7291897130055043, 17.163903038969554, 2.238138926333935, -4.733606601562992, 16.09952555225289, 0.10786261769333816, -6.365590811833135, 15.19192343722905, -2.1831934473766705, -4.87725156868352, 14.287857208406077, -4.381508369799452, -6.510839123179425, 16.36378363743607, -5.660115437768529, -8.035092960481908, -0.7473885061220733, 0.5798317826792684, 1.8474178287753924, -0.7677553652872702, 1.2965271272216856, -1.4226180060574614, -0.7494790081877308, -1.8930079082612208, -0.4024237071215, 3.5569686685804993, 1.9333085761930309, 0.3364209208175928, 3.5755292168321087, -0.5401514514484285, -1.8825601582391394, 3.140721603848499, -3.659836523816444, 1.7243219207732123, 3.37207974441307, -1.1332604537122626, 3.862621920135692, 7.367386344842811, -3.4120697263047464, 3.4241317004576053, 7.463007601553089, -2.8761340431379963, 0.15714724880538578, 7.16807197737784, 1.7221307391976919, 3.5538962471058584, 10.012249616442864, 0.027051799217802985, 3.543412338438652, 10.3917755651239, 0.4736220113349192, -1.0792035403104103, 7.536647052306585, 2.153022874015521, -1.2264595990834541, 9.40015678429612, 5.432756991879263, 1.7308733350149759, 12.28488262860924, 3.8097460815605855, 1.626967388053227, 9.5385595168265, 6.359840611816284, -2.785364673194276, 12.29210313919065, 7.438471816671028, -1.2750814689278769, 13.290117434511856, 5.562060681390329, -5.377574290697309, 11.784906477271843, 2.7202501747093466, -4.5797140936591765, 16.344399701522807, 4.817409972302929, -1.7078914801558884, 14.985290430619699, 1.823552916372776, -1.3048016201097212, 17.759521544783347, 3.7913504077897175, -5.980907511998921, 18.89187361291345, 1.5645104533856529, -3.7940832259515984, 14.52789955998595, 0.8233208842706916, -7.5264411803980735, 17.571755247317892, -0.4713035920869535, -7.710184849908538, 13.63608442597309, -1.6087193600139698, -3.624266188526452, 16.720526981054324, -2.841980376143627, -3.624303311576145, 13.385498252572429, -5.794703434949995, -5.285303557794089, 12.796696703771461, -3.706176739448491, -7.794899771636374, 15.62637598241055, -7.280566913154967, -9.0963797086109, 17.23098858721782, -4.36971410517142, -9.406614129909803, 17.87526275245225, -6.358478591900052, -6.794876403914345], "name": "C15H32", "identifiers": {"molecule_hash": "e198d5f5814ab8c93de6f978e3f5cd25d99a4c14", "molecular_formula": "C15H32"}, "molecular_charge": 0.0, "molecular_multiplicity": 1, "connectivity": [[0, 1, 1.0], [0, 15, 1.0], [0, 16, 1.0], [0, 17, 1.0], [1, 2, 1.0], [1, 18, 1.0], [1, 19, 1.0], [2, 3, 1.0], [2, 20, 1.0], [2, 21, 1.0], [3, 4, 1.0], [3, 22, 1.0], [3, 23, 1.0], [4, 5, 1.0], [4, 24, 1.0], [4, 25, 1.0], [5, 6, 1.0], [5, 26, 1.0], [5, 27, 1.0], [6, 7, 1.0], [6, 28, 1.0], [6, 29, 1.0], [7, 8, 1.0], [7, 30, 1.0], [7, 31, 1.0], [8, 9, 1.0], [8, 32, 1.0], [8, 33, 1.0], [9, 10, 1.0], [9, 34, 1.0], [9, 35, 1.0], [10, 11, 1.0], [10, 36, 1.0], [10, 37, 1.0], [11, 12, 1.0], [11, 38, 1.0], [11, 39, 1.0], [12, 13, 1.0], [12, 40, 1.0], [12, 41, 1.0], [13, 14, 1.0], [13, 42, 1.0], [13, 43, 1.0], [14, 44, 1.0], [14, 45, 1.0], [14, 46, 1.0]], "fix_com": true, "fix_orientation": true, "provenance": {"creator": "QCElemental", "version": "v0.22.0", "routine": "qcelemental.molparse.from_schema"}, "id": "225435"}