{"schema_name": "qcschema_molecule", "schema_version": 2, "validated": true, "symbols": ["C", "C", "C", "C", "C", "C", "C", "C", "C", "C", "C", "C", "C", "C", "C", "H", "H", "H", "H", "H", "H", "H", "H", "H", "H", "H", "H", "H", "H", "H", "H", "H", "H", "H", "H", "H", "H", "H", "H", "H", "H", "H", "H", "H", "H", "H", "H"], "geometry": [11.861220289649816, 2.8201578121713795, 2.1094237467877974e-15, 11.287479196741327, -3.926902756560906e-16, -1.0037506113868743e-15, 8.84203091220944, -0.7271574670099973, 1.3771633247594786, 6.509781580623151, -1.0258711812518404, -0.29808409595892565, 5.774118120833441, 1.3138411296619852, -1.810199260720397, 3.3882165974216973, 1.0478091182877605, -3.428627795398421, 0.8912239286191534, 1.7215951991063208, -2.1404749733496553, 0.0, 0.0, 0.0, -0.31076418383943716, -2.7812033617503586, -0.7036059757455745, -2.1024687220483775, -3.2429683685570323, -2.9102797558845266, -2.7739035893849877, -6.020525726790892, -3.3163997699113192, -0.5230284357693528, -7.783011131879722, -3.7114078642322936, 1.1461510847628498, -7.076090381494623, -5.94834281960584, 3.231405459696046, -8.982496371863434, -6.52129496488566, 5.198876991438434, -9.232177787669169, -4.439285004650137, 13.616330966316495, 3.235648767556553, -1.0230047628669534, 12.088429712057673, 3.5216905448519706, 1.9401650045944576, 10.34510602184075, 3.9266061747945544, -0.8780855766993911, 11.209312514663756, -0.7064215855876694, -1.9562835398431877, 12.886437382550033, -0.9867372425221247, 0.8827179399043027, 8.45143113932007, 0.6811577634122482, 2.8596353651164272, 9.128099539865262, -2.5245219303459363, 2.374608481533475, 4.926258101472773, -1.6272146157237177, 0.8983040415409237, 6.837380172720522, -2.593036450487751, -1.6316871343853285, 7.359635549897546, 1.7936006191197598, -3.0622952628541955, 5.556867879985487, 2.939385781351546, -0.5249121546989318, 3.2947484537259895, -0.8807015305374767, -4.208957810158699, 3.574409199434974, 2.2971858246717543, -5.075845118862742, -0.5880400356140547, 1.7898036522448693, -3.598409976705789, 1.0351345035913102, 3.6617796021172917, -1.4064037044205526, -1.8277597954179736, 0.721643438486221, 0.6816222425410968, 1.2944694651963573, 0.1562805801585107, 1.616816977089289, -1.0050235280943518, -3.814995816951207, 0.9628895952010587, 1.5477107124779341, -3.605191487638422, -1.1408216537781999, -3.858461506552862, -2.172350065147028, -2.5987002051667107, -1.2746884993739878, -2.467136483346783, -4.652449130128612, -4.0446297109620595, -6.167442336670733, -4.9553658420834195, -3.8656026914114014, -6.694926138939369, -1.6805285603176205, 0.6175219994345189, -7.844551492951412, -1.975923246182188, -1.2340673819012395, -9.71784889270325, -3.987509426620443, -0.050781848814578756, -6.850729357354304, -7.634652439232381, 2.015952015396872, -5.214268212328243, -5.612291242607644, 2.3738194598141327, -10.841331482865659, -6.892440288076222, 4.177167350221654, -8.427843155616054, -8.285133648708557, 6.719731971244265, -10.52762593960491, -4.991174194425754, 4.377486563755413, -9.958426046261735, -2.679658840185613, 6.066084719722021, -7.394205838753729, -4.009126778699761], "name": "C15H32", "identifiers": {"molecule_hash": "259980b2f0b7dbfa932b2ffe814fa268dd0cf48b", "molecular_formula": "C15H32"}, "molecular_charge": 0.0, "molecular_multiplicity": 1, "connectivity": [[0, 1, 1.0], [0, 15, 1.0], [0, 16, 1.0], [0, 17, 1.0], [1, 2, 1.0], [1, 18, 1.0], [1, 19, 1.0], [2, 3, 1.0], [2, 20, 1.0], [2, 21, 1.0], [3, 4, 1.0], [3, 22, 1.0], [3, 23, 1.0], [4, 5, 1.0], [4, 24, 1.0], [4, 25, 1.0], [5, 6, 1.0], [5, 26, 1.0], [5, 27, 1.0], [6, 7, 1.0], [6, 28, 1.0], [6, 29, 1.0], [7, 8, 1.0], [7, 30, 1.0], [7, 31, 1.0], [8, 9, 1.0], [8, 32, 1.0], [8, 33, 1.0], [9, 10, 1.0], [9, 34, 1.0], [9, 35, 1.0], [10, 11, 1.0], [10, 36, 1.0], [10, 37, 1.0], [11, 12, 1.0], [11, 38, 1.0], [11, 39, 1.0], [12, 13, 1.0], [12, 40, 1.0], [12, 41, 1.0], [13, 14, 1.0], [13, 42, 1.0], [13, 43, 1.0], [14, 44, 1.0], [14, 45, 1.0], [14, 46, 1.0]], "fix_com": true, "fix_orientation": true, "provenance": {"creator": "QCElemental", "version": "v0.22.0", "routine": "qcelemental.molparse.from_schema"}, "id": "230196"}