{"schema_name": "qcschema_molecule", "schema_version": 2, "validated": true, "symbols": ["C", "C", "C", "C", "C", "C", "C", "C", "C", "C", "C", "C", "C", "C", "C", "H", "H", "H", "H", "H", "H", "H", "H", "H", "H", "H", "H", "H", "H", "H", "H", "H", "H", "H", "H", "H", "H", "H", "H", "H", "H", "H", "H", "H", "H", "H", "H"], "geometry": [8.905447147492923, 1.7213870835094311, 3.3306690738754696e-16, 6.577016358591347, -1.8053432960675432e-16, -2.7989448124274364e-16, 4.493086504243636, 0.921099213999634, -1.8000626396772592, 2.1049210563573486, -0.7516834372288403, -1.8583909837668637, 0.0, 0.0, 0.0, 0.7850195495624996, 0.0738525299817474, 2.7879816212530084, -1.4626457612219492, 0.26518625409569374, 4.606116126942625, -0.7047606546270482, 0.6946068057240855, 7.381079767877167, 1.2655065662087612, -1.169309806043699, 8.423237273398309, 0.46284591782780193, -3.951917594315994, 8.314953533631376, 2.4179143241921577, -5.786428119765333, 9.439606805208745, 5.05183421220744, -5.725099752341519, 8.2070595798155, 5.066892830366637, -6.371112635698139, 5.3798974031822, 7.675825860933979, -6.1611902902988875, 4.122598238051159, 9.6468137848476, -8.028862918671809, 5.137240231419295, 8.41736920264638, 3.637035525787071, 0.6205915659609049, 10.375835957221867, 1.0039356800234165, 1.2687908948005915, 9.726643923943378, 1.8712020389108321, -1.8963599952744397, 5.84225658691247, -0.15771769265020252, 1.92700606429778, 7.136290164141338, -1.9195574409290797, -0.5532994150231204, 5.302547591253699, 1.0212145333693705, -3.7074996979716266, 3.9645941176070085, 2.869223122754177, -1.3107261000946089, 1.2993472170544669, -0.720658398928498, -3.7680127314747, 2.6518556108479725, -2.7237337978178005, -1.5055933612317798, -0.755406847617471, 1.8572521833771503, -0.5397733819960666, -1.5701954508956977, -1.3404150079096624, -0.21864308403369925, 1.8715141845037542, -1.6341516656378081, 3.221958094575782, 2.070237920312309, 1.6692594454628338, 3.1148126631942334, -2.699330671312703, 1.821416000176562, 4.010015917893277, -2.6043986785304396, -1.458379952643214, 4.4433006716401735, 0.05143303756951456, 2.617597767331615, 7.575049621150349, -2.410567434971045, 0.6221479954275559, 8.560834158462983, 1.681709704151582, -0.6668543648640206, 10.39385706017704, 3.0427376588755193, -0.9153532972178522, 7.392174165380611, -1.3259946692921014, -4.178064175787745, 9.34318093537233, 0.05565028063260824, -4.491274226482897, 6.357891168528346, 2.630548519722657, -5.379371128815114, 11.463652036598521, 1.6659491851414687, -7.717043113638205, 9.316074811434628, 5.91242695575996, -3.857589139478936, 8.478796797758381, 6.266586535963782, -7.059323278333482, 9.225442665124024, 3.76658054862495, -5.110759526649364, 4.376296009419768, 4.324557501377827, -8.293336872485309, 5.112885078579869, 7.453155472911744, -6.456852831172108, 2.082379046594573, 8.380243752871982, -4.22170515437325, 4.343856774494216, 11.420007796187813, -7.888225641838919, 4.0781292908974685, 10.085101767574322, -7.680623149895919, 7.128720022928048, 8.970213497036914, -9.981207778307915, 4.976000399989157], "name": "C15H32", "identifiers": {"molecule_hash": "8e717571728b0e8b655a8ed4189021137947b962", "molecular_formula": "C15H32"}, "molecular_charge": 0.0, "molecular_multiplicity": 1, "connectivity": [[0, 1, 1.0], [0, 15, 1.0], [0, 16, 1.0], [0, 17, 1.0], [1, 2, 1.0], [1, 18, 1.0], [1, 19, 1.0], [2, 3, 1.0], [2, 20, 1.0], [2, 21, 1.0], [3, 4, 1.0], [3, 22, 1.0], [3, 23, 1.0], [4, 5, 1.0], [4, 24, 1.0], [4, 25, 1.0], [5, 6, 1.0], [5, 26, 1.0], [5, 27, 1.0], [6, 7, 1.0], [6, 28, 1.0], [6, 29, 1.0], [7, 8, 1.0], [7, 30, 1.0], [7, 31, 1.0], [8, 9, 1.0], [8, 32, 1.0], [8, 33, 1.0], [9, 10, 1.0], [9, 34, 1.0], [9, 35, 1.0], [10, 11, 1.0], [10, 36, 1.0], [10, 37, 1.0], [11, 12, 1.0], [11, 38, 1.0], [11, 39, 1.0], [12, 13, 1.0], [12, 40, 1.0], [12, 41, 1.0], [13, 14, 1.0], [13, 42, 1.0], [13, 43, 1.0], [14, 44, 1.0], [14, 45, 1.0], [14, 46, 1.0]], "fix_com": true, "fix_orientation": true, "provenance": {"creator": "QCElemental", "version": "v0.22.0", "routine": "qcelemental.molparse.from_schema"}, "id": "225518"}