{"schema_name": "qcschema_molecule", "schema_version": 2, "validated": true, "symbols": ["C", "C", "C", "C", "C", "C", "C", "C", "C", "C", "C", "C", "C", "C", "C", "H", "H", "H", "H", "H", "H", "H", "H", "H", "H", "H", "H", "H", "H", "H", "H", "H", "H", "H", "H", "H", "H", "H", "H", "H", "H", "H", "H", "H", "H", "H", "H"], "geometry": [5.173796903168703, 2.885856224382125, 8.881784197001252e-16, 4.908553368482743, 5.436857232962209e-16, 9.931287959111896e-16, 2.4528459731217125, -0.9622099921349188, 1.219759960682394, 0.0, 0.0, 0.0, -0.28032466187473465, -0.6822951162766836, -2.804695041474319, -2.9257652013107482, -0.15377841883984633, -3.8892221794005044, -3.858565664742053, 2.582346178835081, -3.602763342495428, -2.217313611340078, 4.552120068498747, -4.955052472069285, -3.17137056732677, 7.28370155183964, -4.669737029069191, -3.1894515662383762, 8.316906340939337, -1.9520658750696938, -0.5559700324622268, 8.492861360123067, -0.743973990703223, -0.536960431073221, 9.409282566078641, 2.026862067894095, -0.4534236049774212, 7.285096662154913, 4.008629467977025, -2.760220481665364, 5.532730109814555, 4.066616983258631, -2.527602461609755, 3.45446597567383, 6.069836889262497, 7.020748911922431, 3.46594960563002, -0.7328004586571482, 4.9851106919030785, 3.6538908639891368, 1.9153048434931514, 3.731652027860974, 3.7899403184477753, -1.1750189843714298, 6.512267914340742, -0.8280011767801614, 1.020556882002902, 5.048410200648102, -0.7028203691513741, -1.9446055955977821, 2.4501690797785614, -0.4242878650532973, 3.224970927701828, 2.4569734504719105, -3.0372154666044575, 1.1769329413668501, -1.6091844058362421, -0.7813658307131707, 1.0528388779647722, -0.12187313794819016, 2.0518399155987432, 0.2357114010227117, 0.13912239318843111, -2.6998560018082687, -3.054496907461097, 1.1437440335086992, 0.33081192831350603, -3.916493211178321, -4.287476554935689, -1.4128433606435804, -2.9575350067791923, -2.940232232827304, -0.6707909509086036, -5.899303145158328, -5.793892113958042, 2.7068082776895777, -4.342745712800115, -3.998043950810131, 3.041500207609522, -1.5900074835073785, -2.1420562734542377, 4.082032338946201, -6.975343277806715, -0.2644317695156668, 4.428159028552663, -4.279044946865848, -1.996567087490973, 8.525855390234447, -5.846895799014738, -5.093758342291811, 7.404643391638366, -5.442669831314484, -4.027501787514646, 10.214985835306148, -1.974104203975834, -4.441140866949994, 7.169703170354459, -0.7704166136427717, 0.5925489684624193, 9.770771002765489, -1.9063495493721807, 0.3920805149150507, 6.654024105106267, -0.8363445866838388, -2.188316999652764, 10.618916697981618, 2.3733603091110336, 1.1221640063124745, 10.613443933634485, 2.3299580513983207, -0.22065938405497754, 8.133466434396231, 5.889203426531685, 1.2487016227951049, 6.140770033117667, 3.6834988467769056, -3.017090631514765, 4.646822507007128, 2.2157095757885976, -4.469585220048369, 6.657323622235774, 4.413716514657027, -4.194850540647625, 2.2274699236268214, 6.086281007010325, -0.8735629011342161, 2.2617436382848273, 5.706492152055699, -2.31503043935862, 4.259926337671809, 7.966877136317286], "name": "C15H32", "identifiers": {"molecule_hash": "6355dd5a61eaeafb9622a20eb63f24b85d2c17f1", "molecular_formula": "C15H32"}, "molecular_charge": 0.0, "molecular_multiplicity": 1, "connectivity": [[0, 1, 1.0], [0, 15, 1.0], [0, 16, 1.0], [0, 17, 1.0], [1, 2, 1.0], [1, 18, 1.0], [1, 19, 1.0], [2, 3, 1.0], [2, 20, 1.0], [2, 21, 1.0], [3, 4, 1.0], [3, 22, 1.0], [3, 23, 1.0], [4, 5, 1.0], [4, 24, 1.0], [4, 25, 1.0], [5, 6, 1.0], [5, 26, 1.0], [5, 27, 1.0], [6, 7, 1.0], [6, 28, 1.0], [6, 29, 1.0], [7, 8, 1.0], [7, 30, 1.0], [7, 31, 1.0], [8, 9, 1.0], [8, 32, 1.0], [8, 33, 1.0], [9, 10, 1.0], [9, 34, 1.0], [9, 35, 1.0], [10, 11, 1.0], [10, 36, 1.0], [10, 37, 1.0], [11, 12, 1.0], [11, 38, 1.0], [11, 39, 1.0], [12, 13, 1.0], [12, 40, 1.0], [12, 41, 1.0], [13, 14, 1.0], [13, 42, 1.0], [13, 43, 1.0], [14, 44, 1.0], [14, 45, 1.0], [14, 46, 1.0]], "fix_com": true, "fix_orientation": true, "provenance": {"creator": "QCElemental", "version": "v0.22.0", "routine": "qcelemental.molparse.from_schema"}, "id": "221816"}