{"schema_name": "qcschema_molecule", "schema_version": 2, "validated": true, "symbols": ["C", "C", "C", "C", "C", "C", "C", "C", "C", "C", "C", "C", "C", "C", "C", "H", "H", "H", "H", "H", "H", "H", "H", "H", "H", "H", "H", "H", "H", "H", "H", "H", "H", "H", "H", "H", "H", "H", "H", "H", "H", "H", "H", "H", "H", "H", "H"], "geometry": [0.0, 0.0, -0.0, 2.8968435357580673, -1.3219631413698445e-16, -1.0127944375722017e-16, 4.01817257017954, 1.87217214380183, -1.9095734969204117, 6.9129404179229095, 1.8087725811387505, -2.0988104883287555, 8.285772239537962, 2.6270805773857098, 0.3253526690355777, 11.15135929266962, 2.961052323577119, 0.0, 12.5725600292494, 0.5137763635706728, -0.6237593048655556, 15.404192078217267, 0.9337994727704709, -1.0702454955838354, 16.895524569825298, -1.4803216720553567, -1.7076621903822433, 15.831158809407516, -3.036650630412163, -3.9207201850846234, 15.472727262386586, -1.5462863376550788, -6.379232237388379, 14.284638049120776, -3.133759205404603, -8.490691112311394, 13.782038846256349, -1.6738867788857599, -10.951549414721924, 12.042005928286178, 0.642155800199772, -10.689155201517352, 9.451865932218467, 0.056560622971731256, -9.525623598246499, -0.7446041858358539, 1.8745568162318578, 0.4735126915960378, -0.7595638535968074, -1.3453723030324687, 1.3780345961999176, -0.7467630956073817, -0.514660491967178, -1.8627348411181606, 3.591235496225535, -1.9079366773002318, -0.4329089966822611, 3.578737782473521, 0.4447365672871143, 1.9052704558078797, 3.217339067880694, 1.4705971023922557, -3.782007062020245, 3.4028426138953916, 3.795106770420145, -1.4208255160194394, 7.504759667628495, -0.10406075902228107, -2.6378717240377254, 7.509487025458759, 3.051548962437606, -3.6511649149808783, 7.471458238702974, 4.42403302871506, 0.9719064460880986, 7.929686155461032, 1.254590770486527, 1.8385355316761047, 11.94330545545173, 3.779692795225241, 1.7345790611760807, 11.502924687090891, 4.3495116302127865, -1.5046638424904692, 11.736108807035103, -0.3464307757460183, -2.308963535308523, 12.301666039834716, -0.855388646916467, 0.915350195203088, 15.64153695350336, 2.3195207620698852, -2.5948026062442535, 16.24077280382468, 1.806144730527456, 0.6164244157707726, 18.858272564215603, -0.9521394357657829, -2.126069532729812, 16.97093625361241, -2.6951558370531314, -0.026891677139831316, 14.010083570743689, -3.862078018334551, -3.3700186812411634, 17.092823010655003, -4.645721859914097, -4.273205017593731, 17.299791278410517, -0.7888493596911861, -7.01486350145184, 14.271638920388302, 0.0975119623005618, -6.010579559203723, 12.509352629648332, -3.9518963517433288, -7.796740085986539, 15.52043100512535, -4.746294760491141, -8.912336203505513, 12.949199006363795, -2.9793076226907456, -12.333860930034966, 15.591959972916175, -1.0561387893518202, -11.757791336308285, 12.982445194051278, 2.105332718724303, -9.562451326444222, 11.769951299415318, 1.4676646920423222, -12.571567261156789, 8.483174365868678, -1.4454677674655887, -10.574658160277352, 9.613639902865552, -0.5606428476578587, -7.5573443732723335, 8.231564744012111, 1.728482036736461, -9.547005038056424], "name": "C15H32", "identifiers": {"molecule_hash": "9d3b7404f076d125bc9fce96b30510beecb7e336", "molecular_formula": "C15H32"}, "molecular_charge": 0.0, "molecular_multiplicity": 1, "connectivity": [[0, 1, 1.0], [0, 15, 1.0], [0, 16, 1.0], [0, 17, 1.0], [1, 2, 1.0], [1, 18, 1.0], [1, 19, 1.0], [2, 3, 1.0], [2, 20, 1.0], [2, 21, 1.0], [3, 4, 1.0], [3, 22, 1.0], [3, 23, 1.0], [4, 5, 1.0], [4, 24, 1.0], [4, 25, 1.0], [5, 6, 1.0], [5, 26, 1.0], [5, 27, 1.0], [6, 7, 1.0], [6, 28, 1.0], [6, 29, 1.0], [7, 8, 1.0], [7, 30, 1.0], [7, 31, 1.0], [8, 9, 1.0], [8, 32, 1.0], [8, 33, 1.0], [9, 10, 1.0], [9, 34, 1.0], [9, 35, 1.0], [10, 11, 1.0], [10, 36, 1.0], [10, 37, 1.0], [11, 12, 1.0], [11, 38, 1.0], [11, 39, 1.0], [12, 13, 1.0], [12, 40, 1.0], [12, 41, 1.0], [13, 14, 1.0], [13, 42, 1.0], [13, 43, 1.0], [14, 44, 1.0], [14, 45, 1.0], [14, 46, 1.0]], "fix_com": true, "fix_orientation": true, "provenance": {"creator": "QCElemental", "version": "v0.22.0", "routine": "qcelemental.molparse.from_schema"}, "id": "219115"}