{"schema_name": "qcschema_molecule", "schema_version": 2, "validated": true, "symbols": ["C", "C", "C", "C", "C", "C", "C", "C", "C", "C", "C", "C", "C", "C", "C", "H", "H", "H", "H", "H", "H", "H", "H", "H", "H", "H", "H", "H", "H", "H", "H", "H", "H", "H", "H", "H", "H", "H", "H", "H", "H", "H", "H", "H", "H", "H", "H"], "geometry": [12.625957384944988, 0.24647856954290204, -2.7755575615628914e-17, 9.747713088755503, -1.961272947791773e-15, 1.5067056539463942e-15, 8.410494216475556, 2.5659432256160435, -0.016322208603884003, 5.521978900976417, 2.4342299249542623, 0.17055010897195713, 4.229381405756086, 1.2074825511548652, -2.1131493349831882, 1.3407170527998613, 1.4384493714708497, -2.1238473441537478, -0.0, -0.0, 0.0, -2.8825694291104353, 0.15356508052770798, -0.20324408654276324, -4.322706543586757, -1.435226420795634, 1.7490918347390438, -3.9106937400175905, -0.747067141532804, 4.535912160261894, -4.742506601864444, 1.9289585875734243, 5.257976921517856, -4.489617484782844, 2.4424086902845112, 8.094754362318929, -5.492775835580295, 5.023665829652502, 8.953906541518414, -4.165949971205906, 7.352344810675424, 7.84739770462079, -1.3584342452723082, 7.5529923253559215, 8.505545288724841, 13.282078626767728, 1.2579137917043288, -1.6619296620471598, 13.530987384942058, -1.594845551211263, 0.007299060174242089, 13.282699242429445, 1.272803465413901, 1.6523223251103496, 9.155064288110173, -1.062437687505003, 1.6584090786352668, 9.171017180489189, -1.1052246239101993, -1.6309796128581275, 9.114544297313603, 3.680530626314427, 1.5622326140873375, 8.9359447392491, 3.593530051774214, -1.7201694532839815, 5.0125100594078935, 1.4333858834486897, 1.8912289641857363, 4.798154792951661, 4.347975372797107, 0.3836652811884654, 4.9557874846800525, 2.0852914565745966, -3.8259406002796865, 4.738081943078635, -0.7799587211134625, -2.2274772628519326, 0.6412218658192799, 0.7467983771564792, -3.92952926771122, 0.819002168411137, 3.42708374799006, -2.033239067976882, 0.6043724558875422, 0.7331620130026278, 1.8182720185021517, 0.5792771958422486, -1.9750670271919162, -0.04986220281932832, -3.469153275179942, 2.1192277034087486, -0.082928459206804, -3.445620688454601, -0.48509743743545486, -2.0750496243866166, -6.333120196650948, -1.306680720582705, 1.3345802643374773, -3.8144810821175335, -3.4108390024795843, 1.4868098458631092, -1.9354825527320771, -1.0049249059596872, 5.040523998566297, -4.961257290166582, -2.094233434443995, 5.680376069325171, -6.701667658540907, 2.2073495788792377, 4.6897776805874525, -3.637713803630673, 3.302115563138359, 4.206944538749484, -2.5226158019650247, 2.2321392744653146, 8.651607774562121, -5.5206071302746285, 0.9897789740154948, 9.12180814288814, -5.370838131694895, 5.11761243838335, 11.00504270931498, -7.494952100698106, 5.135290542665976, 8.497100126795294, -4.393079170119552, 7.390998710788985, 5.807010199537907, -5.129431447070836, 9.025220199121657, 8.551408604344372, -1.0698537386721543, 7.497413222268828, 10.538110643982364, -0.2656104386766313, 6.026903620173549, 7.6794392900935495, -0.5716069013526777, 9.316572852291463, 7.812473959802575], "name": "C15H32", "identifiers": {"molecule_hash": "6da82134e411990929cb4e91e62c2436b7c1bdc7", "molecular_formula": "C15H32"}, "molecular_charge": 0.0, "molecular_multiplicity": 1, "connectivity": [[0, 1, 1.0], [0, 15, 1.0], [0, 16, 1.0], [0, 17, 1.0], [1, 2, 1.0], [1, 18, 1.0], [1, 19, 1.0], [2, 3, 1.0], [2, 20, 1.0], [2, 21, 1.0], [3, 4, 1.0], [3, 22, 1.0], [3, 23, 1.0], [4, 5, 1.0], [4, 24, 1.0], [4, 25, 1.0], [5, 6, 1.0], [5, 26, 1.0], [5, 27, 1.0], [6, 7, 1.0], [6, 28, 1.0], [6, 29, 1.0], [7, 8, 1.0], [7, 30, 1.0], [7, 31, 1.0], [8, 9, 1.0], [8, 32, 1.0], [8, 33, 1.0], [9, 10, 1.0], [9, 34, 1.0], [9, 35, 1.0], [10, 11, 1.0], [10, 36, 1.0], [10, 37, 1.0], [11, 12, 1.0], [11, 38, 1.0], [11, 39, 1.0], [12, 13, 1.0], [12, 40, 1.0], [12, 41, 1.0], [13, 14, 1.0], [13, 42, 1.0], [13, 43, 1.0], [14, 44, 1.0], [14, 45, 1.0], [14, 46, 1.0]], "fix_com": true, "fix_orientation": true, "provenance": {"creator": "QCElemental", "version": "v0.22.0", "routine": "qcelemental.molparse.from_schema"}, "id": "215007"}