{"schema_name": "qcschema_molecule", "schema_version": 2, "validated": true, "symbols": ["C", "C", "C", "C", "C", "C", "C", "C", "C", "C", "C", "C", "C", "C", "C", "H", "H", "H", "H", "H", "H", "H", "H", "H", "H", "H", "H", "H", "H", "H", "H", "H", "H", "H", "H", "H", "H", "H", "H", "H", "H", "H", "H", "H", "H", "H", "H"], "geometry": [11.496256652382186, 0.9781246953885225, 2.7755575615628914e-16, 8.76954167810739, -3.236311698561599e-15, -3.0732758494127874e-15, 7.081924650549204, 1.3836025830272838, 1.9095734969204148, 4.378570443493572, 0.3465025743158412, 2.0988104883287555, 2.8100603432293116, 0.6532129467025959, -0.3253526690355757, -0.0, -0.0, 0.0, -0.5114077645832569, -2.783421142479944, 0.6237593048655437, -3.3185626505551307, -3.344171460507545, 1.0702454955838214, -3.9071781922744684, -6.120065054733997, 1.7076621903822162, -2.3798240943612035, -7.225607346171677, 3.920720185084592, -2.545667174053384, -5.701745484996814, 6.379232237388354, -0.8913399711389842, -6.794827179206774, 8.490691112311366, -0.911186572888842, -5.250987947671016, 10.9515494147219, -0.055360105085958455, -2.4834386995518436, 10.689155201517343, 2.580391022941387, -2.1600768249825792, 9.525623598246488, 11.564183368524125, 2.9940077803117964, -0.4735126915960284, 12.665479624144009, -0.03176714226646016, -1.3780345961999219, 12.372939227955868, 0.7458356413232992, 1.8627348411181597, 8.760149049550849, -2.0303483291982496, 0.4329089966822488, 7.9775282177751885, 0.18837477707639416, -1.9052704558078812, 7.971318618801392, 1.276014565460437, 3.7820070620202477, 7.011834416994318, 3.4013726126660933, 1.4208255160194523, 4.467379906193949, -1.6538209722357085, 2.6378717240377174, 3.3974325939924745, 1.3148669216320545, 3.6511649149808822, 2.969806151051513, 2.61958693991388, -0.9719064460880883, 3.6086576451975607, -0.5184388439777297, -1.8385355316761087, -1.0218515036457974, 0.5031604625389436, -1.7345790611760772, -0.7997342394129091, 1.1882098379698864, 1.5046638424904748, 0.5663701272628501, -3.310679888754451, 2.308963535308508, 0.2058780606774665, -3.980708670320803, -0.9153501952031053, -4.00985992456386, -2.119972064824683, 2.594802606244245, -4.4005608988313725, -2.8055311817350805, -0.6164244157707837, -5.932997800262562, -6.285627973607774, 2.1260695327297867, -3.5679699754553704, -7.289016189786201, 0.026891677139800674, -0.3869915634830945, -7.387668758854778, 3.370018681241132, -3.024086147452913, -9.166182824030342, 4.273205017593691, -4.521179677285787, -5.605703599295853, 7.014863501451819, -1.9701490849505712, -3.748935974231186, 6.010579559203708, 1.055930364419429, -6.965487517495875, 7.7967400859865075, -1.51008043381632, -8.729928051609713, 8.912336203505475, 0.31351927815734726, -6.198532857828847, 12.333860930034938, -2.8233967195648613, -5.280642934638954, 11.757791336308262, -1.4346128181750881, -1.4237337118632736, 9.562451326444215, -0.078017594936854, -1.6145513134339273, 12.571567261156781, 3.9993550817666876, -3.2468121359755453, 10.574658160277338, 2.6365177852204074, -2.795655874583965, 7.55734437327232, 3.164497785550031, -0.1743085873431136, 9.547005038056422], "name": "C15H32", "identifiers": {"molecule_hash": "9d3b7404f076d125bc9fce96b30510beecb7e336", "molecular_formula": "C15H32"}, "molecular_charge": 0.0, "molecular_multiplicity": 1, "connectivity": [[0, 1, 1.0], [0, 15, 1.0], [0, 16, 1.0], [0, 17, 1.0], [1, 2, 1.0], [1, 18, 1.0], [1, 19, 1.0], [2, 3, 1.0], [2, 20, 1.0], [2, 21, 1.0], [3, 4, 1.0], [3, 22, 1.0], [3, 23, 1.0], [4, 5, 1.0], [4, 24, 1.0], [4, 25, 1.0], [5, 6, 1.0], [5, 26, 1.0], [5, 27, 1.0], [6, 7, 1.0], [6, 28, 1.0], [6, 29, 1.0], [7, 8, 1.0], [7, 30, 1.0], [7, 31, 1.0], [8, 9, 1.0], [8, 32, 1.0], [8, 33, 1.0], [9, 10, 1.0], [9, 34, 1.0], [9, 35, 1.0], [10, 11, 1.0], [10, 36, 1.0], [10, 37, 1.0], [11, 12, 1.0], [11, 38, 1.0], [11, 39, 1.0], [12, 13, 1.0], [12, 40, 1.0], [12, 41, 1.0], [13, 14, 1.0], [13, 42, 1.0], [13, 43, 1.0], [14, 44, 1.0], [14, 45, 1.0], [14, 46, 1.0]], "fix_com": true, "fix_orientation": true, "provenance": {"creator": "QCElemental", "version": "v0.22.0", "routine": "qcelemental.molparse.from_schema"}, "id": "219115"}