{"schema_name": "qcschema_molecule", "schema_version": 2, "validated": true, "symbols": ["C", "C", "C", "C", "C", "C", "C", "C", "C", "C", "C", "C", "C", "C", "C", "H", "H", "H", "H", "H", "H", "H", "H", "H", "H", "H", "H", "H", "H", "H", "H", "H", "H", "H", "H", "H", "H", "H", "H", "H", "H", "H", "H", "H", "H", "H", "H"], "geometry": [0.0, -0.0, 0.0, 2.8963488560768953, -3.871090012583842e-16, 2.1762777269914168e-16, 4.019724727828278, 2.000345337072331, -1.7781900873494827, 6.934109251942212, 2.128642428364684, -1.7906909822825154, 8.10585051415152, 4.094425859718187, -2.220446049250313e-16, 7.507184723241542, 3.7254944719159515, 2.8169034224924836, 8.866069882895275, 5.59297915728812, 4.600108851635615, 11.394287273940039, 4.650378821013783, 5.691129939821758, 13.481611726638086, 4.019913382065367, 3.7744622790159608, 14.413669883921042, 6.28531245883812, 2.227319642036095, 16.4307159932914, 5.55793641841913, 0.2775286805148487, 17.470089128057054, 7.7834576761505, -1.2688212029795398, 15.521807046989988, 9.050402804003744, -3.002513685491742, 16.65747994045484, 11.13181205451099, -4.667770957570649, 14.70354719281306, 12.398423832526138, -6.390873284927791, -0.7478068855248208, -0.34325450159673276, -1.9016292477414258, -0.7449219865017519, 1.8237748703237946, 0.6418575555981223, -0.7591777716367534, -1.4653141000475145, 1.2499702625095908, 3.588621570791687, -1.8691170541695752, -0.5773465992234909, 3.585892560425895, 0.29358512081963395, 1.9292065597250008, 3.341760701455641, 1.5968747125592808, -3.6965700401797568, 3.2485274398924067, 3.8667026557206374, -1.2924808943391344, 7.705126488651347, 0.2520020083643447, -1.3481603196608225, 7.585244469563733, 2.5685356081360933, -3.708703361450254, 7.461622231665433, 5.985905685984299, -0.5672537103893043, 10.15459194240303, 4.086048371992341, -0.2877841269325263, 7.9664232273187245, 1.7790323082929627, 3.3760403990847054, 5.462807950918924, 3.92246403390822, 3.0801697341581034, 7.626697422362952, 6.009518747689276, 6.208307088973498, 9.138146236186913, 7.402730183214906, 3.62480962316875, 12.113851855701071, 6.080661600146786, 7.012864356899065, 11.014582170672497, 2.9575879174242745, 6.830475159393623, 12.82646907558657, 2.5285918961748766, 2.4909889931763805, 15.091735499656773, 3.205487068140848, 4.799931909805527, 12.813931009490348, 7.1782089267231886, 1.2671019056267023, 15.186101038902127, 7.721696103582378, 3.5144647587257456, 18.003799026528867, 4.623567941906289, 1.256928247339274, 15.64015758070202, 4.140367768720883, -1.0192092942804196, 18.266801381712817, 9.2038401869609, 0.02000728278469399, 19.052874754372134, 7.109266001248201, -2.4296006624655684, 14.645806934965606, 7.606754680246237, -4.213087382331236, 13.984741040803671, 9.860541696595146, -1.8709899845177023, 18.1822239791006, 10.327445903394548, -5.822955790562413, 17.546482998377538, 12.564563741575785, -3.458044457411781, 13.189216970261075, 13.27637405738197, -5.282626830174756, 13.825342816579298, 11.01861618015848, -7.662557561976072, 15.565055901399326, 13.873750364717901, -7.5601142017028415], "name": "C15H32", "identifiers": {"molecule_hash": "02466bcf7685142367d80e64257fd7698f9c45a1", "molecular_formula": "C15H32"}, "molecular_charge": 0.0, "molecular_multiplicity": 1, "connectivity": [[0, 1, 1.0], [0, 15, 1.0], [0, 16, 1.0], [0, 17, 1.0], [1, 2, 1.0], [1, 18, 1.0], [1, 19, 1.0], [2, 3, 1.0], [2, 20, 1.0], [2, 21, 1.0], [3, 4, 1.0], [3, 22, 1.0], [3, 23, 1.0], [4, 5, 1.0], [4, 24, 1.0], [4, 25, 1.0], [5, 6, 1.0], [5, 26, 1.0], [5, 27, 1.0], [6, 7, 1.0], [6, 28, 1.0], [6, 29, 1.0], [7, 8, 1.0], [7, 30, 1.0], [7, 31, 1.0], [8, 9, 1.0], [8, 32, 1.0], [8, 33, 1.0], [9, 10, 1.0], [9, 34, 1.0], [9, 35, 1.0], [10, 11, 1.0], [10, 36, 1.0], [10, 37, 1.0], [11, 12, 1.0], [11, 38, 1.0], [11, 39, 1.0], [12, 13, 1.0], [12, 40, 1.0], [12, 41, 1.0], [13, 14, 1.0], [13, 42, 1.0], [13, 43, 1.0], [14, 44, 1.0], [14, 45, 1.0], [14, 46, 1.0]], "fix_com": true, "fix_orientation": true, "provenance": {"creator": "QCElemental", "version": "v0.22.0", "routine": "qcelemental.molparse.from_schema"}, "id": "221735"}