{"schema_name": "qcschema_molecule", "schema_version": 2, "validated": true, "symbols": ["C", "C", "C", "C", "C", "C", "C", "C", "C", "C", "C", "C", "C", "C", "C", "H", "H", "H", "H", "H", "H", "H", "H", "H", "H", "H", "H", "H", "H", "H", "H", "H", "H", "H", "H", "H", "H", "H", "H", "H", "H", "H", "H", "H", "H", "H", "H"], "geometry": [6.3301245039436305, 2.837992438011238, -2.220446049250313e-16, 5.875352998466567, 9.53729681239648e-16, 8.826409634507385e-16, 4.227649318293211, -0.9282388382699299, -2.1807057639695127, 1.6169794542753224, 0.28691778233600884, -2.3623989172139335, 0.0, 0.0, 0.0, -2.6611229552785187, 1.0476744931577846, -0.3255802768788969, -4.268377210484223, 0.9962516515044696, 2.0659681392407823, -4.8776481118697035, -1.6499133082216133, 3.027309580387727, -6.68659622399502, -1.708944953704676, 5.2699917477207086, -5.637169344650998, -0.5457832174236192, 7.684636463609101, -7.428287978205787, -0.7972531190249486, 9.922232255918289, -6.522253726106713, 0.5010835316002691, 12.333469557018493, -3.966544460141264, -0.40366330075426227, 13.332807833283633, -3.758858165467708, -3.2478337145363296, 13.770735344144914, -5.704417552155688, -4.294344844712894, 15.609647126321809, 4.567800417543121, 3.8966174678952736, 0.2808674442010639, 7.153009457735484, 3.4689351623951996, -1.7989549163926581, 7.631352915758415, 3.3931570225605885, 1.514592131890486, 5.020732693497356, -0.5603367650661162, 1.8099882785605095, 7.699060762049683, -0.9897825994154255, -0.0876986752352043, 4.003818963869313, -2.98880331851523, -2.014184654581568, 5.235610088993658, -0.6049339885315743, -3.9704871513870823, 0.6085123116787485, -0.5489756317730714, -3.9766549369506383, 1.8080229241703534, 2.3087551074223818, -2.81262684349945, -0.08302297680858739, -2.010750793571072, 0.5255555059418051, 0.9103827964967475, 0.972428275175309, 1.599487925534115, -2.5232823276600733, 3.0090406063203985, -1.0010407264468282, -3.6340917779274906, -0.0066682622684282045, -1.8341494587655127, -3.297746137136568, 2.0821125979601693, 3.550267938510527, -6.0550023484816204, 1.996302341786047, 1.7010526379082507, -3.122358520019342, -2.632662969222386, 3.554128138631035, -5.701821491649624, -2.7483335840918284, 1.465422062265763, -7.211564903014534, -3.682485501583152, 5.659601585400367, -8.456162061866483, -0.7407400044305199, 4.754632637969981, -5.212008951285387, 1.4676017349879824, 7.381965967316581, -3.818523589231812, -1.4545437417721816, 8.130138787555774, -7.772018755334098, -2.816170767936166, 10.294196266256453, -9.277551183611251, -0.006400773757492484, 9.396541765029577, -7.9671602510541355, 0.2533439789137457, 13.80530262900527, -6.408634742869965, 2.5498648353218374, 11.999089285467454, -2.4639834486414616, 0.18113963351362816, 12.02239574360361, -3.5722322634458843, 0.586126200407775, 15.118499876576188, -1.850726152920704, -3.669619106165226, 14.474108776673933, -3.918974095573876, -4.246605663556055, 11.953215828978054, -7.637082797525575, -4.081891576777386, 14.8857437997206, -5.396650451472709, -6.312431902369796, 15.967587807612304, -5.614412850917052, -3.311116585503215, 17.436372798843102], "name": "C15H32", "identifiers": {"molecule_hash": "a105dd5e88b6a435cf6b5138a04f08e8871ba2f5", "molecular_formula": "C15H32"}, "molecular_charge": 0.0, "molecular_multiplicity": 1, "connectivity": [[0, 1, 1.0], [0, 15, 1.0], [0, 16, 1.0], [0, 17, 1.0], [1, 2, 1.0], [1, 18, 1.0], [1, 19, 1.0], [2, 3, 1.0], [2, 20, 1.0], [2, 21, 1.0], [3, 4, 1.0], [3, 22, 1.0], [3, 23, 1.0], [4, 5, 1.0], [4, 24, 1.0], [4, 25, 1.0], [5, 6, 1.0], [5, 26, 1.0], [5, 27, 1.0], [6, 7, 1.0], [6, 28, 1.0], [6, 29, 1.0], [7, 8, 1.0], [7, 30, 1.0], [7, 31, 1.0], [8, 9, 1.0], [8, 32, 1.0], [8, 33, 1.0], [9, 10, 1.0], [9, 34, 1.0], [9, 35, 1.0], [10, 11, 1.0], [10, 36, 1.0], [10, 37, 1.0], [11, 12, 1.0], [11, 38, 1.0], [11, 39, 1.0], [12, 13, 1.0], [12, 40, 1.0], [12, 41, 1.0], [13, 14, 1.0], [13, 42, 1.0], [13, 43, 1.0], [14, 44, 1.0], [14, 45, 1.0], [14, 46, 1.0]], "fix_com": true, "fix_orientation": true, "provenance": {"creator": "QCElemental", "version": "v0.22.0", "routine": "qcelemental.molparse.from_schema"}, "id": "219959"}