{"schema_name": "qcschema_molecule", "schema_version": 2, "validated": true, "symbols": ["C", "C", "C", "C", "C", "C", "C", "C", "C", "C", "C", "C", "C", "C", "C", "H", "H", "H", "H", "H", "H", "H", "H", "H", "H", "H", "H", "H", "H", "H", "H", "H", "H", "H", "H", "H", "H", "H", "H", "H", "H", "H", "H", "H", "H", "H", "H"], "geometry": [0.0, -0.0, 0.0, 2.8741987057965988, -2.7051289887270515e-16, -8.459808962172239e-16, 4.0514532498428615, 0.8087879656836411, 2.5083791883658915, 3.2646784762841277, 3.4165997831884574, 3.459966353896909, 3.8038293269965635, 5.568322964694894, 1.627679060984967, 3.190409874509957, 8.15814546341937, 2.7239161447527915, 3.495493538805342, 10.344594772421923, 0.8714103409542009, 6.204726959165262, 10.789876350197915, 5.773159728050814e-15, 6.549236689048735, 13.124556670908486, -1.6540804567208673, 5.234681211051655, 12.984095081156521, -4.210829474688422, 5.7663839752062955, 15.271224932543266, -5.8735102059547435, 4.3410447496872075, 15.286235679741438, -8.3812630279481, 4.830016133348893, 13.00706058933483, -10.088647450518422, 7.605497279361798, 12.501151866393876, -10.692783376098738, 8.946662605628424, 14.70205022329009, -11.965302690519465, -0.766444938948267, 1.9098061824132397, 0.26563539258381896, -0.7531961188084393, -1.1887936156299148, 1.5267391741528242, -0.7540586850318562, -0.7239685343340301, -1.7895970167774393, 3.5626996297962075, 1.2326891262288568, -1.5254031336685026, 3.562955959506558, -1.903329750044838, -0.46499458787503434, 6.121476476916358, 0.754704020129675, 2.3190803481912825, 3.5727359805364123, -0.5995571086843989, 3.9613837594023336, 4.249607355132527, 3.792508984398791, 5.25165651984633, 1.2380822795241908, 3.416276296928423, 3.9289404605852294, 5.802387053519573, 5.489089146565176, 1.0569697004779142, 2.6996049600527137, 5.301964583195737, -0.11660215788419626, 1.2319411800134783, 8.135867446858086, 3.4211305666279617, 4.385419550181599, 8.4968879503922, 4.394632564398967, 2.269732598144945, 10.006045296036076, -0.7739646734689858, 2.7907301246295697, 12.087349444410448, 1.7610219265752152, 6.897365367264654, 9.124872273991707, -1.0355625054081212, 7.419715678745339, 10.96594548502564, 1.6787148515158985, 8.580979983517723, 13.431682595570926, -1.970218220155243, 5.873218639066001, 14.804097218487174, -0.6262077819695717, 3.1793876469719944, 12.80200543019909, -3.948719802075694, 5.844237963133389, 11.247467554804095, -5.182609180005936, 7.814256299308386, 15.394741649449625, -6.224934607552945, 5.278094574519942, 16.996464840117618, -4.8215154105386535, 4.814284574756167, 17.030962439584474, -9.404686178483265, 2.3000945149913967, 15.395885984422375, -8.00083797618121, 4.014836503031516, 11.30417187628618, -9.221170585539104, 3.7903047644678516, 13.28468419346852, -11.867913266072414, 7.720054315118369, 10.82602213872867, -11.915248901394584, 8.617022124647397, 11.991276476382271, -8.948247827803643, 9.042682520616115, 16.362879778510443, -10.725628244378973, 10.890631228916831, 14.20430620127119, -12.483717941146256, 7.961579030074587, 15.278595362949373, -13.69994138192216], "name": "C15H32", "identifiers": {"molecule_hash": "a105dd5e88b6a435cf6b5138a04f08e8871ba2f5", "molecular_formula": "C15H32"}, "molecular_charge": 0.0, "molecular_multiplicity": 1, "connectivity": [[0, 1, 1.0], [0, 15, 1.0], [0, 16, 1.0], [0, 17, 1.0], [1, 2, 1.0], [1, 18, 1.0], [1, 19, 1.0], [2, 3, 1.0], [2, 20, 1.0], [2, 21, 1.0], [3, 4, 1.0], [3, 22, 1.0], [3, 23, 1.0], [4, 5, 1.0], [4, 24, 1.0], [4, 25, 1.0], [5, 6, 1.0], [5, 26, 1.0], [5, 27, 1.0], [6, 7, 1.0], [6, 28, 1.0], [6, 29, 1.0], [7, 8, 1.0], [7, 30, 1.0], [7, 31, 1.0], [8, 9, 1.0], [8, 32, 1.0], [8, 33, 1.0], [9, 10, 1.0], [9, 34, 1.0], [9, 35, 1.0], [10, 11, 1.0], [10, 36, 1.0], [10, 37, 1.0], [11, 12, 1.0], [11, 38, 1.0], [11, 39, 1.0], [12, 13, 1.0], [12, 40, 1.0], [12, 41, 1.0], [13, 14, 1.0], [13, 42, 1.0], [13, 43, 1.0], [14, 44, 1.0], [14, 45, 1.0], [14, 46, 1.0]], "fix_com": true, "fix_orientation": true, "provenance": {"creator": "QCElemental", "version": "v0.22.0", "routine": "qcelemental.molparse.from_schema"}, "id": "219959"}