{"schema_name": "qcschema_molecule", "schema_version": 2, "validated": true, "symbols": ["C", "C", "C", "C", "C", "C", "C", "C", "C", "C", "C", "C", "C", "C", "C", "H", "H", "H", "H", "H", "H", "H", "H", "H", "H", "H", "H", "H", "H", "H", "H", "H", "H", "H", "H", "H", "H", "H", "H", "H", "H", "H", "H", "H", "H", "H", "H"], "geometry": [6.089208628244496, 2.652576204849667, 1.2212453270876722e-15, 4.934162504596527, 9.722710394782248e-16, -2.019038318561508e-16, 2.4596845343788187, -0.2605143423014219, 1.5161864723205567, 0.0, -0.0, 0.0, -0.4376855069459188, 2.576447605814182, -1.2491789034215341, -3.0127475734595053, 2.8608599003783493, -2.586888867921879, -5.1142685864404, 4.125754110949851, -1.0311926319280613, -6.081609589641999, 2.7100385202227755, 1.3085911110235062, -7.369528826974209, 0.1570120473836202, 0.8200900681562624, -9.794766139075342, 0.3287535456522344, -0.754105566525875, -11.33304682104343, -2.1288413475075285, -0.8422770174275185, -10.018094875994702, -4.425124583426917, -2.0299442279369067, -9.322486475037, -4.088257640832011, -4.8204752634498345, -8.35787774133316, -6.497410357166167, -6.1094514956142785, -5.837800899997101, -7.476631742413467, -5.085511290010205, 7.832083261171609, 2.6888166041417705, -1.083311505158445, 6.535601301390962, 3.2485471751139827, 1.9133425355623799, 4.827779000240858, 4.051604762039283, -0.8044750119823223, 4.6243248393067935, -0.6195704888520208, -1.9358601060076746, 6.326770327364724, -1.2899452671132225, 0.7834845602095669, 2.4571446869301625, 1.0980210484710566, 3.0613799246561406, 2.4275870153453805, -2.113796893388434, 2.401398542616057, -1.5604817950205787, -0.4292822504487275, 1.260191288290556, -0.03519531033549739, -1.4518065093738703, -1.4585002482034077, 1.0443578570975793, 2.884225407034939, -2.6336645114280213, -0.22433406525005561, 4.069070482617407, 0.15062863408007543, -3.638555352051122, 1.0284697353461227, -3.276576398772227, -2.746679808859587, 4.016667645073012, -4.263747456456751, -6.696194171680558, 4.510244206509094, -2.283388092228057, -4.431760890763965, 5.967184493390448, -0.42062297902705326, -7.4203717111846785, 3.9351247167777124, 2.2768329612209532, -4.532427865334205, 2.430849593639896, 2.6273267732448176, -7.828127655712126, -0.6801573651285919, 2.642597332225736, -6.046816744081809, -1.1312014527553476, -0.07424607546459167, -10.995046696482397, 1.797411405041475, 0.04209620363870781, -9.35455407318776, 0.9364380174232894, -2.6639792065505707, -13.07777392125422, -1.7681226127787124, -1.8698043273834926, -11.89252536812124, -2.6200272504491644, 1.074867065774463, -8.347200625662264, -4.904039595821284, -0.9397948373171647, -11.284437088845705, -6.037514350089973, -1.8605272186762347, -10.98262515729954, -3.4240873714363063, -5.837458733432964, -7.9016940946882706, -2.616424049740443, -5.0207054994203855, -9.780511949474334, -7.973006626445267, -5.945018214387771, -8.15105787008539, -6.122844471111888, -8.119228683556122, -5.1908143003174505, -9.095442665984613, -6.167465391538783, -5.981945644942387, -8.06489484856676, -3.1268557388688634, -4.383748384950003, -6.0303146726438595, -5.199485990364515], "name": "C15H32", "identifiers": {"molecule_hash": "ac20f422e002446abf359a1dbe7152d97deb41a3", "molecular_formula": "C15H32"}, "molecular_charge": 0.0, "molecular_multiplicity": 1, "connectivity": [[0, 1, 1.0], [0, 15, 1.0], [0, 16, 1.0], [0, 17, 1.0], [1, 2, 1.0], [1, 18, 1.0], [1, 19, 1.0], [2, 3, 1.0], [2, 20, 1.0], [2, 21, 1.0], [3, 4, 1.0], [3, 22, 1.0], [3, 23, 1.0], [4, 5, 1.0], [4, 24, 1.0], [4, 25, 1.0], [5, 6, 1.0], [5, 26, 1.0], [5, 27, 1.0], [6, 7, 1.0], [6, 28, 1.0], [6, 29, 1.0], [7, 8, 1.0], [7, 30, 1.0], [7, 31, 1.0], [8, 9, 1.0], [8, 32, 1.0], [8, 33, 1.0], [9, 10, 1.0], [9, 34, 1.0], [9, 35, 1.0], [10, 11, 1.0], [10, 36, 1.0], [10, 37, 1.0], [11, 12, 1.0], [11, 38, 1.0], [11, 39, 1.0], [12, 13, 1.0], [12, 40, 1.0], [12, 41, 1.0], [13, 14, 1.0], [13, 42, 1.0], [13, 43, 1.0], [14, 44, 1.0], [14, 45, 1.0], [14, 46, 1.0]], "fix_com": true, "fix_orientation": true, "provenance": {"creator": "QCElemental", "version": "v0.22.0", "routine": "qcelemental.molparse.from_schema"}, "id": "216210"}