{"schema_name": "qcschema_molecule", "schema_version": 2, "validated": true, "symbols": ["C", "C", "C", "C", "C", "C", "C", "C", "C", "C", "C", "C", "C", "C", "C", "H", "H", "H", "H", "H", "H", "H", "H", "H", "H", "H", "H", "H", "H", "H", "H", "H", "H", "H", "H", "H", "H", "H", "H", "H", "H", "H", "H", "H", "H", "H", "H"], "geometry": [3.991511754117486, 2.6495910800380855, 3.6914915568786455e-15, 2.8819532017611786, 1.4166331561590874e-16, 1.2180712645761991e-15, 0.0, 0.0, 0.0, -1.2453965000470872, -2.6111884498481115, -0.1251655008538219, -1.9001671765839085, -3.8093042418109273, 2.4218086540374397, 0.29290173119609786, -4.324222642906793, 4.220851596303245, 2.2359360463421707, -6.2032342988979785, 3.235678235224937, 4.3797522279488295, -6.682898038954324, 5.096250051811113, 6.302125860126549, -8.646245165862512, 4.22791264195345, 7.9228390341938635, -7.8191341187018715, 1.9903460511314592, 9.79622180075818, -9.828698497015296, 1.0691742414610326, 8.8816918870268, -11.431567615545532, -1.149354964840503, 6.472333950116157, -12.93606429528057, -0.6952456705389769, 5.776921541237505, -14.6493211241161, -2.898624448853776, 3.360575648863475, -16.137168820031143, -2.4568525631237996, 3.3529079992851356, 3.7291646268331364, -1.6537687811451052, 3.4093767642233015, 3.705973139327285, 1.689010257278302, 6.063201476625361, 2.6130477022092644, -0.03406309541259245, 3.6072952085571126, -1.0484929780740708, 1.6380321676593674, 3.549693425534752, -1.0346410382056719, -1.677051751619641, -0.6258933548232045, 1.127953176245073, -1.6301835383270005, -0.693249972340893, 1.01956620283316, 1.6792621178638907, -3.0159740482986748, -2.45783226519725, -1.1974086933331742, -0.040608617642352574, -3.8920232700954447, -1.2363227635260126, -2.903638309859325, -5.596266983134044, 2.066355069099826, -3.2671411147992404, -2.5748798367710988, 3.386788764997142, -0.4795784907760211, -5.04022732080367, 6.013695397960375, 1.2402998271531513, -2.5367701256211794, 4.706717660927443, 1.2860873746226247, -8.005371836009141, 2.8014110945420634, 3.013142448197561, -5.521608714451505, 1.434367550131911, 5.358238414020115, -4.886555841879175, 5.488855125297865, 3.5635617105185764, -7.290461269232995, 6.9090002347820425, 5.311310182590987, -10.416013137731115, 3.775871130941462, 7.569633860390482, -9.100111355583868, 5.811496883337732, 8.957865678412617, -6.106903832027743, 2.552664872277397, 6.713395282415912, -7.2433654946750545, 0.39878166419263006, 11.563116715786354, -8.906521881973019, 0.4920848128194846, 10.30353933187945, -11.071330899532908, 2.660147891159967, 10.399275812829547, -12.74748483461143, -1.6889474937512885, 8.595222216970985, -10.194133205371084, -2.79935475469208, 4.889489730966422, -11.63641763531738, -0.3294724679751647, 6.682827376870871, -14.083961884234874, 1.0298018703966494, 7.34891913244748, -15.960760818947438, -3.2652807309172416, 5.58497500112899, -13.499046679331306, -4.620915136915063, 3.5225319369675825, -17.34859591411016, -0.7795090445512132, 1.7450272646832499, -14.87084446401793, -2.1505940566158186, 2.905216875922598, -17.35620683132472, -4.06963717390666], "name": "C15H32", "identifiers": {"molecule_hash": "f4ffcf7bc8f45b520c6aa6fe3a03f6a7d6590ab9", "molecular_formula": "C15H32"}, "molecular_charge": 0.0, "molecular_multiplicity": 1, "connectivity": [[0, 1, 1.0], [0, 15, 1.0], [0, 16, 1.0], [0, 17, 1.0], [1, 2, 1.0], [1, 18, 1.0], [1, 19, 1.0], [2, 3, 1.0], [2, 20, 1.0], [2, 21, 1.0], [3, 4, 1.0], [3, 22, 1.0], [3, 23, 1.0], [4, 5, 1.0], [4, 24, 1.0], [4, 25, 1.0], [5, 6, 1.0], [5, 26, 1.0], [5, 27, 1.0], [6, 7, 1.0], [6, 28, 1.0], [6, 29, 1.0], [7, 8, 1.0], [7, 30, 1.0], [7, 31, 1.0], [8, 9, 1.0], [8, 32, 1.0], [8, 33, 1.0], [9, 10, 1.0], [9, 34, 1.0], [9, 35, 1.0], [10, 11, 1.0], [10, 36, 1.0], [10, 37, 1.0], [11, 12, 1.0], [11, 38, 1.0], [11, 39, 1.0], [12, 13, 1.0], [12, 40, 1.0], [12, 41, 1.0], [13, 14, 1.0], [13, 42, 1.0], [13, 43, 1.0], [14, 44, 1.0], [14, 45, 1.0], [14, 46, 1.0]], "fix_com": true, "fix_orientation": true, "provenance": {"creator": "QCElemental", "version": "v0.22.0", "routine": "qcelemental.molparse.from_schema"}, "id": "229775"}