{"schema_name": "qcschema_molecule", "schema_version": 2, "validated": true, "symbols": ["C", "C", "C", "C", "C", "C", "C", "C", "C", "C", "C", "C", "C", "C", "C", "H", "H", "H", "H", "H", "H", "H", "H", "H", "H", "H", "H", "H", "H", "H", "H", "H", "H", "H", "H", "H", "H", "H", "H", "H", "H", "H", "H", "H", "H", "H", "H"], "geometry": [0.0, -0.0, 0.0, 2.8985741838092935, 1.6222515886901326e-17, -2.4772280516474615e-16, 4.082645127383776, 0.50414142812869, 2.6047131009365803, 3.3589978874482695, 3.0448023954428654, 3.822929878098836, 3.8833822291277125, 5.388031560461566, 2.190071401373734, 6.675202214034886, 5.749935389183282, 1.4902843720919732, 7.206252883849401, 8.183949230102117, 4.440892098500626e-16, 6.09552387422111, 8.19994547614071, -2.677131026574425, 6.609067661457972, 10.673206165185166, -4.096629665807186, 5.463182722071495, 10.777097767728273, -6.768172773279899, 2.555092086802106, 10.715096456370047, -6.961132212654174, 1.1890735489114526, 13.264069409637758, -6.639517826523572, 1.335028993176293, 14.544352593728687, -4.032239629662378, 0.4314329943067712, 12.93396025874495, -1.7894222203773809, -2.30504780652568, 12.00811750313878, -2.0248245902327797, -0.7441068319011572, -1.368343641721824, 1.3669334168710447, -0.7459314750131518, -0.5024872205659896, -1.8644374149296332, -0.7675126566707438, 1.8564749973978545, 0.496069226286586, 3.5763435684279727, -1.8368633468881104, -0.682516210819993, 3.5856873289572837, 1.3999709705787582, -1.3660317546390606, 3.529947204074502, -1.0219342007763978, 3.8984175709761955, 6.1445036576654095, 0.3834877280740371, 2.4326955722589942, 1.346940454777711, 3.0192896037664956, 4.32056497288346, 4.3853302451019776, 3.2267864196577194, 5.61748485969067, 3.2341666689087716, 7.07096829273735, 3.2172430815946345, 2.731784086479691, 5.298050276640581, 0.4713078091073106, 7.3452373786263845, 4.126602996523386, 0.3870868919292083, 7.798747044261065, 5.762756447317166, 3.2356205752283342, 9.257318631579995, 8.473231328395807, -0.12463689651391618, 6.45866444711338, 9.808366318899118, 1.0568146693379004, 6.882684920311739, 6.609111421296089, -3.7570289747047743, 4.056054937193521, 7.866101834037974, -2.57659541414946, 8.66251981275179, 10.929995021808066, -4.256941221364189, 5.930549101205838, 12.26033440236344, -2.956030530589813, 6.154369969199121, 12.479221086834658, -7.734528184042777, 6.224402320814983, 9.171131143143862, -7.839931270775974, 2.05992644459388, 10.003662345826267, -8.844608030248198, 1.78154767480219, 9.32586240672107, -5.633919888258717, -0.8058124667097556, 12.983942383723099, -7.130681902985535, 1.9312517500895996, 14.589713158949305, -8.053761004818131, 0.18655742160624822, 16.272411631915887, -4.108467237962779, 3.2738391023709026, 15.176353808868623, -3.6707711782643857, 0.6185306949296643, 14.062337351749894, -0.059649852764824374, 1.6823890472485077, 11.303985636211085, -1.5373181227489123, -2.5416820886362332, 10.714120449855653, -3.6219843481320755, -2.8985615347475973, 11.001029953752672, -0.3164516820325307, -3.6085326195519767, 13.594093277195467, -2.3077807230348633], "name": "C15H32", "identifiers": {"molecule_hash": "4e10a6362f41d0461fed21f281326cafa09c6c70", "molecular_formula": "C15H32"}, "molecular_charge": 0.0, "molecular_multiplicity": 1, "connectivity": [[0, 1, 1.0], [0, 15, 1.0], [0, 16, 1.0], [0, 17, 1.0], [1, 2, 1.0], [1, 18, 1.0], [1, 19, 1.0], [2, 3, 1.0], [2, 20, 1.0], [2, 21, 1.0], [3, 4, 1.0], [3, 22, 1.0], [3, 23, 1.0], [4, 5, 1.0], [4, 24, 1.0], [4, 25, 1.0], [5, 6, 1.0], [5, 26, 1.0], [5, 27, 1.0], [6, 7, 1.0], [6, 28, 1.0], [6, 29, 1.0], [7, 8, 1.0], [7, 30, 1.0], [7, 31, 1.0], [8, 9, 1.0], [8, 32, 1.0], [8, 33, 1.0], [9, 10, 1.0], [9, 34, 1.0], [9, 35, 1.0], [10, 11, 1.0], [10, 36, 1.0], [10, 37, 1.0], [11, 12, 1.0], [11, 38, 1.0], [11, 39, 1.0], [12, 13, 1.0], [12, 40, 1.0], [12, 41, 1.0], [13, 14, 1.0], [13, 42, 1.0], [13, 43, 1.0], [14, 44, 1.0], [14, 45, 1.0], [14, 46, 1.0]], "fix_com": true, "fix_orientation": true, "provenance": {"creator": "QCElemental", "version": "v0.22.0", "routine": "qcelemental.molparse.from_schema"}, "id": "227982"}