{"schema_name": "qcschema_molecule", "schema_version": 2, "validated": true, "symbols": ["C", "C", "C", "C", "C", "C", "C", "C", "C", "C", "C", "C", "C", "C", "C", "H", "H", "H", "H", "H", "H", "H", "H", "H", "H", "H", "H", "H", "H", "H", "H", "H", "H", "H", "H", "H", "H", "H", "H", "H", "H", "H", "H", "H", "H", "H", "H"], "geometry": [5.296294839376876, 2.8666809461403426, 4.440892098500626e-16, 4.926068159208678, 8.684281282240449e-16, 2.1683967112678414e-16, 2.4635668566376743, -0.8904875412318876, 1.2447765547781484, 0.0, 0.0, 0.0, -0.3576127219800429, -0.9188290193522132, -2.723209555847584, -3.02218754736633, -0.49198602564200367, -3.7865425333776503, -3.900725928834766, 2.2642468127531377, -3.995200711995551, -2.3166767000620654, 3.8878703481173744, -5.795159653822357, -3.473732712797495, 6.479361070281431, -6.394803037631884, -3.8160108987193246, 8.295144921023613, -4.158563793007671, -1.335447608309193, 9.12341413637386, -2.9087017776330275, -1.614954053567818, 11.182868040788899, -0.8661497331683168, -1.8493083497007243, 10.252830121777974, 1.870972413207971, -4.21602877388608, 8.713420578916649, 2.498141356901749, -4.416196371749168, 8.096486659502894, 5.313594826678472, 7.138446101366697, 3.3640597033232007, -0.7540071610711052, 5.175526470861573, 3.627711071463615, 1.9037345275406528, 3.887989388250812, 3.8227015950403778, -1.143762999147575, 6.494738210855892, -0.8662963924098914, 1.0055654447135964, 5.03612171324913, -0.7028684193128238, -1.9262339239306363, 2.4630386315883754, -0.2721437189993231, 3.206584124724828, 2.4654604631810875, -2.946405153272196, 1.2952693408238556, -1.5675526627150587, -0.6894398669159281, 1.1396426851363537, -0.11153534726053554, 2.0484189899559615, 0.07365227270220398, 0.03266087458066147, -2.9374205725437625, -2.7923943023081055, 1.0286210707225232, -0.03626290479766414, -3.952930231307736, -4.365147670388508, -1.5153915850104291, -2.6122686772777017, -3.1243758554213654, -1.3535232502543932, -5.651223673677849, -5.847970800472561, 2.257340557303217, -4.658383042746982, -3.9460937505741107, 3.1181970065346123, -2.1295159384677405, -2.092081247274191, 2.87227118732471, -7.569976404124695, -0.42184851950131735, 4.130479887128964, -5.044705888400777, -2.3031522449935027, 7.4019939703277835, -7.812281260058521, -5.308035486243129, 6.184722066471455, -7.277129345191022, -4.774241302104267, 9.97487058101482, -4.857575439306637, -5.079876048208723, 7.467560180681678, -2.772762858188014, -0.10032106455586787, 9.835067064163914, -4.3900591854401245, -0.36505357750192013, 7.501760421740068, -2.1017258207352665, -3.220848764050419, 12.386528662041103, -1.3176089229321146, 0.03643504469658332, 12.401613092955587, -0.9464633786336867, -1.800183268094548, 11.898612800402702, 3.104115554596563, -0.18274211303422216, 9.141479062770385, 2.3434075402594283, -4.216490930716868, 6.959874797112907, 1.4322736969421308, -5.888019300007842, 9.754367161182055, 1.9076650240653679, -6.095693994507399, 6.988605048348163, 5.715374691937837, -2.789671025059211, 7.018514103974666, 5.952449771985749, -4.510786329544907, 9.808220320771083, 6.443002643190901], "name": "C15H32", "identifiers": {"molecule_hash": "832bc54f09e0de8cd10f8f833a5f952ae5d4079b", "molecular_formula": "C15H32"}, "molecular_charge": 0.0, "molecular_multiplicity": 1, "connectivity": [[0, 1, 1.0], [0, 15, 1.0], [0, 16, 1.0], [0, 17, 1.0], [1, 2, 1.0], [1, 18, 1.0], [1, 19, 1.0], [2, 3, 1.0], [2, 20, 1.0], [2, 21, 1.0], [3, 4, 1.0], [3, 22, 1.0], [3, 23, 1.0], [4, 5, 1.0], [4, 24, 1.0], [4, 25, 1.0], [5, 6, 1.0], [5, 26, 1.0], [5, 27, 1.0], [6, 7, 1.0], [6, 28, 1.0], [6, 29, 1.0], [7, 8, 1.0], [7, 30, 1.0], [7, 31, 1.0], [8, 9, 1.0], [8, 32, 1.0], [8, 33, 1.0], [9, 10, 1.0], [9, 34, 1.0], [9, 35, 1.0], [10, 11, 1.0], [10, 36, 1.0], [10, 37, 1.0], [11, 12, 1.0], [11, 38, 1.0], [11, 39, 1.0], [12, 13, 1.0], [12, 40, 1.0], [12, 41, 1.0], [13, 14, 1.0], [13, 42, 1.0], [13, 43, 1.0], [14, 44, 1.0], [14, 45, 1.0], [14, 46, 1.0]], "fix_com": true, "fix_orientation": true, "provenance": {"creator": "QCElemental", "version": "v0.22.0", "routine": "qcelemental.molparse.from_schema"}, "id": "217597"}