{"schema_name": "qcschema_molecule", "schema_version": 2, "validated": true, "symbols": ["C", "C", "C", "C", "C", "C", "C", "C", "C", "C", "C", "C", "C", "C", "C", "H", "H", "H", "H", "H", "H", "H", "H", "H", "H", "H", "H", "H", "H", "H", "H", "H", "H", "H", "H", "H", "H", "H", "H", "H", "H", "H", "H", "H", "H", "H", "H"], "geometry": [0.0, 0.0, 0.0, 2.8890591940042905, -2.4096174153186567e-17, -3.3219412876793005e-16, 3.9958811402168237, 2.669024643976966, 0.12983362754866537, 6.888241204177206, 2.838975907838574, 1.4432899320127035e-15, 8.296389031291522, 1.596202925861731, 2.232664997259693, 9.222411866117481, -1.1373006851484804, 1.8178563472660316, 11.944750500874415, -1.390661772338462, 0.8444961294278412, 12.42175451602402, -0.3492621028998436, -1.8147735147425468, 15.024614073024818, -1.0255391285058149, -2.900025008786473, 17.368847729513806, 0.07958406312275361, -1.589219537979838, 17.706703815858265, 2.965874003123172, -1.7985965145256637, 16.673506540619798, 4.507977025556053, 0.4247690113964306, 17.126650918114215, 7.347861704515979, 0.09837340471684697, 16.363445900665077, 8.973456172275993, 2.3715388219784064, 13.52730863968229, 9.007711201787862, 2.9290928502268625, -0.7401340989567493, 0.8805622100214422, 1.7006841774355634, -0.7417868314838514, 1.0357020262996164, -1.609933905122789, -0.7446269730337023, -1.9098043701295169, -0.08846636215513859, 3.558114750189941, -1.1167272410741964, 1.5876334845167455, 3.568499370182659, -0.9397788575334912, -1.6982052494330802, 3.3518269985815277, 3.5777933886117315, 1.860440060865678, 3.215123604044163, 3.776078054193017, -1.4182598812511, 7.381869235597445, 4.831912923097443, -0.06760691879896458, 7.529730349560383, 2.039270197075252, -1.7780748532347548, 7.064728943593752, 1.6436133543226277, 3.8765521419244138, 9.916874254421032, 2.75349092043489, 2.737056177579905, 7.954840262260187, -2.12888322132257, 0.5427248576181076, 9.12137738308538, -2.141626554469504, 3.6073524940887216, 13.20864237360002, -0.4865601409639734, 2.1888794728952945, 12.438697721130627, -3.3879311958687195, 0.8547191610332798, 11.001524159534418, -1.1240023421621879, -3.08485274461743, 12.154914177999672, 1.6848263413232516, -1.8462499764680622, 15.072349762962686, -0.4549759509861417, -4.875311391901066, 15.202933335460816, -3.0748208995940325, -2.901780512377323, 19.000067340740642, -0.8207029855476597, -2.4538506280839396, 17.414145395808127, -0.48195830014900304, 0.38670914268898643, 19.71309360346862, 3.3789463923243046, -1.963232217173847, 16.85437492178179, 3.63095565149484, -3.5491262659185487, 14.670648021402117, 4.144501880230351, 0.6641750887389679, 17.58696891566284, 3.8734981049375428, 2.156702110950283, 19.125000895044536, 7.655403783625786, -0.2770896794952372, 16.12340240098508, 8.009028589192232, -1.5725707209808806, 17.37853946233492, 8.327859097696127, 4.039298197520238, 16.990176002086972, 10.900565446714673, 2.0314930009095207, 12.45891166754169, 9.61202377672861, 1.2823853051445342, 13.100787186252536, 10.306967873966359, 4.458735019371447, 12.832174479224557, 7.160244589146464, 3.4826892380367926], "name": "C15H32", "identifiers": {"molecule_hash": "dcda4882f3e93c9eab8fde1994893e2be8c14b72", "molecular_formula": "C15H32"}, "molecular_charge": 0.0, "molecular_multiplicity": 1, "connectivity": [[0, 1, 1.0], [0, 15, 1.0], [0, 16, 1.0], [0, 17, 1.0], [1, 2, 1.0], [1, 18, 1.0], [1, 19, 1.0], [2, 3, 1.0], [2, 20, 1.0], [2, 21, 1.0], [3, 4, 1.0], [3, 22, 1.0], [3, 23, 1.0], [4, 5, 1.0], [4, 24, 1.0], [4, 25, 1.0], [5, 6, 1.0], [5, 26, 1.0], [5, 27, 1.0], [6, 7, 1.0], [6, 28, 1.0], [6, 29, 1.0], [7, 8, 1.0], [7, 30, 1.0], [7, 31, 1.0], [8, 9, 1.0], [8, 32, 1.0], [8, 33, 1.0], [9, 10, 1.0], [9, 34, 1.0], [9, 35, 1.0], [10, 11, 1.0], [10, 36, 1.0], [10, 37, 1.0], [11, 12, 1.0], [11, 38, 1.0], [11, 39, 1.0], [12, 13, 1.0], [12, 40, 1.0], [12, 41, 1.0], [13, 14, 1.0], [13, 42, 1.0], [13, 43, 1.0], [14, 44, 1.0], [14, 45, 1.0], [14, 46, 1.0]], "fix_com": true, "fix_orientation": true, "provenance": {"creator": "QCElemental", "version": "v0.22.0", "routine": "qcelemental.molparse.from_schema"}, "id": "217445"}