{"schema_name": "qcschema_molecule", "schema_version": 2, "validated": true, "symbols": ["C", "C", "C", "C", "C", "C", "C", "C", "C", "C", "C", "C", "C", "C", "C", "H", "H", "H", "H", "H", "H", "H", "H", "H", "H", "H", "H", "H", "H", "H", "H", "H", "H", "H", "H", "H", "H", "H", "H", "H", "H", "H", "H", "H", "H", "H", "H"], "geometry": [0.0, 0.0, -0.0, 2.8728851126836195, -3.267760112809595e-16, 5.9683414537206035e-16, 3.97361066772684, 2.6621113363814475, 1.3322676295501878e-15, 6.851105169131722, 2.8672788723943268, -0.2280734573355645, 8.349606702346502, 2.8181418658798765, 2.245351124806387, 8.386647527991805, 0.4358019887685114, 3.885494206636279, 10.047806219920988, -1.748016234303294, 2.9756166899161625, 8.960216350483789, -3.4222830149101373, 0.8984139697790894, 10.564482058531137, -5.750240626292365, 0.326257649178066, 13.202629824595718, -5.278942437549203, -0.7525426015608563, 13.270577689229237, -3.928185545223093, -3.314873083009737, 13.665250910365113, -1.076554915441567, -3.1927638160199834, 13.78178895384864, 0.14081907989120257, -5.798709466630592, 14.484893635690257, 2.9359391903669976, -5.799069684330424, 12.591841343930078, 4.631056381514795, -4.456105870651495, -0.7489478255754294, 0.9583257541539971, 1.6819038137512203, -0.7498781207548164, 0.9937508398382073, -1.6608935881903675, -0.7672117715926292, -1.9249953784394642, -0.018722579659678273, 3.556710979241484, -1.070675341190821, 1.6391111585942257, 3.5719975110893865, -1.0196142414019844, -1.6733273076709771, 3.3438761833715325, 3.672738802760451, 1.7090187221042268, 3.1165791954544475, 3.686316238473615, -1.5940506588628525, 7.287990509516515, 4.686564726827704, -1.1291561040802656, 7.547772537046192, 1.4295796452788645, -1.5570590888486078, 7.633210850128817, 4.379955044802555, 3.4184190646127544, 10.32493615676992, 3.3166813918245635, 1.8144935962341604, 6.454768606255343, -0.24322561085558547, 4.237742935239221, 9.104576816197005, 1.0153443787682686, 5.746443374884011, 11.888458511552843, -0.9787720428327169, 2.3846618746966546, 10.457423936063757, -2.9712730188667615, 4.608251928368717, 7.073454815016953, -4.06618319529656, 1.4857934072100842, 8.6583936739164, -2.3415887807760347, -0.8480614519130479, 9.524482876889344, -6.9559309101065905, -1.0110353084509134, 10.754834197630283, -6.868031805798735, 2.0705039496542277, 14.125629410672682, -7.128130211543902, -0.9404326576990183, 14.360941066846681, -4.221535147691764, 0.6133680501931233, 14.803449498037454, -4.726508723051365, -4.468744534572263, 11.51777622440055, -4.34020320862498, -4.361954848823004, 12.16159198906877, -0.1933146475010884, -2.0649496881368616, 15.441657167667659, -0.6876827296783369, -2.176694186851182, 15.163630727904922, -0.8978583474601587, -6.954763039400877, 11.946233368987485, -0.10566600692541694, -6.750590191825728, 16.359804205412924, 3.1660514392447103, -4.927460244090936, 14.690139021753819, 3.5696746400209234, -7.766267165149047, 10.687993681948127, 4.406464436785068, -5.254372273467456, 13.113995663749078, 6.629496228984913, -4.629340577326181, 12.469051149767886, 4.197774857030426, -2.432258311131399], "name": "C15H32", "identifiers": {"molecule_hash": "07632f08c252b54075b79991b1fe5593e12ec7a3", "molecular_formula": "C15H32"}, "molecular_charge": 0.0, "molecular_multiplicity": 1, "connectivity": [[0, 1, 1.0], [0, 15, 1.0], [0, 16, 1.0], [0, 17, 1.0], [1, 2, 1.0], [1, 18, 1.0], [1, 19, 1.0], [2, 3, 1.0], [2, 20, 1.0], [2, 21, 1.0], [3, 4, 1.0], [3, 22, 1.0], [3, 23, 1.0], [4, 5, 1.0], [4, 24, 1.0], [4, 25, 1.0], [5, 6, 1.0], [5, 26, 1.0], [5, 27, 1.0], [6, 7, 1.0], [6, 28, 1.0], [6, 29, 1.0], [7, 8, 1.0], [7, 30, 1.0], [7, 31, 1.0], [8, 9, 1.0], [8, 32, 1.0], [8, 33, 1.0], [9, 10, 1.0], [9, 34, 1.0], [9, 35, 1.0], [10, 11, 1.0], [10, 36, 1.0], [10, 37, 1.0], [11, 12, 1.0], [11, 38, 1.0], [11, 39, 1.0], [12, 13, 1.0], [12, 40, 1.0], [12, 41, 1.0], [13, 14, 1.0], [13, 42, 1.0], [13, 43, 1.0], [14, 44, 1.0], [14, 45, 1.0], [14, 46, 1.0]], "fix_com": true, "fix_orientation": true, "provenance": {"creator": "QCElemental", "version": "v0.22.0", "routine": "qcelemental.molparse.from_schema"}, "id": "229885"}