{"schema_name": "qcschema_molecule", "schema_version": 2, "validated": true, "symbols": ["C", "C", "C", "C", "C", "C", "C", "C", "C", "C", "C", "C", "C", "C", "C", "H", "H", "H", "H", "H", "H", "H", "H", "H", "H", "H", "H", "H", "H", "H", "H", "H", "H", "H", "H", "H", "H", "H", "H", "H", "H", "H", "H", "H", "H", "H", "H"], "geometry": [7.290227703225604, 1.6855401052326262, 1.1102230246251565e-16, 4.934355119366695, -2.713463974507527e-16, -9.552210551054468e-16, 2.4748192548567953, 1.5310543231646605, -0.16054493237106526, 0.0, 0.0, 0.0, -1.0755735233860586, -0.9580437381233664, -2.5293694575557546, 0.4056093560643883, -2.9373785142866478, -4.067885025964808, 0.3102551927224285, -5.67816983145468, -3.092689261960814, 2.0173712253562206, -6.3037170866423535, -0.8327154077876977, 2.0764869157606514, -9.127122368640801, -0.1584126773158525, -0.4211170434218672, -10.301134726524356, 0.761155268710727, -1.5028952180390767, -9.155907403816043, 3.216222380170495, -3.438870126050832, -7.027368946275981, 2.8364565373203585, -4.439280792268246, -5.96806421866087, 5.3424546066517635, -6.6219350725002055, -4.074097239641863, 5.065207741143543, -5.9184255935052175, -1.6536310730079489, 3.635020711227016, 7.3987271516752875, 2.81516687179039, -1.733517091345094, 7.268458541436645, 3.0015587781385444, 1.600214405660251, 9.02522772577045, 0.563445558230576, 0.12957094163159164, 5.055320093475684, -1.3386400118499566, -1.5708461402349871, 4.90305561546224, -1.1489493627287943, 1.727160801910843, 2.4763106223510385, 2.6539750200082475, -1.9079847472894083, 2.4971192975954892, 2.9093510726719636, 1.3907208105065951, -1.4571777783442899, 1.2194999028617604, 0.82701839386891, 0.23358379033542487, -1.5586026337104621, 1.3419295300133263, -1.3566401459108117, 0.7054454868540869, -3.7393134413018956, -2.9759615330508256, -1.7185400793285959, -2.180295006701172, 2.374944170811536, -2.3431044225332998, -4.312142556070657, -0.4107329066244084, -2.938696678153409, -5.97468754500041, -1.658676254807243, -6.152408809682322, -2.6489449986192994, 0.8523964671556379, -6.936300466703941, -4.653216331521948, 3.95168403684825, -5.70469004188417, -1.2784591216190773, 1.4648941751299054, -5.207789239496073, 0.8301009292275543, 3.508995133279769, -9.421062811913751, 1.3146557097826719, 2.732701327185843, -10.190606226074198, -1.816674548922892, -0.07117815418212192, -12.321775520490728, 1.0621800536872525, -1.8517671736625112, -10.200555307338387, -0.736465239730868, -2.42089700052368, -10.65490809621123, 4.317160030093515, 0.05723225619018546, -8.46580214419399, 4.40075204287428, -2.6086004366953546, -5.5021120741997205, 1.7153861499601946, -5.0305852185642665, -7.760466956624198, 1.7205527721324203, -5.07477579886568, -7.547645732777552, 6.529595811516502, -2.8772060777538186, -5.066561758333642, 6.373253003353228, -8.210834110699285, -5.0037325088744735, 4.1064312309431354, -7.306361862508085, -3.56705612936889, 6.9559186340227495, -4.300227846894646, -0.7115289402891232, 4.521203307342152, -7.495958951684364, -0.313160446468272, 3.6138515192687555, -5.407851162350585, -2.0441301295690786, 1.6700415080084816], "name": "C15H32", "identifiers": {"molecule_hash": "e035da528855b71ec77bc9eb53d5bcd918055c5e", "molecular_formula": "C15H32"}, "molecular_charge": 0.0, "molecular_multiplicity": 1, "connectivity": [[0, 1, 1.0], [0, 15, 1.0], [0, 16, 1.0], [0, 17, 1.0], [1, 2, 1.0], [1, 18, 1.0], [1, 19, 1.0], [2, 3, 1.0], [2, 20, 1.0], [2, 21, 1.0], [3, 4, 1.0], [3, 22, 1.0], [3, 23, 1.0], [4, 5, 1.0], [4, 24, 1.0], [4, 25, 1.0], [5, 6, 1.0], [5, 26, 1.0], [5, 27, 1.0], [6, 7, 1.0], [6, 28, 1.0], [6, 29, 1.0], [7, 8, 1.0], [7, 30, 1.0], [7, 31, 1.0], [8, 9, 1.0], [8, 32, 1.0], [8, 33, 1.0], [9, 10, 1.0], [9, 34, 1.0], [9, 35, 1.0], [10, 11, 1.0], [10, 36, 1.0], [10, 37, 1.0], [11, 12, 1.0], [11, 38, 1.0], [11, 39, 1.0], [12, 13, 1.0], [12, 40, 1.0], [12, 41, 1.0], [13, 14, 1.0], [13, 42, 1.0], [13, 43, 1.0], [14, 44, 1.0], [14, 45, 1.0], [14, 46, 1.0]], "fix_com": true, "fix_orientation": true, "provenance": {"creator": "QCElemental", "version": "v0.22.0", "routine": "qcelemental.molparse.from_schema"}, "id": "225079"}