{"schema_name": "qcschema_molecule", "schema_version": 2, "validated": true, "symbols": ["C", "C", "C", "C", "C", "C", "C", "C", "C", "C", "C", "C", "C", "C", "C", "H", "H", "H", "H", "H", "H", "H", "H", "H", "H", "H", "H", "H", "H", "H", "H", "H", "H", "H", "H", "H", "H", "H", "H", "H", "H", "H", "H", "H", "H", "H", "H"], "geometry": [0.0, -0.0, 0.0, 2.896753541074156, 6.096517105936643e-19, -3.330663494283032e-16, 4.006167787631383, -1.279218986176842, -2.3562719494027506, 6.909767344253713, -1.518527110689585, -2.436730611621112, 8.3419690348764, 0.7092108364224723, -3.6443721219861946, 8.289071890434892, 3.322144214376424, -2.3604406256720094, 9.961411589219846, 3.644070018571491, 3.391384395534658e-16, 8.93703625651184, 2.5204782707652393, 2.470067428410673, 10.531819428890833, 3.180841884705443, 4.804672909872398, 13.246196573696652, 2.1367696254038293, 4.867962670969094, 13.459609607494247, -0.7723387621526193, 4.841743823144972, 13.795562687143901, -1.9613821356867678, 2.2156805548282574, 13.992797091446027, -4.851716335071946, 2.31588602446965, 14.665860246482334, -6.1027837604947495, -0.21586687331518858, 12.685308083545516, -5.7136222611812455, -2.2955263283065825, -0.7455387779185938, 1.0187184341265603, -1.6429531188118451, -0.7480501362163597, -1.9308526468531724, -0.0727615129819522, -0.7581258101988388, 0.9066255197331714, 1.6998191969843608, 3.5772924037626974, 1.9461853924721282, 0.1528936789952123, 3.590750404939999, -0.9812546230449242, 1.6910518769139553, 3.3515586486658955, -0.2787312352092711, -4.054803714688657, 3.186039159556122, -3.1817552176714288, -2.4761449984842447, 7.385268336546689, -3.193400174901711, -3.560654781519968, 7.626705658165292, -1.9151164746725213, -0.5358637696619841, 7.602616990351491, 0.9340572170018473, -5.5712768812086715, 10.330028775544577, 0.15523421002647966, -3.8733057574460696, 6.341659163164762, 3.879879777937071, -1.9272919669832616, 8.953753972108505, 4.689771342138974, -3.771151809337309, 11.838651180677656, 2.86552469129655, -0.4102941803533752, 10.252569903643156, 5.676483044055254, 0.3107711721121252, 7.015340623684266, 3.2363910493617767, 2.7760767414841956, 8.748665104037283, 0.4678415856014939, 2.3202480189282095, 9.537824465462995, 2.4979445643068425, 6.494062300449019, 10.61694477644468, 5.247582676606102, 4.985736097480731, 14.137352698893348, 2.8581333146139856, 6.594675604269553, 14.351191779102429, 2.924247285795919, 3.299967858337413, 15.078429071974398, -1.3444330171150294, 6.005326979745042, 11.789235663982135, -1.5943541555066703, 5.76233879866511, 12.232816266766973, -1.410494296347519, 0.980002073037222, 15.516642501005558, -1.1888371879989226, 1.3454567791291072, 15.428747094015954, -5.375369853311434, 3.7201902957698434, 12.197833359811778, -5.6335914887863865, 3.0102244725375593, 16.49900936905981, -5.37818709578019, -0.8659424472150024, 14.927457987928552, -8.136138633972124, 0.09614751580087558, 10.821076778447189, -6.372955008159214, -1.6779812375479246, 13.188302407045303, -6.757718870020781, -4.010979654226177, 12.497288469255066, -3.7208677041621723, -2.813113936472714], "name": "C15H32", "identifiers": {"molecule_hash": "e035da528855b71ec77bc9eb53d5bcd918055c5e", "molecular_formula": "C15H32"}, "molecular_charge": 0.0, "molecular_multiplicity": 1, "connectivity": [[0, 1, 1.0], [0, 15, 1.0], [0, 16, 1.0], [0, 17, 1.0], [1, 2, 1.0], [1, 18, 1.0], [1, 19, 1.0], [2, 3, 1.0], [2, 20, 1.0], [2, 21, 1.0], [3, 4, 1.0], [3, 22, 1.0], [3, 23, 1.0], [4, 5, 1.0], [4, 24, 1.0], [4, 25, 1.0], [5, 6, 1.0], [5, 26, 1.0], [5, 27, 1.0], [6, 7, 1.0], [6, 28, 1.0], [6, 29, 1.0], [7, 8, 1.0], [7, 30, 1.0], [7, 31, 1.0], [8, 9, 1.0], [8, 32, 1.0], [8, 33, 1.0], [9, 10, 1.0], [9, 34, 1.0], [9, 35, 1.0], [10, 11, 1.0], [10, 36, 1.0], [10, 37, 1.0], [11, 12, 1.0], [11, 38, 1.0], [11, 39, 1.0], [12, 13, 1.0], [12, 40, 1.0], [12, 41, 1.0], [13, 14, 1.0], [13, 42, 1.0], [13, 43, 1.0], [14, 44, 1.0], [14, 45, 1.0], [14, 46, 1.0]], "fix_com": true, "fix_orientation": true, "provenance": {"creator": "QCElemental", "version": "v0.22.0", "routine": "qcelemental.molparse.from_schema"}, "id": "225079"}