{"schema_name": "qcschema_molecule", "schema_version": 2, "validated": true, "symbols": ["C", "C", "C", "C", "C", "C", "C", "C", "C", "C", "C", "C", "C", "C", "C", "H", "H", "H", "H", "H", "H", "H", "H", "H", "H", "H", "H", "H", "H", "H", "H", "H", "H", "H", "H", "H", "H", "H", "H", "H", "H", "H", "H", "H", "H", "H", "H"], "geometry": [4.094018951509721, 2.632199807488812, 8.881784197001252e-16, 2.899168442093898, 3.1283398836220665e-16, -3.20049386722842e-16, -0.0, 0.0, 0.0, -1.277077527105034, 1.2474995936117952, -2.288191689748593, -0.6387524040372885, 0.12545874627344844, -4.884662295168843, -1.4175373675557972, -2.640083904717463, -5.233200492558898, -0.9316202875172163, -3.5975640099856445, -7.921209894952424, -1.872249110700108, -6.291925978374536, -8.445107523824229, -0.5662342222842183, -8.41488656184245, -6.9525816857063205, 2.2416105559069806, -8.908895323336948, -7.572361678158428, 2.7409895477850434, -11.044875576199999, -9.476083434584819, 1.8067161868868298, -10.644740069734572, -12.192957674482466, 2.9918644402861077, -8.432338666271212, -13.64544552979755, 5.840963323783376, -8.665975899198092, -14.094329724824467, 6.884088669984618, -6.534665972872967, -15.742093582434924, 6.135461821658406, 2.506130744049847, 0.16217808581551663, 3.411064598305674, 3.7529661566713917, 1.5796116142230887, 3.6772559320455143, 3.664119785492102, -1.7223116399728067, 3.5350524359601763, -1.0130213636324459, 1.6709101296285875, 3.6046083848849046, -1.0680127976239628, -1.6064203363222125, -0.6526690452986205, 0.9651446261422857, 1.6951396468103532, -0.654385319940392, -1.9387721479669406, 0.17478586568694154, -3.312727668786132, 1.1461113685982793, -2.013166953575446, -0.817766852592964, 3.249249145881888, -2.3133850498346407, 1.3733515547743274, 0.31648230015405243, -5.258882812361226, -1.5844220760168097, 1.2613622435869027, -6.314238453614101, -0.4098845857552006, -3.8141005956606397, -3.8862254933582943, -3.418600260313974, -2.8408189661264625, -4.793064663160839, -1.869327990733214, -2.3341094576519916, -9.24514668565908, 1.075960576851005, -3.45247851393373, -8.336967350158911, -1.7021025982314686, -6.6576471616763335, -10.45665864350443, -3.885304028888668, -6.363155374569196, -8.028244639514835, -1.6239428893522496, -10.153292600254995, -7.24590370119967, -0.7421211616524416, -8.005021587072742, -4.949996825045904, 3.204377992066077, -9.43008439220535, -5.83445846894282, 3.152122515595499, -7.180501462406095, -8.20097451630426, 1.8696965039778366, -12.761805670170594, -8.753260678306614, 4.760105893929712, -11.419986688443474, -9.507028868324346, -0.23363473527393674, -10.413778021261002, -12.18520963464502, 2.1650940759210773, -12.375501932766511, -13.24520579492889, 2.6061951514140826, -6.65972904799713, -12.680909277703215, 2.0523723493056156, -8.294433997947323, -15.469930749647778, 6.839548161995721, -8.672711695459098, -12.300407254560774, 6.242650688027343, -10.475272180056152, -14.985820037322586, 5.989578407681295, -6.519916980517421, -17.589848987811504, 8.905826520910393, -6.735902885731994, -16.027840216962115, 6.5554210454367015, -4.7015763460493964, -14.877503221323494], "name": "C15H32", "identifiers": {"molecule_hash": "c2a1af28faf87f4e24beeba6ea81e5f6c714c8e7", "molecular_formula": "C15H32"}, "molecular_charge": 0.0, "molecular_multiplicity": 1, "connectivity": [[0, 1, 1.0], [0, 15, 1.0], [0, 16, 1.0], [0, 17, 1.0], [1, 2, 1.0], [1, 18, 1.0], [1, 19, 1.0], [2, 3, 1.0], [2, 20, 1.0], [2, 21, 1.0], [3, 4, 1.0], [3, 22, 1.0], [3, 23, 1.0], [4, 5, 1.0], [4, 24, 1.0], [4, 25, 1.0], [5, 6, 1.0], [5, 26, 1.0], [5, 27, 1.0], [6, 7, 1.0], [6, 28, 1.0], [6, 29, 1.0], [7, 8, 1.0], [7, 30, 1.0], [7, 31, 1.0], [8, 9, 1.0], [8, 32, 1.0], [8, 33, 1.0], [9, 10, 1.0], [9, 34, 1.0], [9, 35, 1.0], [10, 11, 1.0], [10, 36, 1.0], [10, 37, 1.0], [11, 12, 1.0], [11, 38, 1.0], [11, 39, 1.0], [12, 13, 1.0], [12, 40, 1.0], [12, 41, 1.0], [13, 14, 1.0], [13, 42, 1.0], [13, 43, 1.0], [14, 44, 1.0], [14, 45, 1.0], [14, 46, 1.0]], "fix_com": true, "fix_orientation": true, "provenance": {"creator": "QCElemental", "version": "v0.22.0", "routine": "qcelemental.molparse.from_schema"}, "id": "215468"}