{"schema_name": "qcschema_molecule", "schema_version": 2, "validated": true, "symbols": ["C", "C", "C", "C", "C", "C", "C", "C", "C", "C", "C", "C", "C", "C", "C", "H", "H", "H", "H", "H", "H", "H", "H", "H", "H", "H", "H", "H", "H", "H", "H", "H", "H", "H", "H", "H", "H", "H", "H", "H", "H", "H", "H", "H", "H", "H", "H"], "geometry": [3.9829817735660265, 2.651609904990652, 4.107825191113079e-15, 2.8771506186162052, -4.916272322104941e-18, -2.2199017285179122e-16, 0.0, -0.0, 0.0, -1.255455750574165, -2.5894682453157745, -0.20449071984063139, -0.6091104847455452, -4.449441748189047, 1.9208588672363849, 1.5430434512807085, -6.266730624058396, 1.3160209104948342, 2.1618407818427703, -8.047987721484937, 3.4879300467608982, 4.4364374935149495, -9.760522215274651, 3.01713649774246, 4.264570550997314, -11.429854396082963, 0.6692827484837908, 1.9674179033578776, -13.163718513874784, 0.6246398855361592, 2.007781844859898, -15.121353077646917, -1.4954052636373136, 2.2255205116241585, -14.058930036401682, -4.1708858190483795, 0.14026704865494244, -12.205926483065458, -4.8821726962556, 0.25546397805021126, -11.27443293498201, -7.60936575502236, -0.2845854006155193, -13.298429603006422, -9.578995286169237, 3.3589495917726575, 3.721635818871303, 1.6653454563770511, 6.054939735796658, 2.619363300234746, 0.014941316502184374, 3.3810984661500187, 3.714663832893692, -1.6777351981557969, 3.574416067438808, -1.0318968785021843, 1.6636523181685676, 3.567033795652914, -1.0489281022663786, -1.659280343048575, -0.6663148238766616, 1.1876578850195991, -1.57248443319196, -0.6669641204295167, 0.9372573233454459, 1.736101254323088, -3.308187775674088, -2.290067919927471, -0.252875764687988, -0.7703557602086828, -3.4520524649190856, -2.035783072161668, -0.1559858709138221, -3.388714035035482, 3.655215756757495, -2.2883520900895986, -5.5810315485112145, 2.3865522099148424, 1.0163872132369298, -7.370452548988258, -0.3682096822704264, 3.2516663374534955, -5.209188953792991, 0.7834401508148743, 2.52437315706526, -6.924948484317668, 5.199587380174069, 0.4849984008445083, -9.199980358385844, 3.922174121538121, 6.145025251636382, -8.584866618098122, 2.8735187438810974, 4.712498778839041, -10.970846371847287, 4.684974410705921, 5.990027323852786, -12.584954745209563, 0.5485540245921668, 4.26965795914193, -10.23662722513052, -1.0337907491848188, 1.834478799492472, -14.161165083121002, 2.4450492677849978, 0.23534723294550286, -12.02169663963442, 0.48589319205551607, 3.592742686788636, -16.42768665850835, -1.172328528426445, 0.2820387231897765, -16.273863997460783, -1.369345535647275, 4.068911549260076, -13.12487901049635, -4.41362133838791, 2.225543043116371, -15.654067217310109, -5.499932196864532, 0.23246618361056504, -10.558660741843603, -3.617798239777325, -1.7149008591488082, -13.08845221043399, -4.5357499471678775, -1.1101738352650568, -9.727219757779741, -7.842762726936209, 2.127790588209725, -10.439631788558701, -7.964252104815146, -0.27050192358135394, -12.505338376207476, -11.493876629014194, 1.1191824077662194, -14.823455991996633, -9.534489159424329, -2.148809800096723, -14.158624464521996, -9.270532150666657], "name": "C15H32", "identifiers": {"molecule_hash": "e198d5f5814ab8c93de6f978e3f5cd25d99a4c14", "molecular_formula": "C15H32"}, "molecular_charge": 0.0, "molecular_multiplicity": 1, "connectivity": [[0, 1, 1.0], [0, 15, 1.0], [0, 16, 1.0], [0, 17, 1.0], [1, 2, 1.0], [1, 18, 1.0], [1, 19, 1.0], [2, 3, 1.0], [2, 20, 1.0], [2, 21, 1.0], [3, 4, 1.0], [3, 22, 1.0], [3, 23, 1.0], [4, 5, 1.0], [4, 24, 1.0], [4, 25, 1.0], [5, 6, 1.0], [5, 26, 1.0], [5, 27, 1.0], [6, 7, 1.0], [6, 28, 1.0], [6, 29, 1.0], [7, 8, 1.0], [7, 30, 1.0], [7, 31, 1.0], [8, 9, 1.0], [8, 32, 1.0], [8, 33, 1.0], [9, 10, 1.0], [9, 34, 1.0], [9, 35, 1.0], [10, 11, 1.0], [10, 36, 1.0], [10, 37, 1.0], [11, 12, 1.0], [11, 38, 1.0], [11, 39, 1.0], [12, 13, 1.0], [12, 40, 1.0], [12, 41, 1.0], [13, 14, 1.0], [13, 42, 1.0], [13, 43, 1.0], [14, 44, 1.0], [14, 45, 1.0], [14, 46, 1.0]], "fix_com": true, "fix_orientation": true, "provenance": {"creator": "QCElemental", "version": "v0.22.0", "routine": "qcelemental.molparse.from_schema"}, "id": "225435"}