{"schema_name": "qcschema_molecule", "schema_version": 2, "validated": true, "symbols": ["C", "C", "C", "C", "C", "C", "C", "C", "C", "C", "C", "C", "C", "C", "C", "H", "H", "H", "H", "H", "H", "H", "H", "H", "H", "H", "H", "H", "H", "H", "H", "H", "H", "H", "H", "H", "H", "H", "H", "H", "H", "H", "H", "H", "H", "H", "H"], "geometry": [0.0, 0.0, -0.0, 2.8891582993172285, -6.666013339280655e-16, -1.2136423274494261e-17, 3.9939042216453027, -1.273460531810207, 2.349930842161651, 6.880147260777894, -1.5506074604908227, 2.4082737719028646, 8.394874419712758, 0.9384373875992285, 2.4426580430492777, 9.326892377486333, 1.8362330004259444, -0.14896097247431012, 10.7991968243528, 4.322495740044285, -2.7755575615628914e-16, 11.631698092654739, 5.394566985240671, -2.5627405571664235, 13.467598798338653, 3.7646348019659532, -4.107384386051853, 16.01611909537454, 3.2923213855595175, -2.8160296193243903, 18.023188907559657, 2.1001919984832536, -4.537796093183074, 17.41366561445741, -0.5223739496084738, -5.618358822085225, 17.114002784957993, -2.598721315997299, -3.6236636580258814, 16.57408349802673, -5.232297615083372, -4.70780372078736, 18.75429538125096, -6.388527900740785, -6.213805774843428, -0.7401911471230767, 0.988838392158712, 1.6401136147694202, -0.7445353855368085, 0.9237139618966805, -1.673925617795443, -0.7416863427715311, -1.913856269167651, 0.04048159172569932, 3.555333355401078, 1.9374244122691118, -0.12675038722930806, 3.5702292212859095, -0.9616253967751754, -1.6850912848485597, 3.169461956906458, -3.1501137720891745, 2.523092907574846, 3.391074670728829, -0.23267604648915394, 4.019861327350853, 7.350522260266367, -2.6310428698411696, 4.090391879470586, 7.486858416813808, -2.7029149605612557, 0.8157755223575407, 7.267071028438766, 2.418085624331264, 3.3205981875317816, 10.039098917671001, 0.6990465079738502, 3.652067817278856, 10.512497821790843, 0.3656099519258703, -0.9577017734507564, 7.743912691756213, 2.0656711656960525, -1.4367458226042535, 9.616891397353323, 5.731707752737245, 0.9197462443448158, 12.431586957496592, 4.076617869109966, 1.2238239802409354, 9.955294135796859, 5.744191250758293, -3.701951454361049, 12.497653284139432, 7.233062794423326, -2.246973788292042, 13.804336444377178, 4.7184117273342085, -5.898739582113503, 12.576172612522743, 1.9780399082885651, -4.581978151916665, 16.754201884606065, 5.089617865976969, -2.140037318455213, 15.754720044232066, 2.130381494753542, -1.1449449261027984, 18.376801105587678, 3.380109066150541, -6.108259628245444, 19.790797201816066, 1.982067414971775, -3.4927547033104913, 15.709389801074158, -0.4326513298582781, -6.763797896561185, 18.931259484031738, -1.0281296956805086, -6.905244200013159, 15.579039572853935, -2.10621219712969, -2.3516724577556185, 18.814031127060193, -2.680059342912433, -2.4655915335469185, 16.112006055995845, -6.4927531227723625, -3.152210585353126, 14.895084826746205, -5.147792173106056, -5.892349089726651, 18.29769845854423, -8.300431903286926, -6.802161959675702, 19.179195920832917, -5.31187637932657, -7.905645399898314, 20.46552977557925, -6.47737878374413, -5.081771788734223], "name": "C15H32", "identifiers": {"molecule_hash": "8b7b31007802153f90d4663c7fcf2164c7d36c0e", "molecular_formula": "C15H32"}, "molecular_charge": 0.0, "molecular_multiplicity": 1, "connectivity": [[0, 1, 1.0], [0, 15, 1.0], [0, 16, 1.0], [0, 17, 1.0], [1, 2, 1.0], [1, 18, 1.0], [1, 19, 1.0], [2, 3, 1.0], [2, 20, 1.0], [2, 21, 1.0], [3, 4, 1.0], [3, 22, 1.0], [3, 23, 1.0], [4, 5, 1.0], [4, 24, 1.0], [4, 25, 1.0], [5, 6, 1.0], [5, 26, 1.0], [5, 27, 1.0], [6, 7, 1.0], [6, 28, 1.0], [6, 29, 1.0], [7, 8, 1.0], [7, 30, 1.0], [7, 31, 1.0], [8, 9, 1.0], [8, 32, 1.0], [8, 33, 1.0], [9, 10, 1.0], [9, 34, 1.0], [9, 35, 1.0], [10, 11, 1.0], [10, 36, 1.0], [10, 37, 1.0], [11, 12, 1.0], [11, 38, 1.0], [11, 39, 1.0], [12, 13, 1.0], [12, 40, 1.0], [12, 41, 1.0], [13, 14, 1.0], [13, 42, 1.0], [13, 43, 1.0], [14, 44, 1.0], [14, 45, 1.0], [14, 46, 1.0]], "fix_com": true, "fix_orientation": true, "provenance": {"creator": "QCElemental", "version": "v0.22.0", "routine": "qcelemental.molparse.from_schema"}, "id": "217522"}