{"schema_name": "qcschema_molecule", "schema_version": 2, "validated": true, "symbols": ["C", "C", "C", "C", "C", "C", "C", "C", "C", "C", "C", "C", "C", "C", "C", "H", "H", "H", "H", "H", "H", "H", "H", "H", "H", "H", "H", "H", "H", "H", "H", "H", "H", "H", "H", "H", "H", "H", "H", "H", "H", "H", "H", "H", "H", "H", "H"], "geometry": [4.058040042965725, 2.6249628387504225, 2.220446049250313e-16, 2.8863839709755554, -5.31898396663275e-16, 4.0102163883493434e-16, 0.0, 0.0, -0.0, -1.2295144841158832, 1.4263580830356088, -2.1850649050736792, -0.4630575085995896, 0.484389811308366, -4.796223582357227, -2.0156614174519616, 1.609316931018597, -6.955201658686123, -2.0447243172215757, 4.491741037661369, -7.08120327439069, 0.5469928209061576, 5.694815208651839, -7.421040199489063, 0.48606424588276287, 8.570027473230219, -7.673531335310985, -0.5909002534580106, 9.995244178135366, -5.4048099818584, 0.8745572769733556, 9.577284288158108, -2.9591054768986003, -0.14408942809248604, 11.02741527905318, -0.6642547942807697, -1.8259499133233041, 9.48144769309085, 1.0976633756558352, -4.260265095299809, 8.488955992498449, -0.0693306714098032, -5.882932860299621, 7.042999312604557, 1.8086480649131471, 6.119899951231986, 2.531720433383025, 0.18773466733223398, 3.334013853076134, 3.774437223230499, 1.5714249502814548, 3.6462241487140763, 3.6503682944184255, -1.7573707401232956, 3.54249623246173, -1.0472972150444169, 1.6690275917799895, 3.586456070953389, -1.0653701431016502, -1.6416990581686528, -0.6723681417105838, 0.8216190357518409, 1.7889011689828234, -0.6667608152449984, -1.9695603702507105, -0.014334249662655285, -3.2968413273741684, 1.2935435022444777, -1.9896658953785675, -0.7838167036408492, 3.4506898667656687, -2.0189895028275133, -0.6502792073868557, -1.5862708759379842, -4.854775818628671, 1.5555189867202528, 0.8719890404311492, -5.109297173365928, -3.97592761962086, 0.9372882991957652, -6.787818966549848, -1.3022475663048252, 0.855959296413892, -8.756816663693801, -3.273338833745965, 5.080787469365109, -8.652240178837545, -2.940400155128686, 5.24177325462948, -5.362409667786819, 1.4472078895197775, 4.8939506088491305, -9.116096397160282, 1.7787754119424455, 5.1628281515973935, -5.832282944895415, 2.419430154169949, 9.247501227588522, -8.029048120808657, -0.6171401621612853, 9.072397883291496, -9.362604235569002, -0.5832565129170959, 12.028134536588373, -5.839340447257865, -2.588736287170213, 9.497171771514964, -5.131146189173144, 2.85452964587035, 10.110103433252032, -3.3010517417474436, 0.9186723666905539, 7.548868773959585, -2.4984539931194565, -1.1804496986282293, 12.711722789194297, -1.3131124096684426, 1.4501260988619968, 11.744646423820555, 0.45300312306793433, -2.3039527169554517, 10.637862733495199, 2.759204790210906, -0.7281305570871122, 7.86716745647345, 1.827393009749649, -3.8065599163706274, 7.24601325491137, -1.6713181363407634, -5.342019565564954, 10.079448462112055, -0.8624032891333835, -7.628082411366117, 6.3441320348168055, 0.9365135165351632, -4.860378670009823, 5.4036321366147515, 2.5685299109749717, -6.417287770352733, 8.23886617571977, 3.4185706637467463], "name": "C15H32", "identifiers": {"molecule_hash": "1faa50a58f73ac596064fc265035309006bfb488", "molecular_formula": "C15H32"}, "molecular_charge": 0.0, "molecular_multiplicity": 1, "connectivity": [[0, 1, 1.0], [0, 15, 1.0], [0, 16, 1.0], [0, 17, 1.0], [1, 2, 1.0], [1, 18, 1.0], [1, 19, 1.0], [2, 3, 1.0], [2, 20, 1.0], [2, 21, 1.0], [3, 4, 1.0], [3, 22, 1.0], [3, 23, 1.0], [4, 5, 1.0], [4, 24, 1.0], [4, 25, 1.0], [5, 6, 1.0], [5, 26, 1.0], [5, 27, 1.0], [6, 7, 1.0], [6, 28, 1.0], [6, 29, 1.0], [7, 8, 1.0], [7, 30, 1.0], [7, 31, 1.0], [8, 9, 1.0], [8, 32, 1.0], [8, 33, 1.0], [9, 10, 1.0], [9, 34, 1.0], [9, 35, 1.0], [10, 11, 1.0], [10, 36, 1.0], [10, 37, 1.0], [11, 12, 1.0], [11, 38, 1.0], [11, 39, 1.0], [12, 13, 1.0], [12, 40, 1.0], [12, 41, 1.0], [13, 14, 1.0], [13, 42, 1.0], [13, 43, 1.0], [14, 44, 1.0], [14, 45, 1.0], [14, 46, 1.0]], "fix_com": true, "fix_orientation": true, "provenance": {"creator": "QCElemental", "version": "v0.22.0", "routine": "qcelemental.molparse.from_schema"}, "id": "223766"}