{"schema_name": "qcschema_molecule", "schema_version": 2, "validated": true, "symbols": ["C", "C", "C", "C", "C", "C", "C", "C", "C", "C", "C", "C", "C", "C", "C", "H", "H", "H", "H", "H", "H", "H", "H", "H", "H", "H", "H", "H", "H", "H", "H", "H", "H", "H", "H", "H", "H", "H", "H", "H", "H", "H", "H", "H", "H", "H", "H"], "geometry": [7.249249201363039, 1.6523436839835497, 6.591949208711867e-16, 4.879691803073034, 1.3304954946888836e-15, 8.83190991285519e-17, 2.442233861832038, 1.548893215362855, -0.1794824672338871, 0.0, 0.0, -0.0, -0.4275891089246411, -1.821401563405419, -2.2114846716285324, -3.0439694107134803, -3.066717562201765, -2.251284710325678, -3.561670093158856, -4.874293492214348, -0.05082075655208994, -6.12743082228829, -6.193130014845539, -0.2780629483770468, -6.650235136531191, -8.188994854173359, 1.7598448230494939, -6.734128514964843, -7.248342974542465, 4.5017093735132105, -8.814634946785413, -5.314543240658207, 5.055167082649524, -8.950919397877216, -4.6020008401725985, 7.856702382811029, -11.137324367641769, -2.828942446729421, 8.551867690465018, -11.11130047864744, -0.20767582791153938, 7.312570088015947, -8.80313301366115, 1.4026647868605768, 7.971909361052243, 7.370972127092101, 2.7715689924662428, -1.7169812848123038, 8.95127833924726, 0.5133522901242004, 0.12410686263317437, 7.248245447982871, 2.9508683611677644, 1.590174323946155, 4.838500567416695, -1.1317567722007282, 1.7169033180467914, 4.988627164149422, -1.3256409698141582, -1.5636506143396383, 2.440746840607738, 2.943683925093278, 1.331935272235561, 2.4442059061716574, 2.6146401576667677, -1.939967609571578, -0.002061062880119785, -1.0337913381934076, 1.775740476483619, -1.5889387784829376, 1.3032617178524106, 0.09243109941707249, -0.17656361749368116, -0.7851063041695125, -3.9707306813568164, 1.0083665198906946, -3.290996883819284, -2.2019479651853615, -3.2415810566759715, -4.104965875062313, -4.015130480745952, -4.490961407068567, -1.603787374069679, -2.2846372351862434, -3.4675809652512384, -3.8470915090794775, 1.7225683879581788, -2.073022242160938, -6.2946680561129025, 0.0226758062440007, -7.6201771531286715, -4.781008410281377, -0.2807032756725668, -6.23100640141365, -7.1206534075723935, -2.110423436751626, -8.44085816245855, -9.103933946823128, 1.3278002290237536, -5.215420505111954, -9.656016985224571, 1.6209813118109757, -4.912632141128901, -6.4582871739694685, 5.031375079872906, -7.011867008563298, -8.880998995603512, 5.720575272155426, -10.630252705759348, -6.082008412966824, 4.460866375916382, -8.506165755596948, -3.6276170218720685, 3.92825849422762, -7.162097622871795, -3.77228931499872, 8.435571981618962, -9.154993270032426, -6.321932011328322, 8.964900393579441, -11.150282730939836, -2.583940201749336, 10.594087151869546, -12.910894682264848, -3.7565113719511105, 8.078680410691437, -11.255959571560531, -0.3901003091763623, 5.272457830476106, -12.80477814328003, 0.7921073379378518, 7.908394715912728, -8.596541567632336, 1.6007929687275109, 10.005564903876673, -7.066604043165019, 0.5883430719525833, 7.245955499860616, -8.977290302743278, 3.2860755102177306, 7.176865527730596], "name": "C15H32", "identifiers": {"molecule_hash": "6da82134e411990929cb4e91e62c2436b7c1bdc7", "molecular_formula": "C15H32"}, "molecular_charge": 0.0, "molecular_multiplicity": 1, "connectivity": [[0, 1, 1.0], [0, 15, 1.0], [0, 16, 1.0], [0, 17, 1.0], [1, 2, 1.0], [1, 18, 1.0], [1, 19, 1.0], [2, 3, 1.0], [2, 20, 1.0], [2, 21, 1.0], [3, 4, 1.0], [3, 22, 1.0], [3, 23, 1.0], [4, 5, 1.0], [4, 24, 1.0], [4, 25, 1.0], [5, 6, 1.0], [5, 26, 1.0], [5, 27, 1.0], [6, 7, 1.0], [6, 28, 1.0], [6, 29, 1.0], [7, 8, 1.0], [7, 30, 1.0], [7, 31, 1.0], [8, 9, 1.0], [8, 32, 1.0], [8, 33, 1.0], [9, 10, 1.0], [9, 34, 1.0], [9, 35, 1.0], [10, 11, 1.0], [10, 36, 1.0], [10, 37, 1.0], [11, 12, 1.0], [11, 38, 1.0], [11, 39, 1.0], [12, 13, 1.0], [12, 40, 1.0], [12, 41, 1.0], [13, 14, 1.0], [13, 42, 1.0], [13, 43, 1.0], [14, 44, 1.0], [14, 45, 1.0], [14, 46, 1.0]], "fix_com": true, "fix_orientation": true, "provenance": {"creator": "QCElemental", "version": "v0.22.0", "routine": "qcelemental.molparse.from_schema"}, "id": "215007"}