{"schema_name": "qcschema_molecule", "schema_version": 2, "validated": true, "symbols": ["C", "C", "C", "C", "C", "C", "C", "C", "C", "C", "C", "C", "C", "C", "C", "H", "H", "H", "H", "H", "H", "H", "H", "H", "H", "H", "H", "H", "H", "H", "H", "H", "H", "H", "H", "H", "H", "H", "H", "H", "H", "H", "H", "H", "H", "H", "H"], "geometry": [12.883298609791836, 2.2962047855936465, 6.661338147750939e-16, 11.153740065722438, 2.2194680817459544e-15, 6.589455017114272e-17, 10.186349666375865, -0.7449060234331102, 2.6142950887633463, 8.724983308387106, 1.3171199971561212, 4.014901459782341, 6.499165436052872, 2.448651368769893, 2.5706603185669743, 4.471997140983629, 0.5510425024443638, 1.8145086304367344, 2.207086265086122, 1.7820222974736966, 0.5337803020456633, 0.0, -0.0, 0.0, 0.592724285062971, -2.249824184909353, -1.7169885626825374, 1.3989741999411491, -1.6447425250410925, -4.434571202647605, -0.7431440936457947, -1.5430159164727395, -6.370541940207547, -2.6962184001160323, 0.5568215249644437, -6.036976566270498, -1.638631336270776, 3.2402722276548617, -6.028949084461413, -0.16843270369213192, 3.953738855128803, -8.397878164683997, 0.6447104042524039, 6.7087558042501305, -8.415908100306364, 13.635567220146068, 2.674367421465102, -1.893829901698718, 14.49924987937097, 2.017478484781614, 1.2738347721017411, 11.890458850262828, 4.007663220754349, 0.6240057336961273, 12.16423784748358, -1.620821480391858, -0.8155292319242601, 9.541207565692371, 0.34859578837333755, -1.2671337188832168, 11.79910553618042, -1.3212937161277454, 3.79338052871823, 8.99450053296265, -2.4364482840624815, 2.427424375656122, 8.037471404410029, 0.5312096276014104, 5.812606230361169, 10.025744676156684, 2.8510212156888084, 4.535222940001271, 7.189925315156338, 3.422874513510913, 0.8657673032435318, 5.630956129491545, 3.9292835850807446, 3.7435403279831325, 5.298418262736432, -0.8781739214079045, 0.5523282886916494, 3.8299108402352653, -0.48100186161739655, 3.5066649357127275, 1.5173041125531648, 3.329502743004445, 1.739118305245055, 2.8380363250752496, 2.694925955693715, -1.2267481363374615, -1.5709694108601706, 1.1040733266461928, -0.7860503521925175, -0.6912412513541568, -0.7431587973440644, 1.8154420401332672, -1.0725017144583853, -3.494717071382675, -1.7791170380897494, 2.0807263797018942, -3.378651392293383, -0.8101778699996607, 2.7245552847278596, -3.1111292315517005, -5.068159007551939, 2.486241831192324, 0.12779487758794916, -4.484801440051735, -1.7359072275998528, -3.3700333054505833, -6.346684113327266, 0.09451795986799238, -1.3912496661101161, -8.266134685631759, -3.76655647832008, 0.24308777386066516, -4.284232176633917, -4.088154167546654, 0.3933528497453316, -7.573690698894653, -0.41413173989108265, 3.518320906044965, -4.370113565213244, -3.2156047155643277, 4.574232632261157, -5.78820802927572, 1.5112351963148076, 2.7412456611161775, -8.569655534691256, -1.3341673045662943, 3.5557033395813122, -10.075075508028238, -0.9962764575900481, 7.975545185098228, -8.31685437527162, 1.7044793901489455, 7.185378419388186, -10.131784647847915, 1.8572964560447733, 7.142124032203336, -6.7880365324996905], "name": "C15H32", "identifiers": {"molecule_hash": "61b25cc27aeccdad0b2f455d6dac3084d1d10ba3", "molecular_formula": "C15H32"}, "molecular_charge": 0.0, "molecular_multiplicity": 1, "connectivity": [[0, 1, 1.0], [0, 15, 1.0], [0, 16, 1.0], [0, 17, 1.0], [1, 2, 1.0], [1, 18, 1.0], [1, 19, 1.0], [2, 3, 1.0], [2, 20, 1.0], [2, 21, 1.0], [3, 4, 1.0], [3, 22, 1.0], [3, 23, 1.0], [4, 5, 1.0], [4, 24, 1.0], [4, 25, 1.0], [5, 6, 1.0], [5, 26, 1.0], [5, 27, 1.0], [6, 7, 1.0], [6, 28, 1.0], [6, 29, 1.0], [7, 8, 1.0], [7, 30, 1.0], [7, 31, 1.0], [8, 9, 1.0], [8, 32, 1.0], [8, 33, 1.0], [9, 10, 1.0], [9, 34, 1.0], [9, 35, 1.0], [10, 11, 1.0], [10, 36, 1.0], [10, 37, 1.0], [11, 12, 1.0], [11, 38, 1.0], [11, 39, 1.0], [12, 13, 1.0], [12, 40, 1.0], [12, 41, 1.0], [13, 14, 1.0], [13, 42, 1.0], [13, 43, 1.0], [14, 44, 1.0], [14, 45, 1.0], [14, 46, 1.0]], "fix_com": true, "fix_orientation": true, "provenance": {"creator": "QCElemental", "version": "v0.22.0", "routine": "qcelemental.molparse.from_schema"}, "id": "230758"}