{"schema_name": "qcschema_molecule", "schema_version": 2, "validated": true, "symbols": ["C", "C", "C", "C", "C", "C", "C", "C", "C", "C", "C", "C", "C", "C", "C", "H", "H", "H", "H", "H", "H", "H", "H", "H", "H", "H", "H", "H", "H", "H", "H", "H", "H", "H", "H", "H", "H", "H", "H", "H", "H", "H", "H", "H", "H", "H", "H"], "geometry": [0.0, -0.0, 0.0, 2.8963488560768953, -7.642104042271324e-17, 4.3746434241657113e-16, 4.019724727828278, -0.1112386582749228, -2.6741292816915516, 6.934109251942212, -0.03973900912444894, -2.7813869908763196, 8.10585051415152, 2.5907423294726923, -3.1705484230661765, 7.507184723241542, 4.538591140102233, -1.1024719565193908, 8.866069882895275, 7.101077589943729, -1.4202515137660046, 11.394287273940039, 7.349488633290696, 2.6645352591003757e-15, 13.481611726638086, 5.466376960585092, -0.7245633304322526, 14.413669883921042, 5.7017639638986415, -3.4577439455535655, 16.4307159932914, 3.73168297279412, -4.12822257033901, 17.470089128057054, 3.942451215397899, -6.830021892773421, 15.521807046989988, 3.401611627496661, -8.908081593809271, 16.65747994045484, 3.4291163952258388, -11.573525222562465, 14.70354719281306, 2.8962664442875434, -13.644625885624343, -0.7478068855248208, -1.6897342427951532, -0.9374516720650364, -0.7449219865017519, 1.651018103225941, -1.0061188409542812, -0.7591777716367534, 0.04074807688045423, 1.9255935872314534, 3.588621570791687, -1.629753779731737, 1.0820491094551103, 3.585892560425895, 1.67966070241388, 0.9933630242862689, 3.341760701455641, -1.8520456002287122, -3.575551146919776, 3.2485274398924067, 1.445808811074009, -3.8120248125910043, 7.705126488651347, -0.8845038179806334, -1.0481861741624514, 7.585244469563733, -1.2466240309115242, -4.3356411658541765, 7.461622231665433, 3.3483165536916464, -4.994158578752189, 10.15459194240303, 2.3625937553134624, -3.346156264929868, 7.9664232273187245, 3.73994166575867, 0.7585783195718617, 5.462807950918924, 4.86708554133228, -1.0884153719428145, 7.626697422362952, 8.609962436267004, -0.7252167509776803, 9.138146236186913, 7.490965015564804, -3.438764619057544, 12.113851855701071, 9.277992746279066, -0.2712242315097566, 11.014582170672497, 7.16063776967112, 2.0317440596558414, 12.82646907558657, 3.528878474933952, -0.3818636545613667, 15.091735499656773, 5.745129692759365, 0.5549581030692521, 12.813931009490348, 5.523191392349673, -4.7567412667083095, 15.186101038902127, 7.607343915055929, -3.755578758921988, 18.003799026528867, 3.8988677777394622, -2.784973821077658, 15.64015758070202, 1.8305798844701273, -3.8510271529013744, 18.266801381712817, 5.83921000015125, -7.114400962316821, 19.052874754372134, 2.61699934959661, -7.042438275183364, 14.645806934965606, 1.550728722726257, -8.556171017757796, 13.984741040803671, 4.790429499012671, -8.819448468438729, 18.1822239791006, 2.0256290483869552, -11.681600060981207, 17.546482998377538, 5.2724485617635235, -11.917534126198884, 13.189216970261075, 4.309966938204505, -13.623231603771229, 13.825342816579298, 1.0384570880140191, -13.380818278139808, 15.565055901399326, 2.924367075687348, -15.526891290014719], "name": "C15H32", "identifiers": {"molecule_hash": "02466bcf7685142367d80e64257fd7698f9c45a1", "molecular_formula": "C15H32"}, "molecular_charge": 0.0, "molecular_multiplicity": 1, "connectivity": [[0, 1, 1.0], [0, 15, 1.0], [0, 16, 1.0], [0, 17, 1.0], [1, 2, 1.0], [1, 18, 1.0], [1, 19, 1.0], [2, 3, 1.0], [2, 20, 1.0], [2, 21, 1.0], [3, 4, 1.0], [3, 22, 1.0], [3, 23, 1.0], [4, 5, 1.0], [4, 24, 1.0], [4, 25, 1.0], [5, 6, 1.0], [5, 26, 1.0], [5, 27, 1.0], [6, 7, 1.0], [6, 28, 1.0], [6, 29, 1.0], [7, 8, 1.0], [7, 30, 1.0], [7, 31, 1.0], [8, 9, 1.0], [8, 32, 1.0], [8, 33, 1.0], [9, 10, 1.0], [9, 34, 1.0], [9, 35, 1.0], [10, 11, 1.0], [10, 36, 1.0], [10, 37, 1.0], [11, 12, 1.0], [11, 38, 1.0], [11, 39, 1.0], [12, 13, 1.0], [12, 40, 1.0], [12, 41, 1.0], [13, 14, 1.0], [13, 42, 1.0], [13, 43, 1.0], [14, 44, 1.0], [14, 45, 1.0], [14, 46, 1.0]], "fix_com": true, "fix_orientation": true, "provenance": {"creator": "QCElemental", "version": "v0.22.0", "routine": "qcelemental.molparse.from_schema"}, "id": "221735"}