{"schema_name": "qcschema_molecule", "schema_version": 2, "validated": true, "symbols": ["C", "C", "C", "C", "C", "C", "C", "C", "C", "C", "C", "C", "C", "C", "C", "H", "H", "H", "H", "H", "H", "H", "H", "H", "H", "H", "H", "H", "H", "H", "H", "H", "H", "H", "H", "H", "H", "H", "H", "H", "H", "H", "H", "H", "H", "H", "H"], "geometry": [8.427304067197952, 2.4634470813516938, 1.5543122344752192e-15, 6.9456301313650926, -1.6345430402645052e-16, 3.198198627097508e-15, 5.391121775187596, -0.4385483253368079, 2.390909265644693, 3.455782519388452, 1.6215150373995093, 2.9907776302562485, 1.6020591796549537, 2.2284527710968796, 0.8657370925560177, 0.0, -0.0, 0.0, -1.9419378150996094, 0.7252456927194001, -1.9970713032214873, -3.7843428673366484, -1.3772267041235269, -2.7160345186102792, -2.5870907167003256, -3.7782699656647067, -3.7943012803596536, -1.149524085945861, -3.5128521171812315, -6.297174368080476, -2.712564964912105, -3.9818765786380026, -8.681271901432385, -4.845171665366367, -2.113142224109718, -9.224321585281618, -4.042758716459728, 0.6480280024052316, -9.451334693892237, -2.066151716565042, 1.1564103529636363, -11.480353123697009, -1.4977659583955112, 3.953425722866169, -11.804833990561427, 9.615742311767285, 2.6292933414404636, -1.6898568858696992, 9.671190748376949, 2.5900319741358837, 1.6578190710504517, 7.1733861357669095, 4.115839823077128, 0.03862599382264387, 8.25937886048495, -1.5914976406474406, -0.23335702885579035, 5.697738509468489, -0.05664970669107827, -1.6634197484663118, 6.680302650469515, -0.6189029954439387, 4.012307306339942, 4.427575029108855, -2.272498086387576, 2.2329656624407375, 2.387102145665489, 1.0490377982956285, 4.6796418162620474, 4.449498043092832, 3.3668465679552706, 3.521734156981253, 2.634677463367362, 3.000428721280289, -0.7684822172393464, 0.3429590825961202, 3.756308506867302, 1.4997958222689598, 1.2381496622300676, -1.4966686279029602, -0.7387144942036816, -0.977879239119121, -0.8246220873083654, 1.644546732479398, -3.04317277567511, 2.3457329188150298, -1.300912154120577, -0.9474576458687083, 1.4210119961439083, -3.687594859334496, -5.177867967827391, -0.6129136714444237, -4.049717891465719, -4.86463642819259, -1.9054881784182744, -1.0190268863717242, -4.074053065515088, -5.213430286221158, -4.03063516121001, -1.302964836067523, -4.5581071139973375, -2.361269014528312, 0.40755335272287097, -4.885536419806609, -6.308851149038031, -0.23106997378972816, -1.6497098547046813, -6.4053676029539055, -3.5288932083900963, -5.890874659682696, -8.565190459603897, -1.4235556062166115, -4.027592851012814, -10.310488726408899, -6.3078486118218215, -2.2773020324701347, -7.758104319231148, -5.769795867955973, -2.6866476925104212, -10.996850590837632, -3.320203179547349, 1.3323165960597962, -7.624285645377288, -5.728541877957519, 1.798188473165085, -9.850731338372157, -0.30922892047580275, 0.14878350359392467, -11.012547730719856, -2.717858659622747, 0.3589261617108823, -13.288572519927925, -3.202786346635298, 5.007602725495733, -12.34244089102485, -0.06781112042738258, 4.281676663341052, -13.268388645701176, -0.7909046862712086, 4.783564457151028, -10.038664231142812], "name": "C15H32", "identifiers": {"molecule_hash": "61b25cc27aeccdad0b2f455d6dac3084d1d10ba3", "molecular_formula": "C15H32"}, "molecular_charge": 0.0, "molecular_multiplicity": 1, "connectivity": [[0, 1, 1.0], [0, 15, 1.0], [0, 16, 1.0], [0, 17, 1.0], [1, 2, 1.0], [1, 18, 1.0], [1, 19, 1.0], [2, 3, 1.0], [2, 20, 1.0], [2, 21, 1.0], [3, 4, 1.0], [3, 22, 1.0], [3, 23, 1.0], [4, 5, 1.0], [4, 24, 1.0], [4, 25, 1.0], [5, 6, 1.0], [5, 26, 1.0], [5, 27, 1.0], [6, 7, 1.0], [6, 28, 1.0], [6, 29, 1.0], [7, 8, 1.0], [7, 30, 1.0], [7, 31, 1.0], [8, 9, 1.0], [8, 32, 1.0], [8, 33, 1.0], [9, 10, 1.0], [9, 34, 1.0], [9, 35, 1.0], [10, 11, 1.0], [10, 36, 1.0], [10, 37, 1.0], [11, 12, 1.0], [11, 38, 1.0], [11, 39, 1.0], [12, 13, 1.0], [12, 40, 1.0], [12, 41, 1.0], [13, 14, 1.0], [13, 42, 1.0], [13, 43, 1.0], [14, 44, 1.0], [14, 45, 1.0], [14, 46, 1.0]], "fix_com": true, "fix_orientation": true, "provenance": {"creator": "QCElemental", "version": "v0.22.0", "routine": "qcelemental.molparse.from_schema"}, "id": "230758"}