{"schema_name": "qcschema_molecule", "schema_version": 2, "validated": true, "symbols": ["C", "C", "C", "C", "C", "C", "C", "C", "C", "C", "C", "C", "C", "C", "C", "H", "H", "H", "H", "H", "H", "H", "H", "H", "H", "H", "H", "H", "H", "H", "H", "H", "H", "H", "H", "H", "H", "H", "H", "H", "H", "H", "H", "H", "H", "H", "H"], "geometry": [8.597887402641327, 2.0611668133120475, 4.440892098500626e-16, 6.563083219482908, 2.1663496891897036e-16, 8.613536993956017e-16, 5.4015883459396035, -0.43192709485651115, 2.624820650442541, 3.2866517344487636, -2.4393300821773356, 2.7121702141167936, 0.5790180038283198, -1.4128566480793174, 2.4694190071719637, 0.0, -0.0, 0.0, -2.780098495083372, 0.8350370084405869, -0.296066009400002, -4.489484731208136, -1.030087764448969, -1.7348202839352518, -4.775394141330915, -3.6809407142552906, -0.5862301001774554, -6.052103158979421, -3.730287873931771, 2.0141534613088887, -6.219411763769153, -6.3994696728489515, 3.1307160704912893, -7.54921781694547, -6.547197779160596, 5.706416288220656, -6.1555350293975035, -5.185331775600862, 7.853416969254129, -7.420155754215653, -5.532731772666146, 10.43704752249875, -6.026859256940282, -4.162544110412151, 12.575399890548592, 10.134286250059645, 1.5952359735237138, 1.3098166363870078, 7.810482953222676, 3.8852636242557503, 0.5879708518433675, 9.426525100201374, 2.3099231069849893, -1.8807981897173827, 7.385525785059351, -1.784704097912822, -0.666774833494999, 5.083974875921572, 0.4912444344520815, -1.3617702108237952, 6.930290504649881, -0.9884027802272801, 3.91168114438394, 4.675491253135759, 1.3685685082023058, 3.3630258476297272, 3.620307939914379, -3.852151167481413, 1.2273502418250242, 3.4027188913825563, -3.46888706197157, 4.507384799706882, 0.20139551088295526, -0.13479527996622265, 4.062674535088218, -0.7320334937481033, -2.9974624157516097, 2.6939181332532733, 0.5422795479141541, -1.1806650450464882, -1.6199419927747485, 1.2114551489344199, 1.6767950555115916, -0.09119928921788867, -2.8360801205011152, 2.631867148522673, -1.3276271574578207, -3.5799349348824556, 1.2423220925502814, 1.5733760016671734, -6.374193877609517, -0.18061551864662473, -1.9264768047701764, -3.750835615847189, -1.2257283432332007, -3.6645733216044576, -2.9177176394577695, -4.594251678156071, -0.4619061661331574, -5.884404096275086, -4.848658939240983, -1.8953931212696693, -5.022938522882467, -2.4983384092448166, 3.3185948506808116, -7.962570490792844, -2.929674931895229, 1.853766720555461, -7.214541164244481, -7.627562304950221, 1.7859617605355371, -4.30277221030393, -7.180703494698244, 3.310102227400554, -9.46838318150461, -5.772117820973093, 5.5350362434334395, -7.7802774721543315, -8.54322166167381, 6.22569829552835, -4.201047389755798, -5.883867038923749, 7.948344991234778, -6.021208206119111, -3.158057437673439, 7.439463008217857, -7.538947291137264, -7.558027885978738, 10.873356485251719, -9.377229581304277, -4.84991512184641, 10.33622343977267, -5.937007255300751, -2.123312083259624, 12.220911270183711, -4.080832765568733, -4.849629015683783, 12.757576212523484, -6.967721523452912, -4.4443065001359985, 14.397842785184725], "name": "C15H32", "identifiers": {"molecule_hash": "02466bcf7685142367d80e64257fd7698f9c45a1", "molecular_formula": "C15H32"}, "molecular_charge": 0.0, "molecular_multiplicity": 1, "connectivity": [[0, 1, 1.0], [0, 15, 1.0], [0, 16, 1.0], [0, 17, 1.0], [1, 2, 1.0], [1, 18, 1.0], [1, 19, 1.0], [2, 3, 1.0], [2, 20, 1.0], [2, 21, 1.0], [3, 4, 1.0], [3, 22, 1.0], [3, 23, 1.0], [4, 5, 1.0], [4, 24, 1.0], [4, 25, 1.0], [5, 6, 1.0], [5, 26, 1.0], [5, 27, 1.0], [6, 7, 1.0], [6, 28, 1.0], [6, 29, 1.0], [7, 8, 1.0], [7, 30, 1.0], [7, 31, 1.0], [8, 9, 1.0], [8, 32, 1.0], [8, 33, 1.0], [9, 10, 1.0], [9, 34, 1.0], [9, 35, 1.0], [10, 11, 1.0], [10, 36, 1.0], [10, 37, 1.0], [11, 12, 1.0], [11, 38, 1.0], [11, 39, 1.0], [12, 13, 1.0], [12, 40, 1.0], [12, 41, 1.0], [13, 14, 1.0], [13, 42, 1.0], [13, 43, 1.0], [14, 44, 1.0], [14, 45, 1.0], [14, 46, 1.0]], "fix_com": true, "fix_orientation": true, "provenance": {"creator": "QCElemental", "version": "v0.22.0", "routine": "qcelemental.molparse.from_schema"}, "id": "221735"}