{"schema_name": "qcschema_molecule", "schema_version": 2, "validated": true, "symbols": ["C", "C", "C", "C", "C", "C", "C", "C", "C", "C", "C", "C", "C", "C", "C", "H", "H", "H", "H", "H", "H", "H", "H", "H", "H", "H", "H", "H", "H", "H", "H", "H", "H", "H", "H", "H", "H", "H", "H", "H", "H", "H", "H", "H", "H", "H", "H"], "geometry": [0.0, 0.0, -0.0, 2.8723708416799294, 3.541115021638056e-16, 1.866612316693295e-16, 3.988201841663844, 2.64927587909053, 0.14737872765791432, 6.864773292466458, 2.751745223106968, 6.106226635438361e-16, 8.212403699222431, 1.512913019740251, 2.225907425326521, 11.068192415392739, 1.9063322871353416, 2.249014060858802, 12.464135135242802, 0.6601781807126202, 0.06273057299143517, 15.309882077206321, 1.0709083315441261, 0.15761315465804157, 16.785709664389092, -0.30983523569096216, -1.9033334902952213, 15.951638181406976, 0.2519868719342601, -4.608477930161115, 16.016395617562033, 3.0364278603767194, -5.3283106663410384, 15.258304511862573, 3.506853292217556, -8.063201099659548, 15.445623503471769, 6.261103673765691, -8.901357372422268, 13.887546710923699, 8.138483610229876, -7.357676588217394, 11.077282395573256, 7.539848286512916, -7.264124395542092, -0.7481634828291026, 0.876849958158804, 1.725961727457836, -0.7676169738713691, -1.9216775283977978, -0.11089650204756032, -0.7495023665523779, 1.071940256998154, -1.6114576776196192, 3.5721521144423303, -0.9362995233288185, -1.7215601866667907, 3.559463584153625, -1.1441917622043576, 1.5919960407107985, 3.193039788997317, 3.7912178716108147, -1.397528319516822, 3.356475443558323, 3.5585763745848973, 1.9111217335176347, 7.477275938176408, 1.8689648255141285, -1.7806904241463415, 7.463032264455815, 4.740818267592769, -0.11304514005854033, 7.413925198786798, 2.2741288399851602, 3.9890273415010373, 7.811875294643466, -0.5274082790342489, 2.250605301494438, 11.838343643682665, 1.1783836403808208, 4.037284215668409, 11.476959960261603, 3.948076102904397, 2.242362657107614, 11.725451870467843, 1.3915497904290346, -1.7363696498625067, 12.056112407989945, -1.3827858500802193, 0.05983729184574128, 15.700627984318162, 3.111570488581019, 0.05786542838130143, 16.025616936763903, 0.45815100968710953, 2.010671433587306, 18.801155865175495, 0.15898197844292822, -1.703753113390636, 16.641147320767768, -2.3582775024455755, -1.5795463492824742, 14.028756484515233, -0.47961822824876843, -4.915980841699243, 17.166745396912052, -0.8149978238593955, -5.914671030799114, 17.92618716267604, 3.7982510464921466, -4.993182992878378, 14.749200574235434, 4.103388626336872, -4.071757772627687, 13.318900641993606, 2.8128404463447283, -8.354775594121856, 16.45572098409388, 2.350502136754209, -9.308474288511551, 14.866043991870802, 6.387489680898492, -10.894349972367039, 17.439206890650016, 6.84976298297416, -8.84701385215725, 14.634420136862321, 8.24540446687581, -5.420967190750638, 14.159408963771526, 10.032417728488117, -8.165380161212335, 10.282128915935075, 7.361122867863136, -9.17399302560116, 10.70107786574837, 5.759244054784181, -6.266786538266169, 10.022706337749204, 9.029548942855358, -6.2821421677253975], "name": "C15H32", "identifiers": {"molecule_hash": "31778aba6c486be94c30652242194f9e84775615", "molecular_formula": "C15H32"}, "molecular_charge": 0.0, "molecular_multiplicity": 1, "connectivity": [[0, 1, 1.0], [0, 15, 1.0], [0, 16, 1.0], [0, 17, 1.0], [1, 2, 1.0], [1, 18, 1.0], [1, 19, 1.0], [2, 3, 1.0], [2, 20, 1.0], [2, 21, 1.0], [3, 4, 1.0], [3, 22, 1.0], [3, 23, 1.0], [4, 5, 1.0], [4, 24, 1.0], [4, 25, 1.0], [5, 6, 1.0], [5, 26, 1.0], [5, 27, 1.0], [6, 7, 1.0], [6, 28, 1.0], [6, 29, 1.0], [7, 8, 1.0], [7, 30, 1.0], [7, 31, 1.0], [8, 9, 1.0], [8, 32, 1.0], [8, 33, 1.0], [9, 10, 1.0], [9, 34, 1.0], [9, 35, 1.0], [10, 11, 1.0], [10, 36, 1.0], [10, 37, 1.0], [11, 12, 1.0], [11, 38, 1.0], [11, 39, 1.0], [12, 13, 1.0], [12, 40, 1.0], [12, 41, 1.0], [13, 14, 1.0], [13, 42, 1.0], [13, 43, 1.0], [14, 44, 1.0], [14, 45, 1.0], [14, 46, 1.0]], "fix_com": true, "fix_orientation": true, "provenance": {"creator": "QCElemental", "version": "v0.22.0", "routine": "qcelemental.molparse.from_schema"}, "id": "220048"}