{"schema_name": "qcschema_molecule", "schema_version": 2, "validated": true, "symbols": ["C", "C", "C", "C", "C", "C", "C", "C", "C", "C", "C", "C", "C", "C", "C", "H", "H", "H", "H", "H", "H", "H", "H", "H", "H", "H", "H", "H", "H", "H", "H", "H", "H", "H", "H", "H", "H", "H", "H", "H", "H", "H", "H", "H", "H", "H", "H"], "geometry": [5.184713425896989, 2.8854522197210075, 1.7763568394002505e-15, 4.910301427137185, -7.39623297200215e-16, 8.732638435329857e-16, 2.4573923765748646, -0.9550312235667758, 1.2292390898044074, 0.0, 0.0, 0.0, -0.24443620243010566, -0.5183072064289014, -2.8471036585654694, -0.1358091385096904, -3.322431400167432, -3.5679288893017254, -0.46605150155985803, -3.759049081666089, -6.412384123613236, -0.540520062087903, -6.5518012299402315, -7.21079187106853, 1.79051153239756, -8.129719206012062, -6.466671963133139, 4.362141085393697, -7.2562749698762845, -7.531246295386941, 5.108374044175851, -8.399283918551589, -10.099882998413058, 3.4246528887076177, -7.734447581189915, -12.373838718973575, 3.1548948671147046, -4.900942648877598, -12.948171320971383, 5.655996019239427, -3.5317788520041677, -13.468569435049163, 5.274325556818019, -0.7535961108563685, -14.194996319604119, 7.017805015166637, 3.4606816565886884, -0.7707077707045327, 5.042092231189149, 3.646068726613224, 1.9224167040518008, 3.717969498151592, 3.7957631999826127, -1.1407833447491011, 6.51699408985351, -0.8338077634869858, 1.0111794257289408, 5.040531949760178, -0.7030375870874012, -1.9461639635718082, 2.4483629009126053, -0.3944928387620833, 3.2276806600336334, 2.4724245822548157, -3.0275635779730763, 1.222081911066393, -1.6046189785866005, -0.8743704856299795, 0.9834996320250522, -0.18264251362650552, 2.039554852943748, 0.32185430277108473, 1.2394923802995512, 0.5024007635898624, -3.87687693591329, -2.0409130314474244, 0.27998569068275936, -3.5113029159361813, 1.6724638702130514, -4.12171855197805, -2.9542842805391425, -1.6073384718987191, -4.35982599427561, -2.5304886465705048, -2.227724693637252, -2.856521234836651, -7.035416410065061, 1.0528106608671046, -2.7697238864267733, -7.42007775142772, -0.8409694138297482, -6.647192289788242, -9.256189646536614, -2.2095121333884427, -7.43582658430369, -6.349170526951945, 1.464160323157742, -10.097607275346695, -7.039406515215999, 1.9056053172016618, -8.170829529591124, -4.399203625099405, 5.840369580350574, -7.789395862686981, -6.179487965248869, 4.431317522347137, -5.188191438839971, -7.628863025687188, 5.147329904373658, -10.465360572903858, -9.906022155396984, 7.05989173293257, -7.839703244840537, -10.51922228947939, 1.5386261457993895, -8.547875643168169, -12.100559605792107, 4.207191883982514, -8.67936236694245, -14.048462629966913, 2.1812820570544957, -3.9497528969278455, -11.386620405098602, 1.9165720646980915, -4.680640472644491, -14.59941602920738, 6.8745578787504895, -3.634694893860335, -11.79564825520897, 6.674656787197024, -4.515659449207587, -14.986208456311646, 4.118957234962558, -0.5803695285036294, -15.905844030136326, 7.079868135635654, 0.19362100722950792, -14.5534926052324, 4.307736875077715, 0.28331334031142497, -12.683727704271904], "name": "C15H32", "identifiers": {"molecule_hash": "00865eb0779d20a5569fd35a2884bf1b96d289d8", "molecular_formula": "C15H32"}, "molecular_charge": 0.0, "molecular_multiplicity": 1, "connectivity": [[0, 1, 1.0], [0, 15, 1.0], [0, 16, 1.0], [0, 17, 1.0], [1, 2, 1.0], [1, 18, 1.0], [1, 19, 1.0], [2, 3, 1.0], [2, 20, 1.0], [2, 21, 1.0], [3, 4, 1.0], [3, 22, 1.0], [3, 23, 1.0], [4, 5, 1.0], [4, 24, 1.0], [4, 25, 1.0], [5, 6, 1.0], [5, 26, 1.0], [5, 27, 1.0], [6, 7, 1.0], [6, 28, 1.0], [6, 29, 1.0], [7, 8, 1.0], [7, 30, 1.0], [7, 31, 1.0], [8, 9, 1.0], [8, 32, 1.0], [8, 33, 1.0], [9, 10, 1.0], [9, 34, 1.0], [9, 35, 1.0], [10, 11, 1.0], [10, 36, 1.0], [10, 37, 1.0], [11, 12, 1.0], [11, 38, 1.0], [11, 39, 1.0], [12, 13, 1.0], [12, 40, 1.0], [12, 41, 1.0], [13, 14, 1.0], [13, 42, 1.0], [13, 43, 1.0], [14, 44, 1.0], [14, 45, 1.0], [14, 46, 1.0]], "fix_com": true, "fix_orientation": true, "provenance": {"creator": "QCElemental", "version": "v0.22.0", "routine": "qcelemental.molparse.from_schema"}, "id": "227163"}