{"schema_name": "qcschema_molecule", "schema_version": 2, "validated": true, "symbols": ["C", "C", "C", "C", "C", "C", "C", "C", "C", "C", "C", "C", "C", "C", "C", "H", "H", "H", "H", "H", "H", "H", "H", "H", "H", "H", "H", "H", "H", "H", "H", "H", "H", "H", "H", "H", "H", "H", "H", "H", "H", "H", "H", "H", "H", "H", "H"], "geometry": [0.0, -0.0, 0.0, 2.8741987057965988, -3.40570609214948e-16, -8.202880989993521e-16, 4.0514532498428615, 1.0164892170826396, 2.4316360331300677, 3.2646784762841277, 3.6949744797856576, 3.160962644878106, 3.8038293269965635, 5.685299755697541, 1.1545243404029748, 3.190409874509957, 8.358001237331974, 2.0295004022448815, 3.495493538805342, 10.38123292234313, 3.552713678800501e-15, 6.204726959165262, 10.751795988230597, -0.9057122501261956, 6.549236689048735, 12.939391546101607, -2.749930250364285, 5.234681211051655, 12.584809793809624, -5.285865340230596, 5.7663839752062955, 14.724300785652389, -7.13466183174942, 4.3410447496872075, 14.528755453047761, -9.63482413880943, 4.830016133348893, 12.114304746184228, -11.144866669101855, 7.605497279361798, 11.559469779409373, -11.704403988829931, 8.946662605628424, 13.645784122777552, -13.157177695784481, -0.766444938948267, 1.9253636469261166, 0.10438698804140412, -0.7531961188084393, -1.056442139337121, 1.6211393440072017, -0.7540586850318562, -0.8716338926136011, -1.722510458142921, 3.5626996297962075, 1.1002948794089453, -1.6234926487283532, 3.562955959506558, -1.9356444677801843, -0.30358622911915023, 6.121476476916358, 0.9467062276508997, 2.247545135896918, 3.5727359805364123, -0.2649188762458754, 3.997730356694806, 4.249607355132527, 4.219953134720788, 4.914775288856065, 1.2380822795241908, 3.7340182576264476, 3.628308770142227, 5.802387053519573, 5.558439700721367, 0.5924801263439519, 2.6996049600527137, 5.273464837390289, -0.5612424729948731, 1.2319411800134783, 8.39432667249421, 2.726124205206643, 4.385419550181599, 8.835789700602334, 3.6658860571935015, 2.269732598144945, 9.905763969583216, -1.6111498878163424, 2.7907301246295697, 12.192511769977841, 0.7401834611230136, 6.897365367264654, 9.005742077843069, -1.7978579884508559, 7.419715678745339, 11.068156612967146, 0.7522985604704395, 8.580979983517723, 13.218896643446111, -3.0907327145975825, 5.873218639066001, 14.699285133229793, -1.8666674081443797, 3.1793876469719944, 12.425364515526251, -5.009395948260909, 5.844237963133389, 10.772739199130537, -6.108441246060156, 7.814256299308386, 14.817882688078356, -7.495214070589116, 5.278094574519942, 16.531757280731956, -6.231198049041781, 4.814284574756167, 16.18141751457448, -10.801089341048595, 2.3000945149913967, 14.669952004905277, -9.264945857381592, 4.014836503031516, 10.490242797622102, -10.137509300768535, 3.7903047644678516, 12.241595315900488, -12.941156962688195, 7.720054315118369, 9.787637140479891, -12.781943159657953, 8.617022124647397, 11.19783181162291, -9.92322595930564, 9.042682520616115, 15.404811591210281, -12.061289969232941, 10.890631228916831, 13.106280514643364, -13.631982224351958, 7.961579030074587, 14.074687296185216, -14.9340901178292], "name": "C15H32", "identifiers": {"molecule_hash": "a105dd5e88b6a435cf6b5138a04f08e8871ba2f5", "molecular_formula": "C15H32"}, "molecular_charge": 0.0, "molecular_multiplicity": 1, "connectivity": [[0, 1, 1.0], [0, 15, 1.0], [0, 16, 1.0], [0, 17, 1.0], [1, 2, 1.0], [1, 18, 1.0], [1, 19, 1.0], [2, 3, 1.0], [2, 20, 1.0], [2, 21, 1.0], [3, 4, 1.0], [3, 22, 1.0], [3, 23, 1.0], [4, 5, 1.0], [4, 24, 1.0], [4, 25, 1.0], [5, 6, 1.0], [5, 26, 1.0], [5, 27, 1.0], [6, 7, 1.0], [6, 28, 1.0], [6, 29, 1.0], [7, 8, 1.0], [7, 30, 1.0], [7, 31, 1.0], [8, 9, 1.0], [8, 32, 1.0], [8, 33, 1.0], [9, 10, 1.0], [9, 34, 1.0], [9, 35, 1.0], [10, 11, 1.0], [10, 36, 1.0], [10, 37, 1.0], [11, 12, 1.0], [11, 38, 1.0], [11, 39, 1.0], [12, 13, 1.0], [12, 40, 1.0], [12, 41, 1.0], [13, 14, 1.0], [13, 42, 1.0], [13, 43, 1.0], [14, 44, 1.0], [14, 45, 1.0], [14, 46, 1.0]], "fix_com": true, "fix_orientation": true, "provenance": {"creator": "QCElemental", "version": "v0.22.0", "routine": "qcelemental.molparse.from_schema"}, "id": "219959"}