{"schema_name": "qcschema_molecule", "schema_version": 2, "validated": true, "symbols": ["C", "C", "C", "C", "C", "C", "C", "C", "C", "C", "C", "C", "C", "C", "C", "H", "H", "H", "H", "H", "H", "H", "H", "H", "H", "H", "H", "H", "H", "H", "H", "H", "H", "H", "H", "H", "H", "H", "H", "H", "H", "H", "H", "H", "H", "H", "H"], "geometry": [0.0, -0.0, 0.0, 2.896753541074156, 3.2704970898967356e-16, -6.302422269631441e-17, 4.006167787631383, 2.0685258488328992, -1.7057606886218477, 6.909767344253713, 2.101790078433786, -1.9560314735985092, 8.3419690348764, 3.7127386352946012, 4.440892098500626e-16, 8.289071890434892, 2.9515745020729587, 2.8100765269206422, 9.961411589219846, 0.6960936924793973, 3.5769679718362064, 8.93703625651184, -1.9431193740249537, 2.9459006963208925, 10.531819428890833, -4.108592059082898, 4.040062890401476, 13.246196573696652, -4.370156067930966, 3.02730588806667, 13.459609607494247, -4.900120643405475, 0.16675758620658265, 13.795562687143901, -2.549545992883071, -1.5020237792422324, 13.992797091446027, -3.2000206404006257, -4.319993909179475, 14.665860246482334, -0.9538676184877067, -6.031641957274478, 12.685308083545516, 1.1618349032988569, -6.046905003792529, -0.7455387779185938, 1.8072962725914092, 0.6861212587582741, -0.7480501362163597, -0.2974116143596251, -1.9091968241318984, -0.7581258101988388, -1.4953341983078523, 1.2146319487149233, 3.5772924037626974, 0.22168388069282663, 1.9395541539203154, 3.590750404939999, -1.8473529657620307, -0.6401594376024438, 3.3515586486658955, 3.926894898250951, -1.048151097993448, 3.186039159556122, 1.8227672852921468, -3.5961618070335213, 7.385268336546689, 2.8850824323820348, -3.8147564153670217, 7.626705658165292, 0.16016899784878785, -1.9822126483620703, 7.602616990351491, 5.647111663225319, -0.14737311419666455, 10.330028775544577, 3.831635540154453, -0.5875067983033957, 6.341659163164762, 2.6329410330699057, 3.4402823915516008, 8.953753972108505, 4.597554219315726, 3.8830447346210457, 11.838651180677656, 0.9501142370386066, 2.734384027059583, 10.252569903643156, 0.7792785261385429, 5.63131986745222, 7.015340623684266, -2.1067394854285406, 3.7070848168790014, 8.748665104037283, -2.188155340860232, 0.9024426978059282, 9.537824465462995, -5.89732065819698, 3.692449222787829, 10.61694477644468, -3.8915303664570198, 6.103333498055121, 14.137352698893348, -5.927277669878833, 4.065224691675735, 14.351191779102429, -2.680609647094153, 3.5007630560280103, 15.078429071974398, -6.1515595188575025, -0.17253335073653941, 11.789235663982135, -5.960785903185188, -0.46426826315330794, 12.232816266766973, -1.2313902278727225, -1.1973204791891354, 15.516642501005558, -1.5477742868938398, -0.9099354707362066, 15.428747094015954, -4.6784947873811324, -4.5657533245979325, 12.197833359811778, -4.030928042763687, -4.954838398136891, 16.49900936905981, -0.17734942301094925, -5.444566093019988, 14.927457987928552, -1.6485499285747138, -7.967953272265392, 10.821076778447189, 0.42971494851524317, -6.576132726200637, 13.188302407045303, 2.6462554859644074, -7.399463089701479, 12.497288469255066, 2.0505494884537407, -4.18971517968181], "name": "C15H32", "identifiers": {"molecule_hash": "e035da528855b71ec77bc9eb53d5bcd918055c5e", "molecular_formula": "C15H32"}, "molecular_charge": 0.0, "molecular_multiplicity": 1, "connectivity": [[0, 1, 1.0], [0, 15, 1.0], [0, 16, 1.0], [0, 17, 1.0], [1, 2, 1.0], [1, 18, 1.0], [1, 19, 1.0], [2, 3, 1.0], [2, 20, 1.0], [2, 21, 1.0], [3, 4, 1.0], [3, 22, 1.0], [3, 23, 1.0], [4, 5, 1.0], [4, 24, 1.0], [4, 25, 1.0], [5, 6, 1.0], [5, 26, 1.0], [5, 27, 1.0], [6, 7, 1.0], [6, 28, 1.0], [6, 29, 1.0], [7, 8, 1.0], [7, 30, 1.0], [7, 31, 1.0], [8, 9, 1.0], [8, 32, 1.0], [8, 33, 1.0], [9, 10, 1.0], [9, 34, 1.0], [9, 35, 1.0], [10, 11, 1.0], [10, 36, 1.0], [10, 37, 1.0], [11, 12, 1.0], [11, 38, 1.0], [11, 39, 1.0], [12, 13, 1.0], [12, 40, 1.0], [12, 41, 1.0], [13, 14, 1.0], [13, 42, 1.0], [13, 43, 1.0], [14, 44, 1.0], [14, 45, 1.0], [14, 46, 1.0]], "fix_com": true, "fix_orientation": true, "provenance": {"creator": "QCElemental", "version": "v0.22.0", "routine": "qcelemental.molparse.from_schema"}, "id": "225079"}