{"schema_name": "qcschema_molecule", "schema_version": 2, "validated": true, "symbols": ["C", "C", "C", "C", "C", "C", "C", "C", "C", "C", "C", "C", "C", "C", "C", "H", "H", "H", "H", "H", "H", "H", "H", "H", "H", "H", "H", "H", "H", "H", "H", "H", "H", "H", "H", "H", "H", "H", "H", "H", "H", "H", "H", "H", "H", "H", "H"], "geometry": [10.55071415027856, 1.2452695262031215, -5.551115123125783e-17, 7.961742795128197, 2.793689172837329e-14, -4.281212946256913e-15, 7.554268543809423, -1.6922592669827545, 2.295355489382616, 5.091428287752586, -3.2103950599921216, 2.356734740922898, 2.805812374112647, -1.9155979504061191, 3.56719365981438, 1.6363986979497434, 0.4302110587131851, 2.34382274776366, 0.0, 0.0, 0.0, 1.3888523359900986, -0.3783744481702874, -2.495739185707825, -0.3541416350563128, -0.45571481840546235, -4.792782598802266, -2.224909073506669, -2.652614424735604, -4.932842979491662, -1.0319368815734455, -5.289615629738008, -5.066036765858392, -0.8071623462100994, -6.66745843299894, -2.5454216641364003, 0.3290378354361847, -9.298527502980836, -2.815714080306992, 0.30922641642119475, -10.879428452824833, -0.40585672979232523, 1.8854450910774097, -9.78911288673912, 1.7359573919116373, 10.807455611478712, 2.439344172901941, 1.678207703304865, 12.065406592481322, -0.17384627009381556, 0.015575660247081532, 10.826466838886752, 2.441954608119071, -1.6692743674776418, 6.4978269990812025, 1.465933978310533, -0.09293549136165156, 7.733250374214363, -1.1378334079834072, -1.7267084220370166, 7.70492699382628, -0.5526630721976812, 4.032393466330313, 9.147229289656275, -3.026891447496518, 2.37104653168103, 5.4339161061903285, -4.93035407022741, 3.468968014288318, 4.644653849346494, -3.888769555434014, 0.44395458025250056, 3.3558876635965156, -1.4064761919159832, 5.508014111392519, 1.2961792111503703, -3.3341643967804164, 3.778814246891237, 3.096628033139046, 1.8512482203661689, 1.936763182150571, 0.4211487017673864, 1.3004797375933024, 3.7861207491525635, -1.2689971143640717, -1.6081541748677581, 0.3639389399652176, -1.2478855993381104, 1.6494063247942967, -0.22777612449232443, 2.7282577166500133, 1.1897735887595853, -2.7534135889143614, 2.5508424441492235, -2.0978875220508466, -2.448546690013024, 0.8181666615595568, -0.4936780321571731, -6.509725191002404, -1.4229889127147999, 1.327316976384258, -4.8730903218283235, -3.3924638305011996, -2.3546114271787353, -6.622439509865667, -3.547088585581602, -2.5760127273483193, -3.329259325000796, -2.1573483966210185, -6.486229208250941, -6.338828999785284, 0.8485198256655488, -5.155388716899383, -5.951653761195015, 0.32030561508673516, -5.5425155636667185, -1.2126096869445067, -2.702382273770457, -6.825449118853501, -1.695469531058034, -0.712223936578561, -10.321660032125806, -4.29685252747435, 2.284833086481849, -9.130015845593395, -3.51038297657899, -1.655628700623378, -11.119897718328698, 0.23403639349289262, 0.9986214646085878, -12.786220834911443, -0.85584505890628, 3.8501783967335275, -9.481631375295267, 1.1379733876923415, 1.9183988472281808, -11.062255503088542, 3.371328649348065, 1.1445811984972905, -7.965541789106027, 2.3874774606475198], "name": "C15H32", "identifiers": {"molecule_hash": "07632f08c252b54075b79991b1fe5593e12ec7a3", "molecular_formula": "C15H32"}, "molecular_charge": 0.0, "molecular_multiplicity": 1, "connectivity": [[0, 1, 1.0], [0, 15, 1.0], [0, 16, 1.0], [0, 17, 1.0], [1, 2, 1.0], [1, 18, 1.0], [1, 19, 1.0], [2, 3, 1.0], [2, 20, 1.0], [2, 21, 1.0], [3, 4, 1.0], [3, 22, 1.0], [3, 23, 1.0], [4, 5, 1.0], [4, 24, 1.0], [4, 25, 1.0], [5, 6, 1.0], [5, 26, 1.0], [5, 27, 1.0], [6, 7, 1.0], [6, 28, 1.0], [6, 29, 1.0], [7, 8, 1.0], [7, 30, 1.0], [7, 31, 1.0], [8, 9, 1.0], [8, 32, 1.0], [8, 33, 1.0], [9, 10, 1.0], [9, 34, 1.0], [9, 35, 1.0], [10, 11, 1.0], [10, 36, 1.0], [10, 37, 1.0], [11, 12, 1.0], [11, 38, 1.0], [11, 39, 1.0], [12, 13, 1.0], [12, 40, 1.0], [12, 41, 1.0], [13, 14, 1.0], [13, 42, 1.0], [13, 43, 1.0], [14, 44, 1.0], [14, 45, 1.0], [14, 46, 1.0]], "fix_com": true, "fix_orientation": true, "provenance": {"creator": "QCElemental", "version": "v0.22.0", "routine": "qcelemental.molparse.from_schema"}, "id": "229885"}