{"schema_name": "qcschema_molecule", "schema_version": 2, "validated": true, "symbols": ["C", "C", "C", "C", "C", "C", "C", "C", "C", "C", "C", "C", "C", "C", "C", "H", "H", "H", "H", "H", "H", "H", "H", "H", "H", "H", "H", "H", "H", "H", "H", "H", "H", "H", "H", "H", "H", "H", "H", "H", "H", "H", "H", "H", "H", "H", "H"], "geometry": [8.856244738442262, 1.7864937475973137, 8.881784197001252e-16, 6.607909115231566, -1.5319843306164125e-16, 2.386581614560833e-15, 4.483067116291812, 0.8663752624735799, 1.742664436586443, 2.142790945513294, -0.8426538372513919, 1.739725081584668, 0.0, -0.0, 0.0, 0.6864258662266974, 0.20949036873902815, -2.7913341603296007, -1.5285586371375133, 0.8980255732138436, -4.52919109146779, -2.846470165103362, -1.3432809972193198, -5.790370051153802, -4.101841492224002, -3.2601604699346423, -4.040994084724817, -6.32347588858147, -2.22773748441752, -2.5316596747791102, -7.537615581199104, -4.205470181563424, -0.8294823772393043, -9.892171178856785, -3.310157880439063, 0.5703439348719632, -9.43213201007873, -1.207334602664608, 2.480176999053171, -11.789338183579135, -0.4778747624773725, 3.957772909639085, -11.330181706824101, 1.6281442400359762, 5.855419784348715, 9.642414010753622, 2.0032387912530485, 1.9087809023787412, 8.311686902019872, 3.6771606404797064, -0.6610341955842303, 10.377012945897523, 1.105162663413588, -1.232006819202413, 7.22288345741551, -1.8962451335512418, 0.5933671703209837, 5.892997871463078, -0.22140137232971113, -1.9368451661831767, 5.249034267085314, 0.9920609775113959, 3.6702598112775138, 3.9233600339316856, 2.809325765257296, 1.2405465455472142, 2.715768238529394, -2.7811192797280837, 1.242170041078423, 1.3780100028670277, -0.9619333529152979, 3.664943893762821, -0.6969611204538937, 1.8542357567848726, 0.6430103253021069, -1.5932616710596794, -1.3098413653435899, 0.23723625197406947, 1.5446552829845364, -1.5762414019034585, -3.4367408903539958, 2.169415189667733, 1.649274592852743, -2.988115309163609, -0.840535281330085, 2.13518957017161, -6.046680528480433, -2.904941145027689, 2.0412010145337316, -3.468351050763861, -4.276647889277393, -0.6119948239518542, -7.111807854392811, -1.4468870783435768, -2.337742270426591, -6.9633087169809205, -2.687977298403383, -4.061469467919335, -2.741386722771396, -4.765583254545355, -4.86318416471063, -5.186943184692159, -5.7018577285439775, -0.6088343967779994, -1.388203687741607, -7.753683714106302, -1.4803803983110089, -3.848295238326594, -8.029289945695062, -5.865225086165301, -1.980786517959099, -6.129292926096349, -4.871668079015127, 0.5523911101342301, -11.313927245593995, -2.677954719119917, -0.8129266112005774, -10.742815538413694, -4.930113472686447, 1.557245019069282, -7.9438353334994005, -1.8021903700390163, 3.8104265670387427, -8.693226631625574, 0.4810762931882033, 1.517340166049772, -12.5256161175127, -2.1566871036084287, 4.940220133948864, -13.278304943794613, 0.09613477362016754, 2.6237526421188897, -10.658589106574137, 3.352041245756618, 4.91492891855867, -9.890097107979537, 1.0825596728681197, 7.246722362289549, -13.056051842974194, 2.1124651745492087, 6.895228004805943], "name": "C15H32", "identifiers": {"molecule_hash": "6a02818aa3eee1cd5314097353bdd09c8c5d82c6", "molecular_formula": "C15H32"}, "molecular_charge": 0.0, "molecular_multiplicity": 1, "connectivity": [[0, 1, 1.0], [0, 15, 1.0], [0, 16, 1.0], [0, 17, 1.0], [1, 2, 1.0], [1, 18, 1.0], [1, 19, 1.0], [2, 3, 1.0], [2, 20, 1.0], [2, 21, 1.0], [3, 4, 1.0], [3, 22, 1.0], [3, 23, 1.0], [4, 5, 1.0], [4, 24, 1.0], [4, 25, 1.0], [5, 6, 1.0], [5, 26, 1.0], [5, 27, 1.0], [6, 7, 1.0], [6, 28, 1.0], [6, 29, 1.0], [7, 8, 1.0], [7, 30, 1.0], [7, 31, 1.0], [8, 9, 1.0], [8, 32, 1.0], [8, 33, 1.0], [9, 10, 1.0], [9, 34, 1.0], [9, 35, 1.0], [10, 11, 1.0], [10, 36, 1.0], [10, 37, 1.0], [11, 12, 1.0], [11, 38, 1.0], [11, 39, 1.0], [12, 13, 1.0], [12, 40, 1.0], [12, 41, 1.0], [13, 14, 1.0], [13, 42, 1.0], [13, 43, 1.0], [14, 44, 1.0], [14, 45, 1.0], [14, 46, 1.0]], "fix_com": true, "fix_orientation": true, "provenance": {"creator": "QCElemental", "version": "v0.22.0", "routine": "qcelemental.molparse.from_schema"}, "id": "223581"}