{"schema_name": "qcschema_molecule", "schema_version": 2, "validated": true, "symbols": ["C", "C", "C", "C", "C", "C", "C", "C", "C", "C", "C", "C", "C", "C", "C", "H", "H", "H", "H", "H", "H", "H", "H", "H", "H", "H", "H", "H", "H", "H", "H", "H", "H", "H", "H", "H", "H", "H", "H", "H", "H", "H", "H", "H", "H", "H", "H"], "geometry": [0.0, -0.0, 0.0, 2.8741987057965988, -5.245122645348101e-16, -7.167620173904148e-16, 4.0514532498428615, 1.5615648308935277, 2.1231154949691926, 3.2646784762841277, 4.3365093401513315, 2.1998199906724984, 3.8038293269965635, 5.79718319952286, -0.21960581933851264, 3.190409874509957, 8.600875337194172, 1.7763568394002505e-15, 3.495493538805342, 10.088084550505851, -2.449601414472577, 6.204726959165262, 10.234467696161172, -3.4171775822736636, 6.549236689048735, 11.925119477064797, -5.725512677736747, 5.234681211051655, 10.982160104747223, -8.106168600215288, 5.7663839752062955, 12.624985349844374, -10.407601933010337, 4.3410447496872075, 11.845012582339034, -12.791022168868285, 4.830016133348893, 9.14242557732138, -13.688699248599887, 7.605497279361798, 8.471227318079814, -14.101514884587221, 8.946662605628424, 10.155824812249088, -16.005560647062705, -0.766444938948267, 1.8956262634147711, -0.35287800388965107, -0.7531961188084393, -0.644078833817728, 1.8246438617668077, -0.7540586850318562, -1.2534715825975524, -1.4681951208149622, 3.5626996297962075, 0.6861379509099348, -1.837278398732665, 3.562955959506558, -1.9526207010847823, 0.16172971852443352, 6.121476476916358, 1.4503134960600135, 1.9606893131021739, 3.5727359805364123, 0.6858840339206136, 3.9473526708217177, 4.249607355132527, 5.260500841291805, 3.780231672524614, 1.2380822795241908, 4.484727636863726, 2.6447561140735383, 5.802387053519573, 5.54128303021648, -0.7358444031878304, 2.6996049600527137, 4.992117909854711, -1.7897439143053484, 1.2319411800134783, 8.800553422624613, 0.6683808213073354, 4.385419550181599, 9.451300628270271, 1.4774358367299785, 2.269732598144945, 9.24586801359654, -3.903061421148276, 2.7907301246295697, 12.022872909756387, -2.157716805564216, 6.897365367264654, 8.327204744991633, -3.872124075266518, 7.419715678745339, 10.933126363382797, -1.8806360242105198, 8.580979983517723, 12.116314576020258, -6.122644712713099, 5.873218639066001, 13.84373524876444, -5.28246391400224, 3.1793876469719944, 10.8924542247385, -7.7998828242562785, 5.844237963133389, 9.02716067213085, -8.47793220712378, 7.814256299308386, 12.63084716512899, -10.780054787094649, 5.278094574519942, 14.594587636655792, -9.956145822123643, 4.814284574756167, 13.17580920586007, -14.314323438607374, 2.3000945149913967, 12.069500090921093, -12.464905981261653, 4.014836503031516, 7.801924856250536, -12.326567134188295, 3.7903047644678516, 8.842261113475647, -15.464301400720512, 7.720054315118369, 6.495167335481303, -14.730536752424362, 8.617022124647397, 8.540095999689731, -12.285300608325173, 9.042682520616115, 12.12377082657128, -15.35568679113328, 10.890631228916831, 9.519518902503009, -16.33965385675156, 7.961579030074587, 10.153328412706598, -17.833501963343213], "name": "C15H32", "identifiers": {"molecule_hash": "a105dd5e88b6a435cf6b5138a04f08e8871ba2f5", "molecular_formula": "C15H32"}, "molecular_charge": 0.0, "molecular_multiplicity": 1, "connectivity": [[0, 1, 1.0], [0, 15, 1.0], [0, 16, 1.0], [0, 17, 1.0], [1, 2, 1.0], [1, 18, 1.0], [1, 19, 1.0], [2, 3, 1.0], [2, 20, 1.0], [2, 21, 1.0], [3, 4, 1.0], [3, 22, 1.0], [3, 23, 1.0], [4, 5, 1.0], [4, 24, 1.0], [4, 25, 1.0], [5, 6, 1.0], [5, 26, 1.0], [5, 27, 1.0], [6, 7, 1.0], [6, 28, 1.0], [6, 29, 1.0], [7, 8, 1.0], [7, 30, 1.0], [7, 31, 1.0], [8, 9, 1.0], [8, 32, 1.0], [8, 33, 1.0], [9, 10, 1.0], [9, 34, 1.0], [9, 35, 1.0], [10, 11, 1.0], [10, 36, 1.0], [10, 37, 1.0], [11, 12, 1.0], [11, 38, 1.0], [11, 39, 1.0], [12, 13, 1.0], [12, 40, 1.0], [12, 41, 1.0], [13, 14, 1.0], [13, 42, 1.0], [13, 43, 1.0], [14, 44, 1.0], [14, 45, 1.0], [14, 46, 1.0]], "fix_com": true, "fix_orientation": true, "provenance": {"creator": "QCElemental", "version": "v0.22.0", "routine": "qcelemental.molparse.from_schema"}, "id": "219959"}