{"schema_name": "qcschema_molecule", "schema_version": 2, "validated": true, "symbols": ["C", "C", "C", "C", "C", "C", "C", "C", "C", "C", "C", "C", "C", "C", "C", "H", "H", "H", "H", "H", "H", "H", "H", "H", "H", "H", "H", "H", "H", "H", "H", "H", "H", "H", "H", "H", "H", "H", "H", "H", "H", "H", "H", "H", "H", "H", "H"], "geometry": [8.917760410662174, 1.6637054474488036, -2.7755575615628914e-16, 6.5760650298208505, -5.387118484006413e-17, 1.8302340677173582e-15, 4.480306080801691, 1.027786036520077, -1.690297177386852, 2.1081701216414475, -0.622507378480138, -1.8760028617897404, 0.0, 0.0, 0.0, 0.6339810935656233, -0.24978907109889592, 2.8012356372029474, 1.3213219689666311, -2.913869507270029, 3.6419922340711643, 1.9172487101423976, -3.0867980059184945, 6.453169863148525, 2.4976843687103005, -5.748497790217364, 7.392696810242271, 4.9794300900782185, -6.843469426562458, 6.41315435819385, 5.516925026398475, -9.551007228748162, 7.29452132305207, 4.740418861217012, -11.620683270966136, 5.439553541885919, 1.9495871087440237, -11.695424183715451, 4.746442364650236, 1.2628997747039037, -13.921189714902082, 3.058794970745822, -1.5188258264402386, -13.986893198103802, 2.3479740586389846, 9.687773417600747, 1.8733124311195628, -1.91608712266892, 8.48433729461832, 3.5678962033243056, 0.7026961068311198, 10.41567125096319, 0.8788220078111841, 1.1977541984765923, 5.892927558434026, -0.2245399595887616, 1.947180766111696, 7.079930193300103, -1.9116229502006896, -0.6485979149619916, 5.278900989617005, 1.282688934918701, -3.592608905797255, 3.9483438096964676, 2.9379352631788964, -1.051252499278755, 1.3043205940767075, -0.42767574903884265, -3.7796927027997667, 2.6515591284008604, -2.62367732612078, -1.7123893882326238, -1.6339503774919053, -1.2153091578454065, -0.4239896460884721, -0.6343813464543687, 1.9471656730051243, -0.3601584695754244, -1.0027876508751967, 0.3985120842408936, 3.9077486188056976, 2.179410999005615, 1.0534980209695282, 3.2928703080172697, -0.2533992187632492, -4.200950061310298, 3.1923512888322563, 2.9447310380693055, -3.5949662972525482, 2.5401603187056687, 3.5247812191543644, -1.836030611684375, 6.888875505805498, 0.30417941582916086, -2.3283033860126654, 7.522775691810917, 0.9184684706709332, -7.005022417358614, 6.8973596346260795, 2.5733106609717726, -5.732436777230696, 9.469794016982128, 6.516853985402684, -5.590270232754939, 7.033666011740656, 5.0195812525920385, -6.7896251836699, 4.334012810209073, 7.548528361034523, -9.763503886399354, 7.658928540208695, 4.580111734056451, -9.873082188287826, 9.125191171750856, 5.280457594568364, -13.464399365050316, 6.236377441778842, 5.856559811409393, -11.41200558945207, 3.694133505792177, 1.4166795488307988, -9.931180980088527, 3.7811844977532383, 0.8024236792111212, -11.768512317675244, 6.483232382625548, 1.781413546196478, -15.691188637454648, 4.01990610483031, 2.4239120699370256, -13.851439474764623, 1.3344268716772083, -2.720517858926736, -14.116777822018646, 4.0350819290348365, -2.0729005799944895, -12.267736428412578, 1.325785525262321, -1.9621625930590527, -15.607997346945302, 1.135557737475457], "name": "C15H32", "identifiers": {"molecule_hash": "f4ffcf7bc8f45b520c6aa6fe3a03f6a7d6590ab9", "molecular_formula": "C15H32"}, "molecular_charge": 0.0, "molecular_multiplicity": 1, "connectivity": [[0, 1, 1.0], [0, 15, 1.0], [0, 16, 1.0], [0, 17, 1.0], [1, 2, 1.0], [1, 18, 1.0], [1, 19, 1.0], [2, 3, 1.0], [2, 20, 1.0], [2, 21, 1.0], [3, 4, 1.0], [3, 22, 1.0], [3, 23, 1.0], [4, 5, 1.0], [4, 24, 1.0], [4, 25, 1.0], [5, 6, 1.0], [5, 26, 1.0], [5, 27, 1.0], [6, 7, 1.0], [6, 28, 1.0], [6, 29, 1.0], [7, 8, 1.0], [7, 30, 1.0], [7, 31, 1.0], [8, 9, 1.0], [8, 32, 1.0], [8, 33, 1.0], [9, 10, 1.0], [9, 34, 1.0], [9, 35, 1.0], [10, 11, 1.0], [10, 36, 1.0], [10, 37, 1.0], [11, 12, 1.0], [11, 38, 1.0], [11, 39, 1.0], [12, 13, 1.0], [12, 40, 1.0], [12, 41, 1.0], [13, 14, 1.0], [13, 42, 1.0], [13, 43, 1.0], [14, 44, 1.0], [14, 45, 1.0], [14, 46, 1.0]], "fix_com": true, "fix_orientation": true, "provenance": {"creator": "QCElemental", "version": "v0.22.0", "routine": "qcelemental.molparse.from_schema"}, "id": "229775"}