{"schema_name": "qcschema_molecule", "schema_version": 2, "validated": true, "symbols": ["C", "C", "C", "C", "C", "C", "C", "C", "C", "C", "C", "C", "C", "C", "C", "H", "H", "H", "H", "H", "H", "H", "H", "H", "H", "H", "H", "H", "H", "H", "H", "H", "H", "H", "H", "H", "H", "H", "H", "H", "H", "H", "H", "H", "H", "H", "H"], "geometry": [4.0022356077273065, 2.6439156605925684, 2.220446049250313e-16, 2.8813953138067663, 6.087588050496075e-17, 5.681087019699476e-17, 0.0, -0.0, 0.0, -1.2101547593287436, -2.631894039440745, -0.07962965941539846, -1.9915087080543838, -3.5534606578557417, -2.7004048996328858, 0.13989199872217134, -3.731753346993698, -4.632231968289601, -0.649489620516111, -4.815446765267803, -7.2018368066738905, -0.18469032083910464, -7.647667742043979, -7.538592291106744, -1.5921001362537996, -9.413801097373314, -5.746757774065374, -4.453682913996939, -9.392312236759562, -6.047638494853908, -5.78384408614975, -11.197249683254832, -4.2432434612912, -8.635990941792747, -11.38544036057898, -4.61049332977149, -10.08408161613115, -8.959462269850635, -4.06402484065242, -12.935349695792667, -9.262345991520391, -4.288421959318026, -14.377681992935125, -6.837400334195307, -3.7531458867828977, 3.3623853091651683, 3.730166665356764, 1.6489801157201427, 3.43196828086402, 3.700112134736336, -1.693332492070225, 6.0736816865074035, 2.598620487211893, 0.042991622647664096, 3.546192438693621, -1.0401590337975266, 1.6739586655672352, 3.5921670764520877, -1.0588666867313767, -1.6386246345822495, -0.6387473878799013, 1.0070751594213503, 1.7017426072537392, -0.6932718902767535, 1.1307874404265779, -1.6065941931735188, 0.09615547844382744, -4.008252725473858, 0.7763508300780009, -2.9026362381785376, -2.6453494263032797, 1.1207495990572638, -3.451894048774415, -2.2741321013880915, -3.454062928731943, -2.916074082298331, -5.401447085213615, -2.4989769295443662, 1.7000538671602485, -4.869952724754478, -3.8497087057804187, 0.9196003790521183, -1.8283285351399146, -4.9150527476639265, 0.4036694168158168, -3.840880851824604, -8.701104096849562, -2.649806087549179, -4.365454630780423, -7.552410051858857, -0.660031997544309, -8.168221125958189, -9.495492933103538, 1.8558169436132776, -7.99448254817041, -7.339542678160838, -1.0945312066429929, -8.963857692984039, -3.776970106017028, -0.9065022821628818, -11.35204437550776, -6.057572847720486, -5.1736109596885145, -7.464606699256429, -5.764084429364551, -4.936783364433324, -9.898742910879477, -8.009196083262337, -4.951061086239153, -13.089899878307298, -4.45860121647732, -5.3807412158106285, -10.620676950987919, -2.283182585991333, -9.037933636121243, -11.996898688807416, -6.559613474204317, -9.373075791483927, -12.89094229960299, -3.3808610541540727, -9.612232097100044, -8.295819174392562, -2.146896736465737, -9.464534118820177, -7.452897951721842, -5.356383975121762, -13.567706049022034, -10.754760154446512, -2.985139936840395, -13.399144818014689, -9.944059227393948, -6.19794550809924, -13.831958044682812, -5.332803399284694, -5.074415734860535, -13.99312535753879, -6.144457082998324, -1.835028351296851, -16.42489911901412, -7.109911122730955, -3.923544063455831], "name": "C15H32", "identifiers": {"molecule_hash": "6a02818aa3eee1cd5314097353bdd09c8c5d82c6", "molecular_formula": "C15H32"}, "molecular_charge": 0.0, "molecular_multiplicity": 1, "connectivity": [[0, 1, 1.0], [0, 15, 1.0], [0, 16, 1.0], [0, 17, 1.0], [1, 2, 1.0], [1, 18, 1.0], [1, 19, 1.0], [2, 3, 1.0], [2, 20, 1.0], [2, 21, 1.0], [3, 4, 1.0], [3, 22, 1.0], [3, 23, 1.0], [4, 5, 1.0], [4, 24, 1.0], [4, 25, 1.0], [5, 6, 1.0], [5, 26, 1.0], [5, 27, 1.0], [6, 7, 1.0], [6, 28, 1.0], [6, 29, 1.0], [7, 8, 1.0], [7, 30, 1.0], [7, 31, 1.0], [8, 9, 1.0], [8, 32, 1.0], [8, 33, 1.0], [9, 10, 1.0], [9, 34, 1.0], [9, 35, 1.0], [10, 11, 1.0], [10, 36, 1.0], [10, 37, 1.0], [11, 12, 1.0], [11, 38, 1.0], [11, 39, 1.0], [12, 13, 1.0], [12, 40, 1.0], [12, 41, 1.0], [13, 14, 1.0], [13, 42, 1.0], [13, 43, 1.0], [14, 44, 1.0], [14, 45, 1.0], [14, 46, 1.0]], "fix_com": true, "fix_orientation": true, "provenance": {"creator": "QCElemental", "version": "v0.22.0", "routine": "qcelemental.molparse.from_schema"}, "id": "223581"}